Date,All Goods,Food,Semiconductors,Automobiles,Pharmaceuticals,Steel and Aluminum
2024-10-01,2.0963804913120545,1.7133509855920734,0.13491663564807826,1.1546222318036063,0.0351531844820205,5.500197728392137
2024-10-02,2.0963804913120545,1.7133509855920734,0.13491663564807826,1.1546222318036063,0.0351531844820205,5.500197728392137
2024-10-03,2.0963804913120545,1.7133509855920734,0.13491663564807826,1.1546222318036063,0.0351531844820205,5.500197728392137
2024-10-04,2.0963804913120545,1.7133509855920734,0.13491663564807826,1.1546222318036063,0.0351531844820205,5.500197728392137
2024-10-05,2.0963804913120545,1.7133509855920734,0.13491663564807826,1.1546222318036063,0.0351531844820205,5.500197728392137
2024-10-06,2.0963804913120545,1.7133509855920734,0.13491663564807826,1.1546222318036063,0.0351531844820205,5.500197728392137
2024-10-07,2.0963804913120545,1.7133509855920734,0.13491663564807826,1.1546222318036063,0.0351531844820205,5.500197728392137
2024-10-08,2.0963804913120545,1.7133509855920734,0.13491663564807826,1.1546222318036063,0.0351531844820205,5.500197728392137
2024-10-09,2.0963804913120545,1.7133509855920734,0.13491663564807826,1.1546222318036063,0.0351531844820205,5.500197728392137
2024-10-10,2.0963804913120545,1.7133509855920734,0.13491663564807826,1.1546222318036063,0.0351531844820205,5.500197728392137
2024-10-11,2.0963804913120545,1.7133509855920734,0.13491663564807826,1.1546222318036063,0.0351531844820205,5.500197728392137
2024-10-12,2.0963804913120545,1.7133509855920734,0.13491663564807826,1.1546222318036063,0.0351531844820205,5.500197728392137
2024-10-13,2.0963804913120545,1.7133509855920734,0.13491663564807826,1.1546222318036063,0.0351531844820205,5.500197728392137
2024-10-14,2.0963804913120545,1.7133509855920734,0.13491663564807826,1.1546222318036063,0.0351531844820205,5.500197728392137
2024-10-15,2.0963804913120545,1.7133509855920734,0.13491663564807826,1.1546222318036063,0.0351531844820205,5.500197728392137
2024-10-16,2.0963804913120545,1.7133509855920734,0.13491663564807826,1.1546222318036063,0.0351531844820205,5.500197728392137
2024-10-17,2.0963804913120545,1.7133509855920734,0.13491663564807826,1.1546222318036063,0.0351531844820205,5.500197728392137
2024-10-18,2.0963804913120545,1.7133509855920734,0.13491663564807826,1.1546222318036063,0.0351531844820205,5.500197728392137
2024-10-19,2.0963804913120545,1.7133509855920734,0.13491663564807826,1.1546222318036063,0.0351531844820205,5.500197728392137
2024-10-20,2.0963804913120545,1.7133509855920734,0.13491663564807826,1.1546222318036063,0.0351531844820205,5.500197728392137
2024-10-21,2.0963804913120545,1.7133509855920734,0.13491663564807826,1.1546222318036063,0.0351531844820205,5.500197728392137
2024-10-22,2.0963804913120545,1.7133509855920734,0.13491663564807826,1.1546222318036063,0.0351531844820205,5.500197728392137
2024-10-23,2.0963804913120545,1.7133509855920734,0.13491663564807826,1.1546222318036063,0.0351531844820205,5.500197728392137
2024-10-24,2.0963804913120545,1.7133509855920734,0.13491663564807826,1.1546222318036063,0.0351531844820205,5.500197728392137
2024-10-25,2.0963804913120545,1.7133509855920734,0.13491663564807826,1.1546222318036063,0.0351531844820205,5.500197728392137
2024-10-26,2.0963804913120545,1.7133509855920734,0.13491663564807826,1.1546222318036063,0.0351531844820205,5.500197728392137
2024-10-27,2.0963804913120545,1.7133509855920734,0.13491663564807826,1.1546222318036063,0.0351531844820205,5.500197728392137
2024-10-28,2.0963804913120545,1.7133509855920734,0.13491663564807826,1.1546222318036063,0.0351531844820205,5.500197728392137
2024-10-29,2.0963804913120545,1.7133509855920734,0.13491663564807826,1.1546222318036063,0.0351531844820205,5.500197728392137
2024-10-30,2.0963804913120545,1.7133509855920734,0.13491663564807826,1.1546222318036063,0.0351531844820205,5.500197728392137
2024-10-31,2.0963804913120545,1.7133509855920734,0.13491663564807826,1.1546222318036063,0.0351531844820205,5.500197728392137
2024-11-01,2.0963804913120545,1.7133509855920734,0.13491663564807826,1.1546222318036063,0.0351531844820205,5.500197728392137
2024-11-02,2.0963804913120545,1.7133509855920734,0.13491663564807826,1.1546222318036063,0.0351531844820205,5.500197728392137
2024-11-03,2.0963804913120545,1.7133509855920734,0.13491663564807826,1.1546222318036063,0.0351531844820205,5.500197728392137
2024-11-04,2.0963804913120545,1.7133509855920734,0.13491663564807826,1.1546222318036063,0.0351531844820205,5.500197728392137
2024-11-05,2.0963804913120545,1.7133509855920734,0.13491663564807826,1.1546222318036063,0.0351531844820205,5.500197728392137
2024-11-06,2.0963804913120545,1.7133509855920734,0.13491663564807826,1.1546222318036063,0.0351531844820205,5.500197728392137
2024-11-07,2.0963804913120545,1.7133509855920734,0.13491663564807826,1.1546222318036063,0.0351531844820205,5.500197728392137
2024-11-08,2.0963804913120545,1.7133509855920734,0.13491663564807826,1.1546222318036063,0.0351531844820205,5.500197728392137
2024-11-09,2.0963804913120545,1.7133509855920734,0.13491663564807826,1.1546222318036063,0.0351531844820205,5.500197728392137
2024-11-10,2.0963804913120545,1.7133509855920734,0.13491663564807826,1.1546222318036063,0.0351531844820205,5.500197728392137
2024-11-11,2.0963804913120545,1.7133509855920734,0.13491663564807826,1.1546222318036063,0.0351531844820205,5.500197728392137
2024-11-12,2.0963804913120545,1.7133509855920734,0.13491663564807826,1.1546222318036063,0.0351531844820205,5.500197728392137
2024-11-13,2.0963804913120545,1.7133509855920734,0.13491663564807826,1.1546222318036063,0.0351531844820205,5.500197728392137
2024-11-14,2.0963804913120545,1.7133509855920734,0.13491663564807826,1.1546222318036063,0.0351531844820205,5.500197728392137
2024-11-15,2.0963804913120545,1.7133509855920734,0.13491663564807826,1.1546222318036063,0.0351531844820205,5.500197728392137
2024-11-16,2.0963804913120545,1.7133509855920734,0.13491663564807826,1.1546222318036063,0.0351531844820205,5.500197728392137
2024-11-17,2.0963804913120545,1.7133509855920734,0.13491663564807826,1.1546222318036063,0.0351531844820205,5.500197728392137
2024-11-18,2.0963804913120545,1.7133509855920734,0.13491663564807826,1.1546222318036063,0.0351531844820205,5.500197728392137
2024-11-19,2.0963804913120545,1.7133509855920734,0.13491663564807826,1.1546222318036063,0.0351531844820205,5.500197728392137
2024-11-20,2.0963804913120545,1.7133509855920734,0.13491663564807826,1.1546222318036063,0.0351531844820205,5.500197728392137
2024-11-21,2.0963804913120545,1.7133509855920734,0.13491663564807826,1.1546222318036063,0.0351531844820205,5.500197728392137
2024-11-22,2.0963804913120545,1.7133509855920734,0.13491663564807826,1.1546222318036063,0.0351531844820205,5.500197728392137
2024-11-23,2.0963804913120545,1.7133509855920734,0.13491663564807826,1.1546222318036063,0.0351531844820205,5.500197728392137
2024-11-24,2.0963804913120545,1.7133509855920734,0.13491663564807826,1.1546222318036063,0.0351531844820205,5.500197728392137
2024-11-25,2.0963804913120545,1.7133509855920734,0.13491663564807826,1.1546222318036063,0.0351531844820205,5.500197728392137
2024-11-26,2.0963804913120545,1.7133509855920734,0.13491663564807826,1.1546222318036063,0.0351531844820205,5.500197728392137
2024-11-27,2.0963804913120545,1.7133509855920734,0.13491663564807826,1.1546222318036063,0.0351531844820205,5.500197728392137
2024-11-28,2.0963804913120545,1.7133509855920734,0.13491663564807826,1.1546222318036063,0.0351531844820205,5.500197728392137
2024-11-29,2.0963804913120545,1.7133509855920734,0.13491663564807826,1.1546222318036063,0.0351531844820205,5.500197728392137
2024-11-30,2.0963804913120545,1.7133509855920734,0.13491663564807826,1.1546222318036063,0.0351531844820205,5.500197728392137
2024-12-01,2.0963804913120545,1.7133509855920734,0.13491663564807826,1.1546222318036063,0.0351531844820205,5.500197728392137
2024-12-02,2.0963804913120545,1.7133509855920734,0.13491663564807826,1.1546222318036063,0.0351531844820205,5.500197728392137
2024-12-03,2.0963804913120545,1.7133509855920734,0.13491663564807826,1.1546222318036063,0.0351531844820205,5.500197728392137
2024-12-04,2.0963804913120545,1.7133509855920734,0.13491663564807826,1.1546222318036063,0.0351531844820205,5.500197728392137
2024-12-05,2.0963804913120545,1.7133509855920734,0.13491663564807826,1.1546222318036063,0.0351531844820205,5.500197728392137
2024-12-06,2.0963804913120545,1.7133509855920734,0.13491663564807826,1.1546222318036063,0.0351531844820205,5.500197728392137
2024-12-07,2.0963804913120545,1.7133509855920734,0.13491663564807826,1.1546222318036063,0.0351531844820205,5.500197728392137
2024-12-08,2.0963804913120545,1.7133509855920734,0.13491663564807826,1.1546222318036063,0.0351531844820205,5.500197728392137
2024-12-09,2.0963804913120545,1.7133509855920734,0.13491663564807826,1.1546222318036063,0.0351531844820205,5.500197728392137
2024-12-10,2.0963804913120545,1.7133509855920734,0.13491663564807826,1.1546222318036063,0.0351531844820205,5.500197728392137
2024-12-11,2.0963804913120545,1.7133509855920734,0.13491663564807826,1.1546222318036063,0.0351531844820205,5.500197728392137
2024-12-12,2.0963804913120545,1.7133509855920734,0.13491663564807826,1.1546222318036063,0.0351531844820205,5.500197728392137
2024-12-13,2.0963804913120545,1.7133509855920734,0.13491663564807826,1.1546222318036063,0.0351531844820205,5.500197728392137
2024-12-14,2.0963804913120545,1.7133509855920734,0.13491663564807826,1.1546222318036063,0.0351531844820205,5.500197728392137
2024-12-15,2.0963804913120545,1.7133509855920734,0.13491663564807826,1.1546222318036063,0.0351531844820205,5.500197728392137
2024-12-16,2.0963804913120545,1.7133509855920734,0.13491663564807826,1.1546222318036063,0.0351531844820205,5.500197728392137
2024-12-17,2.0963804913120545,1.7133509855920734,0.13491663564807826,1.1546222318036063,0.0351531844820205,5.500197728392137
2024-12-18,2.0963804913120545,1.7133509855920734,0.13491663564807826,1.1546222318036063,0.0351531844820205,5.500197728392137
2024-12-19,2.0963804913120545,1.7133509855920734,0.13491663564807826,1.1546222318036063,0.0351531844820205,5.500197728392137
2024-12-20,2.0963804913120545,1.7133509855920734,0.13491663564807826,1.1546222318036063,0.0351531844820205,5.500197728392137
2024-12-21,2.0963804913120545,1.7133509855920734,0.13491663564807826,1.1546222318036063,0.0351531844820205,5.500197728392137
2024-12-22,2.0963804913120545,1.7133509855920734,0.13491663564807826,1.1546222318036063,0.0351531844820205,5.500197728392137
2024-12-23,2.0963804913120545,1.7133509855920734,0.13491663564807826,1.1546222318036063,0.0351531844820205,5.500197728392137
2024-12-24,2.0963804913120545,1.7133509855920734,0.13491663564807826,1.1546222318036063,0.0351531844820205,5.500197728392137
2024-12-25,2.0963804913120545,1.7133509855920734,0.13491663564807826,1.1546222318036063,0.0351531844820205,5.500197728392137
2024-12-26,2.0963804913120545,1.7133509855920734,0.13491663564807826,1.1546222318036063,0.0351531844820205,5.500197728392137
2024-12-27,2.0963804913120545,1.7133509855920734,0.13491663564807826,1.1546222318036063,0.0351531844820205,5.500197728392137
2024-12-28,2.0963804913120545,1.7133509855920734,0.13491663564807826,1.1546222318036063,0.0351531844820205,5.500197728392137
2024-12-29,2.0963804913120545,1.7133509855920734,0.13491663564807826,1.1546222318036063,0.0351531844820205,5.500197728392137
2024-12-30,2.0963804913120545,1.7133509855920734,0.13491663564807826,1.1546222318036063,0.0351531844820205,5.500197728392137
2024-12-31,2.0963804913120545,1.7133509855920734,0.13491663564807826,1.1546222318036063,0.0351531844820205,5.500197728392137
2025-01-01,2.1105322092476073,1.7133509855920734,0.13491663564807826,1.1546222318036063,0.0351531844820205,5.500197728392137
2025-01-02,2.1105322092476073,1.7133509855920734,0.13491663564807826,1.1546222318036063,0.0351531844820205,5.500197728392137
2025-01-03,2.1105322092476073,1.7133509855920734,0.13491663564807826,1.1546222318036063,0.0351531844820205,5.500197728392137
2025-01-04,2.1105322092476073,1.7133509855920734,0.13491663564807826,1.1546222318036063,0.0351531844820205,5.500197728392137
2025-01-05,2.1105322092476073,1.7133509855920734,0.13491663564807826,1.1546222318036063,0.0351531844820205,5.500197728392137
2025-01-06,2.1105322092476073,1.7133509855920734,0.13491663564807826,1.1546222318036063,0.0351531844820205,5.500197728392137
2025-01-07,2.1105322092476073,1.7133509855920734,0.13491663564807826,1.1546222318036063,0.0351531844820205,5.500197728392137
2025-01-08,2.1105322092476073,1.7133509855920734,0.13491663564807826,1.1546222318036063,0.0351531844820205,5.500197728392137
2025-01-09,2.1105322092476073,1.7133509855920734,0.13491663564807826,1.1546222318036063,0.0351531844820205,5.500197728392137
2025-01-10,2.1105322092476073,1.7133509855920734,0.13491663564807826,1.1546222318036063,0.0351531844820205,5.500197728392137
2025-01-11,2.1105322092476073,1.7133509855920734,0.13491663564807826,1.1546222318036063,0.0351531844820205,5.500197728392137
2025-01-12,2.1105322092476073,1.7133509855920734,0.13491663564807826,1.1546222318036063,0.0351531844820205,5.500197728392137
2025-01-13,2.1105322092476073,1.7133509855920734,0.13491663564807826,1.1546222318036063,0.0351531844820205,5.500197728392137
2025-01-14,2.1105322092476073,1.7133509855920734,0.13491663564807826,1.1546222318036063,0.0351531844820205,5.500197728392137
2025-01-15,2.1105322092476073,1.7133509855920734,0.13491663564807826,1.1546222318036063,0.0351531844820205,5.500197728392137
2025-01-16,2.1105322092476073,1.7133509855920734,0.13491663564807826,1.1546222318036063,0.0351531844820205,5.500197728392137
2025-01-17,2.1105322092476073,1.7133509855920734,0.13491663564807826,1.1546222318036063,0.0351531844820205,5.500197728392137
2025-01-18,2.1105322092476073,1.7133509855920734,0.13491663564807826,1.1546222318036063,0.0351531844820205,5.500197728392137
2025-01-19,2.1105322092476073,1.7133509855920734,0.13491663564807826,1.1546222318036063,0.0351531844820205,5.500197728392137
2025-01-20,2.1105322092476073,1.7133509855920734,0.13491663564807826,1.1546222318036063,0.0351531844820205,5.500197728392137
2025-01-21,2.1105322092476073,1.7133509855920734,0.13491663564807826,1.1546222318036063,0.0351531844820205,5.500197728392137
2025-01-22,2.1105322092476073,1.7133509855920734,0.13491663564807826,1.1546222318036063,0.0351531844820205,5.500197728392137
2025-01-23,2.1105322092476073,1.7133509855920734,0.13491663564807826,1.1546222318036063,0.0351531844820205,5.500197728392137
2025-01-24,2.1105322092476073,1.7133509855920734,0.13491663564807826,1.1546222318036063,0.0351531844820205,5.500197728392137
2025-01-25,2.1105322092476073,1.7133509855920734,0.13491663564807826,1.1546222318036063,0.0351531844820205,5.500197728392137
2025-01-26,2.1105322092476073,1.7133509855920734,0.13491663564807826,1.1546222318036063,0.0351531844820205,5.500197728392137
2025-01-27,2.1105322092476073,1.7133509855920734,0.13491663564807826,1.1546222318036063,0.0351531844820205,5.500197728392137
2025-01-28,2.1105322092476073,1.7133509855920734,0.13491663564807826,1.1546222318036063,0.0351531844820205,5.500197728392137
2025-01-29,2.1105322092476073,1.7133509855920734,0.13491663564807826,1.1546222318036063,0.0351531844820205,5.500197728392137
2025-01-30,2.1105322092476073,1.7133509855920734,0.13491663564807826,1.1546222318036063,0.0351531844820205,5.500197728392137
2025-01-31,2.1105322092476073,1.7133509855920734,0.13491663564807826,1.1546222318036063,0.0351531844820205,5.500197728392137
2025-02-01,2.1105322092476073,1.7133509855920734,0.13491663564807826,1.1546222318036063,0.0351531844820205,5.500197728392137
2025-02-02,2.1105322092476073,1.7133509855920734,0.13491663564807826,1.1546222318036063,0.0351531844820205,5.500197728392137
2025-02-03,2.1105322092476073,1.7133509855920734,0.13491663564807826,1.1546222318036063,0.0351531844820205,5.500197728392137
2025-02-04,2.979947894611888,1.9688104375964208,0.27348418692269966,1.2222724522965598,0.17871799407060074,6.368905716393187
2025-02-05,2.979947894611888,1.9688104375964208,0.27348418692269966,1.2222724522965598,0.17871799407060074,6.368905716393187
2025-02-06,2.979947894611888,1.9688104375964208,0.27348418692269966,1.2222724522965598,0.17871799407060074,6.368905716393187
2025-02-07,2.979580492365184,1.9688104375964208,0.27348418692269966,1.2222724522965598,0.17871799407060074,6.368905716393187
2025-02-08,2.979580492365184,1.9688104375964208,0.27348418692269966,1.2222724522965598,0.17871799407060074,6.368905716393187
2025-02-09,2.979580492365184,1.9688104375964208,0.27348418692269966,1.2222724522965598,0.17871799407060074,6.368905716393187
2025-02-10,2.979580492365184,1.9688104375964208,0.27348418692269966,1.2222724522965598,0.17871799407060074,6.368905716393187
2025-02-11,2.979580492365184,1.9688104375964208,0.27348418692269966,1.2222724522965598,0.17871799407060074,6.368905716393187
2025-02-12,2.979580492365184,1.9688104375964208,0.27348418692269966,1.2222724522965598,0.17871799407060074,6.368905716393187
2025-02-13,2.979580492365184,1.9688104375964208,0.27348418692269966,1.2222724522965598,0.17871799407060074,6.368905716393187
2025-02-14,2.979580492365184,1.9688104375964208,0.27348418692269966,1.2222724522965598,0.17871799407060074,6.368905716393187
2025-02-15,2.979580492365184,1.9688104375964208,0.27348418692269966,1.2222724522965598,0.17871799407060074,6.368905716393187
2025-02-16,2.979580492365184,1.9688104375964208,0.27348418692269966,1.2222724522965598,0.17871799407060074,6.368905716393187
2025-02-17,2.979580492365184,1.9688104375964208,0.27348418692269966,1.2222724522965598,0.17871799407060074,6.368905716393187
2025-02-18,2.979580492365184,1.9688104375964208,0.27348418692269966,1.2222724522965598,0.17871799407060074,6.368905716393187
2025-02-19,2.979580492365184,1.9688104375964208,0.27348418692269966,1.2222724522965598,0.17871799407060074,6.368905716393187
2025-02-20,2.979580492365184,1.9688104375964208,0.27348418692269966,1.2222724522965598,0.17871799407060074,6.368905716393187
2025-02-21,2.979580492365184,1.9688104375964208,0.27348418692269966,1.2222724522965598,0.17871799407060074,6.368905716393187
2025-02-22,2.979580492365184,1.9688104375964208,0.27348418692269966,1.2222724522965598,0.17871799407060074,6.368905716393187
2025-02-23,2.979580492365184,1.9688104375964208,0.27348418692269966,1.2222724522965598,0.17871799407060074,6.368905716393187
2025-02-24,2.979580492365184,1.9688104375964208,0.27348418692269966,1.2222724522965598,0.17871799407060074,6.368905716393187
2025-02-25,2.979580492365184,1.9688104375964208,0.27348418692269966,1.2222724522965598,0.17871799407060074,6.368905716393187
2025-02-26,2.979580492365184,1.9688104375964208,0.27348418692269966,1.2222724522965598,0.17871799407060074,6.368905716393187
2025-02-27,2.979580492365184,1.9688104375964208,0.27348418692269966,1.2222724522965598,0.17871799407060074,6.368905716393187
2025-02-28,2.979580492365184,1.9688104375964208,0.27348418692269966,1.2222724522965598,0.17871799407060074,6.368905716393187
2025-03-01,2.979580492365184,1.9688104375964208,0.27348418692269966,1.2222724522965598,0.17871799407060074,6.368905716393187
2025-03-02,2.979580492365184,1.9688104375964208,0.27348418692269966,1.2222724522965598,0.17871799407060074,6.368905716393187
2025-03-03,2.979580492365184,1.9688104375964208,0.27348418692269966,1.2222724522965598,0.17871799407060074,6.368905716393187
2025-03-04,4.442461351330357,2.5267466245423655,0.6863685824265547,2.0361730973633994,0.3623494640413375,7.607864510432641
2025-03-05,4.442461351330357,2.5267466245423655,0.6863685824265547,2.0361730973633994,0.3623494640413375,7.607864510432641
2025-03-06,4.442461351330357,2.5267466245423655,0.6863685824265547,2.0361730973633994,0.3623494640413375,7.607864510432641
2025-03-07,4.442461351330357,2.5267466245423655,0.6863685824265547,2.0361730973633994,0.3623494640413375,7.607864510432641
2025-03-08,4.442461351330357,2.5267466245423655,0.6863685824265547,2.0361730973633994,0.3623494640413375,7.607864510432641
2025-03-09,4.442461351330357,2.5267466245423655,0.6863685824265547,2.0361730973633994,0.3623494640413375,7.607864510432641
2025-03-10,4.442461351330357,2.5267466245423655,0.6863685824265547,2.0361730973633994,0.3623494640413375,7.607864510432641
2025-03-11,4.442461351330357,2.5267466245423655,0.6863685824265547,2.0361730973633994,0.3623494640413375,7.607864510432641
2025-03-12,5.305075230382253,2.5267466245423655,0.9481108510459709,2.0361730973633994,0.3623494640413375,29.90575023653794
2025-03-13,5.305075230382253,2.5267466245423655,0.9481108510459709,2.0361730973633994,0.3623494640413375,29.90575023653794
2025-03-14,5.305075230382253,2.5267466245423655,0.9481108510459709,2.0361730973633994,0.3623494640413375,29.90575023653794
2025-03-15,5.305075230382253,2.5267466245423655,0.9481108510459709,2.0361730973633994,0.3623494640413375,29.90575023653794
2025-03-16,5.305075230382253,2.5267466245423655,0.9481108510459709,2.0361730973633994,0.3623494640413375,29.90575023653794
2025-03-17,5.305075230382253,2.5267466245423655,0.9481108510459709,2.0361730973633994,0.3623494640413375,29.90575023653794
2025-03-18,5.305075230382253,2.5267466245423655,0.9481108510459709,2.0361730973633994,0.3623494640413375,29.90575023653794
2025-03-19,5.305075230382253,2.5267466245423655,0.9481108510459709,2.0361730973633994,0.3623494640413375,29.90575023653794
2025-03-20,5.305075230382253,2.5267466245423655,0.9481108510459709,2.0361730973633994,0.3623494640413375,29.90575023653794
2025-03-21,5.305075230382253,2.5267466245423655,0.9481108510459709,2.0361730973633994,0.3623494640413375,29.90575023653794
2025-03-22,5.305075230382253,2.5267466245423655,0.9481108510459709,2.0361730973633994,0.3623494640413375,29.90575023653794
2025-03-23,5.305075230382253,2.5267466245423655,0.9481108510459709,2.0361730973633994,0.3623494640413375,29.90575023653794
2025-03-24,5.305075230382253,2.5267466245423655,0.9481108510459709,2.0361730973633994,0.3623494640413375,29.90575023653794
2025-03-25,5.305075230382253,2.5267466245423655,0.9481108510459709,2.0361730973633994,0.3623494640413375,29.90575023653794
2025-03-26,5.305075230382253,2.5267466245423655,0.9481108510459709,2.0361730973633994,0.3623494640413375,29.90575023653794
2025-03-27,5.305075230382253,2.5267466245423655,0.9481108510459709,2.0361730973633994,0.3623494640413375,29.90575023653794
2025-03-28,5.305075230382253,2.5267466245423655,0.9481108510459709,2.0361730973633994,0.3623494640413375,29.90575023653794
2025-03-29,5.305075230382253,2.5267466245423655,0.9481108510459709,2.0361730973633994,0.3623494640413375,29.90575023653794
2025-03-30,5.305075230382253,2.5267466245423655,0.9481108510459709,2.0361730973633994,0.3623494640413375,29.90575023653794
2025-03-31,5.305075230382253,2.5267466245423655,0.9481108510459709,2.0361730973633994,0.3623494640413375,29.90575023653794
2025-04-01,5.305075230382253,2.5267466245423655,0.9481108510459709,2.0361730973633994,0.3623494640413375,29.90575023653794
2025-04-02,5.305075230382253,2.5267466245423655,0.9481108510459709,2.0361730973633994,0.3623494640413375,29.90575023653794
2025-04-03,6.143904069241079,2.5267466245423655,0.9481108510459709,15.519547094204425,0.3623494640413375,29.90575023653794
2025-04-04,6.171237754568561,2.5267466245423655,0.9481108510459709,15.519547094204425,0.3623494640413375,29.985508874579047
2025-04-05,9.906720406824846,8.854472754821943,0.9481108510459709,15.519547094204425,0.3624283381064473,30.20578494482097
2025-04-06,9.906720406824846,8.854472754821943,0.9481108510459709,15.519547094204425,0.3624283381064473,30.20578494482097
2025-04-07,9.906720406824846,8.854472754821943,0.9481108510459709,15.519547094204425,0.3624283381064473,30.20578494482097
2025-04-08,9.906720406824846,8.854472754821943,0.9481108510459709,15.519547094204425,0.3624283381064473,30.20578494482097
2025-04-09,19.075615919562036,15.631128885920859,0.9481108510459709,15.519547094204425,0.3625072121715571,30.85374623535946
2025-04-10,17.115749765584614,11.792256452871872,0.9481108510459709,15.519547094204425,0.3624283381064473,30.795129127715686
2025-04-11,17.115749765584614,11.792256452871872,0.9481108510459709,15.519547094204425,0.3624283381064473,30.795129127715686
2025-04-12,17.115749765584614,11.792256452871872,0.9481108510459709,15.519547094204425,0.3624283381064473,30.795129127715686
2025-04-13,17.115749765584614,11.792256452871872,0.9481108510459709,15.519547094204425,0.3624283381064473,30.795129127715686
2025-04-14,17.115749765584614,11.792256452871872,0.9481108510459709,15.519547094204425,0.3624283381064473,30.795129127715686
2025-04-15,17.115749765584614,11.792256452871872,0.9481108510459709,15.519547094204425,0.3624283381064473,30.795129127715686
2025-04-16,17.115749765584614,11.792256452871872,0.9481108510459709,15.519547094204425,0.3624283381064473,30.795129127715686
2025-04-17,17.115749765584614,11.792256452871872,0.9481108510459709,15.519547094204425,0.3624283381064473,30.795129127715686
2025-04-18,17.115749765584614,11.792256452871872,0.9481108510459709,15.519547094204425,0.3624283381064473,30.795129127715686
2025-04-19,17.115749765584614,11.792256452871872,0.9481108510459709,15.519547094204425,0.3624283381064473,30.795129127715686
2025-04-20,17.115749765584614,11.792256452871872,0.9481108510459709,15.519547094204425,0.3624283381064473,30.795129127715686
2025-04-21,17.115749765584614,11.792256452871872,0.9481108510459709,15.519547094204425,0.3624283381064473,30.795129127715686
2025-04-22,17.115749765584614,11.792256452871872,0.9481108510459709,15.519547094204425,0.3624283381064473,30.795129127715686
2025-04-23,17.115749765584614,11.792256452871872,0.9481108510459709,15.519547094204425,0.3624283381064473,30.795129127715686
2025-04-24,17.115749765584614,11.792256452871872,0.9481108510459709,15.519547094204425,0.3624283381064473,30.795129127715686
2025-04-25,17.115749765584614,11.792256452871872,0.9481108510459709,15.519547094204425,0.3624283381064473,30.795129127715686
2025-04-26,17.115749765584614,11.792256452871872,0.9481108510459709,15.519547094204425,0.3624283381064473,30.795129127715686
2025-04-27,17.115749765584614,11.792256452871872,0.9481108510459709,15.519547094204425,0.3624283381064473,30.795129127715686
2025-04-28,17.115749765584614,11.792256452871872,0.9481108510459709,15.519547094204425,0.3624283381064473,30.795129127715686
2025-04-29,17.115749765584614,11.792256452871872,0.9481108510459709,15.519547094204425,0.3624283381064473,30.795129127715686
2025-04-30,17.115749765584614,11.792256452871872,0.9481108510459709,15.519547094204425,0.3624283381064473,30.795129127715686
2025-05-01,17.115749765584614,11.792256452871872,0.9481108510459709,15.519547094204425,0.3624283381064473,30.795129127715686
2025-05-02,17.115749765584614,11.792256452871872,0.9481108510459709,15.519547094204425,0.3624283381064473,30.795129127715686
2025-05-03,17.923640867797907,11.792256452871872,10.201666645105034,15.519547094204425,0.3624283381064473,30.60917376198995
2025-05-04,17.923640867797907,11.792256452871872,10.201666645105034,15.519547094204425,0.3624283381064473,30.60917376198995
2025-05-05,17.923640867797907,11.792256452871872,10.201666645105034,15.519547094204425,0.3624283381064473,30.60917376198995
2025-05-06,17.923640867797907,11.792256452871872,10.201666645105034,15.519547094204425,0.3624283381064473,30.60917376198995
2025-05-07,17.923640867797907,11.792256452871872,10.201666645105034,15.519547094204425,0.3624283381064473,30.60917376198995
2025-05-08,17.923640867797907,11.792256452871872,10.201666645105034,15.519547094204425,0.3624283381064473,30.60917376198995
2025-05-09,17.923640867797907,11.792256452871872,10.201666645105034,15.519547094204425,0.3624283381064473,30.60917376198995
2025-05-10,17.923640867797907,11.792256452871872,10.201666645105034,15.519547094204425,0.3624283381064473,30.60917376198995
2025-05-11,17.923640867797907,11.792256452871872,10.201666645105034,15.519547094204425,0.3624283381064473,30.60917376198995
2025-05-12,17.923640867797907,11.792256452871872,10.201666645105034,15.519547094204425,0.3624283381064473,30.60917376198995
2025-05-13,17.923640867797907,11.792256452871872,10.201666645105034,15.519547094204425,0.3624283381064473,30.60917376198995
2025-05-14,11.47430949467665,8.854472754821943,10.201666645105034,15.519547094204425,0.3624283381064473,30.019829579095187
2025-05-15,11.47430949467665,8.854472754821943,10.201666645105034,15.519547094204425,0.3624283381064473,30.019829579095187
2025-05-16,11.47430949467665,8.854472754821943,10.201666645105034,15.519547094204425,0.3624283381064473,30.019829579095187
2025-05-17,11.47430949467665,8.854472754821943,10.201666645105034,15.519547094204425,0.3624283381064473,30.019829579095187
2025-05-18,11.47430949467665,8.854472754821943,10.201666645105034,15.519547094204425,0.3624283381064473,30.019829579095187
2025-05-19,11.47430949467665,8.854472754821943,10.201666645105034,15.519547094204425,0.3624283381064473,30.019829579095187
2025-05-20,11.47430949467665,8.854472754821943,10.201666645105034,15.519547094204425,0.3624283381064473,30.019829579095187
2025-05-21,11.47430949467665,8.854472754821943,10.201666645105034,15.519547094204425,0.3624283381064473,30.019829579095187
2025-05-22,11.47430949467665,8.854472754821943,10.201666645105034,15.519547094204425,0.3624283381064473,30.019829579095187
2025-05-23,11.47430949467665,8.854472754821943,10.201666645105034,15.519547094204425,0.3624283381064473,30.019829579095187
2025-05-24,11.47430949467665,8.854472754821943,10.201666645105034,15.519547094204425,0.3624283381064473,30.019829579095187
2025-05-25,11.47430949467665,8.854472754821943,10.201666645105034,15.519547094204425,0.3624283381064473,30.019829579095187
2025-05-26,11.47430949467665,8.854472754821943,10.201666645105034,15.519547094204425,0.3624283381064473,30.019829579095187
2025-05-27,11.47430949467665,8.854472754821943,10.201666645105034,15.519547094204425,0.3624283381064473,30.019829579095187
2025-05-28,11.47430949467665,8.854472754821943,10.201666645105034,15.519547094204425,0.3624283381064473,30.019829579095187
2025-05-29,11.47430949467665,8.854472754821943,10.201666645105034,15.519547094204425,0.3624283381064473,30.019829579095187
2025-05-30,11.47430949467665,8.854472754821943,10.201666645105034,15.519547094204425,0.3624283381064473,30.019829579095187
2025-05-31,11.47430949467665,8.854472754821943,10.201666645105034,15.519547094204425,0.3624283381064473,30.019829579095187
2025-06-01,11.47430949467665,8.854472754821943,10.201666645105034,15.519547094204425,0.3624283381064473,30.019829579095187
2025-06-02,11.47430949467665,8.854472754821943,10.201666645105034,15.519547094204425,0.3624283381064473,30.019829579095187
2025-06-03,11.47430949467665,8.854472754821943,10.201666645105034,15.519547094204425,0.3624283381064473,30.019829579095187
2025-06-04,12.30779583450427,8.854472754821943,10.469220823110518,15.519547094204425,0.3624283381064473,53.807097974803284
2025-06-05,12.30779583450427,8.854472754821943,10.469220823110518,15.519547094204425,0.3624283381064473,53.807097974803284
2025-06-06,12.30779583450427,8.854472754821943,10.469220823110518,15.519547094204425,0.3624283381064473,53.807097974803284
2025-06-07,12.30779583450427,8.854472754821943,10.469220823110518,15.519547094204425,0.3624283381064473,53.807097974803284
2025-06-08,12.30779583450427,8.854472754821943,10.469220823110518,15.519547094204425,0.3624283381064473,53.807097974803284
2025-06-09,12.30779583450427,8.854472754821943,10.469220823110518,15.519547094204425,0.3624283381064473,53.807097974803284
2025-06-10,12.30779583450427,8.854472754821943,10.469220823110518,15.519547094204425,0.3624283381064473,53.807097974803284
2025-06-11,12.30779583450427,8.854472754821943,10.469220823110518,15.519547094204425,0.3624283381064473,53.807097974803284
2025-06-12,12.30779583450427,8.854472754821943,10.469220823110518,15.519547094204425,0.3624283381064473,53.807097974803284
2025-06-13,12.30779583450427,8.854472754821943,10.469220823110518,15.519547094204425,0.3624283381064473,53.807097974803284
2025-06-14,12.30779583450427,8.854472754821943,10.469220823110518,15.519547094204425,0.3624283381064473,53.807097974803284
2025-06-15,12.30779583450427,8.854472754821943,10.469220823110518,15.519547094204425,0.3624283381064473,53.807097974803284
2025-06-16,12.30779583450427,8.854472754821943,10.469220823110518,15.519547094204425,0.3624283381064473,53.807097974803284
2025-06-17,12.30779583450427,8.854472754821943,10.469220823110518,15.519547094204425,0.3624283381064473,53.807097974803284
2025-06-18,12.30779583450427,8.854472754821943,10.469220823110518,15.519547094204425,0.3624283381064473,53.807097974803284
2025-06-19,12.30779583450427,8.854472754821943,10.469220823110518,15.519547094204425,0.3624283381064473,53.807097974803284
2025-06-20,12.30779583450427,8.854472754821943,10.469220823110518,15.519547094204425,0.3624283381064473,53.807097974803284
2025-06-21,12.30779583450427,8.854472754821943,10.469220823110518,15.519547094204425,0.3624283381064473,53.807097974803284
2025-06-22,12.30779583450427,8.854472754821943,10.469220823110518,15.519547094204425,0.3624283381064473,53.807097974803284
2025-06-23,12.388857297166279,8.854472754821943,10.469220823110518,15.519547094204425,0.3624283381064473,53.807097974803284
2025-06-24,12.388857297166279,8.854472754821943,10.469220823110518,15.519547094204425,0.3624283381064473,53.807097974803284
2025-06-25,12.388857297166279,8.854472754821943,10.469220823110518,15.519547094204425,0.3624283381064473,53.807097974803284
2025-06-26,12.388857297166279,8.854472754821943,10.469220823110518,15.519547094204425,0.3624283381064473,53.807097974803284
2025-06-27,12.388857297166279,8.854472754821943,10.469220823110518,15.519547094204425,0.3624283381064473,53.807097974803284
2025-06-28,12.388857297166279,8.854472754821943,10.469220823110518,15.519547094204425,0.3624283381064473,53.807097974803284
2025-06-29,12.388857297166279,8.854472754821943,10.469220823110518,15.519547094204425,0.3624283381064473,53.807097974803284
2025-06-30,12.297994668516523,8.854472754821943,10.446046550424834,14.922349646622543,0.3624283381064473,53.797450971852946
2025-07-01,12.297994668516523,8.854472754821943,10.446046550424834,14.922349646622543,0.3624283381064473,53.797450971852946
2025-07-02,12.297994668516523,8.854472754821943,10.446046550424834,14.922349646622543,0.3624283381064473,53.797450971852946
2025-07-03,12.297994668516523,8.854472754821943,10.446046550424834,14.922349646622543,0.3624283381064473,53.797450971852946
2025-07-04,12.297994668516523,8.854472754821943,10.446046550424834,14.922349646622543,0.3624283381064473,53.797450971852946
2025-07-05,12.297994668516523,8.854472754821943,10.446046550424834,14.922349646622543,0.3624283381064473,53.797450971852946
2025-07-06,12.297994668516523,8.854472754821943,10.446046550424834,14.922349646622543,0.3624283381064473,53.797450971852946
2025-07-07,12.297994668516523,8.854472754821943,10.446046550424834,14.922349646622543,0.3624283381064473,53.797450971852946
2025-07-08,12.297994668516523,8.854472754821943,10.446046550424834,14.922349646622543,0.3624283381064473,53.797450971852946
2025-07-09,12.297994668516523,8.854472754821943,10.446046550424834,14.922349646622543,0.3624283381064473,53.797450971852946
2025-07-10,12.297994668516523,8.854472754821943,10.446046550424834,14.922349646622543,0.3624283381064473,53.797450971852946
2025-07-11,12.297994668516523,8.854472754821943,10.446046550424834,14.922349646622543,0.3624283381064473,53.797450971852946
2025-07-12,12.297994668516523,8.854472754821943,10.446046550424834,14.922349646622543,0.3624283381064473,53.797450971852946
2025-07-13,12.297994668516523,8.854472754821943,10.446046550424834,14.922349646622543,0.3624283381064473,53.797450971852946
2025-07-14,12.297994668516523,8.854472754821943,10.446046550424834,14.922349646622543,0.3624283381064473,53.797450971852946
2025-07-15,12.297994668516523,8.854472754821943,10.446046550424834,14.922349646622543,0.3624283381064473,53.797450971852946
2025-07-16,12.297994668516523,8.854472754821943,10.446046550424834,14.922349646622543,0.3624283381064473,53.797450971852946
2025-07-17,12.297994668516523,8.854472754821943,10.446046550424834,14.922349646622543,0.3624283381064473,53.797450971852946
2025-07-18,12.297994668516523,8.854472754821943,10.446046550424834,14.922349646622543,0.3624283381064473,53.797450971852946
2025-07-19,12.297994668516523,8.854472754821943,10.446046550424834,14.922349646622543,0.3624283381064473,53.797450971852946
2025-07-20,12.297994668516523,8.854472754821943,10.446046550424834,14.922349646622543,0.3624283381064473,53.797450971852946
2025-07-21,12.297994668516523,8.854472754821943,10.446046550424834,14.922349646622543,0.3624283381064473,53.797450971852946
2025-07-22,12.297994668516523,8.854472754821943,10.446046550424834,14.922349646622543,0.3624283381064473,53.797450971852946
2025-07-23,12.297994668516523,8.854472754821943,10.446046550424834,14.922349646622543,0.3624283381064473,53.797450971852946
2025-07-24,12.297994668516523,8.854472754821943,10.446046550424834,14.922349646622543,0.3624283381064473,53.797450971852946
2025-07-25,12.297994668516523,8.854472754821943,10.446046550424834,14.922349646622543,0.3624283381064473,53.797450971852946
2025-07-26,12.297994668516523,8.854472754821943,10.446046550424834,14.922349646622543,0.3624283381064473,53.797450971852946
2025-07-27,12.297994668516523,8.854472754821943,10.446046550424834,14.922349646622543,0.3624283381064473,53.797450971852946
2025-07-28,12.297994668516523,8.854472754821943,10.446046550424834,14.922349646622543,0.3624283381064473,53.797450971852946
2025-07-29,12.297994668516523,8.854472754821943,10.446046550424834,14.922349646622543,0.3624283381064473,53.797450971852946
2025-07-30,12.297994668516523,8.854472754821943,10.446046550424834,14.922349646622543,0.3624283381064473,53.797450971852946
2025-07-31,12.297994668516523,8.854472754821943,10.446046550424834,14.922349646622543,0.3624283381064473,53.797450971852946
2025-08-01,12.520137574153457,8.942319487621585,10.31786474531652,12.814421530771403,0.3757801746178205,53.79451974222055
2025-08-02,12.520137574153457,8.942319487621585,10.31786474531652,12.814421530771403,0.3757801746178205,53.79451974222055
2025-08-03,12.520137574153457,8.942319487621585,10.31786474531652,12.814421530771403,0.3757801746178205,53.79451974222055
2025-08-04,12.520137574153457,8.942319487621585,10.31786474531652,12.814421530771403,0.3757801746178205,53.79451974222055
2025-08-05,12.520137574153457,8.942319487621585,10.31786474531652,12.814421530771403,0.3757801746178205,53.79451974222055
2025-08-06,12.712281614833634,10.299011632383467,10.318056772644425,12.814421530771403,0.3945170110861074,53.79623126305613
2025-08-07,14.54755039903625,12.798208307378491,10.313966942704466,10.71026541944885,0.3945564481186623,53.837829439849216
2025-08-08,14.54755039903625,12.798208307378491,10.313966942704466,10.71026541944885,0.3945564481186623,53.837829439849216
2025-08-09,14.54755039903625,12.798208307378491,10.313966942704466,10.71026541944885,0.3945564481186623,53.837829439849216
2025-08-10,14.54755039903625,12.798208307378491,10.313966942704466,10.71026541944885,0.3945564481186623,53.837829439849216
2025-08-11,14.54755039903625,12.798208307378491,10.313966942704466,10.71026541944885,0.3945564481186623,53.837829439849216
2025-08-12,14.54755039903625,12.798208307378491,10.313966942704466,10.71026541944885,0.3945564481186623,53.837829439849216
2025-08-13,14.54755039903625,12.798208307378491,10.313966942704466,10.71026541944885,0.3945564481186623,53.837829439849216
2025-08-14,14.54755039903625,12.798208307378491,10.313966942704466,10.71026541944885,0.3945564481186623,53.837829439849216
2025-08-15,14.54755039903625,12.798208307378491,10.313966942704466,10.71026541944885,0.3945564481186623,53.837829439849216
2025-08-16,14.54755039903625,12.798208307378491,10.313966942704466,10.71026541944885,0.3945564481186623,53.837829439849216
2025-08-17,14.54755039903625,12.798208307378491,10.313966942704466,10.71026541944885,0.3945564481186623,53.837829439849216
2025-08-18,15.505799783092955,13.037845961604294,10.313966942704466,10.71026541944885,0.3945564481186623,54.369513087774926
2025-08-19,15.505799783092955,13.037845961604294,10.313966942704466,10.71026541944885,0.3945564481186623,54.369513087774926
2025-08-20,15.505799783092955,13.037845961604294,10.313966942704466,10.71026541944885,0.3945564481186623,54.369513087774926
2025-08-21,15.505799783092955,13.037845961604294,10.313966942704466,10.71026541944885,0.3945564481186623,54.369513087774926
2025-08-22,15.505799783092955,13.037845961604294,10.313966942704466,10.71026541944885,0.3945564481186623,54.369513087774926
2025-08-23,15.505799783092955,13.037845961604294,10.313966942704466,10.71026541944885,0.3945564481186623,54.369513087774926
2025-08-24,15.505799783092955,13.037845961604294,10.313966942704466,10.71026541944885,0.3945564481186623,54.369513087774926
2025-08-25,15.505799783092955,13.037845961604294,10.313966942704466,10.71026541944885,0.3945564481186623,54.369513087774926
2025-08-26,15.505799783092955,13.037845961604294,10.313966942704466,10.71026541944885,0.3945564481186623,54.369513087774926
2025-08-27,15.8251573576604,13.757279315019508,10.313966942704466,10.71026541944885,0.3945564481186623,54.44275886097779
2025-08-28,15.8251573576604,13.757279315019508,10.313966942704466,10.71026541944885,0.3945564481186623,54.44275886097779
2025-08-29,15.8251573576604,13.757279315019508,10.313966942704466,10.71026541944885,0.3945564481186623,54.44275886097779
2025-08-30,15.8251573576604,13.757279315019508,10.313966942704466,10.71026541944885,0.3945564481186623,54.44275886097779
2025-08-31,15.8251573576604,13.757279315019508,10.313966942704466,10.71026541944885,0.3945564481186623,54.44275886097779
2025-09-01,15.455664101447288,13.742604317080787,10.313966942704466,10.71026541944885,0.39450912367959645,53.94510577467201
2025-09-02,15.455664101447288,13.742604317080787,10.313966942704466,10.71026541944885,0.39450912367959645,53.94510577467201
2025-09-03,15.455664101447288,13.742604317080787,10.313966942704466,10.71026541944885,0.39450912367959645,53.94510577467201
2025-09-04,15.455664101447288,13.742604317080787,10.313966942704466,10.71026541944885,0.39450912367959645,53.94510577467201
2025-09-05,14.736794245686465,13.742604317080787,10.313966942704466,10.71026541944885,0.39450912367959645,53.94510577467201
2025-09-06,14.75572731542305,13.742604317080787,10.313966942704466,10.71026541944885,0.39450912367959645,53.94510577467201
2025-09-07,14.75572731542305,13.742604317080787,10.313966942704466,10.71026541944885,0.39450912367959645,53.94510577467201
2025-09-08,14.75572731542305,13.742604317080787,10.313966942704466,10.71026541944885,0.39450912367959645,53.94510577467201
2025-09-09,14.75572731542305,13.742604317080787,10.313966942704466,10.71026541944885,0.39450912367959645,53.94510577467201
2025-09-10,14.75572731542305,13.742604317080787,10.313966942704466,10.71026541944885,0.39450912367959645,53.94510577467201
2025-09-11,14.75572731542305,13.742604317080787,10.313966942704466,10.71026541944885,0.39450912367959645,53.94510577467201
2025-09-12,14.75572731542305,13.742604317080787,10.313966942704466,10.71026541944885,0.39450912367959645,53.94510577467201
2025-09-13,14.75572731542305,13.742604317080787,10.313966942704466,10.71026541944885,0.39450912367959645,53.94510577467201
2025-09-14,14.75572731542305,13.742604317080787,10.313966942704466,10.71026541944885,0.39450912367959645,53.94510577467201
2025-09-15,14.75572731542305,13.742604317080787,10.313966942704466,10.71026541944885,0.39450912367959645,53.94510577467201
2025-09-16,14.75572731542305,13.742604317080787,10.313966942704466,10.71026541944885,0.39450912367959645,53.94510577467201
2025-09-17,14.75572731542305,13.742604317080787,10.313966942704466,10.71026541944885,0.39450912367959645,53.94510577467201
2025-09-18,14.75572731542305,13.742604317080787,10.313966942704466,10.71026541944885,0.39450912367959645,53.94510577467201
2025-09-19,14.75572731542305,13.742604317080787,10.313966942704466,10.71026541944885,0.39450912367959645,53.94510577467201
2025-09-20,14.75572731542305,13.742604317080787,10.313966942704466,10.71026541944885,0.39450912367959645,53.94510577467201
2025-09-21,14.75572731542305,13.742604317080787,10.313966942704466,10.71026541944885,0.39450912367959645,53.94510577467201
2025-09-22,14.75572731542305,13.742604317080787,10.313966942704466,10.71026541944885,0.39450912367959645,53.94510577467201
2025-09-23,14.75572731542305,13.742604317080787,10.313966942704466,10.71026541944885,0.39450912367959645,53.94510577467201
2025-09-24,14.75572731542305,13.742604317080787,10.313966942704466,10.71026541944885,0.39450912367959645,53.94510577467201
2025-09-25,14.75572731542305,13.742604317080787,10.313966942704466,10.71026541944885,0.39450912367959645,53.94510577467201
2025-09-26,14.75572731542305,13.742604317080787,10.313966942704466,10.71026541944885,0.39450912367959645,53.94510577467201
2025-09-27,14.75572731542305,13.742604317080787,10.313966942704466,10.71026541944885,0.39450912367959645,53.94510577467201
2025-09-28,14.75572731542305,13.742604317080787,10.313966942704466,10.71026541944885,0.39450912367959645,53.94510577467201
2025-09-29,14.75572731542305,13.742604317080787,10.313966942704466,10.71026541944885,0.39450912367959645,53.94510577467201
2025-09-30,14.75572731542305,13.742604317080787,10.313966942704466,10.71026541944885,0.39450912367959645,53.94510577467201
2025-10-01,14.75572731542305,13.742604317080787,10.313966942704466,10.71026541944885,0.39450912367959645,53.94510577467201
2025-10-02,14.75572731542305,13.742604317080787,10.313966942704466,10.71026541944885,0.39450912367959645,53.94510577467201
2025-10-03,14.75572731542305,13.742604317080787,10.313966942704466,10.71026541944885,0.39450912367959645,53.94510577467201
2025-10-04,14.75572731542305,13.742604317080787,10.313966942704466,10.71026541944885,0.39450912367959645,53.94510577467201
2025-10-05,14.75572731542305,13.742604317080787,10.313966942704466,10.71026541944885,0.39450912367959645,53.94510577467201
2025-10-06,14.75572731542305,13.742604317080787,10.313966942704466,10.71026541944885,0.39450912367959645,53.94510577467201
2025-10-07,14.75572731542305,13.742604317080787,10.313966942704466,10.71026541944885,0.39450912367959645,53.94510577467201
2025-10-08,14.75572731542305,13.742604317080787,10.313966942704466,10.71026541944885,0.39450912367959645,53.94510577467201
2025-10-09,14.75572731542305,13.742604317080787,10.313966942704466,10.71026541944885,0.39450912367959645,53.94510577467201
2025-10-10,14.75572731542305,13.742604317080787,10.313966942704466,10.71026541944885,0.39450912367959645,53.94510577467201
2025-10-11,14.75572731542305,13.742604317080787,10.313966942704466,10.71026541944885,0.39450912367959645,53.94510577467201
2025-10-12,14.75572731542305,13.742604317080787,10.313966942704466,10.71026541944885,0.39450912367959645,53.94510577467201
2025-10-13,14.75572731542305,13.742604317080787,10.313966942704466,10.71026541944885,0.39450912367959645,53.94510577467201
2025-10-14,14.808760534700403,13.742604317080787,10.313966942704466,10.71026541944885,0.39450912367959645,53.94510577467201
2025-10-15,14.8324429678749,13.742604317080787,10.313966942704466,10.71026541944885,0.39450912367959645,53.94510577467201
2025-10-16,14.8324429678749,13.742604317080787,10.313966942704466,10.71026541944885,0.39450912367959645,53.94510577467201
2025-10-17,14.8324429678749,13.742604317080787,10.313966942704466,10.71026541944885,0.39450912367959645,53.94510577467201
2025-10-18,14.8324429678749,13.742604317080787,10.313966942704466,10.71026541944885,0.39450912367959645,53.94510577467201
2025-10-19,14.8324429678749,13.742604317080787,10.313966942704466,10.71026541944885,0.39450912367959645,53.94510577467201
2025-10-20,14.8324429678749,13.742604317080787,10.313966942704466,10.71026541944885,0.39450912367959645,53.94510577467201
2025-10-21,14.8324429678749,13.742604317080787,10.313966942704466,10.71026541944885,0.39450912367959645,53.94510577467201
2025-10-22,14.8324429678749,13.742604317080787,10.313966942704466,10.71026541944885,0.39450912367959645,53.94510577467201
2025-10-23,14.8324429678749,13.742604317080787,10.313966942704466,10.71026541944885,0.39450912367959645,53.94510577467201
2025-10-24,14.8324429678749,13.742604317080787,10.313966942704466,10.71026541944885,0.39450912367959645,53.94510577467201
2025-10-25,14.8324429678749,13.742604317080787,10.313966942704466,10.71026541944885,0.39450912367959645,53.94510577467201
2025-10-26,14.8324429678749,13.742604317080787,10.313966942704466,10.71026541944885,0.39450912367959645,53.94510577467201
2025-10-27,14.8324429678749,13.742604317080787,10.313966942704466,10.71026541944885,0.39450912367959645,53.94510577467201
2025-10-28,14.8324429678749,13.742604317080787,10.313966942704466,10.71026541944885,0.39450912367959645,53.94510577467201
2025-10-29,14.8324429678749,13.742604317080787,10.313966942704466,10.71026541944885,0.39450912367959645,53.94510577467201
2025-10-30,14.8324429678749,13.742604317080787,10.313966942704466,10.71026541944885,0.39450912367959645,53.94510577467201
2025-10-31,14.8324429678749,13.742604317080787,10.313966942704466,10.71026541944885,0.39450912367959645,53.94510577467201
2025-11-01,14.70032599981037,13.742604317080787,10.312960195824997,9.268948596979577,0.39450912367959645,53.945011401735776
2025-11-02,14.70032599981037,13.742604317080787,10.312960195824997,9.268948596979577,0.39450912367959645,53.945011401735776
2025-11-03,14.70032599981037,13.742604317080787,10.312960195824997,9.268948596979577,0.39450912367959645,53.945011401735776
2025-11-04,14.70032599981037,13.742604317080787,10.312960195824997,9.268948596979577,0.39450912367959645,53.945011401735776
2025-11-05,14.70032599981037,13.742604317080787,10.312960195824997,9.268948596979577,0.39450912367959645,53.945011401735776
2025-11-06,14.70032599981037,13.742604317080787,10.312960195824997,9.268948596979577,0.39450912367959645,53.945011401735776
2025-11-07,14.70032599981037,13.742604317080787,10.312960195824997,9.268948596979577,0.39450912367959645,53.945011401735776
2025-11-08,14.70032599981037,13.742604317080787,10.312960195824997,9.268948596979577,0.39450912367959645,53.945011401735776
2025-11-09,14.70032599981037,13.742604317080787,10.312960195824997,9.268948596979577,0.39450912367959645,53.945011401735776
2025-11-10,13.830910314446168,13.487144865076461,10.174392644550375,9.201298376486623,0.25094431409101564,53.07630341373479
2025-11-11,13.830910314446168,13.487144865076461,10.174392644550375,9.201298376486623,0.25094431409101564,53.07630341373479
2025-11-12,13.830910314446168,13.487144865076461,10.174392644550375,9.201298376486623,0.25094431409101564,53.07630341373479
2025-11-13,13.550443053529547,8.827321219249889,10.174392644550375,9.201298376486623,0.25094431409101564,53.07630341373479
2025-11-14,13.342888762495184,8.758289606473172,10.174392644550375,9.201298376486623,0.25094431409101564,52.92089535334229
2025-11-15,13.342888762495184,8.758289606473172,10.174392644550375,9.201298376486623,0.25094431409101564,52.92089535334229
2025-11-16,13.342888762495184,8.758289606473172,10.174392644550375,9.201298376486623,0.25094431409101564,52.92089535334229
2025-11-17,13.342888762495184,8.758289606473172,10.174392644550375,9.201298376486623,0.25094431409101564,52.92089535334229
2025-11-18,13.342888762495184,8.758289606473172,10.174392644550375,9.201298376486623,0.25094431409101564,52.92089535334229
2025-11-19,13.342888762495184,8.758289606473172,10.174392644550375,9.201298376486623,0.25094431409101564,52.92089535334229
2025-11-20,13.342888762495184,8.758289606473172,10.174392644550375,9.201298376486623,0.25094431409101564,52.92089535334229
2025-11-21,13.342888762495184,8.758289606473172,10.174392644550375,9.201298376486623,0.25094431409101564,52.92089535334229
2025-11-22,13.342888762495184,8.758289606473172,10.174392644550375,9.201298376486623,0.25094431409101564,52.92089535334229
2025-11-23,13.342888762495184,8.758289606473172,10.174392644550375,9.201298376486623,0.25094431409101564,52.92089535334229
2025-11-24,13.342888762495184,8.758289606473172,10.174392644550375,9.201298376486623,0.25094431409101564,52.92089535334229
2025-11-25,13.342888762495184,8.758289606473172,10.174392644550375,9.201298376486623,0.25094431409101564,52.92089535334229
2025-11-26,13.342888762495184,8.758289606473172,10.174392644550375,9.201298376486623,0.25094431409101564,52.92089535334229
2025-11-27,13.342888762495184,8.758289606473172,10.174392644550375,9.201298376486623,0.25094431409101564,52.92089535334229
2025-11-28,13.342888762495184,8.758289606473172,10.174392644550375,9.201298376486623,0.25094431409101564,52.92089535334229
2025-11-29,13.342888762495184,8.758289606473172,10.174392644550375,9.201298376486623,0.25094431409101564,52.92089535334229
2025-11-30,13.342888762495184,8.758289606473172,10.174392644550375,9.201298376486623,0.25094431409101564,52.92089535334229
2025-12-01,13.342888762495184,8.758289606473172,10.174392644550375,9.201298376486623,0.25094431409101564,52.92089535334229
2025-12-02,13.342888762495184,8.758289606473172,10.174392644550375,9.201298376486623,0.25094431409101564,52.92089535334229
2025-12-03,13.342888762495184,8.758289606473172,10.174392644550375,9.201298376486623,0.25094431409101564,52.92089535334229
2025-12-04,13.342888762495184,8.758289606473172,10.174392644550375,9.201298376486623,0.25094431409101564,52.92089535334229
2025-12-05,13.342888762495184,8.758289606473172,10.174392644550375,9.201298376486623,0.25094431409101564,52.92089535334229
2025-12-06,13.342888762495184,8.758289606473172,10.174392644550375,9.201298376486623,0.25094431409101564,52.92089535334229
2025-12-07,13.342888762495184,8.758289606473172,10.174392644550375,9.201298376486623,0.25094431409101564,52.92089535334229
2025-12-08,13.342888762495184,8.758289606473172,10.174392644550375,9.201298376486623,0.25094431409101564,52.92089535334229
2025-12-09,13.342888762495184,8.758289606473172,10.174392644550375,9.201298376486623,0.25094431409101564,52.92089535334229
2025-12-10,13.342888762495184,8.758289606473172,10.174392644550375,9.201298376486623,0.25094431409101564,52.92089535334229
2025-12-11,13.342888762495184,8.758289606473172,10.174392644550375,9.201298376486623,0.25094431409101564,52.92089535334229
2025-12-12,13.342888762495184,8.758289606473172,10.174392644550375,9.201298376486623,0.25094431409101564,52.92089535334229
2025-12-13,13.342888762495184,8.758289606473172,10.174392644550375,9.201298376486623,0.25094431409101564,52.92089535334229
2025-12-14,13.342888762495184,8.758289606473172,10.174392644550375,9.201298376486623,0.25094431409101564,52.92089535334229
2025-12-15,13.342888762495184,8.758289606473172,10.174392644550375,9.201298376486623,0.25094431409101564,52.92089535334229
2025-12-16,13.342888762495184,8.758289606473172,10.174392644550375,9.201298376486623,0.25094431409101564,52.92089535334229
2025-12-17,13.342888762495184,8.758289606473172,10.174392644550375,9.201298376486623,0.25094431409101564,52.92089535334229
2025-12-18,13.342888762495184,8.758289606473172,10.174392644550375,9.201298376486623,0.25094431409101564,52.92089535334229
2025-12-19,13.342888762495184,8.758289606473172,10.174392644550375,9.201298376486623,0.25094431409101564,52.92089535334229
2025-12-20,13.342888762495184,8.758289606473172,10.174392644550375,9.201298376486623,0.25094431409101564,52.92089535334229
2025-12-21,13.342888762495184,8.758289606473172,10.174392644550375,9.201298376486623,0.25094431409101564,52.92089535334229
2025-12-22,13.342888762495184,8.758289606473172,10.174392644550375,9.201298376486623,0.25094431409101564,52.92089535334229
2025-12-23,13.342888762495184,8.758289606473172,10.174392644550375,9.201298376486623,0.25094431409101564,52.92089535334229
2025-12-24,13.342888762495184,8.758289606473172,10.174392644550375,9.201298376486623,0.25094431409101564,52.92089535334229
2025-12-25,13.342888762495184,8.758289606473172,10.174392644550375,9.201298376486623,0.25094431409101564,52.92089535334229
2025-12-26,13.342888762495184,8.758289606473172,10.174392644550375,9.201298376486623,0.25094431409101564,52.92089535334229
2025-12-27,13.342888762495184,8.758289606473172,10.174392644550375,9.201298376486623,0.25094431409101564,52.92089535334229
2025-12-28,13.342888762495184,8.758289606473172,10.174392644550375,9.201298376486623,0.25094431409101564,52.92089535334229
2025-12-29,13.342888762495184,8.758289606473172,10.174392644550375,9.201298376486623,0.25094431409101564,52.92089535334229
2025-12-30,13.342888762495184,8.758289606473172,10.174392644550375,9.201298376486623,0.25094431409101564,52.92089535334229
2025-12-31,13.342888762495184,8.758289606473172,10.174392644550375,9.201298376486623,0.25094431409101564,52.92089535334229
2026-01-01,13.427978475251757,8.758289606473172,10.174392644550375,9.201298376486623,0.25094431409101564,52.92089535334229
2026-01-02,13.427978475251757,8.758289606473172,10.174392644550375,9.201298376486623,0.25094431409101564,52.92089535334229
2026-01-03,13.427978475251757,8.758289606473172,10.174392644550375,9.201298376486623,0.25094431409101564,52.92089535334229
2026-01-04,13.427978475251757,8.758289606473172,10.174392644550375,9.201298376486623,0.25094431409101564,52.92089535334229
2026-01-05,13.427978475251757,8.758289606473172,10.174392644550375,9.201298376486623,0.25094431409101564,52.92089535334229
2026-01-06,13.427978475251757,8.758289606473172,10.174392644550375,9.201298376486623,0.25094431409101564,52.92089535334229
2026-01-07,13.427978475251757,8.758289606473172,10.174392644550375,9.201298376486623,0.25094431409101564,52.92089535334229
2026-01-08,13.427978475251757,8.758289606473172,10.174392644550375,9.201298376486623,0.25094431409101564,52.92089535334229
2026-01-09,13.427978475251757,8.758289606473172,10.174392644550375,9.201298376486623,0.25094431409101564,52.92089535334229
2026-01-10,13.427978475251757,8.758289606473172,10.174392644550375,9.201298376486623,0.25094431409101564,52.92089535334229
2026-01-11,13.427978475251757,8.758289606473172,10.174392644550375,9.201298376486623,0.25094431409101564,52.92089535334229
2026-01-12,13.427978475251757,8.758289606473172,10.174392644550375,9.201298376486623,0.25094431409101564,52.92089535334229
2026-01-13,13.427978475251757,8.758289606473172,10.174392644550375,9.201298376486623,0.25094431409101564,52.92089535334229
2026-01-14,13.427978475251757,8.758289606473172,10.174392644550375,9.201298376486623,0.25094431409101564,52.92089535334229
2026-01-15,13.663072095071016,8.758289606473172,13.220618745558104,9.201298376486623,0.25094431409101564,52.92089535334229
2026-01-16,13.663072095071016,8.758289606473172,13.220618745558104,9.201298376486623,0.25094431409101564,52.92089535334229
2026-01-17,13.663072095071016,8.758289606473172,13.220618745558104,9.201298376486623,0.25094431409101564,52.92089535334229
2026-01-18,13.663072095071016,8.758289606473172,13.220618745558104,9.201298376486623,0.25094431409101564,52.92089535334229
2026-01-19,13.663072095071016,8.758289606473172,13.220618745558104,9.201298376486623,0.25094431409101564,52.92089535334229
2026-01-20,13.663072095071016,8.758289606473172,13.220618745558104,9.201298376486623,0.25094431409101564,52.92089535334229
2026-01-21,13.663072095071016,8.758289606473172,13.220618745558104,9.201298376486623,0.25094431409101564,52.92089535334229
2026-01-22,13.663072095071016,8.758289606473172,13.220618745558104,9.201298376486623,0.25094431409101564,52.92089535334229
2026-01-23,13.663072095071016,8.758289606473172,13.220618745558104,9.201298376486623,0.25094431409101564,52.92089535334229
2026-01-24,13.663072095071016,8.758289606473172,13.220618745558104,9.201298376486623,0.25094431409101564,52.92089535334229
2026-01-25,13.663072095071016,8.758289606473172,13.220618745558104,9.201298376486623,0.25094431409101564,52.92089535334229
2026-01-26,13.663072095071016,8.758289606473172,13.220618745558104,9.201298376486623,0.25094431409101564,52.92089535334229
2026-01-27,13.663072095071016,8.758289606473172,13.220618745558104,9.201298376486623,0.25094431409101564,52.92089535334229
2026-01-28,13.663072095071016,8.758289606473172,13.220618745558104,9.201298376486623,0.25094431409101564,52.92089535334229
2026-01-29,13.663072095071016,8.758289606473172,13.220618745558104,9.201298376486623,0.25094431409101564,52.92089535334229
2026-01-30,13.663072095071016,8.758289606473172,13.220618745558104,9.201298376486623,0.25094431409101564,52.92089535334229
2026-01-31,13.663072095071016,8.758289606473172,13.220618745558104,9.201298376486623,0.25094431409101564,52.92089535334229
2026-02-01,13.663072095071016,8.758289606473172,13.220618745558104,9.201298376486623,0.25094431409101564,52.92089535334229
2026-02-02,13.663072095071016,8.758289606473172,13.220618745558104,9.201298376486623,0.25094431409101564,52.92089535334229
2026-02-03,13.663072095071016,8.758289606473172,13.220618745558104,9.201298376486623,0.25094431409101564,52.92089535334229
2026-02-04,13.663072095071016,8.758289606473172,13.220618745558104,9.201298376486623,0.25094431409101564,52.92089535334229
2026-02-05,13.663072095071016,8.758289606473172,13.220618745558104,9.201298376486623,0.25094431409101564,52.92089535334229
2026-02-06,13.663072095071016,8.758289606473172,13.220618745558104,9.201298376486623,0.25094431409101564,52.92089535334229
2026-02-07,13.332233294954785,8.158712313541436,13.220618745558104,9.201298376486623,0.25094431409101564,52.847649580139475
2026-02-08,13.332233294954785,8.158712313541436,13.220618745558104,9.201298376486623,0.25094431409101564,52.847649580139475
2026-02-09,13.332233294954785,8.158712313541436,13.220618745558104,9.201298376486623,0.25094431409101564,52.847649580139475
2026-02-10,13.332233294954785,8.158712313541436,13.220618745558104,9.201298376486623,0.25094431409101564,52.847649580139475
2026-02-11,13.332233294954785,8.158712313541436,13.220618745558104,9.201298376486623,0.25094431409101564,52.847649580139475
2026-02-12,13.332233294954785,8.158712313541436,13.220618745558104,9.201298376486623,0.25094431409101564,52.847649580139475
2026-02-13,13.332233294954785,8.158712313541436,13.220618745558104,9.201298376486623,0.25094431409101564,52.847649580139475
2026-02-14,13.332233294954785,8.158712313541436,13.220618745558104,9.201298376486623,0.25094431409101564,52.847649580139475
2026-02-15,13.332233294954785,8.158712313541436,13.220618745558104,9.201298376486623,0.25094431409101564,52.847649580139475
2026-02-16,13.332233294954785,8.158712313541436,13.220618745558104,9.201298376486623,0.25094431409101564,52.847649580139475
2026-02-17,13.332233294954785,8.158712313541436,13.220618745558104,9.201298376486623,0.25094431409101564,52.847649580139475
2026-02-18,13.332233294954785,8.158712313541436,13.220618745558104,9.201298376486623,0.25094431409101564,52.847649580139475
2026-02-19,13.332233294954785,8.158712313541436,13.220618745558104,9.201298376486623,0.25094431409101564,52.847649580139475
2026-02-20,8.000947167359717,2.0059731799828096,13.043290835797801,9.13361494814161,0.0351531844820205,51.77960755418488
2026-02-21,8.000947167359717,2.0059731799828096,13.043290835797801,9.13361494814161,0.0351531844820205,51.77960755418488
2026-02-22,8.000947167359717,2.0059731799828096,13.043290835797801,9.13361494814161,0.0351531844820205,51.77960755418488
2026-02-23,8.000947167359717,2.0059731799828096,13.043290835797801,9.13361494814161,0.0351531844820205,51.77960755418488
2026-02-24,10.417512491682826,5.7357976867984615,13.043290835797801,9.348689595982016,0.0352322167606059,51.907367793035256
2026-02-25,10.417512491682826,5.7357976867984615,13.043290835797801,9.348689595982016,0.0352322167606059,51.907367793035256
2026-02-26,10.417512491682826,5.7357976867984615,13.043290835797801,9.348689595982016,0.0352322167606059,51.907367793035256
2026-02-27,10.417512491682826,5.7357976867984615,13.043290835797801,9.348689595982016,0.0352322167606059,51.907367793035256
2026-02-28,10.417512491682826,5.7357976867984615,13.043290835797801,9.348689595982016,0.0352322167606059,51.907367793035256
2026-03-01,10.417512491682826,5.7357976867984615,13.043290835797801,9.348689595982016,0.0352322167606059,51.907367793035256
2026-03-02,10.417512491682826,5.7357976867984615,13.043290835797801,9.348689595982016,0.0352322167606059,51.907367793035256
2026-03-03,10.417512491682826,5.7357976867984615,13.043290835797801,9.348689595982016,0.0352322167606059,51.907367793035256
2026-03-04,10.417512491682826,5.7357976867984615,13.043290835797801,9.348689595982016,0.0352322167606059,51.907367793035256
2026-03-05,10.417512491682826,5.7357976867984615,13.043290835797801,9.348689595982016,0.0352322167606059,51.907367793035256
2026-03-06,10.417512491682826,5.7357976867984615,13.043290835797801,9.348689595982016,0.0352322167606059,51.907367793035256
2026-03-07,10.417512491682826,5.7357976867984615,13.043290835797801,9.348689595982016,0.0352322167606059,51.907367793035256
2026-03-08,10.417512491682826,5.7357976867984615,13.043290835797801,9.348689595982016,0.0352322167606059,51.907367793035256
2026-03-09,10.417512491682826,5.7357976867984615,13.043290835797801,9.348689595982016,0.0352322167606059,51.907367793035256
2026-03-10,10.417512491682826,5.7357976867984615,13.043290835797801,9.348689595982016,0.0352322167606059,51.907367793035256
2026-03-11,10.417512491682826,5.7357976867984615,13.043290835797801,9.348689595982016,0.0352322167606059,51.907367793035256
2026-03-12,10.417512491682826,5.7357976867984615,13.043290835797801,9.348689595982016,0.0352322167606059,51.907367793035256
2026-03-13,10.417512491682826,5.7357976867984615,13.043290835797801,9.348689595982016,0.0352322167606059,51.907367793035256
2026-03-14,10.417512491682826,5.7357976867984615,13.043290835797801,9.348689595982016,0.0352322167606059,51.907367793035256
2026-03-15,10.417512491682826,5.7357976867984615,13.043290835797801,9.348689595982016,0.0352322167606059,51.907367793035256
2026-03-16,10.417512491682826,5.7357976867984615,13.043290835797801,9.348689595982016,0.0352322167606059,51.907367793035256
2026-03-17,10.417512491682826,5.7357976867984615,13.043290835797801,9.348689595982016,0.0352322167606059,51.907367793035256
2026-03-18,10.417512491682826,5.7357976867984615,13.043290835797801,9.348689595982016,0.0352322167606059,51.907367793035256
2026-03-19,10.417512491682826,5.7357976867984615,13.043290835797801,9.348689595982016,0.0352322167606059,51.907367793035256
2026-03-20,10.417512491682826,5.7357976867984615,13.043290835797801,9.348689595982016,0.0352322167606059,51.907367793035256
2026-03-21,10.417512491682826,5.7357976867984615,13.043290835797801,9.348689595982016,0.0352322167606059,51.907367793035256
2026-03-22,10.417512491682826,5.7357976867984615,13.043290835797801,9.348689595982016,0.0352322167606059,51.907367793035256
2026-03-23,10.417512491682826,5.7357976867984615,13.043290835797801,9.348689595982016,0.0352322167606059,51.907367793035256
2026-03-24,10.417512491682826,5.7357976867984615,13.043290835797801,9.348689595982016,0.0352322167606059,51.907367793035256
2026-03-25,10.417512491682826,5.7357976867984615,13.043290835797801,9.348689595982016,0.0352322167606059,51.907367793035256
2026-03-26,10.417512491682826,5.7357976867984615,13.043290835797801,9.348689595982016,0.0352322167606059,51.907367793035256
2026-03-27,10.417512491682826,5.7357976867984615,13.043290835797801,9.348689595982016,0.0352322167606059,51.907367793035256
2026-03-28,10.417512491682826,5.7357976867984615,13.043290835797801,9.348689595982016,0.0352322167606059,51.907367793035256
2026-03-29,10.417512491682826,5.7357976867984615,13.043290835797801,9.348689595982016,0.0352322167606059,51.907367793035256
2026-03-30,10.417512491682826,5.7357976867984615,13.043290835797801,9.348689595982016,0.0352322167606059,51.907367793035256
2026-03-31,10.417512491682826,5.7357976867984615,13.043290835797801,9.348689595982016,0.0352322167606059,51.907367793035256
2026-04-01,10.417512491682826,5.7357976867984615,13.043290835797801,9.348689595982016,0.0352322167606059,51.907367793035256
2026-04-02,10.417512491682826,5.7357976867984615,13.043290835797801,9.348689595982016,0.0352322167606059,51.907367793035256
2026-04-03,10.417512491682826,5.7357976867984615,13.043290835797801,9.348689595982016,0.0352322167606059,51.907367793035256
2026-04-04,10.417512491682826,5.7357976867984615,13.043290835797801,9.348689595982016,0.0352322167606059,51.907367793035256
2026-04-05,10.417512491682826,5.7357976867984615,13.043290835797801,9.348689595982016,0.0352322167606059,51.907367793035256
2026-04-06,9.595355276168794,5.443428512434618,12.615485733457238,9.348689595982016,0.0352322167606059,52.3640604603263
2026-04-07,9.595355276168794,5.443428512434618,12.615485733457238,9.348689595982016,0.0352322167606059,52.3640604603263
2026-04-08,9.595355276168794,5.443428512434618,12.615485733457238,9.348689595982016,0.0352322167606059,52.3640604603263
2026-04-09,9.595355276168794,5.443428512434618,12.615485733457238,9.348689595982016,0.0352322167606059,52.3640604603263
2026-04-10,9.595355276168794,5.443428512434618,12.615485733457238,9.348689595982016,0.0352322167606059,52.3640604603263
2026-04-11,9.595355276168794,5.443428512434618,12.615485733457238,9.348689595982016,0.0352322167606059,52.3640604603263
2026-04-12,9.595355276168794,5.443428512434618,12.615485733457238,9.348689595982016,0.0352322167606059,52.3640604603263
2026-04-13,9.595355276168794,5.443428512434618,12.615485733457238,9.348689595982016,0.0352322167606059,52.3640604603263
2026-04-14,9.595355276168794,5.443428512434618,12.615485733457238,9.348689595982016,0.0352322167606059,52.3640604603263
2026-04-15,9.595355276168794,5.443428512434618,12.615485733457238,9.348689595982016,0.0352322167606059,52.3640604603263
2026-04-16,9.595355276168794,5.443428512434618,12.615485733457238,9.348689595982016,0.0352322167606059,52.3640604603263
2026-04-17,9.595355276168794,5.443428512434618,12.615485733457238,9.348689595982016,0.0352322167606059,52.3640604603263
2026-04-18,9.595355276168794,5.443428512434618,12.615485733457238,9.348689595982016,0.0352322167606059,52.3640604603263
2026-04-19,9.595355276168794,5.443428512434618,12.615485733457238,9.348689595982016,0.0352322167606059,52.3640604603263
2026-04-20,9.595355276168794,5.443428512434618,12.615485733457238,9.348689595982016,0.0352322167606059,52.3640604603263
2026-04-21,9.595355276168794,5.443428512434618,12.615485733457238,9.348689595982016,0.0352322167606059,52.3640604603263
2026-04-22,9.595355276168794,5.443428512434618,12.615485733457238,9.348689595982016,0.0352322167606059,52.3640604603263
2026-04-23,9.595355276168794,5.443428512434618,12.615485733457238,9.348689595982016,0.0352322167606059,52.3640604603263
2026-04-24,9.595355276168794,5.443428512434618,12.615485733457238,9.348689595982016,0.0352322167606059,52.3640604603263
2026-04-25,9.595355276168794,5.443428512434618,12.615485733457238,9.348689595982016,0.0352322167606059,52.3640604603263
2026-04-26,9.595355276168794,5.443428512434618,12.615485733457238,9.348689595982016,0.0352322167606059,52.3640604603263
2026-04-27,9.595355276168794,5.443428512434618,12.615485733457238,9.348689595982016,0.0352322167606059,52.3640604603263
2026-04-28,9.595355276168794,5.443428512434618,12.615485733457238,9.348689595982016,0.0352322167606059,52.3640604603263
2026-04-29,9.595355276168794,5.443428512434618,12.615485733457238,9.348689595982016,0.0352322167606059,52.3640604603263
2026-04-30,9.595355276168794,5.443428512434618,12.615485733457238,9.348689595982016,0.0352322167606059,52.3640604603263
2026-05-01,9.368595098110651,5.443428512434618,10.15068685458964,9.348689595982016,0.0352322167606059,52.24837931096206
2026-05-02,9.368595098110651,5.443428512434618,10.15068685458964,9.348689595982016,0.0352322167606059,52.24837931096206
2026-05-03,9.368595098110651,5.443428512434618,10.15068685458964,9.348689595982016,0.0352322167606059,52.24837931096206
2026-05-04,9.368595098110651,5.443428512434618,10.15068685458964,9.348689595982016,0.0352322167606059,52.24837931096206
2026-05-05,9.368595098110651,5.443428512434618,10.15068685458964,9.348689595982016,0.0352322167606059,52.24837931096206
2026-05-06,9.368595098110651,5.443428512434618,10.15068685458964,9.348689595982016,0.0352322167606059,52.24837931096206
2026-05-07,9.368595098110651,5.443428512434618,10.15068685458964,9.348689595982016,0.0352322167606059,52.24837931096206
2026-05-08,9.368595098110651,5.443428512434618,10.15068685458964,9.348689595982016,0.0352322167606059,52.24837931096206
2026-05-09,9.368595098110651,5.443428512434618,10.15068685458964,9.348689595982016,0.0352322167606059,52.24837931096206
2026-05-10,9.368595098110651,5.443428512434618,10.15068685458964,9.348689595982016,0.0352322167606059,52.24837931096206
2026-05-11,9.368595098110651,5.443428512434618,10.15068685458964,9.348689595982016,0.0352322167606059,52.24837931096206
2026-05-12,9.368595098110651,5.443428512434618,10.15068685458964,9.348689595982016,0.0352322167606059,52.24837931096206
2026-05-13,9.368595098110651,5.443428512434618,10.15068685458964,9.348689595982016,0.0352322167606059,52.24837931096206
2026-05-14,9.368595098110651,5.443428512434618,10.15068685458964,9.348689595982016,0.0352322167606059,52.24837931096206
2026-05-15,9.368595098110651,5.443428512434618,10.15068685458964,9.348689595982016,0.0352322167606059,52.24837931096206
2026-05-16,9.368595098110651,5.443428512434618,10.15068685458964,9.348689595982016,0.0352322167606059,52.24837931096206
2026-05-17,9.368595098110651,5.443428512434618,10.15068685458964,9.348689595982016,0.0352322167606059,52.24837931096206
2026-05-18,9.368595098110651,5.443428512434618,10.15068685458964,9.348689595982016,0.0352322167606059,52.24837931096206
2026-05-19,9.368595098110651,5.443428512434618,10.15068685458964,9.348689595982016,0.0352322167606059,52.24837931096206
2026-05-20,9.368595098110651,5.443428512434618,10.15068685458964,9.348689595982016,0.0352322167606059,52.24837931096206
2026-05-21,9.368595098110651,5.443428512434618,10.15068685458964,9.348689595982016,0.0352322167606059,52.24837931096206
2026-05-22,9.368595098110651,5.443428512434618,10.15068685458964,9.348689595982016,0.0352322167606059,52.24837931096206
2026-05-23,9.368595098110651,5.443428512434618,10.15068685458964,9.348689595982016,0.0352322167606059,52.24837931096206
2026-05-24,9.368595098110651,5.443428512434618,10.15068685458964,9.348689595982016,0.0352322167606059,52.24837931096206
2026-05-25,9.368595098110651,5.443428512434618,10.15068685458964,9.348689595982016,0.0352322167606059,52.24837931096206
2026-05-26,9.368595098110651,5.443428512434618,10.15068685458964,9.348689595982016,0.0352322167606059,52.24837931096206
2026-05-27,9.368595098110651,5.443428512434618,10.15068685458964,9.348689595982016,0.0352322167606059,52.24837931096206
2026-05-28,9.368595098110651,5.443428512434618,10.15068685458964,9.348689595982016,0.0352322167606059,52.24837931096206
2026-05-29,9.368595098110651,5.443428512434618,10.15068685458964,9.348689595982016,0.0352322167606059,52.24837931096206
2026-05-30,9.368595098110651,5.443428512434618,10.15068685458964,9.348689595982016,0.0352322167606059,52.24837931096206
2026-05-31,9.368595098110651,5.443428512434618,10.15068685458964,9.348689595982016,0.0352322167606059,52.24837931096206
2026-06-01,9.368595098110651,5.443428512434618,10.15068685458964,9.348689595982016,0.0352322167606059,52.24837931096206
2026-06-02,9.368595098110651,5.443428512434618,10.15068685458964,9.348689595982016,0.0352322167606059,52.24837931096206
2026-06-03,9.368595098110651,5.443428512434618,10.15068685458964,9.348689595982016,0.0352322167606059,52.24837931096206
2026-06-04,9.368595098110651,5.443428512434618,10.15068685458964,9.348689595982016,0.0352322167606059,52.24837931096206
2026-06-05,9.368595098110651,5.443428512434618,10.15068685458964,9.348689595982016,0.0352322167606059,52.24837931096206
2026-06-06,9.368595098110651,5.443428512434618,10.15068685458964,9.348689595982016,0.0352322167606059,52.24837931096206
2026-06-07,9.368595098110651,5.443428512434618,10.15068685458964,9.348689595982016,0.0352322167606059,52.24837931096206
2026-06-08,9.242091736624065,5.443428512434618,10.15068685458964,9.348689595982016,0.0352322167606059,52.24837931096206
2026-06-09,9.242091736624065,5.443428512434618,10.15068685458964,9.348689595982016,0.0352322167606059,52.24837931096206
2026-06-10,9.242091736624065,5.443428512434618,10.15068685458964,9.348689595982016,0.0352322167606059,52.24837931096206
2026-06-11,9.242091736624065,5.443428512434618,10.15068685458964,9.348689595982016,0.0352322167606059,52.24837931096206
2026-06-12,9.242091736624065,5.443428512434618,10.15068685458964,9.348689595982016,0.0352322167606059,52.24837931096206
2026-06-13,9.242091736624065,5.443428512434618,10.15068685458964,9.348689595982016,0.0352322167606059,52.24837931096206
2026-06-14,9.242091736624065,5.443428512434618,10.15068685458964,9.348689595982016,0.0352322167606059,52.24837931096206
2026-06-15,9.242091736624065,5.443428512434618,10.15068685458964,9.348689595982016,0.0352322167606059,52.24837931096206
2026-06-16,9.242091736624065,5.443428512434618,10.15068685458964,9.348689595982016,0.0352322167606059,52.24837931096206
2026-06-17,9.242091736624065,5.443428512434618,10.15068685458964,9.348689595982016,0.0352322167606059,52.24837931096206
2026-06-18,9.242091736624065,5.443428512434618,10.15068685458964,9.348689595982016,0.0352322167606059,52.24837931096206
2026-06-19,9.242091736624065,5.443428512434618,10.15068685458964,9.348689595982016,0.0352322167606059,52.24837931096206
2026-06-20,9.242091736624065,5.443428512434618,10.15068685458964,9.348689595982016,0.0352322167606059,52.24837931096206
2026-06-21,9.242091736624065,5.443428512434618,10.15068685458964,9.348689595982016,0.0352322167606059,52.24837931096206
2026-06-22,9.242091736624065,5.443428512434618,10.15068685458964,9.348689595982016,0.0352322167606059,52.24837931096206
2026-06-23,9.242091736624065,5.443428512434618,10.15068685458964,9.348689595982016,0.0352322167606059,52.24837931096206
2026-06-24,9.242091736624065,5.443428512434618,10.15068685458964,9.348689595982016,0.0352322167606059,52.24837931096206
2026-06-25,9.242091736624065,5.443428512434618,10.15068685458964,9.348689595982016,0.0352322167606059,52.24837931096206
2026-06-26,9.242091736624065,5.443428512434618,10.15068685458964,9.348689595982016,0.0352322167606059,52.24837931096206
2026-06-27,9.242091736624065,5.443428512434618,10.15068685458964,9.348689595982016,0.0352322167606059,52.24837931096206
2026-06-28,9.242091736624065,5.443428512434618,10.15068685458964,9.348689595982016,0.0352322167606059,52.24837931096206
2026-06-29,9.242091736624065,5.443428512434618,10.15068685458964,9.348689595982016,0.0352322167606059,52.24837931096206
2026-06-30,9.242091736624065,5.443428512434618,10.15068685458964,9.348689595982016,0.0352322167606059,52.24837931096206
2026-07-01,9.242091736624065,5.443428512434618,10.15068685458964,9.348689595982016,0.0352322167606059,52.24837931096206
2026-07-02,9.242091736624065,5.443428512434618,10.15068685458964,9.348689595982016,0.0352322167606059,52.24837931096206
2026-07-03,9.242091736624065,5.443428512434618,10.15068685458964,9.348689595982016,0.0352322167606059,52.24837931096206
2026-07-04,9.242091736624065,5.443428512434618,10.15068685458964,9.348689595982016,0.0352322167606059,52.24837931096206
2026-07-05,9.242091736624065,5.443428512434618,10.15068685458964,9.348689595982016,0.0352322167606059,52.24837931096206
2026-07-06,9.242091736624065,5.443428512434618,10.15068685458964,9.348689595982016,0.0352322167606059,52.24837931096206
2026-07-07,9.242091736624065,5.443428512434618,10.15068685458964,9.348689595982016,0.0352322167606059,52.24837931096206
2026-07-08,9.242091736624065,5.443428512434618,10.15068685458964,9.348689595982016,0.0352322167606059,52.24837931096206
2026-07-09,9.242091736624065,5.443428512434618,10.15068685458964,9.348689595982016,0.0352322167606059,52.24837931096206
2026-07-10,9.242091736624065,5.443428512434618,10.15068685458964,9.348689595982016,0.0352322167606059,52.24837931096206
2026-07-11,9.242091736624065,5.443428512434618,10.15068685458964,9.348689595982016,0.0352322167606059,52.24837931096206
2026-07-12,9.242091736624065,5.443428512434618,10.15068685458964,9.348689595982016,0.0352322167606059,52.24837931096206
2026-07-13,9.242091736624065,5.443428512434618,10.15068685458964,9.348689595982016,0.0352322167606059,52.24837931096206
2026-07-14,9.242091736624065,5.443428512434618,10.15068685458964,9.348689595982016,0.0352322167606059,52.24837931096206
2026-07-15,9.242091736624065,5.443428512434618,10.15068685458964,9.348689595982016,0.0352322167606059,52.24837931096206
2026-07-16,9.242091736624065,5.443428512434618,10.15068685458964,9.348689595982016,0.0352322167606059,52.24837931096206
2026-07-17,9.242091736624065,5.443428512434618,10.15068685458964,9.348689595982016,0.0352322167606059,52.24837931096206
2026-07-18,9.242091736624065,5.443428512434618,10.15068685458964,9.348689595982016,0.0352322167606059,52.24837931096206
2026-07-19,9.242091736624065,5.443428512434618,10.15068685458964,9.348689595982016,0.0352322167606059,52.24837931096206
2026-07-20,9.242091736624065,5.443428512434618,10.15068685458964,9.348689595982016,0.0352322167606059,52.24837931096206
2026-07-21,9.242091736624065,5.443428512434618,10.15068685458964,9.348689595982016,0.0352322167606059,52.24837931096206
2026-07-22,9.292394389912364,5.611096817772866,10.15068685458964,9.348689595982016,0.0352322167606059,52.24837931096206
2026-07-23,9.292394389912364,5.611096817772866,10.15068685458964,9.348689595982016,0.0352322167606059,52.24837931096206
2026-07-24,9.340499008452037,5.462458551560237,10.15068685458964,9.348689595982016,0.0351531844820205,52.24837931096206
2026-07-25,9.340499008452037,5.462458551560237,10.15068685458964,9.348689595982016,0.0351531844820205,52.24837931096206
2026-07-26,9.340499008452037,5.462458551560237,10.15068685458964,9.348689595982016,0.0351531844820205,52.24837931096206
2026-07-27,9.340499008452037,5.462458551560237,10.15068685458964,9.348689595982016,0.0351531844820205,52.24837931096206
2026-07-28,9.340499008452037,5.462458551560237,10.15068685458964,9.348689595982016,0.0351531844820205,52.24837931096206
2026-07-29,9.340499008452037,5.462458551560237,10.15068685458964,9.348689595982016,0.0351531844820205,52.24837931096206
2026-07-30,9.340499008452037,5.462458551560237,10.15068685458964,9.348689595982016,0.0351531844820205,52.24837931096206
2026-07-31,9.340499008452037,5.462458551560237,10.15068685458964,9.348689595982016,0.0351531844820205,52.24837931096206
2026-08-01,9.340499008452037,5.462458551560237,10.15068685458964,9.348689595982016,0.0351531844820205,52.24837931096206
2026-08-02,9.340499008452037,5.462458551560237,10.15068685458964,9.348689595982016,0.0351531844820205,52.24837931096206
2026-08-03,9.340499008452037,5.462458551560237,10.15068685458964,9.348689595982016,0.0351531844820205,52.24837931096206
2026-08-04,9.340499008452037,5.462458551560237,10.15068685458964,9.348689595982016,0.0351531844820205,52.24837931096206
2026-08-05,9.340499008452037,5.462458551560237,10.15068685458964,9.348689595982016,0.0351531844820205,52.24837931096206
2026-08-06,9.340499008452037,5.462458551560237,10.15068685458964,9.348689595982016,0.0351531844820205,52.24837931096206
2026-08-07,9.340499008452037,5.462458551560237,10.15068685458964,9.348689595982016,0.0351531844820205,52.24837931096206
2026-08-08,9.340499008452037,5.462458551560237,10.15068685458964,9.348689595982016,0.0351531844820205,52.24837931096206
2026-08-09,9.340499008452037,5.462458551560237,10.15068685458964,9.348689595982016,0.0351531844820205,52.24837931096206
2026-08-10,9.340499008452037,5.462458551560237,10.15068685458964,9.348689595982016,0.0351531844820205,52.24837931096206
2026-08-11,9.340499008452037,5.462458551560237,10.15068685458964,9.348689595982016,0.0351531844820205,52.24837931096206
2026-08-12,9.340499008452037,5.462458551560237,10.15068685458964,9.348689595982016,0.0351531844820205,52.24837931096206
2026-08-13,9.340499008452037,5.462458551560237,10.15068685458964,9.348689595982016,0.0351531844820205,52.24837931096206
2026-08-14,9.340499008452037,5.462458551560237,10.15068685458964,9.348689595982016,0.0351531844820205,52.24837931096206
2026-08-15,9.340499008452037,5.462458551560237,10.15068685458964,9.348689595982016,0.0351531844820205,52.24837931096206
2026-08-16,9.340499008452037,5.462458551560237,10.15068685458964,9.348689595982016,0.0351531844820205,52.24837931096206
2026-08-17,9.340499008452037,5.462458551560237,10.15068685458964,9.348689595982016,0.0351531844820205,52.24837931096206
2026-08-18,9.340499008452037,5.462458551560237,10.15068685458964,9.348689595982016,0.0351531844820205,52.24837931096206
2026-08-19,9.576144549200118,5.53144117489767,10.15068685458964,9.348689595982016,0.0351531844820205,52.24837931096206
2026-08-20,9.576144549200118,5.53144117489767,10.15068685458964,9.348689595982016,0.0351531844820205,52.24837931096206
2026-08-21,9.576144549200118,5.53144117489767,10.15068685458964,9.348689595982016,0.0351531844820205,52.24837931096206
2026-08-22,9.576144549200118,5.53144117489767,10.15068685458964,9.348689595982016,0.0351531844820205,52.24837931096206
2026-08-23,9.576144549200118,5.53144117489767,10.15068685458964,9.348689595982016,0.0351531844820205,52.24837931096206
2026-08-24,9.576144549200118,5.53144117489767,10.15068685458964,9.348689595982016,0.0351531844820205,52.24837931096206
2026-08-25,9.576144549200118,5.53144117489767,10.15068685458964,9.348689595982016,0.0351531844820205,52.24837931096206
2026-08-26,9.576144549200118,5.53144117489767,10.15068685458964,9.348689595982016,0.0351531844820205,52.24837931096206
2026-08-27,9.576144549200118,5.53144117489767,10.15068685458964,9.348689595982016,0.0351531844820205,52.24837931096206
2026-08-28,9.576144549200118,5.53144117489767,10.15068685458964,9.348689595982016,0.0351531844820205,52.24837931096206
2026-08-29,9.576144549200118,5.53144117489767,10.15068685458964,9.348689595982016,0.0351531844820205,52.24837931096206
2026-08-30,9.576144549200118,5.53144117489767,10.15068685458964,9.348689595982016,0.0351531844820205,52.24837931096206
2026-08-31,9.576144549200118,5.53144117489767,10.15068685458964,9.348689595982016,0.0351531844820205,52.24837931096206
2026-09-01,9.576144549200118,5.53144117489767,10.15068685458964,9.348689595982016,0.0351531844820205,52.24837931096206
2026-09-02,9.576144549200118,5.53144117489767,10.15068685458964,9.348689595982016,0.0351531844820205,52.24837931096206
2026-09-03,9.576144549200118,5.53144117489767,10.15068685458964,9.348689595982016,0.0351531844820205,52.24837931096206
2026-09-04,9.576144549200118,5.53144117489767,10.15068685458964,9.348689595982016,0.0351531844820205,52.24837931096206
2026-09-05,9.576144549200118,5.53144117489767,10.15068685458964,9.348689595982016,0.0351531844820205,52.24837931096206
2026-09-06,9.576144549200118,5.53144117489767,10.15068685458964,9.348689595982016,0.0351531844820205,52.24837931096206
2026-09-07,9.576144549200118,5.53144117489767,10.15068685458964,9.348689595982016,0.0351531844820205,52.24837931096206
2026-09-08,9.576144549200118,5.53144117489767,10.15068685458964,9.348689595982016,0.0351531844820205,52.24837931096206
2026-09-09,9.576144549200118,5.53144117489767,10.15068685458964,9.348689595982016,0.0351531844820205,52.24837931096206
2026-09-10,9.576144549200118,5.53144117489767,10.15068685458964,9.348689595982016,0.0351531844820205,52.24837931096206
2026-09-11,9.576144549200118,5.53144117489767,10.15068685458964,9.348689595982016,0.0351531844820205,52.24837931096206
2026-09-12,9.576144549200118,5.53144117489767,10.15068685458964,9.348689595982016,0.0351531844820205,52.24837931096206
2026-09-13,9.576144549200118,5.53144117489767,10.15068685458964,9.348689595982016,0.0351531844820205,52.24837931096206
2026-09-14,9.576144549200118,5.53144117489767,10.15068685458964,9.348689595982016,0.0351531844820205,52.24837931096206
2026-09-15,9.576144549200118,5.53144117489767,10.15068685458964,9.348689595982016,0.0351531844820205,52.24837931096206
2026-09-16,9.576144549200118,5.53144117489767,10.15068685458964,9.348689595982016,0.0351531844820205,52.24837931096206
2026-09-17,9.576144549200118,5.53144117489767,10.15068685458964,9.348689595982016,0.0351531844820205,52.24837931096206
2026-09-18,9.576144549200118,5.53144117489767,10.15068685458964,9.348689595982016,0.0351531844820205,52.24837931096206
2026-09-19,9.576144549200118,5.53144117489767,10.15068685458964,9.348689595982016,0.0351531844820205,52.24837931096206
2026-09-20,9.576144549200118,5.53144117489767,10.15068685458964,9.348689595982016,0.0351531844820205,52.24837931096206
2026-09-21,9.576144549200118,5.53144117489767,10.15068685458964,9.348689595982016,0.0351531844820205,52.24837931096206
2026-09-22,9.576144549200118,5.53144117489767,10.15068685458964,9.348689595982016,0.0351531844820205,52.24837931096206
2026-09-23,9.576144549200118,5.53144117489767,10.15068685458964,9.348689595982016,0.0351531844820205,52.24837931096206
2026-09-24,9.576144549200118,5.53144117489767,10.15068685458964,9.348689595982016,0.0351531844820205,52.24837931096206
2026-09-25,9.576144549200118,5.53144117489767,10.15068685458964,9.348689595982016,0.0351531844820205,52.24837931096206
2026-09-26,9.576144549200118,5.53144117489767,10.15068685458964,9.348689595982016,0.0351531844820205,52.24837931096206
2026-09-27,9.576144549200118,5.53144117489767,10.15068685458964,9.348689595982016,0.0351531844820205,52.24837931096206
2026-09-28,9.576144549200118,5.53144117489767,10.15068685458964,9.348689595982016,0.0351531844820205,52.24837931096206
2026-09-29,9.84867243588375,5.53144117489767,10.15068685458964,9.348689595982016,4.60770167782844,52.24837931096206
2026-09-30,9.84867243588375,5.53144117489767,10.15068685458964,9.348689595982016,4.60770167782844,52.24837931096206
2026-10-01,9.84867243588375,5.53144117489767,10.15068685458964,9.348689595982016,4.60770167782844,52.24837931096206
2026-10-02,9.84867243588375,5.53144117489767,10.15068685458964,9.348689595982016,4.60770167782844,52.24837931096206
2026-10-03,9.84867243588375,5.53144117489767,10.15068685458964,9.348689595982016,4.60770167782844,52.24837931096206
2026-10-04,9.84867243588375,5.53144117489767,10.15068685458964,9.348689595982016,4.60770167782844,52.24837931096206
2026-10-05,9.84867243588375,5.53144117489767,10.15068685458964,9.348689595982016,4.60770167782844,52.24837931096206
2026-10-06,9.84867243588375,5.53144117489767,10.15068685458964,9.348689595982016,4.60770167782844,52.24837931096206
2026-10-07,9.84867243588375,5.53144117489767,10.15068685458964,9.348689595982016,4.60770167782844,52.24837931096206
2026-10-08,9.84867243588375,5.53144117489767,10.15068685458964,9.348689595982016,4.60770167782844,52.24837931096206
2026-10-09,9.84867243588375,5.53144117489767,10.15068685458964,9.348689595982016,4.60770167782844,52.24837931096206
2026-10-10,9.84867243588375,5.53144117489767,10.15068685458964,9.348689595982016,4.60770167782844,52.24837931096206
2026-10-11,9.84867243588375,5.53144117489767,10.15068685458964,9.348689595982016,4.60770167782844,52.24837931096206
2026-10-12,9.84867243588375,5.53144117489767,10.15068685458964,9.348689595982016,4.60770167782844,52.24837931096206
2026-10-13,9.84867243588375,5.53144117489767,10.15068685458964,9.348689595982016,4.60770167782844,52.24837931096206
2026-10-14,9.84867243588375,5.53144117489767,10.15068685458964,9.348689595982016,4.60770167782844,52.24837931096206
2026-10-15,9.84867243588375,5.53144117489767,10.15068685458964,9.348689595982016,4.60770167782844,52.24837931096206
2026-10-16,9.84867243588375,5.53144117489767,10.15068685458964,9.348689595982016,4.60770167782844,52.24837931096206
2026-10-17,9.84867243588375,5.53144117489767,10.15068685458964,9.348689595982016,4.60770167782844,52.24837931096206
2026-10-18,9.84867243588375,5.53144117489767,10.15068685458964,9.348689595982016,4.60770167782844,52.24837931096206
2026-10-19,9.84867243588375,5.53144117489767,10.15068685458964,9.348689595982016,4.60770167782844,52.24837931096206
2026-10-20,9.84867243588375,5.53144117489767,10.15068685458964,9.348689595982016,4.60770167782844,52.24837931096206
2026-10-21,9.84867243588375,5.53144117489767,10.15068685458964,9.348689595982016,4.60770167782844,52.24837931096206
2026-10-22,9.84867243588375,5.53144117489767,10.15068685458964,9.348689595982016,4.60770167782844,52.24837931096206
2026-10-23,9.84867243588375,5.53144117489767,10.15068685458964,9.348689595982016,4.60770167782844,52.24837931096206
2026-10-24,9.84867243588375,5.53144117489767,10.15068685458964,9.348689595982016,4.60770167782844,52.24837931096206
2026-10-25,9.84867243588375,5.53144117489767,10.15068685458964,9.348689595982016,4.60770167782844,52.24837931096206
2026-10-26,9.84867243588375,5.53144117489767,10.15068685458964,9.348689595982016,4.60770167782844,52.24837931096206
2026-10-27,9.84867243588375,5.53144117489767,10.15068685458964,9.348689595982016,4.60770167782844,52.24837931096206
2026-10-28,9.84867243588375,5.53144117489767,10.15068685458964,9.348689595982016,4.60770167782844,52.24837931096206
2026-10-29,9.84867243588375,5.53144117489767,10.15068685458964,9.348689595982016,4.60770167782844,52.24837931096206
2026-10-30,9.84867243588375,5.53144117489767,10.15068685458964,9.348689595982016,4.60770167782844,52.24837931096206
2026-10-31,9.84867243588375,5.53144117489767,10.15068685458964,9.348689595982016,4.60770167782844,52.24837931096206
2026-11-01,9.84867243588375,5.53144117489767,10.15068685458964,9.348689595982016,4.60770167782844,52.24837931096206
2026-11-02,9.84867243588375,5.53144117489767,10.15068685458964,9.348689595982016,4.60770167782844,52.24837931096206
2026-11-03,9.84867243588375,5.53144117489767,10.15068685458964,9.348689595982016,4.60770167782844,52.24837931096206
2026-11-04,9.84867243588375,5.53144117489767,10.15068685458964,9.348689595982016,4.60770167782844,52.24837931096206
2026-11-05,9.84867243588375,5.53144117489767,10.15068685458964,9.348689595982016,4.60770167782844,52.24837931096206
2026-11-06,9.84867243588375,5.53144117489767,10.15068685458964,9.348689595982016,4.60770167782844,52.24837931096206
2026-11-07,9.84867243588375,5.53144117489767,10.15068685458964,9.348689595982016,4.60770167782844,52.24837931096206
2026-11-08,9.84867243588375,5.53144117489767,10.15068685458964,9.348689595982016,4.60770167782844,52.24837931096206
2026-11-09,9.84867243588375,5.53144117489767,10.15068685458964,9.348689595982016,4.60770167782844,52.24837931096206
2026-11-10,10.006524585984753,5.545878127493465,10.428107031730555,9.348689595982016,4.60770167782844,52.65496982074866
2026-11-11,10.006524585984753,5.545878127493465,10.428107031730555,9.348689595982016,4.60770167782844,52.65496982074866
2026-11-12,10.006524585984753,5.545878127493465,10.428107031730555,9.348689595982016,4.60770167782844,52.65496982074866
2026-11-13,10.006524585984753,5.545878127493465,10.428107031730555,9.348689595982016,4.60770167782844,52.65496982074866
2026-11-14,10.006524585984753,5.545878127493465,10.428107031730555,9.348689595982016,4.60770167782844,52.65496982074866
2026-11-15,10.006524585984753,5.545878127493465,10.428107031730555,9.348689595982016,4.60770167782844,52.65496982074866
2026-11-16,10.006524585984753,5.545878127493465,10.428107031730555,9.348689595982016,4.60770167782844,52.65496982074866
2026-11-17,10.006524585984753,5.545878127493465,10.428107031730555,9.348689595982016,4.60770167782844,52.65496982074866
2026-11-18,10.006524585984753,5.545878127493465,10.428107031730555,9.348689595982016,4.60770167782844,52.65496982074866
2026-11-19,10.006524585984753,5.545878127493465,10.428107031730555,9.348689595982016,4.60770167782844,52.65496982074866
2026-11-20,10.006524585984753,5.545878127493465,10.428107031730555,9.348689595982016,4.60770167782844,52.65496982074866
2026-11-21,10.006524585984753,5.545878127493465,10.428107031730555,9.348689595982016,4.60770167782844,52.65496982074866
2026-11-22,10.006524585984753,5.545878127493465,10.428107031730555,9.348689595982016,4.60770167782844,52.65496982074866
2026-11-23,10.006524585984753,5.545878127493465,10.428107031730555,9.348689595982016,4.60770167782844,52.65496982074866
2026-11-24,10.006524585984753,5.545878127493465,10.428107031730555,9.348689595982016,4.60770167782844,52.65496982074866
2026-11-25,10.006524585984753,5.545878127493465,10.428107031730555,9.348689595982016,4.60770167782844,52.65496982074866
2026-11-26,10.006524585984753,5.545878127493465,10.428107031730555,9.348689595982016,4.60770167782844,52.65496982074866
2026-11-27,10.006524585984753,5.545878127493465,10.428107031730555,9.348689595982016,4.60770167782844,52.65496982074866
2026-11-28,10.006524585984753,5.545878127493465,10.428107031730555,9.348689595982016,4.60770167782844,52.65496982074866
2026-11-29,10.006524585984753,5.545878127493465,10.428107031730555,9.348689595982016,4.60770167782844,52.65496982074866
2026-11-30,10.006524585984753,5.545878127493465,10.428107031730555,9.348689595982016,4.60770167782844,52.65496982074866
2026-12-01,10.006524585984753,5.545878127493465,10.428107031730555,9.348689595982016,4.60770167782844,52.65496982074866
2026-12-02,10.006524585984753,5.545878127493465,10.428107031730555,9.348689595982016,4.60770167782844,52.65496982074866
2026-12-03,10.006524585984753,5.545878127493465,10.428107031730555,9.348689595982016,4.60770167782844,52.65496982074866
2026-12-04,10.006524585984753,5.545878127493465,10.428107031730555,9.348689595982016,4.60770167782844,52.65496982074866
2026-12-05,10.006524585984753,5.545878127493465,10.428107031730555,9.348689595982016,4.60770167782844,52.65496982074866
2026-12-06,10.006524585984753,5.545878127493465,10.428107031730555,9.348689595982016,4.60770167782844,52.65496982074866
2026-12-07,10.006524585984753,5.545878127493465,10.428107031730555,9.348689595982016,4.60770167782844,52.65496982074866
2026-12-08,10.006524585984753,5.545878127493465,10.428107031730555,9.348689595982016,4.60770167782844,52.65496982074866
2026-12-09,10.006524585984753,5.545878127493465,10.428107031730555,9.348689595982016,4.60770167782844,52.65496982074866
2026-12-10,10.006524585984753,5.545878127493465,10.428107031730555,9.348689595982016,4.60770167782844,52.65496982074866
2026-12-11,10.006524585984753,5.545878127493465,10.428107031730555,9.348689595982016,4.60770167782844,52.65496982074866
2026-12-12,10.006524585984753,5.545878127493465,10.428107031730555,9.348689595982016,4.60770167782844,52.65496982074866
2026-12-13,10.006524585984753,5.545878127493465,10.428107031730555,9.348689595982016,4.60770167782844,52.65496982074866
2026-12-14,10.006524585984753,5.545878127493465,10.428107031730555,9.348689595982016,4.60770167782844,52.65496982074866
2026-12-15,10.006524585984753,5.545878127493465,10.428107031730555,9.348689595982016,4.60770167782844,52.65496982074866
2026-12-16,10.006524585984753,5.545878127493465,10.428107031730555,9.348689595982016,4.60770167782844,52.65496982074866
2026-12-17,10.006524585984753,5.545878127493465,10.428107031730555,9.348689595982016,4.60770167782844,52.65496982074866
2026-12-18,10.006524585984753,5.545878127493465,10.428107031730555,9.348689595982016,4.60770167782844,52.65496982074866
2026-12-19,10.006524585984753,5.545878127493465,10.428107031730555,9.348689595982016,4.60770167782844,52.65496982074866
2026-12-20,10.006524585984753,5.545878127493465,10.428107031730555,9.348689595982016,4.60770167782844,52.65496982074866
2026-12-21,10.006524585984753,5.545878127493465,10.428107031730555,9.348689595982016,4.60770167782844,52.65496982074866
2026-12-22,10.006524585984753,5.545878127493465,10.428107031730555,9.348689595982016,4.60770167782844,52.65496982074866
2026-12-23,10.006524585984753,5.545878127493465,10.428107031730555,9.348689595982016,4.60770167782844,52.65496982074866
2026-12-24,10.006524585984753,5.545878127493465,10.428107031730555,9.348689595982016,4.60770167782844,52.65496982074866
2026-12-25,10.006524585984753,5.545878127493465,10.428107031730555,9.348689595982016,4.60770167782844,52.65496982074866
2026-12-26,10.006524585984753,5.545878127493465,10.428107031730555,9.348689595982016,4.60770167782844,52.65496982074866
2026-12-27,10.006524585984753,5.545878127493465,10.428107031730555,9.348689595982016,4.60770167782844,52.65496982074866
2026-12-28,10.006524585984753,5.545878127493465,10.428107031730555,9.348689595982016,4.60770167782844,52.65496982074866
2026-12-29,10.006524585984753,5.545878127493465,10.428107031730555,9.348689595982016,4.60770167782844,52.65496982074866
2026-12-30,10.006524585984753,5.545878127493465,10.428107031730555,9.348689595982016,4.60770167782844,52.65496982074866
2026-12-31,10.006524585984753,5.545878127493465,10.428107031730555,9.348689595982016,4.60770167782844,52.65496982074866
2027-01-01,10.074007413561048,5.573273282639317,10.428107127187475,9.348689974914064,4.607784987111688,52.65496982074866
2027-01-02,10.074007413561048,5.573273282639317,10.428107127187475,9.348689974914064,4.607784987111688,52.65496982074866
2027-01-03,10.074007413561048,5.573273282639317,10.428107127187475,9.348689974914064,4.607784987111688,52.65496982074866
2027-01-04,10.074007413561048,5.573273282639317,10.428107127187475,9.348689974914064,4.607784987111688,52.65496982074866
2027-01-05,10.074007413561048,5.573273282639317,10.428107127187475,9.348689974914064,4.607784987111688,52.65496982074866
2027-01-06,10.074007413561048,5.573273282639317,10.428107127187475,9.348689974914064,4.607784987111688,52.65496982074866
2027-01-07,10.074007413561048,5.573273282639317,10.428107127187475,9.348689974914064,4.607784987111688,52.65496982074866
2027-01-08,10.074007413561048,5.573273282639317,10.428107127187475,9.348689974914064,4.607784987111688,52.65496982074866
2027-01-09,10.074007413561048,5.573273282639317,10.428107127187475,9.348689974914064,4.607784987111688,52.65496982074866
2027-01-10,10.074007413561048,5.573273282639317,10.428107127187475,9.348689974914064,4.607784987111688,52.65496982074866
2027-01-11,10.074007413561048,5.573273282639317,10.428107127187475,9.348689974914064,4.607784987111688,52.65496982074866
2027-01-12,10.074007413561048,5.573273282639317,10.428107127187475,9.348689974914064,4.607784987111688,52.65496982074866
2027-01-13,10.074007413561048,5.573273282639317,10.428107127187475,9.348689974914064,4.607784987111688,52.65496982074866
2027-01-14,10.074007413561048,5.573273282639317,10.428107127187475,9.348689974914064,4.607784987111688,52.65496982074866
2027-01-15,10.074007413561048,5.573273282639317,10.428107127187475,9.348689974914064,4.607784987111688,52.65496982074866
2027-01-16,10.074007413561048,5.573273282639317,10.428107127187475,9.348689974914064,4.607784987111688,52.65496982074866
2027-01-17,10.074007413561048,5.573273282639317,10.428107127187475,9.348689974914064,4.607784987111688,52.65496982074866
2027-01-18,10.074007413561048,5.573273282639317,10.428107127187475,9.348689974914064,4.607784987111688,52.65496982074866
2027-01-19,10.074007413561048,5.573273282639317,10.428107127187475,9.348689974914064,4.607784987111688,52.65496982074866
2027-01-20,10.074007413561048,5.573273282639317,10.428107127187475,9.348689974914064,4.607784987111688,52.65496982074866
2027-01-21,10.074007413561048,5.573273282639317,10.428107127187475,9.348689974914064,4.607784987111688,52.65496982074866
2027-01-22,10.074007413561048,5.573273282639317,10.428107127187475,9.348689974914064,4.607784987111688,52.65496982074866
2027-01-23,10.074007413561048,5.573273282639317,10.428107127187475,9.348689974914064,4.607784987111688,52.65496982074866
2027-01-24,10.074007413561048,5.573273282639317,10.428107127187475,9.348689974914064,4.607784987111688,52.65496982074866
2027-01-25,10.074007413561048,5.573273282639317,10.428107127187475,9.348689974914064,4.607784987111688,52.65496982074866
2027-01-26,10.074007413561048,5.573273282639317,10.428107127187475,9.348689974914064,4.607784987111688,52.65496982074866
2027-01-27,10.074007413561048,5.573273282639317,10.428107127187475,9.348689974914064,4.607784987111688,52.65496982074866
2027-01-28,10.074007413561048,5.573273282639317,10.428107127187475,9.348689974914064,4.607784987111688,52.65496982074866
2027-01-29,10.074007413561048,5.573273282639317,10.428107127187475,9.348689974914064,4.607784987111688,52.65496982074866
2027-01-30,10.074007413561048,5.573273282639317,10.428107127187475,9.348689974914064,4.607784987111688,52.65496982074866
2027-01-31,10.074007413561048,5.573273282639317,10.428107127187475,9.348689974914064,4.607784987111688,52.65496982074866
2027-02-01,10.074007413561048,5.573273282639317,10.428107127187475,9.348689974914064,4.607784987111688,52.65496982074866
2027-02-02,10.074007413561048,5.573273282639317,10.428107127187475,9.348689974914064,4.607784987111688,52.65496982074866
2027-02-03,10.074007413561048,5.573273282639317,10.428107127187475,9.348689974914064,4.607784987111688,52.65496982074866
2027-02-04,10.074007413561048,5.573273282639317,10.428107127187475,9.348689974914064,4.607784987111688,52.65496982074866
2027-02-05,10.074007413561048,5.573273282639317,10.428107127187475,9.348689974914064,4.607784987111688,52.65496982074866
2027-02-06,10.074007413561048,5.573273282639317,10.428107127187475,9.348689974914064,4.607784987111688,52.65496982074866
2027-02-07,10.074007413561048,5.573273282639317,10.428107127187475,9.348689974914064,4.607784987111688,52.65496982074866
2027-02-08,10.074007413561048,5.573273282639317,10.428107127187475,9.348689974914064,4.607784987111688,52.65496982074866
2027-02-09,10.074007413561048,5.573273282639317,10.428107127187475,9.348689974914064,4.607784987111688,52.65496982074866
2027-02-10,10.074007413561048,5.573273282639317,10.428107127187475,9.348689974914064,4.607784987111688,52.65496982074866
2027-02-11,10.074007413561048,5.573273282639317,10.428107127187475,9.348689974914064,4.607784987111688,52.65496982074866
2027-02-12,10.074007413561048,5.573273282639317,10.428107127187475,9.348689974914064,4.607784987111688,52.65496982074866
2027-02-13,10.074007413561048,5.573273282639317,10.428107127187475,9.348689974914064,4.607784987111688,52.65496982074866
2027-02-14,10.074007413561048,5.573273282639317,10.428107127187475,9.348689974914064,4.607784987111688,52.65496982074866
2027-02-15,10.074007413561048,5.573273282639317,10.428107127187475,9.348689974914064,4.607784987111688,52.65496982074866
2027-02-16,10.074007413561048,5.573273282639317,10.428107127187475,9.348689974914064,4.607784987111688,52.65496982074866
2027-02-17,10.074007413561048,5.573273282639317,10.428107127187475,9.348689974914064,4.607784987111688,52.65496982074866
2027-02-18,10.074007413561048,5.573273282639317,10.428107127187475,9.348689974914064,4.607784987111688,52.65496982074866
2027-02-19,10.074007413561048,5.573273282639317,10.428107127187475,9.348689974914064,4.607784987111688,52.65496982074866
