measure_key,obr_description,fiscal_event,year,fy,head,row_kind,obr_value_gbp,pe_value_gbp,pe_to_obr_ratio,ratio_bin,status,benchmark_class,source_table,external_metric,source_model,basis,behavioural_adjustment,construction,artifact,annotations
autumn_budget_2024__employer_nics_package,"Employer National Insurance contributions: Increase rate by 1.2 ppts to 15%, cut the Secondary Threshold to £5,000 until 5 April 2028 and uprate with CPI thereafter, increase Employment Allowance to £10,500, remove the £100,000 Employment Allowance eligibility threshold",Autumn Budget 2024,2026,2026-27,Income tax,head,-312921791.2621155,-8507737534.679443,27.188063510581884,same_sign_ratio_at_least_2,constructed,different_model,Tax Measures (Policy measures database),revenue_change,hmt_scorecard_obr_database,forecast,unstated in harvest,reversal_on_certified_world,results/uk/obr_costings/autumn_budget_2024__employer_nics_package_2026.json,"OBR source facts: source_model=hmt_scorecard_obr_database; basis=forecast; behavioural_adjustment=unstated in harvest. | PE: static microsimulation on the certified world; reversal re-oriented to the announced measure; PE calendar year 2026 proxies FY 2026-27. measure Δ = −(reversal − baseline). | Head mapping: Income tax = income_tax; positive gain to the Exchequer = +Δtax. | Partial construction: PE represents the employer rate and weekly secondary threshold (£96 × 52 = £4,992 in the installed model). It has no Employment Allowance or firm entity, so the allowance increase and £100,000 test removal are missing. policyengine_uk/parameters/gov/contrib/policyengine/employer_ni/employee_incidence.yaml sets gov.contrib.policyengine.employer_ni.employee_incidence to 1, and policyengine_uk/variables/contrib/policyengine/employer_ni/employer_ni_fixed_employer_cost_change.py adjusts wages holding employer cost fixed. The resulting wage change moves employee-side Income Tax and NICs, which is why the PE Income-tax head is non-zero. Unmapped OBR heads: Corporation tax (onshore), PSCE in RDEL, Scottish BGA (current). | Comparison scope: benchmark_class=different_model; head_scope=single mapped source head (Income tax); remaining_difference=unexplained."
autumn_budget_2024__employer_nics_package,"Employer National Insurance contributions: Increase rate by 1.2 ppts to 15%, cut the Secondary Threshold to £5,000 until 5 April 2028 and uprate with CPI thereafter, increase Employment Allowance to £10,500, remove the £100,000 Employment Allowance eligibility threshold",Autumn Budget 2024,2026,2026-27,NICs,head,23923342053.649563,24754424875.897583,1.0347394114243849,same_sign_ratio_0.8_to_1.25,constructed,different_model,Tax Measures (Policy measures database),revenue_change,hmt_scorecard_obr_database,forecast,unstated in harvest,reversal_on_certified_world,results/uk/obr_costings/autumn_budget_2024__employer_nics_package_2026.json,"OBR source facts: source_model=hmt_scorecard_obr_database; basis=forecast; behavioural_adjustment=unstated in harvest. | PE: static microsimulation on the certified world; reversal re-oriented to the announced measure; PE calendar year 2026 proxies FY 2026-27. measure Δ = −(reversal − baseline). | Head mapping: NICs = ni_class_1_employee + ni_class_1_employer + ni_class_4; positive gain to the Exchequer = +Δtax. | Partial construction: PE represents the employer rate and weekly secondary threshold (£96 × 52 = £4,992 in the installed model). It has no Employment Allowance or firm entity, so the allowance increase and £100,000 test removal are missing. policyengine_uk/parameters/gov/contrib/policyengine/employer_ni/employee_incidence.yaml sets gov.contrib.policyengine.employer_ni.employee_incidence to 1, and policyengine_uk/variables/contrib/policyengine/employer_ni/employer_ni_fixed_employer_cost_change.py adjusts wages holding employer cost fixed. The resulting wage change moves employee-side Income Tax and NICs, which is why the PE Income-tax head is non-zero. Unmapped OBR heads: Corporation tax (onshore), PSCE in RDEL, Scottish BGA (current). | Comparison scope: benchmark_class=different_model; head_scope=single mapped source head (NICs); remaining_difference=unexplained."
autumn_budget_2024__employer_nics_package,"Employer National Insurance contributions: Increase rate by 1.2 ppts to 15%, cut the Secondary Threshold to £5,000 until 5 April 2028 and uprate with CPI thereafter, increase Employment Allowance to £10,500, remove the £100,000 Employment Allowance eligibility threshold",Autumn Budget 2024,2026,2026-27,Mapped-head total,mapped_head_total,23610420262.387447,16246687341.21814,0.6881151271627259,same_sign_ratio_0.5_to_0.8,constructed,different_model,Tax Measures (Policy measures database),revenue_change,hmt_scorecard_obr_database,forecast,unstated in harvest,reversal_on_certified_world,results/uk/obr_costings/autumn_budget_2024__employer_nics_package_2026.json,"Derived mapped-head total for this comparison only: sums Income tax, NICs; it is not attached to an external TOTAL claim. | OBR source facts represented by the mapped heads: source_model=hmt_scorecard_obr_database; basis=forecast; behavioural_adjustment=unstated in harvest. | PE: static microsimulation on the certified world; reversal re-oriented to the announced measure; PE calendar year 2026 proxies FY 2026-27. measure Δ = −(reversal − baseline). | Comparison scope: benchmark_class=different_model; head_scope=mapped PMD heads only; remaining_difference=unexplained. | Registry construction: PE represents the employer rate and weekly secondary threshold (£96 × 52 = £4,992 in the installed model). It has no Employment Allowance or firm entity, so the allowance increase and £100,000 test removal are missing. policyengine_uk/parameters/gov/contrib/policyengine/employer_ni/employee_incidence.yaml sets gov.contrib.policyengine.employer_ni.employee_incidence to 1, and policyengine_uk/variables/contrib/policyengine/employer_ni/employer_ni_fixed_employer_cost_change.py adjusts wages holding employer cost fixed. The resulting wage change moves employee-side Income Tax and NICs, which is why the PE Income-tax head is non-zero. | Partial scope: this is not an all-head measure total. Unmapped OBR heads: Corporation tax (onshore), PSCE in RDEL, Scottish BGA (current)."
autumn_budget_2024__employer_nics_package,"Employer National Insurance contributions: Increase rate by 1.2 ppts to 15%, cut the Secondary Threshold to £5,000 until 5 April 2028 and uprate with CPI thereafter, increase Employment Allowance to £10,500, remove the £100,000 Employment Allowance eligibility threshold",Autumn Budget 2024,2027,2027-28,Income tax,head,-139433648.31822416,-8783977312.67981,62.99754340955398,same_sign_ratio_at_least_2,constructed,different_model,Tax Measures (Policy measures database),revenue_change,hmt_scorecard_obr_database,forecast,unstated in harvest,reversal_on_certified_world,results/uk/obr_costings/autumn_budget_2024__employer_nics_package_2027.json,"OBR source facts: source_model=hmt_scorecard_obr_database; basis=forecast; behavioural_adjustment=unstated in harvest. | PE: static microsimulation on the certified world; reversal re-oriented to the announced measure; PE calendar year 2027 proxies FY 2027-28. measure Δ = −(reversal − baseline). | Head mapping: Income tax = income_tax; positive gain to the Exchequer = +Δtax. | Partial construction: PE represents the employer rate and weekly secondary threshold (£96 × 52 = £4,992 in the installed model). It has no Employment Allowance or firm entity, so the allowance increase and £100,000 test removal are missing. policyengine_uk/parameters/gov/contrib/policyengine/employer_ni/employee_incidence.yaml sets gov.contrib.policyengine.employer_ni.employee_incidence to 1, and policyengine_uk/variables/contrib/policyengine/employer_ni/employer_ni_fixed_employer_cost_change.py adjusts wages holding employer cost fixed. The resulting wage change moves employee-side Income Tax and NICs, which is why the PE Income-tax head is non-zero. Unmapped OBR heads: Corporation tax (onshore), PSCE in RDEL, Scottish BGA (current). | Comparison scope: benchmark_class=different_model; head_scope=single mapped source head (Income tax); remaining_difference=unexplained."
autumn_budget_2024__employer_nics_package,"Employer National Insurance contributions: Increase rate by 1.2 ppts to 15%, cut the Secondary Threshold to £5,000 until 5 April 2028 and uprate with CPI thereafter, increase Employment Allowance to £10,500, remove the £100,000 Employment Allowance eligibility threshold",Autumn Budget 2024,2027,2027-28,NICs,head,24166582486.907063,25206449240.09022,1.0430291189805814,same_sign_ratio_0.8_to_1.25,constructed,different_model,Tax Measures (Policy measures database),revenue_change,hmt_scorecard_obr_database,forecast,unstated in harvest,reversal_on_certified_world,results/uk/obr_costings/autumn_budget_2024__employer_nics_package_2027.json,"OBR source facts: source_model=hmt_scorecard_obr_database; basis=forecast; behavioural_adjustment=unstated in harvest. | PE: static microsimulation on the certified world; reversal re-oriented to the announced measure; PE calendar year 2027 proxies FY 2027-28. measure Δ = −(reversal − baseline). | Head mapping: NICs = ni_class_1_employee + ni_class_1_employer + ni_class_4; positive gain to the Exchequer = +Δtax. | Partial construction: PE represents the employer rate and weekly secondary threshold (£96 × 52 = £4,992 in the installed model). It has no Employment Allowance or firm entity, so the allowance increase and £100,000 test removal are missing. policyengine_uk/parameters/gov/contrib/policyengine/employer_ni/employee_incidence.yaml sets gov.contrib.policyengine.employer_ni.employee_incidence to 1, and policyengine_uk/variables/contrib/policyengine/employer_ni/employer_ni_fixed_employer_cost_change.py adjusts wages holding employer cost fixed. The resulting wage change moves employee-side Income Tax and NICs, which is why the PE Income-tax head is non-zero. Unmapped OBR heads: Corporation tax (onshore), PSCE in RDEL, Scottish BGA (current). | Comparison scope: benchmark_class=different_model; head_scope=single mapped source head (NICs); remaining_difference=unexplained."
autumn_budget_2024__employer_nics_package,"Employer National Insurance contributions: Increase rate by 1.2 ppts to 15%, cut the Secondary Threshold to £5,000 until 5 April 2028 and uprate with CPI thereafter, increase Employment Allowance to £10,500, remove the £100,000 Employment Allowance eligibility threshold",Autumn Budget 2024,2027,2027-28,Mapped-head total,mapped_head_total,24027148838.588837,16422471927.410412,0.683496491312156,same_sign_ratio_0.5_to_0.8,constructed,different_model,Tax Measures (Policy measures database),revenue_change,hmt_scorecard_obr_database,forecast,unstated in harvest,reversal_on_certified_world,results/uk/obr_costings/autumn_budget_2024__employer_nics_package_2027.json,"Derived mapped-head total for this comparison only: sums Income tax, NICs; it is not attached to an external TOTAL claim. | OBR source facts represented by the mapped heads: source_model=hmt_scorecard_obr_database; basis=forecast; behavioural_adjustment=unstated in harvest. | PE: static microsimulation on the certified world; reversal re-oriented to the announced measure; PE calendar year 2027 proxies FY 2027-28. measure Δ = −(reversal − baseline). | Comparison scope: benchmark_class=different_model; head_scope=mapped PMD heads only; remaining_difference=unexplained. | Registry construction: PE represents the employer rate and weekly secondary threshold (£96 × 52 = £4,992 in the installed model). It has no Employment Allowance or firm entity, so the allowance increase and £100,000 test removal are missing. policyengine_uk/parameters/gov/contrib/policyengine/employer_ni/employee_incidence.yaml sets gov.contrib.policyengine.employer_ni.employee_incidence to 1, and policyengine_uk/variables/contrib/policyengine/employer_ni/employer_ni_fixed_employer_cost_change.py adjusts wages holding employer cost fixed. The resulting wage change moves employee-side Income Tax and NICs, which is why the PE Income-tax head is non-zero. | Partial scope: this is not an all-head measure total. Unmapped OBR heads: Corporation tax (onshore), PSCE in RDEL, Scottish BGA (current)."
autumn_budget_2024__employer_nics_package,"Employer National Insurance contributions: Increase rate by 1.2 ppts to 15%, cut the Secondary Threshold to £5,000 until 5 April 2028 and uprate with CPI thereafter, increase Employment Allowance to £10,500, remove the £100,000 Employment Allowance eligibility threshold",Autumn Budget 2024,2028,2028-29,Income tax,head,-125022028.69605237,-8988426278.909851,71.89474025223257,same_sign_ratio_at_least_2,constructed,different_model,Tax Measures (Policy measures database),revenue_change,hmt_scorecard_obr_database,forecast,unstated in harvest,reversal_on_certified_world,results/uk/obr_costings/autumn_budget_2024__employer_nics_package_2028.json,"OBR source facts: source_model=hmt_scorecard_obr_database; basis=forecast; behavioural_adjustment=unstated in harvest. | PE: static microsimulation on the certified world; reversal re-oriented to the announced measure; PE calendar year 2028 proxies FY 2028-29. measure Δ = −(reversal − baseline). | Head mapping: Income tax = income_tax; positive gain to the Exchequer = +Δtax. | Partial construction: PE represents the employer rate and weekly secondary threshold (£96 × 52 = £4,992 in the installed model). It has no Employment Allowance or firm entity, so the allowance increase and £100,000 test removal are missing. policyengine_uk/parameters/gov/contrib/policyengine/employer_ni/employee_incidence.yaml sets gov.contrib.policyengine.employer_ni.employee_incidence to 1, and policyengine_uk/variables/contrib/policyengine/employer_ni/employer_ni_fixed_employer_cost_change.py adjusts wages holding employer cost fixed. The resulting wage change moves employee-side Income Tax and NICs, which is why the PE Income-tax head is non-zero. Unmapped OBR heads: Corporation tax (onshore), PSCE in RDEL, Scottish BGA (current). | Comparison scope: benchmark_class=different_model; head_scope=single mapped source head (Income tax); remaining_difference=unexplained."
autumn_budget_2024__employer_nics_package,"Employer National Insurance contributions: Increase rate by 1.2 ppts to 15%, cut the Secondary Threshold to £5,000 until 5 April 2028 and uprate with CPI thereafter, increase Employment Allowance to £10,500, remove the £100,000 Employment Allowance eligibility threshold",Autumn Budget 2024,2028,2028-29,NICs,head,24873640251.083874,25618300125.581856,1.029937711850019,same_sign_ratio_0.8_to_1.25,constructed,different_model,Tax Measures (Policy measures database),revenue_change,hmt_scorecard_obr_database,forecast,unstated in harvest,reversal_on_certified_world,results/uk/obr_costings/autumn_budget_2024__employer_nics_package_2028.json,"OBR source facts: source_model=hmt_scorecard_obr_database; basis=forecast; behavioural_adjustment=unstated in harvest. | PE: static microsimulation on the certified world; reversal re-oriented to the announced measure; PE calendar year 2028 proxies FY 2028-29. measure Δ = −(reversal − baseline). | Head mapping: NICs = ni_class_1_employee + ni_class_1_employer + ni_class_4; positive gain to the Exchequer = +Δtax. | Partial construction: PE represents the employer rate and weekly secondary threshold (£96 × 52 = £4,992 in the installed model). It has no Employment Allowance or firm entity, so the allowance increase and £100,000 test removal are missing. policyengine_uk/parameters/gov/contrib/policyengine/employer_ni/employee_incidence.yaml sets gov.contrib.policyengine.employer_ni.employee_incidence to 1, and policyengine_uk/variables/contrib/policyengine/employer_ni/employer_ni_fixed_employer_cost_change.py adjusts wages holding employer cost fixed. The resulting wage change moves employee-side Income Tax and NICs, which is why the PE Income-tax head is non-zero. Unmapped OBR heads: Corporation tax (onshore), PSCE in RDEL, Scottish BGA (current). | Comparison scope: benchmark_class=different_model; head_scope=single mapped source head (NICs); remaining_difference=unexplained."
autumn_budget_2024__employer_nics_package,"Employer National Insurance contributions: Increase rate by 1.2 ppts to 15%, cut the Secondary Threshold to £5,000 until 5 April 2028 and uprate with CPI thereafter, increase Employment Allowance to £10,500, remove the £100,000 Employment Allowance eligibility threshold",Autumn Budget 2024,2028,2028-29,Mapped-head total,mapped_head_total,24748618222.38782,16629873846.672005,0.6719516094691894,same_sign_ratio_0.5_to_0.8,constructed,different_model,Tax Measures (Policy measures database),revenue_change,hmt_scorecard_obr_database,forecast,unstated in harvest,reversal_on_certified_world,results/uk/obr_costings/autumn_budget_2024__employer_nics_package_2028.json,"Derived mapped-head total for this comparison only: sums Income tax, NICs; it is not attached to an external TOTAL claim. | OBR source facts represented by the mapped heads: source_model=hmt_scorecard_obr_database; basis=forecast; behavioural_adjustment=unstated in harvest. | PE: static microsimulation on the certified world; reversal re-oriented to the announced measure; PE calendar year 2028 proxies FY 2028-29. measure Δ = −(reversal − baseline). | Comparison scope: benchmark_class=different_model; head_scope=mapped PMD heads only; remaining_difference=unexplained. | Registry construction: PE represents the employer rate and weekly secondary threshold (£96 × 52 = £4,992 in the installed model). It has no Employment Allowance or firm entity, so the allowance increase and £100,000 test removal are missing. policyengine_uk/parameters/gov/contrib/policyengine/employer_ni/employee_incidence.yaml sets gov.contrib.policyengine.employer_ni.employee_incidence to 1, and policyengine_uk/variables/contrib/policyengine/employer_ni/employer_ni_fixed_employer_cost_change.py adjusts wages holding employer cost fixed. The resulting wage change moves employee-side Income Tax and NICs, which is why the PE Income-tax head is non-zero. | Partial scope: this is not an all-head measure total. Unmapped OBR heads: Corporation tax (onshore), PSCE in RDEL, Scottish BGA (current)."
autumn_budget_2024__employer_nics_package,"Employer National Insurance contributions: Increase rate by 1.2 ppts to 15%, cut the Secondary Threshold to £5,000 until 5 April 2028 and uprate with CPI thereafter, increase Employment Allowance to £10,500, remove the £100,000 Employment Allowance eligibility threshold",Autumn Budget 2024,2029,2029-30,Income tax,head,-129843394.06867449,-9404061793.93042,72.42618587863306,same_sign_ratio_at_least_2,constructed,different_model,Tax Measures (Policy measures database),revenue_change,hmt_scorecard_obr_database,forecast,unstated in harvest,reversal_on_certified_world,results/uk/obr_costings/autumn_budget_2024__employer_nics_package_2029.json,"OBR source facts: source_model=hmt_scorecard_obr_database; basis=forecast; behavioural_adjustment=unstated in harvest. | PE: static microsimulation on the certified world; reversal re-oriented to the announced measure; PE calendar year 2029 proxies FY 2029-30. measure Δ = −(reversal − baseline). | Head mapping: Income tax = income_tax; positive gain to the Exchequer = +Δtax. | Partial construction: PE represents the employer rate and weekly secondary threshold (£96 × 52 = £4,992 in the installed model). It has no Employment Allowance or firm entity, so the allowance increase and £100,000 test removal are missing. policyengine_uk/parameters/gov/contrib/policyengine/employer_ni/employee_incidence.yaml sets gov.contrib.policyengine.employer_ni.employee_incidence to 1, and policyengine_uk/variables/contrib/policyengine/employer_ni/employer_ni_fixed_employer_cost_change.py adjusts wages holding employer cost fixed. The resulting wage change moves employee-side Income Tax and NICs, which is why the PE Income-tax head is non-zero. Unmapped OBR heads: Corporation tax (onshore), PSCE in RDEL, Scottish BGA (current). | Comparison scope: benchmark_class=different_model; head_scope=single mapped source head (Income tax); remaining_difference=unexplained."
autumn_budget_2024__employer_nics_package,"Employer National Insurance contributions: Increase rate by 1.2 ppts to 15%, cut the Secondary Threshold to £5,000 until 5 April 2028 and uprate with CPI thereafter, increase Employment Allowance to £10,500, remove the £100,000 Employment Allowance eligibility threshold",Autumn Budget 2024,2029,2029-30,NICs,head,25624586204.164253,26148779059.003807,1.0204566368667591,same_sign_ratio_0.8_to_1.25,constructed,different_model,Tax Measures (Policy measures database),revenue_change,hmt_scorecard_obr_database,forecast,unstated in harvest,reversal_on_certified_world,results/uk/obr_costings/autumn_budget_2024__employer_nics_package_2029.json,"OBR source facts: source_model=hmt_scorecard_obr_database; basis=forecast; behavioural_adjustment=unstated in harvest. | PE: static microsimulation on the certified world; reversal re-oriented to the announced measure; PE calendar year 2029 proxies FY 2029-30. measure Δ = −(reversal − baseline). | Head mapping: NICs = ni_class_1_employee + ni_class_1_employer + ni_class_4; positive gain to the Exchequer = +Δtax. | Partial construction: PE represents the employer rate and weekly secondary threshold (£96 × 52 = £4,992 in the installed model). It has no Employment Allowance or firm entity, so the allowance increase and £100,000 test removal are missing. policyengine_uk/parameters/gov/contrib/policyengine/employer_ni/employee_incidence.yaml sets gov.contrib.policyengine.employer_ni.employee_incidence to 1, and policyengine_uk/variables/contrib/policyengine/employer_ni/employer_ni_fixed_employer_cost_change.py adjusts wages holding employer cost fixed. The resulting wage change moves employee-side Income Tax and NICs, which is why the PE Income-tax head is non-zero. Unmapped OBR heads: Corporation tax (onshore), PSCE in RDEL, Scottish BGA (current). | Comparison scope: benchmark_class=different_model; head_scope=single mapped source head (NICs); remaining_difference=unexplained."
autumn_budget_2024__employer_nics_package,"Employer National Insurance contributions: Increase rate by 1.2 ppts to 15%, cut the Secondary Threshold to £5,000 until 5 April 2028 and uprate with CPI thereafter, increase Employment Allowance to £10,500, remove the £100,000 Employment Allowance eligibility threshold",Autumn Budget 2024,2029,2029-30,Mapped-head total,mapped_head_total,25494742810.095577,16744717265.073387,0.6567909858828896,same_sign_ratio_0.5_to_0.8,constructed,different_model,Tax Measures (Policy measures database),revenue_change,hmt_scorecard_obr_database,forecast,unstated in harvest,reversal_on_certified_world,results/uk/obr_costings/autumn_budget_2024__employer_nics_package_2029.json,"Derived mapped-head total for this comparison only: sums Income tax, NICs; it is not attached to an external TOTAL claim. | OBR source facts represented by the mapped heads: source_model=hmt_scorecard_obr_database; basis=forecast; behavioural_adjustment=unstated in harvest. | PE: static microsimulation on the certified world; reversal re-oriented to the announced measure; PE calendar year 2029 proxies FY 2029-30. measure Δ = −(reversal − baseline). | Comparison scope: benchmark_class=different_model; head_scope=mapped PMD heads only; remaining_difference=unexplained. | Registry construction: PE represents the employer rate and weekly secondary threshold (£96 × 52 = £4,992 in the installed model). It has no Employment Allowance or firm entity, so the allowance increase and £100,000 test removal are missing. policyengine_uk/parameters/gov/contrib/policyengine/employer_ni/employee_incidence.yaml sets gov.contrib.policyengine.employer_ni.employee_incidence to 1, and policyengine_uk/variables/contrib/policyengine/employer_ni/employer_ni_fixed_employer_cost_change.py adjusts wages holding employer cost fixed. The resulting wage change moves employee-side Income Tax and NICs, which is why the PE Income-tax head is non-zero. | Partial scope: this is not an all-head measure total. Unmapped OBR heads: Corporation tax (onshore), PSCE in RDEL, Scottish BGA (current)."
autumn_budget_2024__hmrc_5000_compliance_staff,"Increased collection of tax due supported by investment in 5,000 additional HMRC compliance staff",Autumn Budget 2024,2026,2026-27,Alcohol duty,head,5785099.04793142,,,not_available,not_computed,different_model,Tax Measures (Policy measures database),revenue_change,hmt_scorecard_obr_database,forecast,unstated in harvest,forward_from_baseline,,OBR source facts: source_model=hmt_scorecard_obr_database; basis=forecast; behavioural_adjustment=unstated in harvest. | No PE value: this registry entry is not expressible as a supported plain parameter reform. | PE: no microsimulation constructed; the registry construction is a forward change from the certified baseline. | PE calendar year 2026 would proxy OBR FY 2026-27. | Head mapping unavailable for Alcohol duty; no aggregate is substituted. | Comparison scope: benchmark_class=different_model; head_scope=single mapped source head (Alcohol duty); remaining_difference=unexplained.
autumn_budget_2024__hmrc_5000_compliance_staff,"Increased collection of tax due supported by investment in 5,000 additional HMRC compliance staff",Autumn Budget 2024,2026,2026-27,Corporation tax (onshore),head,30213302.653524026,,,not_available,not_computed,different_model,Tax Measures (Policy measures database),revenue_change,hmt_scorecard_obr_database,forecast,unstated in harvest,forward_from_baseline,,OBR source facts: source_model=hmt_scorecard_obr_database; basis=forecast; behavioural_adjustment=unstated in harvest. | No PE value: this registry entry is not expressible as a supported plain parameter reform. | PE: no microsimulation constructed; the registry construction is a forward change from the certified baseline. | PE calendar year 2026 would proxy OBR FY 2026-27. | Head mapping unavailable for Corporation tax (onshore); no aggregate is substituted. | Comparison scope: benchmark_class=different_model; head_scope=single mapped source head (Corporation tax (onshore)); remaining_difference=unexplained.
autumn_budget_2024__hmrc_5000_compliance_staff,"Increased collection of tax due supported by investment in 5,000 additional HMRC compliance staff",Autumn Budget 2024,2026,2026-27,Customs duty,head,5853548.977112083,,,not_available,not_computed,different_model,Tax Measures (Policy measures database),revenue_change,hmt_scorecard_obr_database,forecast,unstated in harvest,forward_from_baseline,,OBR source facts: source_model=hmt_scorecard_obr_database; basis=forecast; behavioural_adjustment=unstated in harvest. | No PE value: this registry entry is not expressible as a supported plain parameter reform. | PE: no microsimulation constructed; the registry construction is a forward change from the certified baseline. | PE calendar year 2026 would proxy OBR FY 2026-27. | Head mapping unavailable for Customs duty; no aggregate is substituted. | Comparison scope: benchmark_class=different_model; head_scope=single mapped source head (Customs duty); remaining_difference=unexplained.
autumn_budget_2024__hmrc_5000_compliance_staff,"Increased collection of tax due supported by investment in 5,000 additional HMRC compliance staff",Autumn Budget 2024,2026,2026-27,Income tax,head,138872923.1165392,,,not_available,not_computed,different_model,Tax Measures (Policy measures database),revenue_change,hmt_scorecard_obr_database,forecast,unstated in harvest,forward_from_baseline,,OBR source facts: source_model=hmt_scorecard_obr_database; basis=forecast; behavioural_adjustment=unstated in harvest. | No PE value: this registry entry is not expressible as a supported plain parameter reform. | PE: no microsimulation constructed; the registry construction is a forward change from the certified baseline. | PE calendar year 2026 would proxy OBR FY 2026-27. | Head mapping unavailable for Income tax; no aggregate is substituted. | Comparison scope: benchmark_class=different_model; head_scope=single mapped source head (Income tax); remaining_difference=unexplained.
autumn_budget_2024__hmrc_5000_compliance_staff,"Increased collection of tax due supported by investment in 5,000 additional HMRC compliance staff",Autumn Budget 2024,2026,2026-27,NICs,head,3392714.563213293,,,not_available,not_computed,different_model,Tax Measures (Policy measures database),revenue_change,hmt_scorecard_obr_database,forecast,unstated in harvest,forward_from_baseline,,OBR source facts: source_model=hmt_scorecard_obr_database; basis=forecast; behavioural_adjustment=unstated in harvest. | No PE value: this registry entry is not expressible as a supported plain parameter reform. | PE: no microsimulation constructed; the registry construction is a forward change from the certified baseline. | PE calendar year 2026 would proxy OBR FY 2026-27. | Head mapping unavailable for NICs; no aggregate is substituted. | Comparison scope: benchmark_class=different_model; head_scope=single mapped source head (NICs); remaining_difference=unexplained.
autumn_budget_2024__hmrc_5000_compliance_staff,"Increased collection of tax due supported by investment in 5,000 additional HMRC compliance staff",Autumn Budget 2024,2026,2026-27,PSCE in RDEL,head,2368795.413338343,,,not_available,not_computed,different_model,Spending Measures (Policy measures database),exchequer_impact,hmt_scorecard_obr_database,forecast,unstated in harvest,forward_from_baseline,,OBR source facts: source_model=hmt_scorecard_obr_database; basis=forecast; behavioural_adjustment=unstated in harvest. | No PE value: this registry entry is not expressible as a supported plain parameter reform. | PE: no microsimulation constructed; the registry construction is a forward change from the certified baseline. | PE calendar year 2026 would proxy OBR FY 2026-27. | Head mapping unavailable for PSCE in RDEL; no aggregate is substituted. | Comparison scope: benchmark_class=different_model; head_scope=single mapped source head (PSCE in RDEL); remaining_difference=unexplained.
autumn_budget_2024__hmrc_5000_compliance_staff,"Increased collection of tax due supported by investment in 5,000 additional HMRC compliance staff",Autumn Budget 2024,2026,2026-27,Scottish BGA (current),head,9824830.027443066,,,not_available,not_computed,different_model,Spending Measures (Policy measures database),exchequer_impact,hmt_scorecard_obr_database,forecast,unstated in harvest,forward_from_baseline,,OBR source facts: source_model=hmt_scorecard_obr_database; basis=forecast; behavioural_adjustment=unstated in harvest. | No PE value: this registry entry is not expressible as a supported plain parameter reform. | PE: no microsimulation constructed; the registry construction is a forward change from the certified baseline. | PE calendar year 2026 would proxy OBR FY 2026-27. | Head mapping unavailable for Scottish BGA (current); no aggregate is substituted. | Comparison scope: benchmark_class=different_model; head_scope=single mapped source head (Scottish BGA (current)); remaining_difference=unexplained.
autumn_budget_2024__hmrc_5000_compliance_staff,"Increased collection of tax due supported by investment in 5,000 additional HMRC compliance staff",Autumn Budget 2024,2026,2026-27,Tobacco duty,head,14437147.955229523,,,not_available,not_computed,different_model,Tax Measures (Policy measures database),revenue_change,hmt_scorecard_obr_database,forecast,unstated in harvest,forward_from_baseline,,OBR source facts: source_model=hmt_scorecard_obr_database; basis=forecast; behavioural_adjustment=unstated in harvest. | No PE value: this registry entry is not expressible as a supported plain parameter reform. | PE: no microsimulation constructed; the registry construction is a forward change from the certified baseline. | PE calendar year 2026 would proxy OBR FY 2026-27. | Head mapping unavailable for Tobacco duty; no aggregate is substituted. | Comparison scope: benchmark_class=different_model; head_scope=single mapped source head (Tobacco duty); remaining_difference=unexplained.
autumn_budget_2024__hmrc_5000_compliance_staff,"Increased collection of tax due supported by investment in 5,000 additional HMRC compliance staff",Autumn Budget 2024,2026,2026-27,VAT,head,328184204.6934484,,,not_available,not_computed,different_model,Tax Measures (Policy measures database),revenue_change,hmt_scorecard_obr_database,forecast,unstated in harvest,forward_from_baseline,,OBR source facts: source_model=hmt_scorecard_obr_database; basis=forecast; behavioural_adjustment=unstated in harvest. | No PE value: this registry entry is not expressible as a supported plain parameter reform. | PE: no microsimulation constructed; the registry construction is a forward change from the certified baseline. | PE calendar year 2026 would proxy OBR FY 2026-27. | Head mapping unavailable for VAT; no aggregate is substituted. | Comparison scope: benchmark_class=different_model; head_scope=single mapped source head (VAT); remaining_difference=unexplained.
autumn_budget_2024__hmrc_5000_compliance_staff,"Increased collection of tax due supported by investment in 5,000 additional HMRC compliance staff",Autumn Budget 2024,2027,2027-28,Alcohol duty,head,12584424.907245355,,,not_available,not_computed,different_model,Tax Measures (Policy measures database),revenue_change,hmt_scorecard_obr_database,forecast,unstated in harvest,forward_from_baseline,,OBR source facts: source_model=hmt_scorecard_obr_database; basis=forecast; behavioural_adjustment=unstated in harvest. | No PE value: this registry entry is not expressible as a supported plain parameter reform. | PE: no microsimulation constructed; the registry construction is a forward change from the certified baseline. | PE calendar year 2027 would proxy OBR FY 2027-28. | Head mapping unavailable for Alcohol duty; no aggregate is substituted. | Comparison scope: benchmark_class=different_model; head_scope=single mapped source head (Alcohol duty); remaining_difference=unexplained.
autumn_budget_2024__hmrc_5000_compliance_staff,"Increased collection of tax due supported by investment in 5,000 additional HMRC compliance staff",Autumn Budget 2024,2027,2027-28,Corporation tax (onshore),head,57336369.19774717,,,not_available,not_computed,different_model,Tax Measures (Policy measures database),revenue_change,hmt_scorecard_obr_database,forecast,unstated in harvest,forward_from_baseline,,OBR source facts: source_model=hmt_scorecard_obr_database; basis=forecast; behavioural_adjustment=unstated in harvest. | No PE value: this registry entry is not expressible as a supported plain parameter reform. | PE: no microsimulation constructed; the registry construction is a forward change from the certified baseline. | PE calendar year 2027 would proxy OBR FY 2027-28. | Head mapping unavailable for Corporation tax (onshore); no aggregate is substituted. | Comparison scope: benchmark_class=different_model; head_scope=single mapped source head (Corporation tax (onshore)); remaining_difference=unexplained.
autumn_budget_2024__hmrc_5000_compliance_staff,"Increased collection of tax due supported by investment in 5,000 additional HMRC compliance staff",Autumn Budget 2024,2027,2027-28,Customs duty,head,12163832.401696807,,,not_available,not_computed,different_model,Tax Measures (Policy measures database),revenue_change,hmt_scorecard_obr_database,forecast,unstated in harvest,forward_from_baseline,,OBR source facts: source_model=hmt_scorecard_obr_database; basis=forecast; behavioural_adjustment=unstated in harvest. | No PE value: this registry entry is not expressible as a supported plain parameter reform. | PE: no microsimulation constructed; the registry construction is a forward change from the certified baseline. | PE calendar year 2027 would proxy OBR FY 2027-28. | Head mapping unavailable for Customs duty; no aggregate is substituted. | Comparison scope: benchmark_class=different_model; head_scope=single mapped source head (Customs duty); remaining_difference=unexplained.
autumn_budget_2024__hmrc_5000_compliance_staff,"Increased collection of tax due supported by investment in 5,000 additional HMRC compliance staff",Autumn Budget 2024,2027,2027-28,Income tax,head,313010275.8593441,,,not_available,not_computed,different_model,Tax Measures (Policy measures database),revenue_change,hmt_scorecard_obr_database,forecast,unstated in harvest,forward_from_baseline,,OBR source facts: source_model=hmt_scorecard_obr_database; basis=forecast; behavioural_adjustment=unstated in harvest. | No PE value: this registry entry is not expressible as a supported plain parameter reform. | PE: no microsimulation constructed; the registry construction is a forward change from the certified baseline. | PE calendar year 2027 would proxy OBR FY 2027-28. | Head mapping unavailable for Income tax; no aggregate is substituted. | Comparison scope: benchmark_class=different_model; head_scope=single mapped source head (Income tax); remaining_difference=unexplained.
autumn_budget_2024__hmrc_5000_compliance_staff,"Increased collection of tax due supported by investment in 5,000 additional HMRC compliance staff",Autumn Budget 2024,2027,2027-28,NICs,head,7338985.662829868,,,not_available,not_computed,different_model,Tax Measures (Policy measures database),revenue_change,hmt_scorecard_obr_database,forecast,unstated in harvest,forward_from_baseline,,OBR source facts: source_model=hmt_scorecard_obr_database; basis=forecast; behavioural_adjustment=unstated in harvest. | No PE value: this registry entry is not expressible as a supported plain parameter reform. | PE: no microsimulation constructed; the registry construction is a forward change from the certified baseline. | PE calendar year 2027 would proxy OBR FY 2027-28. | Head mapping unavailable for NICs; no aggregate is substituted. | Comparison scope: benchmark_class=different_model; head_scope=single mapped source head (NICs); remaining_difference=unexplained.
autumn_budget_2024__hmrc_5000_compliance_staff,"Increased collection of tax due supported by investment in 5,000 additional HMRC compliance staff",Autumn Budget 2024,2027,2027-28,PSCE in RDEL,head,5294636.787117534,,,not_available,not_computed,different_model,Spending Measures (Policy measures database),exchequer_impact,hmt_scorecard_obr_database,forecast,unstated in harvest,forward_from_baseline,,OBR source facts: source_model=hmt_scorecard_obr_database; basis=forecast; behavioural_adjustment=unstated in harvest. | No PE value: this registry entry is not expressible as a supported plain parameter reform. | PE: no microsimulation constructed; the registry construction is a forward change from the certified baseline. | PE calendar year 2027 would proxy OBR FY 2027-28. | Head mapping unavailable for PSCE in RDEL; no aggregate is substituted. | Comparison scope: benchmark_class=different_model; head_scope=single mapped source head (PSCE in RDEL); remaining_difference=unexplained.
autumn_budget_2024__hmrc_5000_compliance_staff,"Increased collection of tax due supported by investment in 5,000 additional HMRC compliance staff",Autumn Budget 2024,2027,2027-28,Scottish BGA (current),head,22181785.3275842,,,not_available,not_computed,different_model,Spending Measures (Policy measures database),exchequer_impact,hmt_scorecard_obr_database,forecast,unstated in harvest,forward_from_baseline,,OBR source facts: source_model=hmt_scorecard_obr_database; basis=forecast; behavioural_adjustment=unstated in harvest. | No PE value: this registry entry is not expressible as a supported plain parameter reform. | PE: no microsimulation constructed; the registry construction is a forward change from the certified baseline. | PE calendar year 2027 would proxy OBR FY 2027-28. | Head mapping unavailable for Scottish BGA (current); no aggregate is substituted. | Comparison scope: benchmark_class=different_model; head_scope=single mapped source head (Scottish BGA (current)); remaining_difference=unexplained.
autumn_budget_2024__hmrc_5000_compliance_staff,"Increased collection of tax due supported by investment in 5,000 additional HMRC compliance staff",Autumn Budget 2024,2027,2027-28,Tobacco duty,head,30901243.378341872,,,not_available,not_computed,different_model,Tax Measures (Policy measures database),revenue_change,hmt_scorecard_obr_database,forecast,unstated in harvest,forward_from_baseline,,OBR source facts: source_model=hmt_scorecard_obr_database; basis=forecast; behavioural_adjustment=unstated in harvest. | No PE value: this registry entry is not expressible as a supported plain parameter reform. | PE: no microsimulation constructed; the registry construction is a forward change from the certified baseline. | PE calendar year 2027 would proxy OBR FY 2027-28. | Head mapping unavailable for Tobacco duty; no aggregate is substituted. | Comparison scope: benchmark_class=different_model; head_scope=single mapped source head (Tobacco duty); remaining_difference=unexplained.
autumn_budget_2024__hmrc_5000_compliance_staff,"Increased collection of tax due supported by investment in 5,000 additional HMRC compliance staff",Autumn Budget 2024,2027,2027-28,VAT,head,688089333.6760144,,,not_available,not_computed,different_model,Tax Measures (Policy measures database),revenue_change,hmt_scorecard_obr_database,forecast,unstated in harvest,forward_from_baseline,,OBR source facts: source_model=hmt_scorecard_obr_database; basis=forecast; behavioural_adjustment=unstated in harvest. | No PE value: this registry entry is not expressible as a supported plain parameter reform. | PE: no microsimulation constructed; the registry construction is a forward change from the certified baseline. | PE calendar year 2027 would proxy OBR FY 2027-28. | Head mapping unavailable for VAT; no aggregate is substituted. | Comparison scope: benchmark_class=different_model; head_scope=single mapped source head (VAT); remaining_difference=unexplained.
autumn_budget_2024__hmrc_5000_compliance_staff,"Increased collection of tax due supported by investment in 5,000 additional HMRC compliance staff",Autumn Budget 2024,2028,2028-29,Alcohol duty,head,21469939.79868254,,,not_available,not_computed,different_model,Tax Measures (Policy measures database),revenue_change,hmt_scorecard_obr_database,forecast,unstated in harvest,forward_from_baseline,,OBR source facts: source_model=hmt_scorecard_obr_database; basis=forecast; behavioural_adjustment=unstated in harvest. | No PE value: this registry entry is not expressible as a supported plain parameter reform. | PE: no microsimulation constructed; the registry construction is a forward change from the certified baseline. | PE calendar year 2028 would proxy OBR FY 2028-29. | Head mapping unavailable for Alcohol duty; no aggregate is substituted. | Comparison scope: benchmark_class=different_model; head_scope=single mapped source head (Alcohol duty); remaining_difference=unexplained.
autumn_budget_2024__hmrc_5000_compliance_staff,"Increased collection of tax due supported by investment in 5,000 additional HMRC compliance staff",Autumn Budget 2024,2028,2028-29,Corporation tax (onshore),head,88621343.78866848,,,not_available,not_computed,different_model,Tax Measures (Policy measures database),revenue_change,hmt_scorecard_obr_database,forecast,unstated in harvest,forward_from_baseline,,OBR source facts: source_model=hmt_scorecard_obr_database; basis=forecast; behavioural_adjustment=unstated in harvest. | No PE value: this registry entry is not expressible as a supported plain parameter reform. | PE: no microsimulation constructed; the registry construction is a forward change from the certified baseline. | PE calendar year 2028 would proxy OBR FY 2028-29. | Head mapping unavailable for Corporation tax (onshore); no aggregate is substituted. | Comparison scope: benchmark_class=different_model; head_scope=single mapped source head (Corporation tax (onshore)); remaining_difference=unexplained.
autumn_budget_2024__hmrc_5000_compliance_staff,"Increased collection of tax due supported by investment in 5,000 additional HMRC compliance staff",Autumn Budget 2024,2028,2028-29,Customs duty,head,19617345.31916971,,,not_available,not_computed,different_model,Tax Measures (Policy measures database),revenue_change,hmt_scorecard_obr_database,forecast,unstated in harvest,forward_from_baseline,,OBR source facts: source_model=hmt_scorecard_obr_database; basis=forecast; behavioural_adjustment=unstated in harvest. | No PE value: this registry entry is not expressible as a supported plain parameter reform. | PE: no microsimulation constructed; the registry construction is a forward change from the certified baseline. | PE calendar year 2028 would proxy OBR FY 2028-29. | Head mapping unavailable for Customs duty; no aggregate is substituted. | Comparison scope: benchmark_class=different_model; head_scope=single mapped source head (Customs duty); remaining_difference=unexplained.
autumn_budget_2024__hmrc_5000_compliance_staff,"Increased collection of tax due supported by investment in 5,000 additional HMRC compliance staff",Autumn Budget 2024,2028,2028-29,Income tax,head,544832906.1573654,,,not_available,not_computed,different_model,Tax Measures (Policy measures database),revenue_change,hmt_scorecard_obr_database,forecast,unstated in harvest,forward_from_baseline,,OBR source facts: source_model=hmt_scorecard_obr_database; basis=forecast; behavioural_adjustment=unstated in harvest. | No PE value: this registry entry is not expressible as a supported plain parameter reform. | PE: no microsimulation constructed; the registry construction is a forward change from the certified baseline. | PE calendar year 2028 would proxy OBR FY 2028-29. | Head mapping unavailable for Income tax; no aggregate is substituted. | Comparison scope: benchmark_class=different_model; head_scope=single mapped source head (Income tax); remaining_difference=unexplained.
autumn_budget_2024__hmrc_5000_compliance_staff,"Increased collection of tax due supported by investment in 5,000 additional HMRC compliance staff",Autumn Budget 2024,2028,2028-29,NICs,head,12040068.274051255,,,not_available,not_computed,different_model,Tax Measures (Policy measures database),revenue_change,hmt_scorecard_obr_database,forecast,unstated in harvest,forward_from_baseline,,OBR source facts: source_model=hmt_scorecard_obr_database; basis=forecast; behavioural_adjustment=unstated in harvest. | No PE value: this registry entry is not expressible as a supported plain parameter reform. | PE: no microsimulation constructed; the registry construction is a forward change from the certified baseline. | PE calendar year 2028 would proxy OBR FY 2028-29. | Head mapping unavailable for NICs; no aggregate is substituted. | Comparison scope: benchmark_class=different_model; head_scope=single mapped source head (NICs); remaining_difference=unexplained.
autumn_budget_2024__hmrc_5000_compliance_staff,"Increased collection of tax due supported by investment in 5,000 additional HMRC compliance staff",Autumn Budget 2024,2028,2028-29,PSCE in RDEL,head,9207496.135836879,,,not_available,not_computed,different_model,Spending Measures (Policy measures database),exchequer_impact,hmt_scorecard_obr_database,forecast,unstated in harvest,forward_from_baseline,,OBR source facts: source_model=hmt_scorecard_obr_database; basis=forecast; behavioural_adjustment=unstated in harvest. | No PE value: this registry entry is not expressible as a supported plain parameter reform. | PE: no microsimulation constructed; the registry construction is a forward change from the certified baseline. | PE calendar year 2028 would proxy OBR FY 2028-29. | Head mapping unavailable for PSCE in RDEL; no aggregate is substituted. | Comparison scope: benchmark_class=different_model; head_scope=single mapped source head (PSCE in RDEL); remaining_difference=unexplained.
autumn_budget_2024__hmrc_5000_compliance_staff,"Increased collection of tax due supported by investment in 5,000 additional HMRC compliance staff",Autumn Budget 2024,2028,2028-29,Scottish BGA (current),head,38668209.27544785,,,not_available,not_computed,different_model,Spending Measures (Policy measures database),exchequer_impact,hmt_scorecard_obr_database,forecast,unstated in harvest,forward_from_baseline,,OBR source facts: source_model=hmt_scorecard_obr_database; basis=forecast; behavioural_adjustment=unstated in harvest. | No PE value: this registry entry is not expressible as a supported plain parameter reform. | PE: no microsimulation constructed; the registry construction is a forward change from the certified baseline. | PE calendar year 2028 would proxy OBR FY 2028-29. | Head mapping unavailable for Scottish BGA (current); no aggregate is substituted. | Comparison scope: benchmark_class=different_model; head_scope=single mapped source head (Scottish BGA (current)); remaining_difference=unexplained.
autumn_budget_2024__hmrc_5000_compliance_staff,"Increased collection of tax due supported by investment in 5,000 additional HMRC compliance staff",Autumn Budget 2024,2028,2028-29,Tobacco duty,head,52300535.020669796,,,not_available,not_computed,different_model,Tax Measures (Policy measures database),revenue_change,hmt_scorecard_obr_database,forecast,unstated in harvest,forward_from_baseline,,OBR source facts: source_model=hmt_scorecard_obr_database; basis=forecast; behavioural_adjustment=unstated in harvest. | No PE value: this registry entry is not expressible as a supported plain parameter reform. | PE: no microsimulation constructed; the registry construction is a forward change from the certified baseline. | PE calendar year 2028 would proxy OBR FY 2028-29. | Head mapping unavailable for Tobacco duty; no aggregate is substituted. | Comparison scope: benchmark_class=different_model; head_scope=single mapped source head (Tobacco duty); remaining_difference=unexplained.
autumn_budget_2024__hmrc_5000_compliance_staff,"Increased collection of tax due supported by investment in 5,000 additional HMRC compliance staff",Autumn Budget 2024,2028,2028-29,VAT,head,1151996252.377116,,,not_available,not_computed,different_model,Tax Measures (Policy measures database),revenue_change,hmt_scorecard_obr_database,forecast,unstated in harvest,forward_from_baseline,,OBR source facts: source_model=hmt_scorecard_obr_database; basis=forecast; behavioural_adjustment=unstated in harvest. | No PE value: this registry entry is not expressible as a supported plain parameter reform. | PE: no microsimulation constructed; the registry construction is a forward change from the certified baseline. | PE calendar year 2028 would proxy OBR FY 2028-29. | Head mapping unavailable for VAT; no aggregate is substituted. | Comparison scope: benchmark_class=different_model; head_scope=single mapped source head (VAT); remaining_difference=unexplained.
autumn_budget_2024__hmrc_5000_compliance_staff,"Increased collection of tax due supported by investment in 5,000 additional HMRC compliance staff",Autumn Budget 2024,2029,2029-30,Alcohol duty,head,30370259.40764128,,,not_available,not_computed,different_model,Tax Measures (Policy measures database),revenue_change,hmt_scorecard_obr_database,forecast,unstated in harvest,forward_from_baseline,,OBR source facts: source_model=hmt_scorecard_obr_database; basis=forecast; behavioural_adjustment=unstated in harvest. | No PE value: this registry entry is not expressible as a supported plain parameter reform. | PE: no microsimulation constructed; the registry construction is a forward change from the certified baseline. | PE calendar year 2029 would proxy OBR FY 2029-30. | Head mapping unavailable for Alcohol duty; no aggregate is substituted. | Comparison scope: benchmark_class=different_model; head_scope=single mapped source head (Alcohol duty); remaining_difference=unexplained.
autumn_budget_2024__hmrc_5000_compliance_staff,"Increased collection of tax due supported by investment in 5,000 additional HMRC compliance staff",Autumn Budget 2024,2029,2029-30,Corporation tax (onshore),head,110044132.26522365,,,not_available,not_computed,different_model,Tax Measures (Policy measures database),revenue_change,hmt_scorecard_obr_database,forecast,unstated in harvest,forward_from_baseline,,OBR source facts: source_model=hmt_scorecard_obr_database; basis=forecast; behavioural_adjustment=unstated in harvest. | No PE value: this registry entry is not expressible as a supported plain parameter reform. | PE: no microsimulation constructed; the registry construction is a forward change from the certified baseline. | PE calendar year 2029 would proxy OBR FY 2029-30. | Head mapping unavailable for Corporation tax (onshore); no aggregate is substituted. | Comparison scope: benchmark_class=different_model; head_scope=single mapped source head (Corporation tax (onshore)); remaining_difference=unexplained.
autumn_budget_2024__hmrc_5000_compliance_staff,"Increased collection of tax due supported by investment in 5,000 additional HMRC compliance staff",Autumn Budget 2024,2029,2029-30,Customs duty,head,26899676.775943555,,,not_available,not_computed,different_model,Tax Measures (Policy measures database),revenue_change,hmt_scorecard_obr_database,forecast,unstated in harvest,forward_from_baseline,,OBR source facts: source_model=hmt_scorecard_obr_database; basis=forecast; behavioural_adjustment=unstated in harvest. | No PE value: this registry entry is not expressible as a supported plain parameter reform. | PE: no microsimulation constructed; the registry construction is a forward change from the certified baseline. | PE calendar year 2029 would proxy OBR FY 2029-30. | Head mapping unavailable for Customs duty; no aggregate is substituted. | Comparison scope: benchmark_class=different_model; head_scope=single mapped source head (Customs duty); remaining_difference=unexplained.
autumn_budget_2024__hmrc_5000_compliance_staff,"Increased collection of tax due supported by investment in 5,000 additional HMRC compliance staff",Autumn Budget 2024,2029,2029-30,Income tax,head,816050673.7154506,,,not_available,not_computed,different_model,Tax Measures (Policy measures database),revenue_change,hmt_scorecard_obr_database,forecast,unstated in harvest,forward_from_baseline,,OBR source facts: source_model=hmt_scorecard_obr_database; basis=forecast; behavioural_adjustment=unstated in harvest. | No PE value: this registry entry is not expressible as a supported plain parameter reform. | PE: no microsimulation constructed; the registry construction is a forward change from the certified baseline. | PE calendar year 2029 would proxy OBR FY 2029-30. | Head mapping unavailable for Income tax; no aggregate is substituted. | Comparison scope: benchmark_class=different_model; head_scope=single mapped source head (Income tax); remaining_difference=unexplained.
autumn_budget_2024__hmrc_5000_compliance_staff,"Increased collection of tax due supported by investment in 5,000 additional HMRC compliance staff",Autumn Budget 2024,2029,2029-30,NICs,head,17716498.361140035,,,not_available,not_computed,different_model,Tax Measures (Policy measures database),revenue_change,hmt_scorecard_obr_database,forecast,unstated in harvest,forward_from_baseline,,OBR source facts: source_model=hmt_scorecard_obr_database; basis=forecast; behavioural_adjustment=unstated in harvest. | No PE value: this registry entry is not expressible as a supported plain parameter reform. | PE: no microsimulation constructed; the registry construction is a forward change from the certified baseline. | PE calendar year 2029 would proxy OBR FY 2029-30. | Head mapping unavailable for NICs; no aggregate is substituted. | Comparison scope: benchmark_class=different_model; head_scope=single mapped source head (NICs); remaining_difference=unexplained.
autumn_budget_2024__hmrc_5000_compliance_staff,"Increased collection of tax due supported by investment in 5,000 additional HMRC compliance staff",Autumn Budget 2024,2029,2029-30,PSCE in RDEL,head,13763441.109086722,,,not_available,not_computed,different_model,Spending Measures (Policy measures database),exchequer_impact,hmt_scorecard_obr_database,forecast,unstated in harvest,forward_from_baseline,,OBR source facts: source_model=hmt_scorecard_obr_database; basis=forecast; behavioural_adjustment=unstated in harvest. | No PE value: this registry entry is not expressible as a supported plain parameter reform. | PE: no microsimulation constructed; the registry construction is a forward change from the certified baseline. | PE calendar year 2029 would proxy OBR FY 2029-30. | Head mapping unavailable for PSCE in RDEL; no aggregate is substituted. | Comparison scope: benchmark_class=different_model; head_scope=single mapped source head (PSCE in RDEL); remaining_difference=unexplained.
autumn_budget_2024__hmrc_5000_compliance_staff,"Increased collection of tax due supported by investment in 5,000 additional HMRC compliance staff",Autumn Budget 2024,2029,2029-30,Scottish BGA (current),head,57992227.51599724,,,not_available,not_computed,different_model,Spending Measures (Policy measures database),exchequer_impact,hmt_scorecard_obr_database,forecast,unstated in harvest,forward_from_baseline,,OBR source facts: source_model=hmt_scorecard_obr_database; basis=forecast; behavioural_adjustment=unstated in harvest. | No PE value: this registry entry is not expressible as a supported plain parameter reform. | PE: no microsimulation constructed; the registry construction is a forward change from the certified baseline. | PE calendar year 2029 would proxy OBR FY 2029-30. | Head mapping unavailable for Scottish BGA (current); no aggregate is substituted. | Comparison scope: benchmark_class=different_model; head_scope=single mapped source head (Scottish BGA (current)); remaining_difference=unexplained.
autumn_budget_2024__hmrc_5000_compliance_staff,"Increased collection of tax due supported by investment in 5,000 additional HMRC compliance staff",Autumn Budget 2024,2029,2029-30,Tobacco duty,head,73410684.59651744,,,not_available,not_computed,different_model,Tax Measures (Policy measures database),revenue_change,hmt_scorecard_obr_database,forecast,unstated in harvest,forward_from_baseline,,OBR source facts: source_model=hmt_scorecard_obr_database; basis=forecast; behavioural_adjustment=unstated in harvest. | No PE value: this registry entry is not expressible as a supported plain parameter reform. | PE: no microsimulation constructed; the registry construction is a forward change from the certified baseline. | PE calendar year 2029 would proxy OBR FY 2029-30. | Head mapping unavailable for Tobacco duty; no aggregate is substituted. | Comparison scope: benchmark_class=different_model; head_scope=single mapped source head (Tobacco duty); remaining_difference=unexplained.
autumn_budget_2024__hmrc_5000_compliance_staff,"Increased collection of tax due supported by investment in 5,000 additional HMRC compliance staff",Autumn Budget 2024,2029,2029-30,VAT,head,1577574882.9382057,,,not_available,not_computed,different_model,Tax Measures (Policy measures database),revenue_change,hmt_scorecard_obr_database,forecast,unstated in harvest,forward_from_baseline,,OBR source facts: source_model=hmt_scorecard_obr_database; basis=forecast; behavioural_adjustment=unstated in harvest. | No PE value: this registry entry is not expressible as a supported plain parameter reform. | PE: no microsimulation constructed; the registry construction is a forward change from the certified baseline. | PE calendar year 2029 would proxy OBR FY 2029-30. | Head mapping unavailable for VAT; no aggregate is substituted. | Comparison scope: benchmark_class=different_model; head_scope=single mapped source head (VAT); remaining_difference=unexplained.
autumn_budget_2024__non_dom_residence_based_regime,Abolition of non-domicile tax status and introduction of a residence-based regime: remove the 50% discount on foreign income in 2025/26; apply inheritance tax; set Capital Gains Tax rebasing date at 5 April 2017; and extend the Temporary Repatriation Facility from two to three years,Autumn Budget 2024,2026,2026-27,Capital gains tax,head,197135369.73736358,,,not_available,not_computed,different_model,Tax Measures (Policy measures database),revenue_change,hmt_scorecard_obr_database,forecast,unstated in harvest,reversal_on_certified_world,,OBR source facts: source_model=hmt_scorecard_obr_database; basis=forecast; behavioural_adjustment=unstated in harvest. | No PE value: this registry entry is not expressible as a supported plain parameter reform. | PE: no microsimulation constructed; the registry construction is a reversal on the certified world. | PE calendar year 2026 would proxy OBR FY 2026-27. | Head mapping unavailable for Capital gains tax; no aggregate is substituted. | Comparison scope: benchmark_class=different_model; head_scope=single mapped source head (Capital gains tax); remaining_difference=unexplained.
autumn_budget_2024__non_dom_residence_based_regime,Abolition of non-domicile tax status and introduction of a residence-based regime: remove the 50% discount on foreign income in 2025/26; apply inheritance tax; set Capital Gains Tax rebasing date at 5 April 2017; and extend the Temporary Repatriation Facility from two to three years,Autumn Budget 2024,2026,2026-27,Income tax,head,3790930419.218608,,,not_available,not_computed,different_model,Tax Measures (Policy measures database),revenue_change,hmt_scorecard_obr_database,forecast,unstated in harvest,reversal_on_certified_world,,OBR source facts: source_model=hmt_scorecard_obr_database; basis=forecast; behavioural_adjustment=unstated in harvest. | No PE value: this registry entry is not expressible as a supported plain parameter reform. | PE: no microsimulation constructed; the registry construction is a reversal on the certified world. | PE calendar year 2026 would proxy OBR FY 2026-27. | Head mapping unavailable for Income tax; no aggregate is substituted. | Comparison scope: benchmark_class=different_model; head_scope=single mapped source head (Income tax); remaining_difference=unexplained.
autumn_budget_2024__non_dom_residence_based_regime,Abolition of non-domicile tax status and introduction of a residence-based regime: remove the 50% discount on foreign income in 2025/26; apply inheritance tax; set Capital Gains Tax rebasing date at 5 April 2017; and extend the Temporary Repatriation Facility from two to three years,Autumn Budget 2024,2026,2026-27,Inheritance tax,head,60798604.675213374,,,not_available,not_computed,different_model,Tax Measures (Policy measures database),revenue_change,hmt_scorecard_obr_database,forecast,unstated in harvest,reversal_on_certified_world,,OBR source facts: source_model=hmt_scorecard_obr_database; basis=forecast; behavioural_adjustment=unstated in harvest. | No PE value: this registry entry is not expressible as a supported plain parameter reform. | PE: no microsimulation constructed; the registry construction is a reversal on the certified world. | PE calendar year 2026 would proxy OBR FY 2026-27. | Head mapping unavailable for Inheritance tax; no aggregate is substituted. | Comparison scope: benchmark_class=different_model; head_scope=single mapped source head (Inheritance tax); remaining_difference=unexplained.
autumn_budget_2024__non_dom_residence_based_regime,Abolition of non-domicile tax status and introduction of a residence-based regime: remove the 50% discount on foreign income in 2025/26; apply inheritance tax; set Capital Gains Tax rebasing date at 5 April 2017; and extend the Temporary Repatriation Facility from two to three years,Autumn Budget 2024,2026,2026-27,NICs,head,-22059926.30030609,,,not_available,not_computed,different_model,Tax Measures (Policy measures database),revenue_change,hmt_scorecard_obr_database,forecast,unstated in harvest,reversal_on_certified_world,,OBR source facts: source_model=hmt_scorecard_obr_database; basis=forecast; behavioural_adjustment=unstated in harvest. | No PE value: this registry entry is not expressible as a supported plain parameter reform. | PE: no microsimulation constructed; the registry construction is a reversal on the certified world. | PE calendar year 2026 would proxy OBR FY 2026-27. | Head mapping unavailable for NICs; no aggregate is substituted. | Comparison scope: benchmark_class=different_model; head_scope=single mapped source head (NICs); remaining_difference=unexplained.
autumn_budget_2024__non_dom_residence_based_regime,Abolition of non-domicile tax status and introduction of a residence-based regime: remove the 50% discount on foreign income in 2025/26; apply inheritance tax; set Capital Gains Tax rebasing date at 5 April 2017; and extend the Temporary Repatriation Facility from two to three years,Autumn Budget 2024,2026,2026-27,PSCE in RDEL,head,7367617.749642734,,,not_available,not_computed,different_model,Spending Measures (Policy measures database),exchequer_impact,hmt_scorecard_obr_database,forecast,unstated in harvest,reversal_on_certified_world,,OBR source facts: source_model=hmt_scorecard_obr_database; basis=forecast; behavioural_adjustment=unstated in harvest. | No PE value: this registry entry is not expressible as a supported plain parameter reform. | PE: no microsimulation constructed; the registry construction is a reversal on the certified world. | PE calendar year 2026 would proxy OBR FY 2026-27. | Head mapping unavailable for PSCE in RDEL; no aggregate is substituted. | Comparison scope: benchmark_class=different_model; head_scope=single mapped source head (PSCE in RDEL); remaining_difference=unexplained.
autumn_budget_2024__non_dom_residence_based_regime,Abolition of non-domicile tax status and introduction of a residence-based regime: remove the 50% discount on foreign income in 2025/26; apply inheritance tax; set Capital Gains Tax rebasing date at 5 April 2017; and extend the Temporary Repatriation Facility from two to three years,Autumn Budget 2024,2026,2026-27,Scottish BGA (current),head,133727310.52195902,,,not_available,not_computed,different_model,Spending Measures (Policy measures database),exchequer_impact,hmt_scorecard_obr_database,forecast,unstated in harvest,reversal_on_certified_world,,OBR source facts: source_model=hmt_scorecard_obr_database; basis=forecast; behavioural_adjustment=unstated in harvest. | No PE value: this registry entry is not expressible as a supported plain parameter reform. | PE: no microsimulation constructed; the registry construction is a reversal on the certified world. | PE calendar year 2026 would proxy OBR FY 2026-27. | Head mapping unavailable for Scottish BGA (current); no aggregate is substituted. | Comparison scope: benchmark_class=different_model; head_scope=single mapped source head (Scottish BGA (current)); remaining_difference=unexplained.
autumn_budget_2024__non_dom_residence_based_regime,Abolition of non-domicile tax status and introduction of a residence-based regime: remove the 50% discount on foreign income in 2025/26; apply inheritance tax; set Capital Gains Tax rebasing date at 5 April 2017; and extend the Temporary Repatriation Facility from two to three years,Autumn Budget 2024,2027,2027-28,Capital gains tax,head,127311189.53543545,,,not_available,not_computed,different_model,Tax Measures (Policy measures database),revenue_change,hmt_scorecard_obr_database,forecast,unstated in harvest,reversal_on_certified_world,,OBR source facts: source_model=hmt_scorecard_obr_database; basis=forecast; behavioural_adjustment=unstated in harvest. | No PE value: this registry entry is not expressible as a supported plain parameter reform. | PE: no microsimulation constructed; the registry construction is a reversal on the certified world. | PE calendar year 2027 would proxy OBR FY 2027-28. | Head mapping unavailable for Capital gains tax; no aggregate is substituted. | Comparison scope: benchmark_class=different_model; head_scope=single mapped source head (Capital gains tax); remaining_difference=unexplained.
autumn_budget_2024__non_dom_residence_based_regime,Abolition of non-domicile tax status and introduction of a residence-based regime: remove the 50% discount on foreign income in 2025/26; apply inheritance tax; set Capital Gains Tax rebasing date at 5 April 2017; and extend the Temporary Repatriation Facility from two to three years,Autumn Budget 2024,2027,2027-28,Income tax,head,5729334052.385088,,,not_available,not_computed,different_model,Tax Measures (Policy measures database),revenue_change,hmt_scorecard_obr_database,forecast,unstated in harvest,reversal_on_certified_world,,OBR source facts: source_model=hmt_scorecard_obr_database; basis=forecast; behavioural_adjustment=unstated in harvest. | No PE value: this registry entry is not expressible as a supported plain parameter reform. | PE: no microsimulation constructed; the registry construction is a reversal on the certified world. | PE calendar year 2027 would proxy OBR FY 2027-28. | Head mapping unavailable for Income tax; no aggregate is substituted. | Comparison scope: benchmark_class=different_model; head_scope=single mapped source head (Income tax); remaining_difference=unexplained.
autumn_budget_2024__non_dom_residence_based_regime,Abolition of non-domicile tax status and introduction of a residence-based regime: remove the 50% discount on foreign income in 2025/26; apply inheritance tax; set Capital Gains Tax rebasing date at 5 April 2017; and extend the Temporary Repatriation Facility from two to three years,Autumn Budget 2024,2027,2027-28,Inheritance tax,head,102248546.81655523,,,not_available,not_computed,different_model,Tax Measures (Policy measures database),revenue_change,hmt_scorecard_obr_database,forecast,unstated in harvest,reversal_on_certified_world,,OBR source facts: source_model=hmt_scorecard_obr_database; basis=forecast; behavioural_adjustment=unstated in harvest. | No PE value: this registry entry is not expressible as a supported plain parameter reform. | PE: no microsimulation constructed; the registry construction is a reversal on the certified world. | PE calendar year 2027 would proxy OBR FY 2027-28. | Head mapping unavailable for Inheritance tax; no aggregate is substituted. | Comparison scope: benchmark_class=different_model; head_scope=single mapped source head (Inheritance tax); remaining_difference=unexplained.
autumn_budget_2024__non_dom_residence_based_regime,Abolition of non-domicile tax status and introduction of a residence-based regime: remove the 50% discount on foreign income in 2025/26; apply inheritance tax; set Capital Gains Tax rebasing date at 5 April 2017; and extend the Temporary Repatriation Facility from two to three years,Autumn Budget 2024,2027,2027-28,NICs,head,-22653771.352746844,,,not_available,not_computed,different_model,Tax Measures (Policy measures database),revenue_change,hmt_scorecard_obr_database,forecast,unstated in harvest,reversal_on_certified_world,,OBR source facts: source_model=hmt_scorecard_obr_database; basis=forecast; behavioural_adjustment=unstated in harvest. | No PE value: this registry entry is not expressible as a supported plain parameter reform. | PE: no microsimulation constructed; the registry construction is a reversal on the certified world. | PE calendar year 2027 would proxy OBR FY 2027-28. | Head mapping unavailable for NICs; no aggregate is substituted. | Comparison scope: benchmark_class=different_model; head_scope=single mapped source head (NICs); remaining_difference=unexplained.
autumn_budget_2024__non_dom_residence_based_regime,Abolition of non-domicile tax status and introduction of a residence-based regime: remove the 50% discount on foreign income in 2025/26; apply inheritance tax; set Capital Gains Tax rebasing date at 5 April 2017; and extend the Temporary Repatriation Facility from two to three years,Autumn Budget 2024,2027,2027-28,PSCE in RDEL,head,-2111519.415894798,,,not_available,not_computed,different_model,Spending Measures (Policy measures database),exchequer_impact,hmt_scorecard_obr_database,forecast,unstated in harvest,reversal_on_certified_world,,OBR source facts: source_model=hmt_scorecard_obr_database; basis=forecast; behavioural_adjustment=unstated in harvest. | No PE value: this registry entry is not expressible as a supported plain parameter reform. | PE: no microsimulation constructed; the registry construction is a reversal on the certified world. | PE calendar year 2027 would proxy OBR FY 2027-28. | Head mapping unavailable for PSCE in RDEL; no aggregate is substituted. | Comparison scope: benchmark_class=different_model; head_scope=single mapped source head (PSCE in RDEL); remaining_difference=unexplained.
autumn_budget_2024__non_dom_residence_based_regime,Abolition of non-domicile tax status and introduction of a residence-based regime: remove the 50% discount on foreign income in 2025/26; apply inheritance tax; set Capital Gains Tax rebasing date at 5 April 2017; and extend the Temporary Repatriation Facility from two to three years,Autumn Budget 2024,2027,2027-28,Scottish BGA (current),head,-38333282.877560884,,,not_available,not_computed,different_model,Spending Measures (Policy measures database),exchequer_impact,hmt_scorecard_obr_database,forecast,unstated in harvest,reversal_on_certified_world,,OBR source facts: source_model=hmt_scorecard_obr_database; basis=forecast; behavioural_adjustment=unstated in harvest. | No PE value: this registry entry is not expressible as a supported plain parameter reform. | PE: no microsimulation constructed; the registry construction is a reversal on the certified world. | PE calendar year 2027 would proxy OBR FY 2027-28. | Head mapping unavailable for Scottish BGA (current); no aggregate is substituted. | Comparison scope: benchmark_class=different_model; head_scope=single mapped source head (Scottish BGA (current)); remaining_difference=unexplained.
autumn_budget_2024__non_dom_residence_based_regime,Abolition of non-domicile tax status and introduction of a residence-based regime: remove the 50% discount on foreign income in 2025/26; apply inheritance tax; set Capital Gains Tax rebasing date at 5 April 2017; and extend the Temporary Repatriation Facility from two to three years,Autumn Budget 2024,2028,2028-29,Capital gains tax,head,117777320.75587527,,,not_available,not_computed,different_model,Tax Measures (Policy measures database),revenue_change,hmt_scorecard_obr_database,forecast,unstated in harvest,reversal_on_certified_world,,OBR source facts: source_model=hmt_scorecard_obr_database; basis=forecast; behavioural_adjustment=unstated in harvest. | No PE value: this registry entry is not expressible as a supported plain parameter reform. | PE: no microsimulation constructed; the registry construction is a reversal on the certified world. | PE calendar year 2028 would proxy OBR FY 2028-29. | Head mapping unavailable for Capital gains tax; no aggregate is substituted. | Comparison scope: benchmark_class=different_model; head_scope=single mapped source head (Capital gains tax); remaining_difference=unexplained.
autumn_budget_2024__non_dom_residence_based_regime,Abolition of non-domicile tax status and introduction of a residence-based regime: remove the 50% discount on foreign income in 2025/26; apply inheritance tax; set Capital Gains Tax rebasing date at 5 April 2017; and extend the Temporary Repatriation Facility from two to three years,Autumn Budget 2024,2028,2028-29,Income tax,head,2319177985.4953666,,,not_available,not_computed,different_model,Tax Measures (Policy measures database),revenue_change,hmt_scorecard_obr_database,forecast,unstated in harvest,reversal_on_certified_world,,OBR source facts: source_model=hmt_scorecard_obr_database; basis=forecast; behavioural_adjustment=unstated in harvest. | No PE value: this registry entry is not expressible as a supported plain parameter reform. | PE: no microsimulation constructed; the registry construction is a reversal on the certified world. | PE calendar year 2028 would proxy OBR FY 2028-29. | Head mapping unavailable for Income tax; no aggregate is substituted. | Comparison scope: benchmark_class=different_model; head_scope=single mapped source head (Income tax); remaining_difference=unexplained.
autumn_budget_2024__non_dom_residence_based_regime,Abolition of non-domicile tax status and introduction of a residence-based regime: remove the 50% discount on foreign income in 2025/26; apply inheritance tax; set Capital Gains Tax rebasing date at 5 April 2017; and extend the Temporary Repatriation Facility from two to three years,Autumn Budget 2024,2028,2028-29,Inheritance tax,head,146840090.98793942,,,not_available,not_computed,different_model,Tax Measures (Policy measures database),revenue_change,hmt_scorecard_obr_database,forecast,unstated in harvest,reversal_on_certified_world,,OBR source facts: source_model=hmt_scorecard_obr_database; basis=forecast; behavioural_adjustment=unstated in harvest. | No PE value: this registry entry is not expressible as a supported plain parameter reform. | PE: no microsimulation constructed; the registry construction is a reversal on the certified world. | PE calendar year 2028 would proxy OBR FY 2028-29. | Head mapping unavailable for Inheritance tax; no aggregate is substituted. | Comparison scope: benchmark_class=different_model; head_scope=single mapped source head (Inheritance tax); remaining_difference=unexplained.
autumn_budget_2024__non_dom_residence_based_regime,Abolition of non-domicile tax status and introduction of a residence-based regime: remove the 50% discount on foreign income in 2025/26; apply inheritance tax; set Capital Gains Tax rebasing date at 5 April 2017; and extend the Temporary Repatriation Facility from two to three years,Autumn Budget 2024,2028,2028-29,NICs,head,-23267585.36616991,,,not_available,not_computed,different_model,Tax Measures (Policy measures database),revenue_change,hmt_scorecard_obr_database,forecast,unstated in harvest,reversal_on_certified_world,,OBR source facts: source_model=hmt_scorecard_obr_database; basis=forecast; behavioural_adjustment=unstated in harvest. | No PE value: this registry entry is not expressible as a supported plain parameter reform. | PE: no microsimulation constructed; the registry construction is a reversal on the certified world. | PE calendar year 2028 would proxy OBR FY 2028-29. | Head mapping unavailable for NICs; no aggregate is substituted. | Comparison scope: benchmark_class=different_model; head_scope=single mapped source head (NICs); remaining_difference=unexplained.
autumn_budget_2024__non_dom_residence_based_regime,Abolition of non-domicile tax status and introduction of a residence-based regime: remove the 50% discount on foreign income in 2025/26; apply inheritance tax; set Capital Gains Tax rebasing date at 5 April 2017; and extend the Temporary Repatriation Facility from two to three years,Autumn Budget 2024,2028,2028-29,PSCE in RDEL,head,-924572.4035413635,,,not_available,not_computed,different_model,Spending Measures (Policy measures database),exchequer_impact,hmt_scorecard_obr_database,forecast,unstated in harvest,reversal_on_certified_world,,OBR source facts: source_model=hmt_scorecard_obr_database; basis=forecast; behavioural_adjustment=unstated in harvest. | No PE value: this registry entry is not expressible as a supported plain parameter reform. | PE: no microsimulation constructed; the registry construction is a reversal on the certified world. | PE calendar year 2028 would proxy OBR FY 2028-29. | Head mapping unavailable for PSCE in RDEL; no aggregate is substituted. | Comparison scope: benchmark_class=different_model; head_scope=single mapped source head (PSCE in RDEL); remaining_difference=unexplained.
autumn_budget_2024__non_dom_residence_based_regime,Abolition of non-domicile tax status and introduction of a residence-based regime: remove the 50% discount on foreign income in 2025/26; apply inheritance tax; set Capital Gains Tax rebasing date at 5 April 2017; and extend the Temporary Repatriation Facility from two to three years,Autumn Budget 2024,2028,2028-29,Scottish BGA (current),head,-16755826.605048032,,,not_available,not_computed,different_model,Spending Measures (Policy measures database),exchequer_impact,hmt_scorecard_obr_database,forecast,unstated in harvest,reversal_on_certified_world,,OBR source facts: source_model=hmt_scorecard_obr_database; basis=forecast; behavioural_adjustment=unstated in harvest. | No PE value: this registry entry is not expressible as a supported plain parameter reform. | PE: no microsimulation constructed; the registry construction is a reversal on the certified world. | PE calendar year 2028 would proxy OBR FY 2028-29. | Head mapping unavailable for Scottish BGA (current); no aggregate is substituted. | Comparison scope: benchmark_class=different_model; head_scope=single mapped source head (Scottish BGA (current)); remaining_difference=unexplained.
autumn_budget_2024__non_dom_residence_based_regime,Abolition of non-domicile tax status and introduction of a residence-based regime: remove the 50% discount on foreign income in 2025/26; apply inheritance tax; set Capital Gains Tax rebasing date at 5 April 2017; and extend the Temporary Repatriation Facility from two to three years,Autumn Budget 2024,2029,2029-30,Capital gains tax,head,141393043.49077383,,,not_available,not_computed,different_model,Tax Measures (Policy measures database),revenue_change,hmt_scorecard_obr_database,forecast,unstated in harvest,reversal_on_certified_world,,OBR source facts: source_model=hmt_scorecard_obr_database; basis=forecast; behavioural_adjustment=unstated in harvest. | No PE value: this registry entry is not expressible as a supported plain parameter reform. | PE: no microsimulation constructed; the registry construction is a reversal on the certified world. | PE calendar year 2029 would proxy OBR FY 2029-30. | Head mapping unavailable for Capital gains tax; no aggregate is substituted. | Comparison scope: benchmark_class=different_model; head_scope=single mapped source head (Capital gains tax); remaining_difference=unexplained.
autumn_budget_2024__non_dom_residence_based_regime,Abolition of non-domicile tax status and introduction of a residence-based regime: remove the 50% discount on foreign income in 2025/26; apply inheritance tax; set Capital Gains Tax rebasing date at 5 April 2017; and extend the Temporary Repatriation Facility from two to three years,Autumn Budget 2024,2029,2029-30,Income tax,head,-201552010.67055285,,,not_available,not_computed,different_model,Tax Measures (Policy measures database),revenue_change,hmt_scorecard_obr_database,forecast,unstated in harvest,reversal_on_certified_world,,OBR source facts: source_model=hmt_scorecard_obr_database; basis=forecast; behavioural_adjustment=unstated in harvest. | No PE value: this registry entry is not expressible as a supported plain parameter reform. | PE: no microsimulation constructed; the registry construction is a reversal on the certified world. | PE calendar year 2029 would proxy OBR FY 2029-30. | Head mapping unavailable for Income tax; no aggregate is substituted. | Comparison scope: benchmark_class=different_model; head_scope=single mapped source head (Income tax); remaining_difference=unexplained.
autumn_budget_2024__non_dom_residence_based_regime,Abolition of non-domicile tax status and introduction of a residence-based regime: remove the 50% discount on foreign income in 2025/26; apply inheritance tax; set Capital Gains Tax rebasing date at 5 April 2017; and extend the Temporary Repatriation Facility from two to three years,Autumn Budget 2024,2029,2029-30,Inheritance tax,head,194206435.40936834,,,not_available,not_computed,different_model,Tax Measures (Policy measures database),revenue_change,hmt_scorecard_obr_database,forecast,unstated in harvest,reversal_on_certified_world,,OBR source facts: source_model=hmt_scorecard_obr_database; basis=forecast; behavioural_adjustment=unstated in harvest. | No PE value: this registry entry is not expressible as a supported plain parameter reform. | PE: no microsimulation constructed; the registry construction is a reversal on the certified world. | PE calendar year 2029 would proxy OBR FY 2029-30. | Head mapping unavailable for Inheritance tax; no aggregate is substituted. | Comparison scope: benchmark_class=different_model; head_scope=single mapped source head (Inheritance tax); remaining_difference=unexplained.
autumn_budget_2024__non_dom_residence_based_regime,Abolition of non-domicile tax status and introduction of a residence-based regime: remove the 50% discount on foreign income in 2025/26; apply inheritance tax; set Capital Gains Tax rebasing date at 5 April 2017; and extend the Temporary Repatriation Facility from two to three years,Autumn Budget 2024,2029,2029-30,NICs,head,-23879606.847736355,,,not_available,not_computed,different_model,Tax Measures (Policy measures database),revenue_change,hmt_scorecard_obr_database,forecast,unstated in harvest,reversal_on_certified_world,,OBR source facts: source_model=hmt_scorecard_obr_database; basis=forecast; behavioural_adjustment=unstated in harvest. | No PE value: this registry entry is not expressible as a supported plain parameter reform. | PE: no microsimulation constructed; the registry construction is a reversal on the certified world. | PE calendar year 2029 would proxy OBR FY 2029-30. | Head mapping unavailable for NICs; no aggregate is substituted. | Comparison scope: benchmark_class=different_model; head_scope=single mapped source head (NICs); remaining_difference=unexplained.
autumn_budget_2024__non_dom_residence_based_regime,Abolition of non-domicile tax status and introduction of a residence-based regime: remove the 50% discount on foreign income in 2025/26; apply inheritance tax; set Capital Gains Tax rebasing date at 5 April 2017; and extend the Temporary Repatriation Facility from two to three years,Autumn Budget 2024,2029,2029-30,PSCE in RDEL,head,-686077.166807473,,,not_available,not_computed,different_model,Spending Measures (Policy measures database),exchequer_impact,hmt_scorecard_obr_database,forecast,unstated in harvest,reversal_on_certified_world,,OBR source facts: source_model=hmt_scorecard_obr_database; basis=forecast; behavioural_adjustment=unstated in harvest. | No PE value: this registry entry is not expressible as a supported plain parameter reform. | PE: no microsimulation constructed; the registry construction is a reversal on the certified world. | PE calendar year 2029 would proxy OBR FY 2029-30. | Head mapping unavailable for PSCE in RDEL; no aggregate is substituted. | Comparison scope: benchmark_class=different_model; head_scope=single mapped source head (PSCE in RDEL); remaining_difference=unexplained.
autumn_budget_2024__non_dom_residence_based_regime,Abolition of non-domicile tax status and introduction of a residence-based regime: remove the 50% discount on foreign income in 2025/26; apply inheritance tax; set Capital Gains Tax rebasing date at 5 April 2017; and extend the Temporary Repatriation Facility from two to three years,Autumn Budget 2024,2029,2029-30,Scottish BGA (current),head,-12476326.565482542,,,not_available,not_computed,different_model,Spending Measures (Policy measures database),exchequer_impact,hmt_scorecard_obr_database,forecast,unstated in harvest,reversal_on_certified_world,,OBR source facts: source_model=hmt_scorecard_obr_database; basis=forecast; behavioural_adjustment=unstated in harvest. | No PE value: this registry entry is not expressible as a supported plain parameter reform. | PE: no microsimulation constructed; the registry construction is a reversal on the certified world. | PE calendar year 2029 would proxy OBR FY 2029-30. | Head mapping unavailable for Scottish BGA (current); no aggregate is substituted. | Comparison scope: benchmark_class=different_model; head_scope=single mapped source head (Scottish BGA (current)); remaining_difference=unexplained.
autumn_budget_2025__dividend_income_rate_increase,Dividend Income: Increase tax rates on dividend income by 2ppts at the ordinary and upper rate from 6 April 2026,Autumn Budget 2025,2026,2026-27,Income tax,head,335597518.39493275,892986096.3162842,2.6608840869479073,same_sign_ratio_at_least_2,constructed,different_model,Tax Measures (Policy measures database),revenue_change,hmt_scorecard_obr_database,forecast,unstated in harvest,reversal_on_certified_world,results/uk/obr_costings/autumn_budget_2025__dividend_income_rate_increase_2026.json,"OBR source facts: source_model=hmt_scorecard_obr_database; basis=forecast; behavioural_adjustment=unstated in harvest. | PE: static microsimulation on the certified world; reversal re-oriented to the announced measure; PE calendar year 2026 proxies FY 2026-27. measure Δ = −(reversal − baseline). | Head mapping: Income tax = income_tax; positive gain to the Exchequer = +Δtax. | Partial construction: Reverses the certified ordinary/basic and upper/higher dividend rates to 8.75% and 33.75%; the additional rate was not changed by this measure. PE maps Income Tax directly and retains the required broad NICs aggregate, but cross-tax, departmental-spending, and block-grant heads are outside this static construction. Unmapped OBR heads: Corporation tax (onshore), Capital gains tax, PSCE in RDEL, Scottish BGA (current). | Comparison scope: benchmark_class=different_model; head_scope=single mapped source head (Income tax); remaining_difference=unexplained."
autumn_budget_2025__dividend_income_rate_increase,Dividend Income: Increase tax rates on dividend income by 2ppts at the ordinary and upper rate from 6 April 2026,Autumn Budget 2025,2026,2026-27,NICs,head,0.0,-0.0,,both_zero,constructed,different_model,Tax Measures (Policy measures database),revenue_change,hmt_scorecard_obr_database,forecast,unstated in harvest,reversal_on_certified_world,results/uk/obr_costings/autumn_budget_2025__dividend_income_rate_increase_2026.json,"OBR source facts: source_model=hmt_scorecard_obr_database; basis=forecast; behavioural_adjustment=unstated in harvest. | PE: static microsimulation on the certified world; reversal re-oriented to the announced measure; PE calendar year 2026 proxies FY 2026-27. measure Δ = −(reversal − baseline). | Head mapping: NICs = ni_class_1_employee + ni_class_1_employer + ni_class_4; positive gain to the Exchequer = +Δtax. | Partial construction: Reverses the certified ordinary/basic and upper/higher dividend rates to 8.75% and 33.75%; the additional rate was not changed by this measure. PE maps Income Tax directly and retains the required broad NICs aggregate, but cross-tax, departmental-spending, and block-grant heads are outside this static construction. Unmapped OBR heads: Corporation tax (onshore), Capital gains tax, PSCE in RDEL, Scottish BGA (current). | Comparison scope: benchmark_class=different_model; head_scope=single mapped source head (NICs); remaining_difference=unexplained."
autumn_budget_2025__dividend_income_rate_increase,Dividend Income: Increase tax rates on dividend income by 2ppts at the ordinary and upper rate from 6 April 2026,Autumn Budget 2025,2026,2026-27,Mapped-head total,mapped_head_total,335597518.39493275,892986096.3162842,2.6608840869479073,same_sign_ratio_at_least_2,constructed,different_model,Tax Measures (Policy measures database),revenue_change,hmt_scorecard_obr_database,forecast,unstated in harvest,reversal_on_certified_world,results/uk/obr_costings/autumn_budget_2025__dividend_income_rate_increase_2026.json,"Derived mapped-head total for this comparison only: sums Income tax, NICs; it is not attached to an external TOTAL claim. | OBR source facts represented by the mapped heads: source_model=hmt_scorecard_obr_database; basis=forecast; behavioural_adjustment=unstated in harvest. | PE: static microsimulation on the certified world; reversal re-oriented to the announced measure; PE calendar year 2026 proxies FY 2026-27. measure Δ = −(reversal − baseline). | Comparison scope: benchmark_class=different_model; head_scope=mapped PMD heads only; remaining_difference=unexplained. | Registry construction: Reverses the certified ordinary/basic and upper/higher dividend rates to 8.75% and 33.75%; the additional rate was not changed by this measure. PE maps Income Tax directly and retains the required broad NICs aggregate, but cross-tax, departmental-spending, and block-grant heads are outside this static construction. | Partial scope: this is not an all-head measure total. Unmapped OBR heads: Corporation tax (onshore), Capital gains tax, PSCE in RDEL, Scottish BGA (current)."
autumn_budget_2025__dividend_income_rate_increase,Dividend Income: Increase tax rates on dividend income by 2ppts at the ordinary and upper rate from 6 April 2026,Autumn Budget 2025,2027,2027-28,Income tax,head,1030669336.0009078,922708537.6471558,0.8952517605960318,same_sign_ratio_0.8_to_1.25,constructed,different_model,Tax Measures (Policy measures database),revenue_change,hmt_scorecard_obr_database,forecast,unstated in harvest,reversal_on_certified_world,results/uk/obr_costings/autumn_budget_2025__dividend_income_rate_increase_2027.json,"OBR source facts: source_model=hmt_scorecard_obr_database; basis=forecast; behavioural_adjustment=unstated in harvest. | PE: static microsimulation on the certified world; reversal re-oriented to the announced measure; PE calendar year 2027 proxies FY 2027-28. measure Δ = −(reversal − baseline). | Head mapping: Income tax = income_tax; positive gain to the Exchequer = +Δtax. | Partial construction: Reverses the certified ordinary/basic and upper/higher dividend rates to 8.75% and 33.75%; the additional rate was not changed by this measure. PE maps Income Tax directly and retains the required broad NICs aggregate, but cross-tax, departmental-spending, and block-grant heads are outside this static construction. Unmapped OBR heads: Corporation tax (onshore), Capital gains tax, PSCE in RDEL, Scottish BGA (current). | Comparison scope: benchmark_class=different_model; head_scope=single mapped source head (Income tax); remaining_difference=unexplained."
autumn_budget_2025__dividend_income_rate_increase,Dividend Income: Increase tax rates on dividend income by 2ppts at the ordinary and upper rate from 6 April 2026,Autumn Budget 2025,2027,2027-28,NICs,head,122181435.47911787,-0.0,-0.0,pe_zero,constructed,different_model,Tax Measures (Policy measures database),revenue_change,hmt_scorecard_obr_database,forecast,unstated in harvest,reversal_on_certified_world,results/uk/obr_costings/autumn_budget_2025__dividend_income_rate_increase_2027.json,"OBR source facts: source_model=hmt_scorecard_obr_database; basis=forecast; behavioural_adjustment=unstated in harvest. | PE: static microsimulation on the certified world; reversal re-oriented to the announced measure; PE calendar year 2027 proxies FY 2027-28. measure Δ = −(reversal − baseline). | Head mapping: NICs = ni_class_1_employee + ni_class_1_employer + ni_class_4; positive gain to the Exchequer = +Δtax. | Partial construction: Reverses the certified ordinary/basic and upper/higher dividend rates to 8.75% and 33.75%; the additional rate was not changed by this measure. PE maps Income Tax directly and retains the required broad NICs aggregate, but cross-tax, departmental-spending, and block-grant heads are outside this static construction. Unmapped OBR heads: Corporation tax (onshore), Capital gains tax, PSCE in RDEL, Scottish BGA (current). | Comparison scope: benchmark_class=different_model; head_scope=single mapped source head (NICs); remaining_difference=unexplained."
autumn_budget_2025__dividend_income_rate_increase,Dividend Income: Increase tax rates on dividend income by 2ppts at the ordinary and upper rate from 6 April 2026,Autumn Budget 2025,2027,2027-28,Mapped-head total,mapped_head_total,1152850771.4800258,922708537.6471558,0.8003711846092498,same_sign_ratio_0.8_to_1.25,constructed,different_model,Tax Measures (Policy measures database),revenue_change,hmt_scorecard_obr_database,forecast,unstated in harvest,reversal_on_certified_world,results/uk/obr_costings/autumn_budget_2025__dividend_income_rate_increase_2027.json,"Derived mapped-head total for this comparison only: sums Income tax, NICs; it is not attached to an external TOTAL claim. | OBR source facts represented by the mapped heads: source_model=hmt_scorecard_obr_database; basis=forecast; behavioural_adjustment=unstated in harvest. | PE: static microsimulation on the certified world; reversal re-oriented to the announced measure; PE calendar year 2027 proxies FY 2027-28. measure Δ = −(reversal − baseline). | Comparison scope: benchmark_class=different_model; head_scope=mapped PMD heads only; remaining_difference=unexplained. | Registry construction: Reverses the certified ordinary/basic and upper/higher dividend rates to 8.75% and 33.75%; the additional rate was not changed by this measure. PE maps Income Tax directly and retains the required broad NICs aggregate, but cross-tax, departmental-spending, and block-grant heads are outside this static construction. | Partial scope: this is not an all-head measure total. Unmapped OBR heads: Corporation tax (onshore), Capital gains tax, PSCE in RDEL, Scottish BGA (current)."
autumn_budget_2025__dividend_income_rate_increase,Dividend Income: Increase tax rates on dividend income by 2ppts at the ordinary and upper rate from 6 April 2026,Autumn Budget 2025,2028,2028-29,Income tax,head,1213144307.023997,951821754.5272217,0.7845907111101778,same_sign_ratio_0.5_to_0.8,constructed,different_model,Tax Measures (Policy measures database),revenue_change,hmt_scorecard_obr_database,forecast,unstated in harvest,reversal_on_certified_world,results/uk/obr_costings/autumn_budget_2025__dividend_income_rate_increase_2028.json,"OBR source facts: source_model=hmt_scorecard_obr_database; basis=forecast; behavioural_adjustment=unstated in harvest. | PE: static microsimulation on the certified world; reversal re-oriented to the announced measure; PE calendar year 2028 proxies FY 2028-29. measure Δ = −(reversal − baseline). | Head mapping: Income tax = income_tax; positive gain to the Exchequer = +Δtax. | Partial construction: Reverses the certified ordinary/basic and upper/higher dividend rates to 8.75% and 33.75%; the additional rate was not changed by this measure. PE maps Income Tax directly and retains the required broad NICs aggregate, but cross-tax, departmental-spending, and block-grant heads are outside this static construction. Unmapped OBR heads: Corporation tax (onshore), Capital gains tax, PSCE in RDEL, Scottish BGA (current). | Comparison scope: benchmark_class=different_model; head_scope=single mapped source head (Income tax); remaining_difference=unexplained."
autumn_budget_2025__dividend_income_rate_increase,Dividend Income: Increase tax rates on dividend income by 2ppts at the ordinary and upper rate from 6 April 2026,Autumn Budget 2025,2028,2028-29,NICs,head,206004270.87861085,-0.0,-0.0,pe_zero,constructed,different_model,Tax Measures (Policy measures database),revenue_change,hmt_scorecard_obr_database,forecast,unstated in harvest,reversal_on_certified_world,results/uk/obr_costings/autumn_budget_2025__dividend_income_rate_increase_2028.json,"OBR source facts: source_model=hmt_scorecard_obr_database; basis=forecast; behavioural_adjustment=unstated in harvest. | PE: static microsimulation on the certified world; reversal re-oriented to the announced measure; PE calendar year 2028 proxies FY 2028-29. measure Δ = −(reversal − baseline). | Head mapping: NICs = ni_class_1_employee + ni_class_1_employer + ni_class_4; positive gain to the Exchequer = +Δtax. | Partial construction: Reverses the certified ordinary/basic and upper/higher dividend rates to 8.75% and 33.75%; the additional rate was not changed by this measure. PE maps Income Tax directly and retains the required broad NICs aggregate, but cross-tax, departmental-spending, and block-grant heads are outside this static construction. Unmapped OBR heads: Corporation tax (onshore), Capital gains tax, PSCE in RDEL, Scottish BGA (current). | Comparison scope: benchmark_class=different_model; head_scope=single mapped source head (NICs); remaining_difference=unexplained."
autumn_budget_2025__dividend_income_rate_increase,Dividend Income: Increase tax rates on dividend income by 2ppts at the ordinary and upper rate from 6 April 2026,Autumn Budget 2025,2028,2028-29,Mapped-head total,mapped_head_total,1419148577.902608,951821754.5272217,0.6706991567676027,same_sign_ratio_0.5_to_0.8,constructed,different_model,Tax Measures (Policy measures database),revenue_change,hmt_scorecard_obr_database,forecast,unstated in harvest,reversal_on_certified_world,results/uk/obr_costings/autumn_budget_2025__dividend_income_rate_increase_2028.json,"Derived mapped-head total for this comparison only: sums Income tax, NICs; it is not attached to an external TOTAL claim. | OBR source facts represented by the mapped heads: source_model=hmt_scorecard_obr_database; basis=forecast; behavioural_adjustment=unstated in harvest. | PE: static microsimulation on the certified world; reversal re-oriented to the announced measure; PE calendar year 2028 proxies FY 2028-29. measure Δ = −(reversal − baseline). | Comparison scope: benchmark_class=different_model; head_scope=mapped PMD heads only; remaining_difference=unexplained. | Registry construction: Reverses the certified ordinary/basic and upper/higher dividend rates to 8.75% and 33.75%; the additional rate was not changed by this measure. PE maps Income Tax directly and retains the required broad NICs aggregate, but cross-tax, departmental-spending, and block-grant heads are outside this static construction. | Partial scope: this is not an all-head measure total. Unmapped OBR heads: Corporation tax (onshore), Capital gains tax, PSCE in RDEL, Scottish BGA (current)."
autumn_budget_2025__dividend_income_rate_increase,Dividend Income: Increase tax rates on dividend income by 2ppts at the ordinary and upper rate from 6 April 2026,Autumn Budget 2025,2029,2029-30,Income tax,head,1387680331.3568652,981499265.5020752,0.7072949319259799,same_sign_ratio_0.5_to_0.8,constructed,different_model,Tax Measures (Policy measures database),revenue_change,hmt_scorecard_obr_database,forecast,unstated in harvest,reversal_on_certified_world,results/uk/obr_costings/autumn_budget_2025__dividend_income_rate_increase_2029.json,"OBR source facts: source_model=hmt_scorecard_obr_database; basis=forecast; behavioural_adjustment=unstated in harvest. | PE: static microsimulation on the certified world; reversal re-oriented to the announced measure; PE calendar year 2029 proxies FY 2029-30. measure Δ = −(reversal − baseline). | Head mapping: Income tax = income_tax; positive gain to the Exchequer = +Δtax. | Partial construction: Reverses the certified ordinary/basic and upper/higher dividend rates to 8.75% and 33.75%; the additional rate was not changed by this measure. PE maps Income Tax directly and retains the required broad NICs aggregate, but cross-tax, departmental-spending, and block-grant heads are outside this static construction. Unmapped OBR heads: Corporation tax (onshore), Capital gains tax, PSCE in RDEL, Scottish BGA (current). | Comparison scope: benchmark_class=different_model; head_scope=single mapped source head (Income tax); remaining_difference=unexplained."
autumn_budget_2025__dividend_income_rate_increase,Dividend Income: Increase tax rates on dividend income by 2ppts at the ordinary and upper rate from 6 April 2026,Autumn Budget 2025,2029,2029-30,NICs,head,266450548.98205957,-0.0,-0.0,pe_zero,constructed,different_model,Tax Measures (Policy measures database),revenue_change,hmt_scorecard_obr_database,forecast,unstated in harvest,reversal_on_certified_world,results/uk/obr_costings/autumn_budget_2025__dividend_income_rate_increase_2029.json,"OBR source facts: source_model=hmt_scorecard_obr_database; basis=forecast; behavioural_adjustment=unstated in harvest. | PE: static microsimulation on the certified world; reversal re-oriented to the announced measure; PE calendar year 2029 proxies FY 2029-30. measure Δ = −(reversal − baseline). | Head mapping: NICs = ni_class_1_employee + ni_class_1_employer + ni_class_4; positive gain to the Exchequer = +Δtax. | Partial construction: Reverses the certified ordinary/basic and upper/higher dividend rates to 8.75% and 33.75%; the additional rate was not changed by this measure. PE maps Income Tax directly and retains the required broad NICs aggregate, but cross-tax, departmental-spending, and block-grant heads are outside this static construction. Unmapped OBR heads: Corporation tax (onshore), Capital gains tax, PSCE in RDEL, Scottish BGA (current). | Comparison scope: benchmark_class=different_model; head_scope=single mapped source head (NICs); remaining_difference=unexplained."
autumn_budget_2025__dividend_income_rate_increase,Dividend Income: Increase tax rates on dividend income by 2ppts at the ordinary and upper rate from 6 April 2026,Autumn Budget 2025,2029,2029-30,Mapped-head total,mapped_head_total,1654130880.3389246,981499265.5020752,0.5933625187512188,same_sign_ratio_0.5_to_0.8,constructed,different_model,Tax Measures (Policy measures database),revenue_change,hmt_scorecard_obr_database,forecast,unstated in harvest,reversal_on_certified_world,results/uk/obr_costings/autumn_budget_2025__dividend_income_rate_increase_2029.json,"Derived mapped-head total for this comparison only: sums Income tax, NICs; it is not attached to an external TOTAL claim. | OBR source facts represented by the mapped heads: source_model=hmt_scorecard_obr_database; basis=forecast; behavioural_adjustment=unstated in harvest. | PE: static microsimulation on the certified world; reversal re-oriented to the announced measure; PE calendar year 2029 proxies FY 2029-30. measure Δ = −(reversal − baseline). | Comparison scope: benchmark_class=different_model; head_scope=mapped PMD heads only; remaining_difference=unexplained. | Registry construction: Reverses the certified ordinary/basic and upper/higher dividend rates to 8.75% and 33.75%; the additional rate was not changed by this measure. PE maps Income Tax directly and retains the required broad NICs aggregate, but cross-tax, departmental-spending, and block-grant heads are outside this static construction. | Partial scope: this is not an all-head measure total. Unmapped OBR heads: Corporation tax (onshore), Capital gains tax, PSCE in RDEL, Scottish BGA (current)."
autumn_budget_2025__dividend_income_rate_increase,Dividend Income: Increase tax rates on dividend income by 2ppts at the ordinary and upper rate from 6 April 2026,Autumn Budget 2025,2030,2030-31,Income tax,head,1457940339.8309336,1014237482.576416,0.6956645994815053,same_sign_ratio_0.5_to_0.8,constructed,different_model,Tax Measures (Policy measures database),revenue_change,hmt_scorecard_obr_database,forecast,unstated in harvest,reversal_on_certified_world,results/uk/obr_costings/autumn_budget_2025__dividend_income_rate_increase_2030.json,"OBR source facts: source_model=hmt_scorecard_obr_database; basis=forecast; behavioural_adjustment=unstated in harvest. | PE: static microsimulation on the certified world; reversal re-oriented to the announced measure; PE calendar year 2030 proxies FY 2030-31. measure Δ = −(reversal − baseline). | Head mapping: Income tax = income_tax; positive gain to the Exchequer = +Δtax. | Partial construction: Reverses the certified ordinary/basic and upper/higher dividend rates to 8.75% and 33.75%; the additional rate was not changed by this measure. PE maps Income Tax directly and retains the required broad NICs aggregate, but cross-tax, departmental-spending, and block-grant heads are outside this static construction. Unmapped OBR heads: Corporation tax (onshore), Capital gains tax, PSCE in RDEL, Scottish BGA (current). | Comparison scope: benchmark_class=different_model; head_scope=single mapped source head (Income tax); remaining_difference=unexplained."
autumn_budget_2025__dividend_income_rate_increase,Dividend Income: Increase tax rates on dividend income by 2ppts at the ordinary and upper rate from 6 April 2026,Autumn Budget 2025,2030,2030-31,NICs,head,312129427.5330534,-0.0,-0.0,pe_zero,constructed,different_model,Tax Measures (Policy measures database),revenue_change,hmt_scorecard_obr_database,forecast,unstated in harvest,reversal_on_certified_world,results/uk/obr_costings/autumn_budget_2025__dividend_income_rate_increase_2030.json,"OBR source facts: source_model=hmt_scorecard_obr_database; basis=forecast; behavioural_adjustment=unstated in harvest. | PE: static microsimulation on the certified world; reversal re-oriented to the announced measure; PE calendar year 2030 proxies FY 2030-31. measure Δ = −(reversal − baseline). | Head mapping: NICs = ni_class_1_employee + ni_class_1_employer + ni_class_4; positive gain to the Exchequer = +Δtax. | Partial construction: Reverses the certified ordinary/basic and upper/higher dividend rates to 8.75% and 33.75%; the additional rate was not changed by this measure. PE maps Income Tax directly and retains the required broad NICs aggregate, but cross-tax, departmental-spending, and block-grant heads are outside this static construction. Unmapped OBR heads: Corporation tax (onshore), Capital gains tax, PSCE in RDEL, Scottish BGA (current). | Comparison scope: benchmark_class=different_model; head_scope=single mapped source head (NICs); remaining_difference=unexplained."
autumn_budget_2025__dividend_income_rate_increase,Dividend Income: Increase tax rates on dividend income by 2ppts at the ordinary and upper rate from 6 April 2026,Autumn Budget 2025,2030,2030-31,Mapped-head total,mapped_head_total,1770069767.363987,1014237482.576416,0.5729929414515863,same_sign_ratio_0.5_to_0.8,constructed,different_model,Tax Measures (Policy measures database),revenue_change,hmt_scorecard_obr_database,forecast,unstated in harvest,reversal_on_certified_world,results/uk/obr_costings/autumn_budget_2025__dividend_income_rate_increase_2030.json,"Derived mapped-head total for this comparison only: sums Income tax, NICs; it is not attached to an external TOTAL claim. | OBR source facts represented by the mapped heads: source_model=hmt_scorecard_obr_database; basis=forecast; behavioural_adjustment=unstated in harvest. | PE: static microsimulation on the certified world; reversal re-oriented to the announced measure; PE calendar year 2030 proxies FY 2030-31. measure Δ = −(reversal − baseline). | Comparison scope: benchmark_class=different_model; head_scope=mapped PMD heads only; remaining_difference=unexplained. | Registry construction: Reverses the certified ordinary/basic and upper/higher dividend rates to 8.75% and 33.75%; the additional rate was not changed by this measure. PE maps Income Tax directly and retains the required broad NICs aggregate, but cross-tax, departmental-spending, and block-grant heads are outside this static construction. | Partial scope: this is not an all-head measure total. Unmapped OBR heads: Corporation tax (onshore), Capital gains tax, PSCE in RDEL, Scottish BGA (current)."
autumn_budget_2025__employer_nics_secondary_threshold_freeze_extension,National Insurance: Maintain the secondary threshold for employer contributions at current level for a further three years until April 2031,Autumn Budget 2025,2026,2026-27,Income tax,head,0.0,-0.0,,both_zero,constructed,different_model,Tax Measures (Policy measures database),revenue_change,hmt_scorecard_obr_database,forecast,unstated in harvest,reversal_on_certified_world,results/uk/obr_costings/autumn_budget_2025__employer_nics_secondary_threshold_freeze_extension_2026.json,"OBR source facts: source_model=hmt_scorecard_obr_database; basis=forecast; behavioural_adjustment=unstated in harvest. | PE: static microsimulation on the certified world; reversal re-oriented to the announced measure; PE calendar year 2026 proxies FY 2026-27. measure Δ = −(reversal − baseline). | Head mapping: Income tax = income_tax; positive gain to the Exchequer = +Δtax. | Partial construction: Counterfactual weekly values apply the installed parameter's documented OBR-CPI uprating to £96 from 2028. Exact source rounding and non-microsimulation heads are not assumption-matched, so this is partial. Unmapped OBR heads: Corporation tax (onshore), PSCE in RDEL, Scottish BGA (current). | Comparison scope: benchmark_class=different_model; head_scope=single mapped source head (Income tax); remaining_difference=unexplained."
autumn_budget_2025__employer_nics_secondary_threshold_freeze_extension,National Insurance: Maintain the secondary threshold for employer contributions at current level for a further three years until April 2031,Autumn Budget 2025,2026,2026-27,NICs,head,0.0,-0.0,,both_zero,constructed,different_model,Tax Measures (Policy measures database),revenue_change,hmt_scorecard_obr_database,forecast,unstated in harvest,reversal_on_certified_world,results/uk/obr_costings/autumn_budget_2025__employer_nics_secondary_threshold_freeze_extension_2026.json,"OBR source facts: source_model=hmt_scorecard_obr_database; basis=forecast; behavioural_adjustment=unstated in harvest. | PE: static microsimulation on the certified world; reversal re-oriented to the announced measure; PE calendar year 2026 proxies FY 2026-27. measure Δ = −(reversal − baseline). | Head mapping: NICs = ni_class_1_employee + ni_class_1_employer + ni_class_4; positive gain to the Exchequer = +Δtax. | Partial construction: Counterfactual weekly values apply the installed parameter's documented OBR-CPI uprating to £96 from 2028. Exact source rounding and non-microsimulation heads are not assumption-matched, so this is partial. Unmapped OBR heads: Corporation tax (onshore), PSCE in RDEL, Scottish BGA (current). | Comparison scope: benchmark_class=different_model; head_scope=single mapped source head (NICs); remaining_difference=unexplained."
autumn_budget_2025__employer_nics_secondary_threshold_freeze_extension,National Insurance: Maintain the secondary threshold for employer contributions at current level for a further three years until April 2031,Autumn Budget 2025,2026,2026-27,Mapped-head total,mapped_head_total,0.0,0.0,,both_zero,constructed,different_model,Tax Measures (Policy measures database),revenue_change,hmt_scorecard_obr_database,forecast,unstated in harvest,reversal_on_certified_world,results/uk/obr_costings/autumn_budget_2025__employer_nics_secondary_threshold_freeze_extension_2026.json,"Derived mapped-head total for this comparison only: sums Income tax, NICs; it is not attached to an external TOTAL claim. | OBR source facts represented by the mapped heads: source_model=hmt_scorecard_obr_database; basis=forecast; behavioural_adjustment=unstated in harvest. | PE: static microsimulation on the certified world; reversal re-oriented to the announced measure; PE calendar year 2026 proxies FY 2026-27. measure Δ = −(reversal − baseline). | Comparison scope: benchmark_class=different_model; head_scope=mapped PMD heads only; remaining_difference=unexplained. | Registry construction: Counterfactual weekly values apply the installed parameter's documented OBR-CPI uprating to £96 from 2028. Exact source rounding and non-microsimulation heads are not assumption-matched, so this is partial. | Partial scope: this is not an all-head measure total. Unmapped OBR heads: Corporation tax (onshore), PSCE in RDEL, Scottish BGA (current)."
autumn_budget_2025__employer_nics_secondary_threshold_freeze_extension,National Insurance: Maintain the secondary threshold for employer contributions at current level for a further three years until April 2031,Autumn Budget 2025,2027,2027-28,Income tax,head,0.0,-0.0,,both_zero,constructed,different_model,Tax Measures (Policy measures database),revenue_change,hmt_scorecard_obr_database,forecast,unstated in harvest,reversal_on_certified_world,results/uk/obr_costings/autumn_budget_2025__employer_nics_secondary_threshold_freeze_extension_2027.json,"OBR source facts: source_model=hmt_scorecard_obr_database; basis=forecast; behavioural_adjustment=unstated in harvest. | PE: static microsimulation on the certified world; reversal re-oriented to the announced measure; PE calendar year 2027 proxies FY 2027-28. measure Δ = −(reversal − baseline). | Head mapping: Income tax = income_tax; positive gain to the Exchequer = +Δtax. | Partial construction: Counterfactual weekly values apply the installed parameter's documented OBR-CPI uprating to £96 from 2028. Exact source rounding and non-microsimulation heads are not assumption-matched, so this is partial. Unmapped OBR heads: Corporation tax (onshore), PSCE in RDEL, Scottish BGA (current). | Comparison scope: benchmark_class=different_model; head_scope=single mapped source head (Income tax); remaining_difference=unexplained."
autumn_budget_2025__employer_nics_secondary_threshold_freeze_extension,National Insurance: Maintain the secondary threshold for employer contributions at current level for a further three years until April 2031,Autumn Budget 2025,2027,2027-28,NICs,head,0.0,-0.0,,both_zero,constructed,different_model,Tax Measures (Policy measures database),revenue_change,hmt_scorecard_obr_database,forecast,unstated in harvest,reversal_on_certified_world,results/uk/obr_costings/autumn_budget_2025__employer_nics_secondary_threshold_freeze_extension_2027.json,"OBR source facts: source_model=hmt_scorecard_obr_database; basis=forecast; behavioural_adjustment=unstated in harvest. | PE: static microsimulation on the certified world; reversal re-oriented to the announced measure; PE calendar year 2027 proxies FY 2027-28. measure Δ = −(reversal − baseline). | Head mapping: NICs = ni_class_1_employee + ni_class_1_employer + ni_class_4; positive gain to the Exchequer = +Δtax. | Partial construction: Counterfactual weekly values apply the installed parameter's documented OBR-CPI uprating to £96 from 2028. Exact source rounding and non-microsimulation heads are not assumption-matched, so this is partial. Unmapped OBR heads: Corporation tax (onshore), PSCE in RDEL, Scottish BGA (current). | Comparison scope: benchmark_class=different_model; head_scope=single mapped source head (NICs); remaining_difference=unexplained."
autumn_budget_2025__employer_nics_secondary_threshold_freeze_extension,National Insurance: Maintain the secondary threshold for employer contributions at current level for a further three years until April 2031,Autumn Budget 2025,2027,2027-28,Mapped-head total,mapped_head_total,0.0,0.0,,both_zero,constructed,different_model,Tax Measures (Policy measures database),revenue_change,hmt_scorecard_obr_database,forecast,unstated in harvest,reversal_on_certified_world,results/uk/obr_costings/autumn_budget_2025__employer_nics_secondary_threshold_freeze_extension_2027.json,"Derived mapped-head total for this comparison only: sums Income tax, NICs; it is not attached to an external TOTAL claim. | OBR source facts represented by the mapped heads: source_model=hmt_scorecard_obr_database; basis=forecast; behavioural_adjustment=unstated in harvest. | PE: static microsimulation on the certified world; reversal re-oriented to the announced measure; PE calendar year 2027 proxies FY 2027-28. measure Δ = −(reversal − baseline). | Comparison scope: benchmark_class=different_model; head_scope=mapped PMD heads only; remaining_difference=unexplained. | Registry construction: Counterfactual weekly values apply the installed parameter's documented OBR-CPI uprating to £96 from 2028. Exact source rounding and non-microsimulation heads are not assumption-matched, so this is partial. | Partial scope: this is not an all-head measure total. Unmapped OBR heads: Corporation tax (onshore), PSCE in RDEL, Scottish BGA (current)."
autumn_budget_2025__employer_nics_secondary_threshold_freeze_extension,National Insurance: Maintain the secondary threshold for employer contributions at current level for a further three years until April 2031,Autumn Budget 2025,2028,2028-29,Income tax,head,-75368341.27218263,-95983530.8145752,1.2735258491087602,same_sign_ratio_1.25_to_2,constructed,different_model,Tax Measures (Policy measures database),revenue_change,hmt_scorecard_obr_database,forecast,unstated in harvest,reversal_on_certified_world,results/uk/obr_costings/autumn_budget_2025__employer_nics_secondary_threshold_freeze_extension_2028.json,"OBR source facts: source_model=hmt_scorecard_obr_database; basis=forecast; behavioural_adjustment=unstated in harvest. | PE: static microsimulation on the certified world; reversal re-oriented to the announced measure; PE calendar year 2028 proxies FY 2028-29. measure Δ = −(reversal − baseline). | Head mapping: Income tax = income_tax; positive gain to the Exchequer = +Δtax. | Partial construction: Counterfactual weekly values apply the installed parameter's documented OBR-CPI uprating to £96 from 2028. Exact source rounding and non-microsimulation heads are not assumption-matched, so this is partial. Unmapped OBR heads: Corporation tax (onshore), PSCE in RDEL, Scottish BGA (current). | Comparison scope: benchmark_class=different_model; head_scope=single mapped source head (Income tax); remaining_difference=unexplained."
autumn_budget_2025__employer_nics_secondary_threshold_freeze_extension,National Insurance: Maintain the secondary threshold for employer contributions at current level for a further three years until April 2031,Autumn Budget 2025,2028,2028-29,NICs,head,398270000.00000006,326313587.5677004,0.8193275606189278,same_sign_ratio_0.8_to_1.25,constructed,different_model,Tax Measures (Policy measures database),revenue_change,hmt_scorecard_obr_database,forecast,unstated in harvest,reversal_on_certified_world,results/uk/obr_costings/autumn_budget_2025__employer_nics_secondary_threshold_freeze_extension_2028.json,"OBR source facts: source_model=hmt_scorecard_obr_database; basis=forecast; behavioural_adjustment=unstated in harvest. | PE: static microsimulation on the certified world; reversal re-oriented to the announced measure; PE calendar year 2028 proxies FY 2028-29. measure Δ = −(reversal − baseline). | Head mapping: NICs = ni_class_1_employee + ni_class_1_employer + ni_class_4; positive gain to the Exchequer = +Δtax. | Partial construction: Counterfactual weekly values apply the installed parameter's documented OBR-CPI uprating to £96 from 2028. Exact source rounding and non-microsimulation heads are not assumption-matched, so this is partial. Unmapped OBR heads: Corporation tax (onshore), PSCE in RDEL, Scottish BGA (current). | Comparison scope: benchmark_class=different_model; head_scope=single mapped source head (NICs); remaining_difference=unexplained."
autumn_budget_2025__employer_nics_secondary_threshold_freeze_extension,National Insurance: Maintain the secondary threshold for employer contributions at current level for a further three years until April 2031,Autumn Budget 2025,2028,2028-29,Mapped-head total,mapped_head_total,322901658.7278174,230330056.7531252,0.7133133278428794,same_sign_ratio_0.5_to_0.8,constructed,different_model,Tax Measures (Policy measures database),revenue_change,hmt_scorecard_obr_database,forecast,unstated in harvest,reversal_on_certified_world,results/uk/obr_costings/autumn_budget_2025__employer_nics_secondary_threshold_freeze_extension_2028.json,"Derived mapped-head total for this comparison only: sums Income tax, NICs; it is not attached to an external TOTAL claim. | OBR source facts represented by the mapped heads: source_model=hmt_scorecard_obr_database; basis=forecast; behavioural_adjustment=unstated in harvest. | PE: static microsimulation on the certified world; reversal re-oriented to the announced measure; PE calendar year 2028 proxies FY 2028-29. measure Δ = −(reversal − baseline). | Comparison scope: benchmark_class=different_model; head_scope=mapped PMD heads only; remaining_difference=unexplained. | Registry construction: Counterfactual weekly values apply the installed parameter's documented OBR-CPI uprating to £96 from 2028. Exact source rounding and non-microsimulation heads are not assumption-matched, so this is partial. | Partial scope: this is not an all-head measure total. Unmapped OBR heads: Corporation tax (onshore), PSCE in RDEL, Scottish BGA (current)."
autumn_budget_2025__employer_nics_secondary_threshold_freeze_extension,National Insurance: Maintain the secondary threshold for employer contributions at current level for a further three years until April 2031,Autumn Budget 2025,2029,2029-30,Income tax,head,-159909719.01817313,-198664881.8786621,1.2423565190311203,same_sign_ratio_0.8_to_1.25,constructed,different_model,Tax Measures (Policy measures database),revenue_change,hmt_scorecard_obr_database,forecast,unstated in harvest,reversal_on_certified_world,results/uk/obr_costings/autumn_budget_2025__employer_nics_secondary_threshold_freeze_extension_2029.json,"OBR source facts: source_model=hmt_scorecard_obr_database; basis=forecast; behavioural_adjustment=unstated in harvest. | PE: static microsimulation on the certified world; reversal re-oriented to the announced measure; PE calendar year 2029 proxies FY 2029-30. measure Δ = −(reversal − baseline). | Head mapping: Income tax = income_tax; positive gain to the Exchequer = +Δtax. | Partial construction: Counterfactual weekly values apply the installed parameter's documented OBR-CPI uprating to £96 from 2028. Exact source rounding and non-microsimulation heads are not assumption-matched, so this is partial. Unmapped OBR heads: Corporation tax (onshore), PSCE in RDEL, Scottish BGA (current). | Comparison scope: benchmark_class=different_model; head_scope=single mapped source head (Income tax); remaining_difference=unexplained."
autumn_budget_2025__employer_nics_secondary_threshold_freeze_extension,National Insurance: Maintain the secondary threshold for employer contributions at current level for a further three years until April 2031,Autumn Budget 2025,2029,2029-30,NICs,head,842920000.0000001,662958618.8478241,0.7865024187916101,same_sign_ratio_0.5_to_0.8,constructed,different_model,Tax Measures (Policy measures database),revenue_change,hmt_scorecard_obr_database,forecast,unstated in harvest,reversal_on_certified_world,results/uk/obr_costings/autumn_budget_2025__employer_nics_secondary_threshold_freeze_extension_2029.json,"OBR source facts: source_model=hmt_scorecard_obr_database; basis=forecast; behavioural_adjustment=unstated in harvest. | PE: static microsimulation on the certified world; reversal re-oriented to the announced measure; PE calendar year 2029 proxies FY 2029-30. measure Δ = −(reversal − baseline). | Head mapping: NICs = ni_class_1_employee + ni_class_1_employer + ni_class_4; positive gain to the Exchequer = +Δtax. | Partial construction: Counterfactual weekly values apply the installed parameter's documented OBR-CPI uprating to £96 from 2028. Exact source rounding and non-microsimulation heads are not assumption-matched, so this is partial. Unmapped OBR heads: Corporation tax (onshore), PSCE in RDEL, Scottish BGA (current). | Comparison scope: benchmark_class=different_model; head_scope=single mapped source head (NICs); remaining_difference=unexplained."
autumn_budget_2025__employer_nics_secondary_threshold_freeze_extension,National Insurance: Maintain the secondary threshold for employer contributions at current level for a further three years until April 2031,Autumn Budget 2025,2029,2029-30,Mapped-head total,mapped_head_total,683010280.981827,464293736.969162,0.6797756196315814,same_sign_ratio_0.5_to_0.8,constructed,different_model,Tax Measures (Policy measures database),revenue_change,hmt_scorecard_obr_database,forecast,unstated in harvest,reversal_on_certified_world,results/uk/obr_costings/autumn_budget_2025__employer_nics_secondary_threshold_freeze_extension_2029.json,"Derived mapped-head total for this comparison only: sums Income tax, NICs; it is not attached to an external TOTAL claim. | OBR source facts represented by the mapped heads: source_model=hmt_scorecard_obr_database; basis=forecast; behavioural_adjustment=unstated in harvest. | PE: static microsimulation on the certified world; reversal re-oriented to the announced measure; PE calendar year 2029 proxies FY 2029-30. measure Δ = −(reversal − baseline). | Comparison scope: benchmark_class=different_model; head_scope=mapped PMD heads only; remaining_difference=unexplained. | Registry construction: Counterfactual weekly values apply the installed parameter's documented OBR-CPI uprating to £96 from 2028. Exact source rounding and non-microsimulation heads are not assumption-matched, so this is partial. | Partial scope: this is not an all-head measure total. Unmapped OBR heads: Corporation tax (onshore), PSCE in RDEL, Scottish BGA (current)."
autumn_budget_2025__employer_nics_secondary_threshold_freeze_extension,National Insurance: Maintain the secondary threshold for employer contributions at current level for a further three years until April 2031,Autumn Budget 2025,2030,2030-31,Income tax,head,-237932539.3115916,-306584119.0880127,1.2885338002740196,same_sign_ratio_1.25_to_2,constructed,different_model,Tax Measures (Policy measures database),revenue_change,hmt_scorecard_obr_database,forecast,unstated in harvest,reversal_on_certified_world,results/uk/obr_costings/autumn_budget_2025__employer_nics_secondary_threshold_freeze_extension_2030.json,"OBR source facts: source_model=hmt_scorecard_obr_database; basis=forecast; behavioural_adjustment=unstated in harvest. | PE: static microsimulation on the certified world; reversal re-oriented to the announced measure; PE calendar year 2030 proxies FY 2030-31. measure Δ = −(reversal − baseline). | Head mapping: Income tax = income_tax; positive gain to the Exchequer = +Δtax. | Partial construction: Counterfactual weekly values apply the installed parameter's documented OBR-CPI uprating to £96 from 2028. Exact source rounding and non-microsimulation heads are not assumption-matched, so this is partial. Unmapped OBR heads: Corporation tax (onshore), PSCE in RDEL, Scottish BGA (current). | Comparison scope: benchmark_class=different_model; head_scope=single mapped source head (Income tax); remaining_difference=unexplained."
autumn_budget_2025__employer_nics_secondary_threshold_freeze_extension,National Insurance: Maintain the secondary threshold for employer contributions at current level for a further three years until April 2031,Autumn Budget 2025,2030,2030-31,NICs,head,1253420000.0,1009608107.7913971,0.8054826856053016,same_sign_ratio_0.8_to_1.25,constructed,different_model,Tax Measures (Policy measures database),revenue_change,hmt_scorecard_obr_database,forecast,unstated in harvest,reversal_on_certified_world,results/uk/obr_costings/autumn_budget_2025__employer_nics_secondary_threshold_freeze_extension_2030.json,"OBR source facts: source_model=hmt_scorecard_obr_database; basis=forecast; behavioural_adjustment=unstated in harvest. | PE: static microsimulation on the certified world; reversal re-oriented to the announced measure; PE calendar year 2030 proxies FY 2030-31. measure Δ = −(reversal − baseline). | Head mapping: NICs = ni_class_1_employee + ni_class_1_employer + ni_class_4; positive gain to the Exchequer = +Δtax. | Partial construction: Counterfactual weekly values apply the installed parameter's documented OBR-CPI uprating to £96 from 2028. Exact source rounding and non-microsimulation heads are not assumption-matched, so this is partial. Unmapped OBR heads: Corporation tax (onshore), PSCE in RDEL, Scottish BGA (current). | Comparison scope: benchmark_class=different_model; head_scope=single mapped source head (NICs); remaining_difference=unexplained."
autumn_budget_2025__employer_nics_secondary_threshold_freeze_extension,National Insurance: Maintain the secondary threshold for employer contributions at current level for a further three years until April 2031,Autumn Budget 2025,2030,2030-31,Mapped-head total,mapped_head_total,1015487460.6884084,703023988.7033844,0.6923019888663104,same_sign_ratio_0.5_to_0.8,constructed,different_model,Tax Measures (Policy measures database),revenue_change,hmt_scorecard_obr_database,forecast,unstated in harvest,reversal_on_certified_world,results/uk/obr_costings/autumn_budget_2025__employer_nics_secondary_threshold_freeze_extension_2030.json,"Derived mapped-head total for this comparison only: sums Income tax, NICs; it is not attached to an external TOTAL claim. | OBR source facts represented by the mapped heads: source_model=hmt_scorecard_obr_database; basis=forecast; behavioural_adjustment=unstated in harvest. | PE: static microsimulation on the certified world; reversal re-oriented to the announced measure; PE calendar year 2030 proxies FY 2030-31. measure Δ = −(reversal − baseline). | Comparison scope: benchmark_class=different_model; head_scope=mapped PMD heads only; remaining_difference=unexplained. | Registry construction: Counterfactual weekly values apply the installed parameter's documented OBR-CPI uprating to £96 from 2028. Exact source rounding and non-microsimulation heads are not assumption-matched, so this is partial. | Partial scope: this is not an all-head measure total. Unmapped OBR heads: Corporation tax (onshore), PSCE in RDEL, Scottish BGA (current)."
autumn_budget_2025__personal_tax_and_nics_threshold_freeze_extension,Personal Tax: Maintain the personal income tax and equivalent national insurance thresholds at current levels for a further three years until April 2031,Autumn Budget 2025,2026,2026-27,Income tax,head,0.0,-0.0,,both_zero,constructed,different_model,Tax Measures (Policy measures database),revenue_change,hmt_scorecard_obr_database,forecast,unstated in harvest,reversal_on_certified_world,results/uk/obr_costings/autumn_budget_2025__personal_tax_and_nics_threshold_freeze_extension_2026.json,"OBR source facts: source_model=hmt_scorecard_obr_database; basis=forecast; behavioural_adjustment=unstated in harvest. | PE: static microsimulation on the certified world; reversal re-oriented to the announced measure; PE calendar year 2026 proxies FY 2026-27. measure Δ = −(reversal − baseline). | Head mapping: Income tax = income_tax; positive gain to the Exchequer = +Δtax. | Partial construction: Reverses the PA/main/dividend HRT extension using the installed parameters' documented CPI uprating indices. The certified bundle already resumes uprating PT/UEL from 2028 and Class 4 limits from 2027, so it does not consistently encode the equivalent-NI freeze; this construction is partial and makes no NI threshold override. Unmapped OBR heads: Capital gains tax, Corporation tax (onshore), PSCE in RDEL, Scottish BGA (current). | Comparison scope: benchmark_class=different_model; head_scope=single mapped source head (Income tax); remaining_difference=unexplained."
autumn_budget_2025__personal_tax_and_nics_threshold_freeze_extension,Personal Tax: Maintain the personal income tax and equivalent national insurance thresholds at current levels for a further three years until April 2031,Autumn Budget 2025,2026,2026-27,NICs,head,0.0,-0.0,,both_zero,constructed,different_model,Tax Measures (Policy measures database),revenue_change,hmt_scorecard_obr_database,forecast,unstated in harvest,reversal_on_certified_world,results/uk/obr_costings/autumn_budget_2025__personal_tax_and_nics_threshold_freeze_extension_2026.json,"OBR source facts: source_model=hmt_scorecard_obr_database; basis=forecast; behavioural_adjustment=unstated in harvest. | PE: static microsimulation on the certified world; reversal re-oriented to the announced measure; PE calendar year 2026 proxies FY 2026-27. measure Δ = −(reversal − baseline). | Head mapping: NICs = ni_class_1_employee + ni_class_1_employer + ni_class_4; positive gain to the Exchequer = +Δtax. | Partial construction: Reverses the PA/main/dividend HRT extension using the installed parameters' documented CPI uprating indices. The certified bundle already resumes uprating PT/UEL from 2028 and Class 4 limits from 2027, so it does not consistently encode the equivalent-NI freeze; this construction is partial and makes no NI threshold override. Unmapped OBR heads: Capital gains tax, Corporation tax (onshore), PSCE in RDEL, Scottish BGA (current). | Comparison scope: benchmark_class=different_model; head_scope=single mapped source head (NICs); remaining_difference=unexplained."
autumn_budget_2025__personal_tax_and_nics_threshold_freeze_extension,Personal Tax: Maintain the personal income tax and equivalent national insurance thresholds at current levels for a further three years until April 2031,Autumn Budget 2025,2026,2026-27,Welfare inside cap,head,0.0,0.0,,both_zero,constructed,different_model,Spending Measures (Policy measures database),exchequer_impact,hmt_scorecard_obr_database,forecast,unstated in harvest,reversal_on_certified_world,results/uk/obr_costings/autumn_budget_2025__personal_tax_and_nics_threshold_freeze_extension_2026.json,"OBR source facts: source_model=hmt_scorecard_obr_database; basis=forecast; behavioural_adjustment=unstated in harvest. | PE: static microsimulation on the certified world; reversal re-oriented to the announced measure; PE calendar year 2026 proxies FY 2026-27. measure Δ = −(reversal − baseline). | Head mapping: Welfare inside cap = universal_credit; positive gain to the Exchequer = −Δspending. | Partial construction: Reverses the PA/main/dividend HRT extension using the installed parameters' documented CPI uprating indices. The certified bundle already resumes uprating PT/UEL from 2028 and Class 4 limits from 2027, so it does not consistently encode the equivalent-NI freeze; this construction is partial and makes no NI threshold override. Unmapped OBR heads: Capital gains tax, Corporation tax (onshore), PSCE in RDEL, Scottish BGA (current). | Comparison scope: benchmark_class=different_model; head_scope=single mapped source head (Welfare inside cap); remaining_difference=unexplained."
autumn_budget_2025__personal_tax_and_nics_threshold_freeze_extension,Personal Tax: Maintain the personal income tax and equivalent national insurance thresholds at current levels for a further three years until April 2031,Autumn Budget 2025,2026,2026-27,Mapped-head total,mapped_head_total,0.0,0.0,,both_zero,constructed,different_model,Spending Measures (Policy measures database) + Tax Measures (Policy measures database),exchequer_impact + revenue_change,hmt_scorecard_obr_database,forecast,unstated in harvest,reversal_on_certified_world,results/uk/obr_costings/autumn_budget_2025__personal_tax_and_nics_threshold_freeze_extension_2026.json,"Derived mapped-head total for this comparison only: sums Income tax, NICs, Welfare inside cap; it is not attached to an external TOTAL claim. | OBR source facts represented by the mapped heads: source_model=hmt_scorecard_obr_database; basis=forecast; behavioural_adjustment=unstated in harvest. | PE: static microsimulation on the certified world; reversal re-oriented to the announced measure; PE calendar year 2026 proxies FY 2026-27. measure Δ = −(reversal − baseline). | Comparison scope: benchmark_class=different_model; head_scope=mapped PMD heads only; remaining_difference=unexplained. | Registry construction: Reverses the PA/main/dividend HRT extension using the installed parameters' documented CPI uprating indices. The certified bundle already resumes uprating PT/UEL from 2028 and Class 4 limits from 2027, so it does not consistently encode the equivalent-NI freeze; this construction is partial and makes no NI threshold override. | Partial scope: this is not an all-head measure total. Unmapped OBR heads: Capital gains tax, Corporation tax (onshore), PSCE in RDEL, Scottish BGA (current)."
autumn_budget_2025__personal_tax_and_nics_threshold_freeze_extension,Personal Tax: Maintain the personal income tax and equivalent national insurance thresholds at current levels for a further three years until April 2031,Autumn Budget 2025,2027,2027-28,Income tax,head,0.0,-0.0,,both_zero,constructed,different_model,Tax Measures (Policy measures database),revenue_change,hmt_scorecard_obr_database,forecast,unstated in harvest,reversal_on_certified_world,results/uk/obr_costings/autumn_budget_2025__personal_tax_and_nics_threshold_freeze_extension_2027.json,"OBR source facts: source_model=hmt_scorecard_obr_database; basis=forecast; behavioural_adjustment=unstated in harvest. | PE: static microsimulation on the certified world; reversal re-oriented to the announced measure; PE calendar year 2027 proxies FY 2027-28. measure Δ = −(reversal − baseline). | Head mapping: Income tax = income_tax; positive gain to the Exchequer = +Δtax. | Partial construction: Reverses the PA/main/dividend HRT extension using the installed parameters' documented CPI uprating indices. The certified bundle already resumes uprating PT/UEL from 2028 and Class 4 limits from 2027, so it does not consistently encode the equivalent-NI freeze; this construction is partial and makes no NI threshold override. Unmapped OBR heads: Capital gains tax, Corporation tax (onshore), PSCE in RDEL, Scottish BGA (current). | Comparison scope: benchmark_class=different_model; head_scope=single mapped source head (Income tax); remaining_difference=unexplained."
autumn_budget_2025__personal_tax_and_nics_threshold_freeze_extension,Personal Tax: Maintain the personal income tax and equivalent national insurance thresholds at current levels for a further three years until April 2031,Autumn Budget 2025,2027,2027-28,NICs,head,0.0,-0.0,,both_zero,constructed,different_model,Tax Measures (Policy measures database),revenue_change,hmt_scorecard_obr_database,forecast,unstated in harvest,reversal_on_certified_world,results/uk/obr_costings/autumn_budget_2025__personal_tax_and_nics_threshold_freeze_extension_2027.json,"OBR source facts: source_model=hmt_scorecard_obr_database; basis=forecast; behavioural_adjustment=unstated in harvest. | PE: static microsimulation on the certified world; reversal re-oriented to the announced measure; PE calendar year 2027 proxies FY 2027-28. measure Δ = −(reversal − baseline). | Head mapping: NICs = ni_class_1_employee + ni_class_1_employer + ni_class_4; positive gain to the Exchequer = +Δtax. | Partial construction: Reverses the PA/main/dividend HRT extension using the installed parameters' documented CPI uprating indices. The certified bundle already resumes uprating PT/UEL from 2028 and Class 4 limits from 2027, so it does not consistently encode the equivalent-NI freeze; this construction is partial and makes no NI threshold override. Unmapped OBR heads: Capital gains tax, Corporation tax (onshore), PSCE in RDEL, Scottish BGA (current). | Comparison scope: benchmark_class=different_model; head_scope=single mapped source head (NICs); remaining_difference=unexplained."
autumn_budget_2025__personal_tax_and_nics_threshold_freeze_extension,Personal Tax: Maintain the personal income tax and equivalent national insurance thresholds at current levels for a further three years until April 2031,Autumn Budget 2025,2027,2027-28,Welfare inside cap,head,0.0,0.0,,both_zero,constructed,different_model,Spending Measures (Policy measures database),exchequer_impact,hmt_scorecard_obr_database,forecast,unstated in harvest,reversal_on_certified_world,results/uk/obr_costings/autumn_budget_2025__personal_tax_and_nics_threshold_freeze_extension_2027.json,"OBR source facts: source_model=hmt_scorecard_obr_database; basis=forecast; behavioural_adjustment=unstated in harvest. | PE: static microsimulation on the certified world; reversal re-oriented to the announced measure; PE calendar year 2027 proxies FY 2027-28. measure Δ = −(reversal − baseline). | Head mapping: Welfare inside cap = universal_credit; positive gain to the Exchequer = −Δspending. | Partial construction: Reverses the PA/main/dividend HRT extension using the installed parameters' documented CPI uprating indices. The certified bundle already resumes uprating PT/UEL from 2028 and Class 4 limits from 2027, so it does not consistently encode the equivalent-NI freeze; this construction is partial and makes no NI threshold override. Unmapped OBR heads: Capital gains tax, Corporation tax (onshore), PSCE in RDEL, Scottish BGA (current). | Comparison scope: benchmark_class=different_model; head_scope=single mapped source head (Welfare inside cap); remaining_difference=unexplained."
autumn_budget_2025__personal_tax_and_nics_threshold_freeze_extension,Personal Tax: Maintain the personal income tax and equivalent national insurance thresholds at current levels for a further three years until April 2031,Autumn Budget 2025,2027,2027-28,Mapped-head total,mapped_head_total,0.0,0.0,,both_zero,constructed,different_model,Spending Measures (Policy measures database) + Tax Measures (Policy measures database),exchequer_impact + revenue_change,hmt_scorecard_obr_database,forecast,unstated in harvest,reversal_on_certified_world,results/uk/obr_costings/autumn_budget_2025__personal_tax_and_nics_threshold_freeze_extension_2027.json,"Derived mapped-head total for this comparison only: sums Income tax, NICs, Welfare inside cap; it is not attached to an external TOTAL claim. | OBR source facts represented by the mapped heads: source_model=hmt_scorecard_obr_database; basis=forecast; behavioural_adjustment=unstated in harvest. | PE: static microsimulation on the certified world; reversal re-oriented to the announced measure; PE calendar year 2027 proxies FY 2027-28. measure Δ = −(reversal − baseline). | Comparison scope: benchmark_class=different_model; head_scope=mapped PMD heads only; remaining_difference=unexplained. | Registry construction: Reverses the PA/main/dividend HRT extension using the installed parameters' documented CPI uprating indices. The certified bundle already resumes uprating PT/UEL from 2028 and Class 4 limits from 2027, so it does not consistently encode the equivalent-NI freeze; this construction is partial and makes no NI threshold override. | Partial scope: this is not an all-head measure total. Unmapped OBR heads: Capital gains tax, Corporation tax (onshore), PSCE in RDEL, Scottish BGA (current)."
autumn_budget_2025__personal_tax_and_nics_threshold_freeze_extension,Personal Tax: Maintain the personal income tax and equivalent national insurance thresholds at current levels for a further three years until April 2031,Autumn Budget 2025,2028,2028-29,Income tax,head,3220073386.3742213,4036115762.338745,1.2534235335808235,same_sign_ratio_1.25_to_2,constructed,different_model,Tax Measures (Policy measures database),revenue_change,hmt_scorecard_obr_database,forecast,unstated in harvest,reversal_on_certified_world,results/uk/obr_costings/autumn_budget_2025__personal_tax_and_nics_threshold_freeze_extension_2028.json,"OBR source facts: source_model=hmt_scorecard_obr_database; basis=forecast; behavioural_adjustment=unstated in harvest. | PE: static microsimulation on the certified world; reversal re-oriented to the announced measure; PE calendar year 2028 proxies FY 2028-29. measure Δ = −(reversal − baseline). | Head mapping: Income tax = income_tax; positive gain to the Exchequer = +Δtax. | Partial construction: Reverses the PA/main/dividend HRT extension using the installed parameters' documented CPI uprating indices. The certified bundle already resumes uprating PT/UEL from 2028 and Class 4 limits from 2027, so it does not consistently encode the equivalent-NI freeze; this construction is partial and makes no NI threshold override. Unmapped OBR heads: Capital gains tax, Corporation tax (onshore), PSCE in RDEL, Scottish BGA (current). | Comparison scope: benchmark_class=different_model; head_scope=single mapped source head (Income tax); remaining_difference=unexplained."
autumn_budget_2025__personal_tax_and_nics_threshold_freeze_extension,Personal Tax: Maintain the personal income tax and equivalent national insurance thresholds at current levels for a further three years until April 2031,Autumn Budget 2025,2028,2028-29,NICs,head,156439383.83396828,-0.0,-0.0,pe_zero,constructed,different_model,Tax Measures (Policy measures database),revenue_change,hmt_scorecard_obr_database,forecast,unstated in harvest,reversal_on_certified_world,results/uk/obr_costings/autumn_budget_2025__personal_tax_and_nics_threshold_freeze_extension_2028.json,"OBR source facts: source_model=hmt_scorecard_obr_database; basis=forecast; behavioural_adjustment=unstated in harvest. | PE: static microsimulation on the certified world; reversal re-oriented to the announced measure; PE calendar year 2028 proxies FY 2028-29. measure Δ = −(reversal − baseline). | Head mapping: NICs = ni_class_1_employee + ni_class_1_employer + ni_class_4; positive gain to the Exchequer = +Δtax. | Partial construction: Reverses the PA/main/dividend HRT extension using the installed parameters' documented CPI uprating indices. The certified bundle already resumes uprating PT/UEL from 2028 and Class 4 limits from 2027, so it does not consistently encode the equivalent-NI freeze; this construction is partial and makes no NI threshold override. Unmapped OBR heads: Capital gains tax, Corporation tax (onshore), PSCE in RDEL, Scottish BGA (current). | Comparison scope: benchmark_class=different_model; head_scope=single mapped source head (NICs); remaining_difference=unexplained."
autumn_budget_2025__personal_tax_and_nics_threshold_freeze_extension,Personal Tax: Maintain the personal income tax and equivalent national insurance thresholds at current levels for a further three years until April 2031,Autumn Budget 2025,2028,2028-29,Welfare inside cap,head,-77541696.64243785,-28354843.855041504,0.3656722135677795,same_sign_ratio_below_0.5,constructed,different_model,Spending Measures (Policy measures database),exchequer_impact,hmt_scorecard_obr_database,forecast,unstated in harvest,reversal_on_certified_world,results/uk/obr_costings/autumn_budget_2025__personal_tax_and_nics_threshold_freeze_extension_2028.json,"OBR source facts: source_model=hmt_scorecard_obr_database; basis=forecast; behavioural_adjustment=unstated in harvest. | PE: static microsimulation on the certified world; reversal re-oriented to the announced measure; PE calendar year 2028 proxies FY 2028-29. measure Δ = −(reversal − baseline). | Head mapping: Welfare inside cap = universal_credit; positive gain to the Exchequer = −Δspending. | Partial construction: Reverses the PA/main/dividend HRT extension using the installed parameters' documented CPI uprating indices. The certified bundle already resumes uprating PT/UEL from 2028 and Class 4 limits from 2027, so it does not consistently encode the equivalent-NI freeze; this construction is partial and makes no NI threshold override. Unmapped OBR heads: Capital gains tax, Corporation tax (onshore), PSCE in RDEL, Scottish BGA (current). | Comparison scope: benchmark_class=different_model; head_scope=single mapped source head (Welfare inside cap); remaining_difference=unexplained."
autumn_budget_2025__personal_tax_and_nics_threshold_freeze_extension,Personal Tax: Maintain the personal income tax and equivalent national insurance thresholds at current levels for a further three years until April 2031,Autumn Budget 2025,2028,2028-29,Mapped-head total,mapped_head_total,3298971073.5657516,4007760918.4837036,1.2148517913956256,same_sign_ratio_0.8_to_1.25,constructed,different_model,Spending Measures (Policy measures database) + Tax Measures (Policy measures database),exchequer_impact + revenue_change,hmt_scorecard_obr_database,forecast,unstated in harvest,reversal_on_certified_world,results/uk/obr_costings/autumn_budget_2025__personal_tax_and_nics_threshold_freeze_extension_2028.json,"Derived mapped-head total for this comparison only: sums Income tax, NICs, Welfare inside cap; it is not attached to an external TOTAL claim. | OBR source facts represented by the mapped heads: source_model=hmt_scorecard_obr_database; basis=forecast; behavioural_adjustment=unstated in harvest. | PE: static microsimulation on the certified world; reversal re-oriented to the announced measure; PE calendar year 2028 proxies FY 2028-29. measure Δ = −(reversal − baseline). | Comparison scope: benchmark_class=different_model; head_scope=mapped PMD heads only; remaining_difference=unexplained. | Registry construction: Reverses the PA/main/dividend HRT extension using the installed parameters' documented CPI uprating indices. The certified bundle already resumes uprating PT/UEL from 2028 and Class 4 limits from 2027, so it does not consistently encode the equivalent-NI freeze; this construction is partial and makes no NI threshold override. | Partial scope: this is not an all-head measure total. Unmapped OBR heads: Capital gains tax, Corporation tax (onshore), PSCE in RDEL, Scottish BGA (current)."
autumn_budget_2025__personal_tax_and_nics_threshold_freeze_extension,Personal Tax: Maintain the personal income tax and equivalent national insurance thresholds at current levels for a further three years until April 2031,Autumn Budget 2025,2029,2029-30,Income tax,head,7427273778.518814,8314434690.505005,1.1194463727124266,same_sign_ratio_0.8_to_1.25,constructed,different_model,Tax Measures (Policy measures database),revenue_change,hmt_scorecard_obr_database,forecast,unstated in harvest,reversal_on_certified_world,results/uk/obr_costings/autumn_budget_2025__personal_tax_and_nics_threshold_freeze_extension_2029.json,"OBR source facts: source_model=hmt_scorecard_obr_database; basis=forecast; behavioural_adjustment=unstated in harvest. | PE: static microsimulation on the certified world; reversal re-oriented to the announced measure; PE calendar year 2029 proxies FY 2029-30. measure Δ = −(reversal − baseline). | Head mapping: Income tax = income_tax; positive gain to the Exchequer = +Δtax. | Partial construction: Reverses the PA/main/dividend HRT extension using the installed parameters' documented CPI uprating indices. The certified bundle already resumes uprating PT/UEL from 2028 and Class 4 limits from 2027, so it does not consistently encode the equivalent-NI freeze; this construction is partial and makes no NI threshold override. Unmapped OBR heads: Capital gains tax, Corporation tax (onshore), PSCE in RDEL, Scottish BGA (current). | Comparison scope: benchmark_class=different_model; head_scope=single mapped source head (Income tax); remaining_difference=unexplained."
autumn_budget_2025__personal_tax_and_nics_threshold_freeze_extension,Personal Tax: Maintain the personal income tax and equivalent national insurance thresholds at current levels for a further three years until April 2031,Autumn Budget 2025,2029,2029-30,NICs,head,329060572.787541,-0.0,-0.0,pe_zero,constructed,different_model,Tax Measures (Policy measures database),revenue_change,hmt_scorecard_obr_database,forecast,unstated in harvest,reversal_on_certified_world,results/uk/obr_costings/autumn_budget_2025__personal_tax_and_nics_threshold_freeze_extension_2029.json,"OBR source facts: source_model=hmt_scorecard_obr_database; basis=forecast; behavioural_adjustment=unstated in harvest. | PE: static microsimulation on the certified world; reversal re-oriented to the announced measure; PE calendar year 2029 proxies FY 2029-30. measure Δ = −(reversal − baseline). | Head mapping: NICs = ni_class_1_employee + ni_class_1_employer + ni_class_4; positive gain to the Exchequer = +Δtax. | Partial construction: Reverses the PA/main/dividend HRT extension using the installed parameters' documented CPI uprating indices. The certified bundle already resumes uprating PT/UEL from 2028 and Class 4 limits from 2027, so it does not consistently encode the equivalent-NI freeze; this construction is partial and makes no NI threshold override. Unmapped OBR heads: Capital gains tax, Corporation tax (onshore), PSCE in RDEL, Scottish BGA (current). | Comparison scope: benchmark_class=different_model; head_scope=single mapped source head (NICs); remaining_difference=unexplained."
autumn_budget_2025__personal_tax_and_nics_threshold_freeze_extension,Personal Tax: Maintain the personal income tax and equivalent national insurance thresholds at current levels for a further three years until April 2031,Autumn Budget 2025,2029,2029-30,Welfare inside cap,head,-157107573.63540453,-56626289.62754822,0.36043004367796666,same_sign_ratio_below_0.5,constructed,different_model,Spending Measures (Policy measures database),exchequer_impact,hmt_scorecard_obr_database,forecast,unstated in harvest,reversal_on_certified_world,results/uk/obr_costings/autumn_budget_2025__personal_tax_and_nics_threshold_freeze_extension_2029.json,"OBR source facts: source_model=hmt_scorecard_obr_database; basis=forecast; behavioural_adjustment=unstated in harvest. | PE: static microsimulation on the certified world; reversal re-oriented to the announced measure; PE calendar year 2029 proxies FY 2029-30. measure Δ = −(reversal − baseline). | Head mapping: Welfare inside cap = universal_credit; positive gain to the Exchequer = −Δspending. | Partial construction: Reverses the PA/main/dividend HRT extension using the installed parameters' documented CPI uprating indices. The certified bundle already resumes uprating PT/UEL from 2028 and Class 4 limits from 2027, so it does not consistently encode the equivalent-NI freeze; this construction is partial and makes no NI threshold override. Unmapped OBR heads: Capital gains tax, Corporation tax (onshore), PSCE in RDEL, Scottish BGA (current). | Comparison scope: benchmark_class=different_model; head_scope=single mapped source head (Welfare inside cap); remaining_difference=unexplained."
autumn_budget_2025__personal_tax_and_nics_threshold_freeze_extension,Personal Tax: Maintain the personal income tax and equivalent national insurance thresholds at current levels for a further three years until April 2031,Autumn Budget 2025,2029,2029-30,Mapped-head total,mapped_head_total,7599226777.670951,8257808400.877457,1.0866642939439097,same_sign_ratio_0.8_to_1.25,constructed,different_model,Spending Measures (Policy measures database) + Tax Measures (Policy measures database),exchequer_impact + revenue_change,hmt_scorecard_obr_database,forecast,unstated in harvest,reversal_on_certified_world,results/uk/obr_costings/autumn_budget_2025__personal_tax_and_nics_threshold_freeze_extension_2029.json,"Derived mapped-head total for this comparison only: sums Income tax, NICs, Welfare inside cap; it is not attached to an external TOTAL claim. | OBR source facts represented by the mapped heads: source_model=hmt_scorecard_obr_database; basis=forecast; behavioural_adjustment=unstated in harvest. | PE: static microsimulation on the certified world; reversal re-oriented to the announced measure; PE calendar year 2029 proxies FY 2029-30. measure Δ = −(reversal − baseline). | Comparison scope: benchmark_class=different_model; head_scope=mapped PMD heads only; remaining_difference=unexplained. | Registry construction: Reverses the PA/main/dividend HRT extension using the installed parameters' documented CPI uprating indices. The certified bundle already resumes uprating PT/UEL from 2028 and Class 4 limits from 2027, so it does not consistently encode the equivalent-NI freeze; this construction is partial and makes no NI threshold override. | Partial scope: this is not an all-head measure total. Unmapped OBR heads: Capital gains tax, Corporation tax (onshore), PSCE in RDEL, Scottish BGA (current)."
autumn_budget_2025__personal_tax_and_nics_threshold_freeze_extension,Personal Tax: Maintain the personal income tax and equivalent national insurance thresholds at current levels for a further three years until April 2031,Autumn Budget 2025,2030,2030-31,Income tax,head,11531971226.805769,12817826344.461914,1.1115034968754698,same_sign_ratio_0.8_to_1.25,constructed,different_model,Tax Measures (Policy measures database),revenue_change,hmt_scorecard_obr_database,forecast,unstated in harvest,reversal_on_certified_world,results/uk/obr_costings/autumn_budget_2025__personal_tax_and_nics_threshold_freeze_extension_2030.json,"OBR source facts: source_model=hmt_scorecard_obr_database; basis=forecast; behavioural_adjustment=unstated in harvest. | PE: static microsimulation on the certified world; reversal re-oriented to the announced measure; PE calendar year 2030 proxies FY 2030-31. measure Δ = −(reversal − baseline). | Head mapping: Income tax = income_tax; positive gain to the Exchequer = +Δtax. | Partial construction: Reverses the PA/main/dividend HRT extension using the installed parameters' documented CPI uprating indices. The certified bundle already resumes uprating PT/UEL from 2028 and Class 4 limits from 2027, so it does not consistently encode the equivalent-NI freeze; this construction is partial and makes no NI threshold override. Unmapped OBR heads: Capital gains tax, Corporation tax (onshore), PSCE in RDEL, Scottish BGA (current). | Comparison scope: benchmark_class=different_model; head_scope=single mapped source head (Income tax); remaining_difference=unexplained."
autumn_budget_2025__personal_tax_and_nics_threshold_freeze_extension,Personal Tax: Maintain the personal income tax and equivalent national insurance thresholds at current levels for a further three years until April 2031,Autumn Budget 2025,2030,2030-31,NICs,head,533142762.31519884,-0.0,-0.0,pe_zero,constructed,different_model,Tax Measures (Policy measures database),revenue_change,hmt_scorecard_obr_database,forecast,unstated in harvest,reversal_on_certified_world,results/uk/obr_costings/autumn_budget_2025__personal_tax_and_nics_threshold_freeze_extension_2030.json,"OBR source facts: source_model=hmt_scorecard_obr_database; basis=forecast; behavioural_adjustment=unstated in harvest. | PE: static microsimulation on the certified world; reversal re-oriented to the announced measure; PE calendar year 2030 proxies FY 2030-31. measure Δ = −(reversal − baseline). | Head mapping: NICs = ni_class_1_employee + ni_class_1_employer + ni_class_4; positive gain to the Exchequer = +Δtax. | Partial construction: Reverses the PA/main/dividend HRT extension using the installed parameters' documented CPI uprating indices. The certified bundle already resumes uprating PT/UEL from 2028 and Class 4 limits from 2027, so it does not consistently encode the equivalent-NI freeze; this construction is partial and makes no NI threshold override. Unmapped OBR heads: Capital gains tax, Corporation tax (onshore), PSCE in RDEL, Scottish BGA (current). | Comparison scope: benchmark_class=different_model; head_scope=single mapped source head (NICs); remaining_difference=unexplained."
autumn_budget_2025__personal_tax_and_nics_threshold_freeze_extension,Personal Tax: Maintain the personal income tax and equivalent national insurance thresholds at current levels for a further three years until April 2031,Autumn Budget 2025,2030,2030-31,Welfare inside cap,head,-235717202.5606915,-84244420.02688599,0.35739614721244234,same_sign_ratio_below_0.5,constructed,different_model,Spending Measures (Policy measures database),exchequer_impact,hmt_scorecard_obr_database,forecast,unstated in harvest,reversal_on_certified_world,results/uk/obr_costings/autumn_budget_2025__personal_tax_and_nics_threshold_freeze_extension_2030.json,"OBR source facts: source_model=hmt_scorecard_obr_database; basis=forecast; behavioural_adjustment=unstated in harvest. | PE: static microsimulation on the certified world; reversal re-oriented to the announced measure; PE calendar year 2030 proxies FY 2030-31. measure Δ = −(reversal − baseline). | Head mapping: Welfare inside cap = universal_credit; positive gain to the Exchequer = −Δspending. | Partial construction: Reverses the PA/main/dividend HRT extension using the installed parameters' documented CPI uprating indices. The certified bundle already resumes uprating PT/UEL from 2028 and Class 4 limits from 2027, so it does not consistently encode the equivalent-NI freeze; this construction is partial and makes no NI threshold override. Unmapped OBR heads: Capital gains tax, Corporation tax (onshore), PSCE in RDEL, Scottish BGA (current). | Comparison scope: benchmark_class=different_model; head_scope=single mapped source head (Welfare inside cap); remaining_difference=unexplained."
autumn_budget_2025__personal_tax_and_nics_threshold_freeze_extension,Personal Tax: Maintain the personal income tax and equivalent national insurance thresholds at current levels for a further three years until April 2031,Autumn Budget 2025,2030,2030-31,Mapped-head total,mapped_head_total,11829396786.560276,12733581924.435028,1.076435439117405,same_sign_ratio_0.8_to_1.25,constructed,different_model,Spending Measures (Policy measures database) + Tax Measures (Policy measures database),exchequer_impact + revenue_change,hmt_scorecard_obr_database,forecast,unstated in harvest,reversal_on_certified_world,results/uk/obr_costings/autumn_budget_2025__personal_tax_and_nics_threshold_freeze_extension_2030.json,"Derived mapped-head total for this comparison only: sums Income tax, NICs, Welfare inside cap; it is not attached to an external TOTAL claim. | OBR source facts represented by the mapped heads: source_model=hmt_scorecard_obr_database; basis=forecast; behavioural_adjustment=unstated in harvest. | PE: static microsimulation on the certified world; reversal re-oriented to the announced measure; PE calendar year 2030 proxies FY 2030-31. measure Δ = −(reversal − baseline). | Comparison scope: benchmark_class=different_model; head_scope=mapped PMD heads only; remaining_difference=unexplained. | Registry construction: Reverses the PA/main/dividend HRT extension using the installed parameters' documented CPI uprating indices. The certified bundle already resumes uprating PT/UEL from 2028 and Class 4 limits from 2027, so it does not consistently encode the equivalent-NI freeze; this construction is partial and makes no NI threshold override. | Partial scope: this is not an all-head measure total. Unmapped OBR heads: Capital gains tax, Corporation tax (onshore), PSCE in RDEL, Scottish BGA (current)."
autumn_budget_2025__property_income_separate_rates,"Property Income: Introduce separate tax rates for property income at 22% for the property basic rate, 42% for the property higher rate and 47% for the property additional rate, from 6 April 2027",Autumn Budget 2025,2026,2026-27,Income tax,head,0.0,-0.0,,both_zero,constructed,different_model,Tax Measures (Policy measures database),revenue_change,hmt_scorecard_obr_database,forecast,unstated in harvest,reversal_on_certified_world,results/uk/obr_costings/autumn_budget_2025__property_income_separate_rates_2026.json,"OBR source facts: source_model=hmt_scorecard_obr_database; basis=forecast; behavioural_adjustment=unstated in harvest. | PE: static microsimulation on the certified world; reversal re-oriented to the announced measure; PE calendar year 2026 proxies FY 2026-27. measure Δ = −(reversal − baseline). | Head mapping: Income tax = income_tax; positive gain to the Exchequer = +Δtax. | Partial construction: Reverses the three certified property-income rates to 20%, 40%, and 45%. PE maps the direct Income Tax liability; the OBR also allocates effects to taxes and the Scottish block grant that this construction does not model. Unmapped OBR heads: Corporation tax (onshore), Capital gains tax, Inheritance tax, Stamp duty, Scottish BGA (current). | Comparison scope: benchmark_class=different_model; head_scope=single mapped source head (Income tax); remaining_difference=unexplained."
autumn_budget_2025__property_income_separate_rates,"Property Income: Introduce separate tax rates for property income at 22% for the property basic rate, 42% for the property higher rate and 47% for the property additional rate, from 6 April 2027",Autumn Budget 2025,2027,2027-28,Income tax,head,0.0,483128254.0361328,,obr_zero,constructed,different_model,Tax Measures (Policy measures database),revenue_change,hmt_scorecard_obr_database,forecast,unstated in harvest,reversal_on_certified_world,results/uk/obr_costings/autumn_budget_2025__property_income_separate_rates_2027.json,"OBR source facts: source_model=hmt_scorecard_obr_database; basis=forecast; behavioural_adjustment=unstated in harvest. | PE: static microsimulation on the certified world; reversal re-oriented to the announced measure; PE calendar year 2027 proxies FY 2027-28. measure Δ = −(reversal − baseline). | Head mapping: Income tax = income_tax; positive gain to the Exchequer = +Δtax. | Partial construction: Reverses the three certified property-income rates to 20%, 40%, and 45%. PE maps the direct Income Tax liability; the OBR also allocates effects to taxes and the Scottish block grant that this construction does not model. Unmapped OBR heads: Corporation tax (onshore), Capital gains tax, Inheritance tax, Stamp duty, Scottish BGA (current). | Comparison scope: benchmark_class=different_model; head_scope=single mapped source head (Income tax); remaining_difference=unexplained."
autumn_budget_2025__property_income_separate_rates,"Property Income: Introduce separate tax rates for property income at 22% for the property basic rate, 42% for the property higher rate and 47% for the property additional rate, from 6 April 2027",Autumn Budget 2025,2028,2028-29,Income tax,head,588345351.0,504907774.3865967,0.8581826533147819,same_sign_ratio_0.8_to_1.25,constructed,different_model,Tax Measures (Policy measures database),revenue_change,hmt_scorecard_obr_database,forecast,unstated in harvest,reversal_on_certified_world,results/uk/obr_costings/autumn_budget_2025__property_income_separate_rates_2028.json,"OBR source facts: source_model=hmt_scorecard_obr_database; basis=forecast; behavioural_adjustment=unstated in harvest. | PE: static microsimulation on the certified world; reversal re-oriented to the announced measure; PE calendar year 2028 proxies FY 2028-29. measure Δ = −(reversal − baseline). | Head mapping: Income tax = income_tax; positive gain to the Exchequer = +Δtax. | Partial construction: Reverses the three certified property-income rates to 20%, 40%, and 45%. PE maps the direct Income Tax liability; the OBR also allocates effects to taxes and the Scottish block grant that this construction does not model. Unmapped OBR heads: Corporation tax (onshore), Capital gains tax, Inheritance tax, Stamp duty, Scottish BGA (current). | Comparison scope: benchmark_class=different_model; head_scope=single mapped source head (Income tax); remaining_difference=unexplained."
autumn_budget_2025__property_income_separate_rates,"Property Income: Introduce separate tax rates for property income at 22% for the property basic rate, 42% for the property higher rate and 47% for the property additional rate, from 6 April 2027",Autumn Budget 2025,2029,2029-30,Income tax,head,427016781.0,526881476.8510742,1.2338659750495244,same_sign_ratio_0.8_to_1.25,constructed,different_model,Tax Measures (Policy measures database),revenue_change,hmt_scorecard_obr_database,forecast,unstated in harvest,reversal_on_certified_world,results/uk/obr_costings/autumn_budget_2025__property_income_separate_rates_2029.json,"OBR source facts: source_model=hmt_scorecard_obr_database; basis=forecast; behavioural_adjustment=unstated in harvest. | PE: static microsimulation on the certified world; reversal re-oriented to the announced measure; PE calendar year 2029 proxies FY 2029-30. measure Δ = −(reversal − baseline). | Head mapping: Income tax = income_tax; positive gain to the Exchequer = +Δtax. | Partial construction: Reverses the three certified property-income rates to 20%, 40%, and 45%. PE maps the direct Income Tax liability; the OBR also allocates effects to taxes and the Scottish block grant that this construction does not model. Unmapped OBR heads: Corporation tax (onshore), Capital gains tax, Inheritance tax, Stamp duty, Scottish BGA (current). | Comparison scope: benchmark_class=different_model; head_scope=single mapped source head (Income tax); remaining_difference=unexplained."
autumn_budget_2025__property_income_separate_rates,"Property Income: Introduce separate tax rates for property income at 22% for the property basic rate, 42% for the property higher rate and 47% for the property additional rate, from 6 April 2027",Autumn Budget 2025,2030,2030-31,Income tax,head,433272489.0,550888787.1893921,1.2714603423375725,same_sign_ratio_1.25_to_2,constructed,different_model,Tax Measures (Policy measures database),revenue_change,hmt_scorecard_obr_database,forecast,unstated in harvest,reversal_on_certified_world,results/uk/obr_costings/autumn_budget_2025__property_income_separate_rates_2030.json,"OBR source facts: source_model=hmt_scorecard_obr_database; basis=forecast; behavioural_adjustment=unstated in harvest. | PE: static microsimulation on the certified world; reversal re-oriented to the announced measure; PE calendar year 2030 proxies FY 2030-31. measure Δ = −(reversal − baseline). | Head mapping: Income tax = income_tax; positive gain to the Exchequer = +Δtax. | Partial construction: Reverses the three certified property-income rates to 20%, 40%, and 45%. PE maps the direct Income Tax liability; the OBR also allocates effects to taxes and the Scottish block grant that this construction does not model. Unmapped OBR heads: Corporation tax (onshore), Capital gains tax, Inheritance tax, Stamp duty, Scottish BGA (current). | Comparison scope: benchmark_class=different_model; head_scope=single mapped source head (Income tax); remaining_difference=unexplained."
autumn_budget_2025__salary_sacrifice_pension_nics_cap,"Salary Sacrifice: Limit the value of salary sacrificed pension contributions that can receive employee and employer NICs relief to £2,000 per year from 6 April 2029 ",Autumn Budget 2025,2026,2026-27,Income tax,head,-25370811.47955587,-0.0,0.0,pe_zero,constructed,different_model,Tax Measures (Policy measures database),revenue_change,hmt_scorecard_obr_database,forecast,unstated in harvest,reversal_on_certified_world,results/uk/obr_costings/autumn_budget_2025__salary_sacrifice_pension_nics_cap_2026.json,"OBR source facts: source_model=hmt_scorecard_obr_database; basis=forecast; behavioural_adjustment=unstated in harvest. | PE: static microsimulation on the certified world; reversal re-oriented to the announced measure; PE calendar year 2026 proxies FY 2026-27. measure Δ = −(reversal − baseline). | Head mapping: Income tax = income_tax; positive gain to the Exchequer = +Δtax. | Partial construction: PE's exact pre-policy cap is infinity, which standard JSON cannot retain in the required run artifact. This construction uses a finite 1e100 cap, above any modeled contribution, and sets the model's fixed 0.16% broad-base pay-haircut response to zero; code inspection verifies that this leaves salary sacrifice uncapped on the modeled data. The certified formula otherwise embeds that behavioural incidence assumption, and the OBR scores small pre-2029 effects that the direct PE lever cannot produce. Unmapped OBR heads: Corporation tax (onshore), PSCE in RDEL, Scottish BGA (current). | Comparison scope: benchmark_class=different_model; head_scope=single mapped source head (Income tax); remaining_difference=unexplained."
autumn_budget_2025__salary_sacrifice_pension_nics_cap,"Salary Sacrifice: Limit the value of salary sacrificed pension contributions that can receive employee and employer NICs relief to £2,000 per year from 6 April 2029 ",Autumn Budget 2025,2026,2026-27,NICs,head,-10729860.902800936,-0.0,0.0,pe_zero,constructed,different_model,Tax Measures (Policy measures database),revenue_change,hmt_scorecard_obr_database,forecast,unstated in harvest,reversal_on_certified_world,results/uk/obr_costings/autumn_budget_2025__salary_sacrifice_pension_nics_cap_2026.json,"OBR source facts: source_model=hmt_scorecard_obr_database; basis=forecast; behavioural_adjustment=unstated in harvest. | PE: static microsimulation on the certified world; reversal re-oriented to the announced measure; PE calendar year 2026 proxies FY 2026-27. measure Δ = −(reversal − baseline). | Head mapping: NICs = ni_class_1_employee + ni_class_1_employer + ni_class_4; positive gain to the Exchequer = +Δtax. | Partial construction: PE's exact pre-policy cap is infinity, which standard JSON cannot retain in the required run artifact. This construction uses a finite 1e100 cap, above any modeled contribution, and sets the model's fixed 0.16% broad-base pay-haircut response to zero; code inspection verifies that this leaves salary sacrifice uncapped on the modeled data. The certified formula otherwise embeds that behavioural incidence assumption, and the OBR scores small pre-2029 effects that the direct PE lever cannot produce. Unmapped OBR heads: Corporation tax (onshore), PSCE in RDEL, Scottish BGA (current). | Comparison scope: benchmark_class=different_model; head_scope=single mapped source head (NICs); remaining_difference=unexplained."
autumn_budget_2025__salary_sacrifice_pension_nics_cap,"Salary Sacrifice: Limit the value of salary sacrificed pension contributions that can receive employee and employer NICs relief to £2,000 per year from 6 April 2029 ",Autumn Budget 2025,2026,2026-27,Mapped-head total,mapped_head_total,-36100672.38235681,0.0,-0.0,pe_zero,constructed,different_model,Tax Measures (Policy measures database),revenue_change,hmt_scorecard_obr_database,forecast,unstated in harvest,reversal_on_certified_world,results/uk/obr_costings/autumn_budget_2025__salary_sacrifice_pension_nics_cap_2026.json,"Derived mapped-head total for this comparison only: sums Income tax, NICs; it is not attached to an external TOTAL claim. | OBR source facts represented by the mapped heads: source_model=hmt_scorecard_obr_database; basis=forecast; behavioural_adjustment=unstated in harvest. | PE: static microsimulation on the certified world; reversal re-oriented to the announced measure; PE calendar year 2026 proxies FY 2026-27. measure Δ = −(reversal − baseline). | Comparison scope: benchmark_class=different_model; head_scope=mapped PMD heads only; remaining_difference=unexplained. | Registry construction: PE's exact pre-policy cap is infinity, which standard JSON cannot retain in the required run artifact. This construction uses a finite 1e100 cap, above any modeled contribution, and sets the model's fixed 0.16% broad-base pay-haircut response to zero; code inspection verifies that this leaves salary sacrifice uncapped on the modeled data. The certified formula otherwise embeds that behavioural incidence assumption, and the OBR scores small pre-2029 effects that the direct PE lever cannot produce. | Partial scope: this is not an all-head measure total. Unmapped OBR heads: Corporation tax (onshore), PSCE in RDEL, Scottish BGA (current)."
autumn_budget_2025__salary_sacrifice_pension_nics_cap,"Salary Sacrifice: Limit the value of salary sacrificed pension contributions that can receive employee and employer NICs relief to £2,000 per year from 6 April 2029 ",Autumn Budget 2025,2027,2027-28,Income tax,head,-38102239.65153843,-0.0,0.0,pe_zero,constructed,different_model,Tax Measures (Policy measures database),revenue_change,hmt_scorecard_obr_database,forecast,unstated in harvest,reversal_on_certified_world,results/uk/obr_costings/autumn_budget_2025__salary_sacrifice_pension_nics_cap_2027.json,"OBR source facts: source_model=hmt_scorecard_obr_database; basis=forecast; behavioural_adjustment=unstated in harvest. | PE: static microsimulation on the certified world; reversal re-oriented to the announced measure; PE calendar year 2027 proxies FY 2027-28. measure Δ = −(reversal − baseline). | Head mapping: Income tax = income_tax; positive gain to the Exchequer = +Δtax. | Partial construction: PE's exact pre-policy cap is infinity, which standard JSON cannot retain in the required run artifact. This construction uses a finite 1e100 cap, above any modeled contribution, and sets the model's fixed 0.16% broad-base pay-haircut response to zero; code inspection verifies that this leaves salary sacrifice uncapped on the modeled data. The certified formula otherwise embeds that behavioural incidence assumption, and the OBR scores small pre-2029 effects that the direct PE lever cannot produce. Unmapped OBR heads: Corporation tax (onshore), PSCE in RDEL, Scottish BGA (current). | Comparison scope: benchmark_class=different_model; head_scope=single mapped source head (Income tax); remaining_difference=unexplained."
autumn_budget_2025__salary_sacrifice_pension_nics_cap,"Salary Sacrifice: Limit the value of salary sacrificed pension contributions that can receive employee and employer NICs relief to £2,000 per year from 6 April 2029 ",Autumn Budget 2025,2027,2027-28,NICs,head,-16095413.675439086,-0.0,0.0,pe_zero,constructed,different_model,Tax Measures (Policy measures database),revenue_change,hmt_scorecard_obr_database,forecast,unstated in harvest,reversal_on_certified_world,results/uk/obr_costings/autumn_budget_2025__salary_sacrifice_pension_nics_cap_2027.json,"OBR source facts: source_model=hmt_scorecard_obr_database; basis=forecast; behavioural_adjustment=unstated in harvest. | PE: static microsimulation on the certified world; reversal re-oriented to the announced measure; PE calendar year 2027 proxies FY 2027-28. measure Δ = −(reversal − baseline). | Head mapping: NICs = ni_class_1_employee + ni_class_1_employer + ni_class_4; positive gain to the Exchequer = +Δtax. | Partial construction: PE's exact pre-policy cap is infinity, which standard JSON cannot retain in the required run artifact. This construction uses a finite 1e100 cap, above any modeled contribution, and sets the model's fixed 0.16% broad-base pay-haircut response to zero; code inspection verifies that this leaves salary sacrifice uncapped on the modeled data. The certified formula otherwise embeds that behavioural incidence assumption, and the OBR scores small pre-2029 effects that the direct PE lever cannot produce. Unmapped OBR heads: Corporation tax (onshore), PSCE in RDEL, Scottish BGA (current). | Comparison scope: benchmark_class=different_model; head_scope=single mapped source head (NICs); remaining_difference=unexplained."
autumn_budget_2025__salary_sacrifice_pension_nics_cap,"Salary Sacrifice: Limit the value of salary sacrificed pension contributions that can receive employee and employer NICs relief to £2,000 per year from 6 April 2029 ",Autumn Budget 2025,2027,2027-28,Mapped-head total,mapped_head_total,-54197653.32697752,0.0,-0.0,pe_zero,constructed,different_model,Tax Measures (Policy measures database),revenue_change,hmt_scorecard_obr_database,forecast,unstated in harvest,reversal_on_certified_world,results/uk/obr_costings/autumn_budget_2025__salary_sacrifice_pension_nics_cap_2027.json,"Derived mapped-head total for this comparison only: sums Income tax, NICs; it is not attached to an external TOTAL claim. | OBR source facts represented by the mapped heads: source_model=hmt_scorecard_obr_database; basis=forecast; behavioural_adjustment=unstated in harvest. | PE: static microsimulation on the certified world; reversal re-oriented to the announced measure; PE calendar year 2027 proxies FY 2027-28. measure Δ = −(reversal − baseline). | Comparison scope: benchmark_class=different_model; head_scope=mapped PMD heads only; remaining_difference=unexplained. | Registry construction: PE's exact pre-policy cap is infinity, which standard JSON cannot retain in the required run artifact. This construction uses a finite 1e100 cap, above any modeled contribution, and sets the model's fixed 0.16% broad-base pay-haircut response to zero; code inspection verifies that this leaves salary sacrifice uncapped on the modeled data. The certified formula otherwise embeds that behavioural incidence assumption, and the OBR scores small pre-2029 effects that the direct PE lever cannot produce. | Partial scope: this is not an all-head measure total. Unmapped OBR heads: Corporation tax (onshore), PSCE in RDEL, Scottish BGA (current)."
autumn_budget_2025__salary_sacrifice_pension_nics_cap,"Salary Sacrifice: Limit the value of salary sacrificed pension contributions that can receive employee and employer NICs relief to £2,000 per year from 6 April 2029 ",Autumn Budget 2025,2028,2028-29,Income tax,head,-50783026.3893156,-0.0,0.0,pe_zero,constructed,different_model,Tax Measures (Policy measures database),revenue_change,hmt_scorecard_obr_database,forecast,unstated in harvest,reversal_on_certified_world,results/uk/obr_costings/autumn_budget_2025__salary_sacrifice_pension_nics_cap_2028.json,"OBR source facts: source_model=hmt_scorecard_obr_database; basis=forecast; behavioural_adjustment=unstated in harvest. | PE: static microsimulation on the certified world; reversal re-oriented to the announced measure; PE calendar year 2028 proxies FY 2028-29. measure Δ = −(reversal − baseline). | Head mapping: Income tax = income_tax; positive gain to the Exchequer = +Δtax. | Partial construction: PE's exact pre-policy cap is infinity, which standard JSON cannot retain in the required run artifact. This construction uses a finite 1e100 cap, above any modeled contribution, and sets the model's fixed 0.16% broad-base pay-haircut response to zero; code inspection verifies that this leaves salary sacrifice uncapped on the modeled data. The certified formula otherwise embeds that behavioural incidence assumption, and the OBR scores small pre-2029 effects that the direct PE lever cannot produce. Unmapped OBR heads: Corporation tax (onshore), PSCE in RDEL, Scottish BGA (current). | Comparison scope: benchmark_class=different_model; head_scope=single mapped source head (Income tax); remaining_difference=unexplained."
autumn_budget_2025__salary_sacrifice_pension_nics_cap,"Salary Sacrifice: Limit the value of salary sacrificed pension contributions that can receive employee and employer NICs relief to £2,000 per year from 6 April 2029 ",Autumn Budget 2025,2028,2028-29,NICs,head,-21459998.959731616,-0.0,0.0,pe_zero,constructed,different_model,Tax Measures (Policy measures database),revenue_change,hmt_scorecard_obr_database,forecast,unstated in harvest,reversal_on_certified_world,results/uk/obr_costings/autumn_budget_2025__salary_sacrifice_pension_nics_cap_2028.json,"OBR source facts: source_model=hmt_scorecard_obr_database; basis=forecast; behavioural_adjustment=unstated in harvest. | PE: static microsimulation on the certified world; reversal re-oriented to the announced measure; PE calendar year 2028 proxies FY 2028-29. measure Δ = −(reversal − baseline). | Head mapping: NICs = ni_class_1_employee + ni_class_1_employer + ni_class_4; positive gain to the Exchequer = +Δtax. | Partial construction: PE's exact pre-policy cap is infinity, which standard JSON cannot retain in the required run artifact. This construction uses a finite 1e100 cap, above any modeled contribution, and sets the model's fixed 0.16% broad-base pay-haircut response to zero; code inspection verifies that this leaves salary sacrifice uncapped on the modeled data. The certified formula otherwise embeds that behavioural incidence assumption, and the OBR scores small pre-2029 effects that the direct PE lever cannot produce. Unmapped OBR heads: Corporation tax (onshore), PSCE in RDEL, Scottish BGA (current). | Comparison scope: benchmark_class=different_model; head_scope=single mapped source head (NICs); remaining_difference=unexplained."
autumn_budget_2025__salary_sacrifice_pension_nics_cap,"Salary Sacrifice: Limit the value of salary sacrificed pension contributions that can receive employee and employer NICs relief to £2,000 per year from 6 April 2029 ",Autumn Budget 2025,2028,2028-29,Mapped-head total,mapped_head_total,-72243025.34904721,0.0,-0.0,pe_zero,constructed,different_model,Tax Measures (Policy measures database),revenue_change,hmt_scorecard_obr_database,forecast,unstated in harvest,reversal_on_certified_world,results/uk/obr_costings/autumn_budget_2025__salary_sacrifice_pension_nics_cap_2028.json,"Derived mapped-head total for this comparison only: sums Income tax, NICs; it is not attached to an external TOTAL claim. | OBR source facts represented by the mapped heads: source_model=hmt_scorecard_obr_database; basis=forecast; behavioural_adjustment=unstated in harvest. | PE: static microsimulation on the certified world; reversal re-oriented to the announced measure; PE calendar year 2028 proxies FY 2028-29. measure Δ = −(reversal − baseline). | Comparison scope: benchmark_class=different_model; head_scope=mapped PMD heads only; remaining_difference=unexplained. | Registry construction: PE's exact pre-policy cap is infinity, which standard JSON cannot retain in the required run artifact. This construction uses a finite 1e100 cap, above any modeled contribution, and sets the model's fixed 0.16% broad-base pay-haircut response to zero; code inspection verifies that this leaves salary sacrifice uncapped on the modeled data. The certified formula otherwise embeds that behavioural incidence assumption, and the OBR scores small pre-2029 effects that the direct PE lever cannot produce. | Partial scope: this is not an all-head measure total. Unmapped OBR heads: Corporation tax (onshore), PSCE in RDEL, Scottish BGA (current)."
autumn_budget_2025__salary_sacrifice_pension_nics_cap,"Salary Sacrifice: Limit the value of salary sacrificed pension contributions that can receive employee and employer NICs relief to £2,000 per year from 6 April 2029 ",Autumn Budget 2025,2029,2029-30,Income tax,head,1390554382.340003,-239301307.7022705,-0.17209057821929843,opposite_sign,constructed,different_model,Tax Measures (Policy measures database),revenue_change,hmt_scorecard_obr_database,forecast,unstated in harvest,reversal_on_certified_world,results/uk/obr_costings/autumn_budget_2025__salary_sacrifice_pension_nics_cap_2029.json,"OBR source facts: source_model=hmt_scorecard_obr_database; basis=forecast; behavioural_adjustment=unstated in harvest. | PE: static microsimulation on the certified world; reversal re-oriented to the announced measure; PE calendar year 2029 proxies FY 2029-30. measure Δ = −(reversal − baseline). | Head mapping: Income tax = income_tax; positive gain to the Exchequer = +Δtax. | Partial construction: PE's exact pre-policy cap is infinity, which standard JSON cannot retain in the required run artifact. This construction uses a finite 1e100 cap, above any modeled contribution, and sets the model's fixed 0.16% broad-base pay-haircut response to zero; code inspection verifies that this leaves salary sacrifice uncapped on the modeled data. The certified formula otherwise embeds that behavioural incidence assumption, and the OBR scores small pre-2029 effects that the direct PE lever cannot produce. Unmapped OBR heads: Corporation tax (onshore), PSCE in RDEL, Scottish BGA (current). | Comparison scope: benchmark_class=different_model; head_scope=single mapped source head (Income tax); remaining_difference=unexplained."
autumn_budget_2025__salary_sacrifice_pension_nics_cap,"Salary Sacrifice: Limit the value of salary sacrificed pension contributions that can receive employee and employer NICs relief to £2,000 per year from 6 April 2029 ",Autumn Budget 2025,2029,2029-30,NICs,head,3522669371.413509,1147567758.7722702,0.32576652469425377,same_sign_ratio_below_0.5,constructed,different_model,Tax Measures (Policy measures database),revenue_change,hmt_scorecard_obr_database,forecast,unstated in harvest,reversal_on_certified_world,results/uk/obr_costings/autumn_budget_2025__salary_sacrifice_pension_nics_cap_2029.json,"OBR source facts: source_model=hmt_scorecard_obr_database; basis=forecast; behavioural_adjustment=unstated in harvest. | PE: static microsimulation on the certified world; reversal re-oriented to the announced measure; PE calendar year 2029 proxies FY 2029-30. measure Δ = −(reversal − baseline). | Head mapping: NICs = ni_class_1_employee + ni_class_1_employer + ni_class_4; positive gain to the Exchequer = +Δtax. | Partial construction: PE's exact pre-policy cap is infinity, which standard JSON cannot retain in the required run artifact. This construction uses a finite 1e100 cap, above any modeled contribution, and sets the model's fixed 0.16% broad-base pay-haircut response to zero; code inspection verifies that this leaves salary sacrifice uncapped on the modeled data. The certified formula otherwise embeds that behavioural incidence assumption, and the OBR scores small pre-2029 effects that the direct PE lever cannot produce. Unmapped OBR heads: Corporation tax (onshore), PSCE in RDEL, Scottish BGA (current). | Comparison scope: benchmark_class=different_model; head_scope=single mapped source head (NICs); remaining_difference=unexplained."
autumn_budget_2025__salary_sacrifice_pension_nics_cap,"Salary Sacrifice: Limit the value of salary sacrificed pension contributions that can receive employee and employer NICs relief to £2,000 per year from 6 April 2029 ",Autumn Budget 2025,2029,2029-30,Mapped-head total,mapped_head_total,4913223753.753511,908266451.0699997,0.1848616095239138,same_sign_ratio_below_0.5,constructed,different_model,Tax Measures (Policy measures database),revenue_change,hmt_scorecard_obr_database,forecast,unstated in harvest,reversal_on_certified_world,results/uk/obr_costings/autumn_budget_2025__salary_sacrifice_pension_nics_cap_2029.json,"Derived mapped-head total for this comparison only: sums Income tax, NICs; it is not attached to an external TOTAL claim. | OBR source facts represented by the mapped heads: source_model=hmt_scorecard_obr_database; basis=forecast; behavioural_adjustment=unstated in harvest. | PE: static microsimulation on the certified world; reversal re-oriented to the announced measure; PE calendar year 2029 proxies FY 2029-30. measure Δ = −(reversal − baseline). | Comparison scope: benchmark_class=different_model; head_scope=mapped PMD heads only; remaining_difference=unexplained. | Registry construction: PE's exact pre-policy cap is infinity, which standard JSON cannot retain in the required run artifact. This construction uses a finite 1e100 cap, above any modeled contribution, and sets the model's fixed 0.16% broad-base pay-haircut response to zero; code inspection verifies that this leaves salary sacrifice uncapped on the modeled data. The certified formula otherwise embeds that behavioural incidence assumption, and the OBR scores small pre-2029 effects that the direct PE lever cannot produce. | Partial scope: this is not an all-head measure total. Unmapped OBR heads: Corporation tax (onshore), PSCE in RDEL, Scottish BGA (current)."
autumn_budget_2025__salary_sacrifice_pension_nics_cap,"Salary Sacrifice: Limit the value of salary sacrificed pension contributions that can receive employee and employer NICs relief to £2,000 per year from 6 April 2029 ",Autumn Budget 2025,2030,2030-31,Income tax,head,-714491346.3497609,73815578.39709473,-0.10331206777270079,opposite_sign,constructed,different_model,Tax Measures (Policy measures database),revenue_change,hmt_scorecard_obr_database,forecast,unstated in harvest,reversal_on_certified_world,results/uk/obr_costings/autumn_budget_2025__salary_sacrifice_pension_nics_cap_2030.json,"OBR source facts: source_model=hmt_scorecard_obr_database; basis=forecast; behavioural_adjustment=unstated in harvest. | PE: static microsimulation on the certified world; reversal re-oriented to the announced measure; PE calendar year 2030 proxies FY 2030-31. measure Δ = −(reversal − baseline). | Head mapping: Income tax = income_tax; positive gain to the Exchequer = +Δtax. | Partial construction: PE's exact pre-policy cap is infinity, which standard JSON cannot retain in the required run artifact. This construction uses a finite 1e100 cap, above any modeled contribution, and sets the model's fixed 0.16% broad-base pay-haircut response to zero; code inspection verifies that this leaves salary sacrifice uncapped on the modeled data. The certified formula otherwise embeds that behavioural incidence assumption, and the OBR scores small pre-2029 effects that the direct PE lever cannot produce. Unmapped OBR heads: Corporation tax (onshore), PSCE in RDEL, Scottish BGA (current). | Comparison scope: benchmark_class=different_model; head_scope=single mapped source head (Income tax); remaining_difference=unexplained."
autumn_budget_2025__salary_sacrifice_pension_nics_cap,"Salary Sacrifice: Limit the value of salary sacrificed pension contributions that can receive employee and employer NICs relief to £2,000 per year from 6 April 2029 ",Autumn Budget 2025,2030,2030-31,NICs,head,3531429304.873591,1140959761.5656214,0.32308724402072164,same_sign_ratio_below_0.5,constructed,different_model,Tax Measures (Policy measures database),revenue_change,hmt_scorecard_obr_database,forecast,unstated in harvest,reversal_on_certified_world,results/uk/obr_costings/autumn_budget_2025__salary_sacrifice_pension_nics_cap_2030.json,"OBR source facts: source_model=hmt_scorecard_obr_database; basis=forecast; behavioural_adjustment=unstated in harvest. | PE: static microsimulation on the certified world; reversal re-oriented to the announced measure; PE calendar year 2030 proxies FY 2030-31. measure Δ = −(reversal − baseline). | Head mapping: NICs = ni_class_1_employee + ni_class_1_employer + ni_class_4; positive gain to the Exchequer = +Δtax. | Partial construction: PE's exact pre-policy cap is infinity, which standard JSON cannot retain in the required run artifact. This construction uses a finite 1e100 cap, above any modeled contribution, and sets the model's fixed 0.16% broad-base pay-haircut response to zero; code inspection verifies that this leaves salary sacrifice uncapped on the modeled data. The certified formula otherwise embeds that behavioural incidence assumption, and the OBR scores small pre-2029 effects that the direct PE lever cannot produce. Unmapped OBR heads: Corporation tax (onshore), PSCE in RDEL, Scottish BGA (current). | Comparison scope: benchmark_class=different_model; head_scope=single mapped source head (NICs); remaining_difference=unexplained."
autumn_budget_2025__salary_sacrifice_pension_nics_cap,"Salary Sacrifice: Limit the value of salary sacrificed pension contributions that can receive employee and employer NICs relief to £2,000 per year from 6 April 2029 ",Autumn Budget 2025,2030,2030-31,Mapped-head total,mapped_head_total,2816937958.52383,1214775339.962716,0.4312396502332977,same_sign_ratio_below_0.5,constructed,different_model,Tax Measures (Policy measures database),revenue_change,hmt_scorecard_obr_database,forecast,unstated in harvest,reversal_on_certified_world,results/uk/obr_costings/autumn_budget_2025__salary_sacrifice_pension_nics_cap_2030.json,"Derived mapped-head total for this comparison only: sums Income tax, NICs; it is not attached to an external TOTAL claim. | OBR source facts represented by the mapped heads: source_model=hmt_scorecard_obr_database; basis=forecast; behavioural_adjustment=unstated in harvest. | PE: static microsimulation on the certified world; reversal re-oriented to the announced measure; PE calendar year 2030 proxies FY 2030-31. measure Δ = −(reversal − baseline). | Comparison scope: benchmark_class=different_model; head_scope=mapped PMD heads only; remaining_difference=unexplained. | Registry construction: PE's exact pre-policy cap is infinity, which standard JSON cannot retain in the required run artifact. This construction uses a finite 1e100 cap, above any modeled contribution, and sets the model's fixed 0.16% broad-base pay-haircut response to zero; code inspection verifies that this leaves salary sacrifice uncapped on the modeled data. The certified formula otherwise embeds that behavioural incidence assumption, and the OBR scores small pre-2029 effects that the direct PE lever cannot produce. | Partial scope: this is not an all-head measure total. Unmapped OBR heads: Corporation tax (onshore), PSCE in RDEL, Scottish BGA (current)."
autumn_budget_2025__savings_income_rates_and_starter_limit,"Savings Income: Increase tax rates on savings income by 2ppts at the basic, higher and additional rate from 6 April 2027 and maintain the Starting Rate of Savings limit at £5000 from April 2026 to April 2031",Autumn Budget 2025,2026,2026-27,Income tax,head,3194839.600493571,-0.0,-0.0,pe_zero,constructed,different_model,Tax Measures (Policy measures database),revenue_change,hmt_scorecard_obr_database,forecast,unstated in harvest,reversal_on_certified_world,results/uk/obr_costings/autumn_budget_2025__savings_income_rates_and_starter_limit_2026.json,"OBR source facts: source_model=hmt_scorecard_obr_database; basis=forecast; behavioural_adjustment=unstated in harvest. | PE: static microsimulation on the certified world; reversal re-oriented to the announced measure; PE calendar year 2026 proxies FY 2026-27. measure Δ = −(reversal − baseline). | Head mapping: Income tax = income_tax; positive gain to the Exchequer = +Δtax. | Partial construction: Reverses the three certified savings-income rates to 20%, 40%, and 45%. The same OBR measure freezes the Starting Rate for Savings limit at £5,000, but PE's parameter is constant at £5,000 since 2010 and carries no no-measure uprating path; that component is omitted. | Comparison scope: benchmark_class=different_model; head_scope=single mapped source head (Income tax); remaining_difference=unexplained."
autumn_budget_2025__savings_income_rates_and_starter_limit,"Savings Income: Increase tax rates on savings income by 2ppts at the basic, higher and additional rate from 6 April 2027 and maintain the Starting Rate of Savings limit at £5000 from April 2026 to April 2031",Autumn Budget 2025,2027,2027-28,Income tax,head,52840570.89519846,1053954611.425415,19.94593535932418,same_sign_ratio_at_least_2,constructed,different_model,Tax Measures (Policy measures database),revenue_change,hmt_scorecard_obr_database,forecast,unstated in harvest,reversal_on_certified_world,results/uk/obr_costings/autumn_budget_2025__savings_income_rates_and_starter_limit_2027.json,"OBR source facts: source_model=hmt_scorecard_obr_database; basis=forecast; behavioural_adjustment=unstated in harvest. | PE: static microsimulation on the certified world; reversal re-oriented to the announced measure; PE calendar year 2027 proxies FY 2027-28. measure Δ = −(reversal − baseline). | Head mapping: Income tax = income_tax; positive gain to the Exchequer = +Δtax. | Partial construction: Reverses the three certified savings-income rates to 20%, 40%, and 45%. The same OBR measure freezes the Starting Rate for Savings limit at £5,000, but PE's parameter is constant at £5,000 since 2010 and carries no no-measure uprating path; that component is omitted. | Comparison scope: benchmark_class=different_model; head_scope=single mapped source head (Income tax); remaining_difference=unexplained."
autumn_budget_2025__savings_income_rates_and_starter_limit,"Savings Income: Increase tax rates on savings income by 2ppts at the basic, higher and additional rate from 6 April 2027 and maintain the Starting Rate of Savings limit at £5000 from April 2026 to April 2031",Autumn Budget 2025,2028,2028-29,Income tax,head,522938617.1892237,1111466159.0895996,2.125423754443094,same_sign_ratio_at_least_2,constructed,different_model,Tax Measures (Policy measures database),revenue_change,hmt_scorecard_obr_database,forecast,unstated in harvest,reversal_on_certified_world,results/uk/obr_costings/autumn_budget_2025__savings_income_rates_and_starter_limit_2028.json,"OBR source facts: source_model=hmt_scorecard_obr_database; basis=forecast; behavioural_adjustment=unstated in harvest. | PE: static microsimulation on the certified world; reversal re-oriented to the announced measure; PE calendar year 2028 proxies FY 2028-29. measure Δ = −(reversal − baseline). | Head mapping: Income tax = income_tax; positive gain to the Exchequer = +Δtax. | Partial construction: Reverses the three certified savings-income rates to 20%, 40%, and 45%. The same OBR measure freezes the Starting Rate for Savings limit at £5,000, but PE's parameter is constant at £5,000 since 2010 and carries no no-measure uprating path; that component is omitted. | Comparison scope: benchmark_class=different_model; head_scope=single mapped source head (Income tax); remaining_difference=unexplained."
autumn_budget_2025__savings_income_rates_and_starter_limit,"Savings Income: Increase tax rates on savings income by 2ppts at the basic, higher and additional rate from 6 April 2027 and maintain the Starting Rate of Savings limit at £5000 from April 2026 to April 2031",Autumn Budget 2025,2029,2029-30,Income tax,head,469096430.7994401,1175285824.4385986,2.5054247853381906,same_sign_ratio_at_least_2,constructed,different_model,Tax Measures (Policy measures database),revenue_change,hmt_scorecard_obr_database,forecast,unstated in harvest,reversal_on_certified_world,results/uk/obr_costings/autumn_budget_2025__savings_income_rates_and_starter_limit_2029.json,"OBR source facts: source_model=hmt_scorecard_obr_database; basis=forecast; behavioural_adjustment=unstated in harvest. | PE: static microsimulation on the certified world; reversal re-oriented to the announced measure; PE calendar year 2029 proxies FY 2029-30. measure Δ = −(reversal − baseline). | Head mapping: Income tax = income_tax; positive gain to the Exchequer = +Δtax. | Partial construction: Reverses the three certified savings-income rates to 20%, 40%, and 45%. The same OBR measure freezes the Starting Rate for Savings limit at £5,000, but PE's parameter is constant at £5,000 since 2010 and carries no no-measure uprating path; that component is omitted. | Comparison scope: benchmark_class=different_model; head_scope=single mapped source head (Income tax); remaining_difference=unexplained."
autumn_budget_2025__savings_income_rates_and_starter_limit,"Savings Income: Increase tax rates on savings income by 2ppts at the basic, higher and additional rate from 6 April 2027 and maintain the Starting Rate of Savings limit at £5000 from April 2026 to April 2031",Autumn Budget 2025,2030,2030-31,Income tax,head,507273946.4918935,1244574728.5960693,2.4534568297919837,same_sign_ratio_at_least_2,constructed,different_model,Tax Measures (Policy measures database),revenue_change,hmt_scorecard_obr_database,forecast,unstated in harvest,reversal_on_certified_world,results/uk/obr_costings/autumn_budget_2025__savings_income_rates_and_starter_limit_2030.json,"OBR source facts: source_model=hmt_scorecard_obr_database; basis=forecast; behavioural_adjustment=unstated in harvest. | PE: static microsimulation on the certified world; reversal re-oriented to the announced measure; PE calendar year 2030 proxies FY 2030-31. measure Δ = −(reversal − baseline). | Head mapping: Income tax = income_tax; positive gain to the Exchequer = +Δtax. | Partial construction: Reverses the three certified savings-income rates to 20%, 40%, and 45%. The same OBR measure freezes the Starting Rate for Savings limit at £5,000, but PE's parameter is constant at £5,000 since 2010 and carries no no-measure uprating path; that component is omitted. | Comparison scope: benchmark_class=different_model; head_scope=single mapped source head (Income tax); remaining_difference=unexplained."
autumn_budget_2025__uc_child_element_remove_two_child_limit,"Universal Credit Child Element: Remove the two child limit from April 2026, taking 450,000 children out of poverty",Autumn Budget 2025,2026,2026-27,Welfare inside cap,head,-1886715000.0,-1104248292.8024673,0.5852756207495394,same_sign_ratio_0.5_to_0.8,constructed,different_model,Spending Measures (Policy measures database),exchequer_impact,hmt_scorecard_obr_database,forecast,unstated in harvest,reversal_on_certified_world,results/uk/obr_costings/autumn_budget_2025__uc_child_element_remove_two_child_limit_2026.json,"OBR source facts: source_model=hmt_scorecard_obr_database; basis=forecast; behavioural_adjustment=unstated in harvest. | PE: static microsimulation on the certified world; reversal re-oriented to the announced measure; PE calendar year 2026 proxies FY 2026-27. measure Δ = −(reversal − baseline). | Head mapping: Welfare inside cap = universal_credit; positive gain to the Exchequer = −Δspending. | Partial construction: Reverses the UC child-element limit from infinity to two. The OBR also reports a Welfare outside cap row, but the harvest does not identify its program composition; CTC or devolved-offset mechanics are not assumed. Unmapped OBR heads: Welfare outside cap. | Comparison scope: benchmark_class=different_model; head_scope=single mapped source head (Welfare inside cap); remaining_difference=unexplained."
autumn_budget_2025__uc_child_element_remove_two_child_limit,"Universal Credit Child Element: Remove the two child limit from April 2026, taking 450,000 children out of poverty",Autumn Budget 2025,2027,2027-28,Welfare inside cap,head,-2100951000.0,-1182378087.1924362,0.5627823243818805,same_sign_ratio_0.5_to_0.8,constructed,different_model,Spending Measures (Policy measures database),exchequer_impact,hmt_scorecard_obr_database,forecast,unstated in harvest,reversal_on_certified_world,results/uk/obr_costings/autumn_budget_2025__uc_child_element_remove_two_child_limit_2027.json,"OBR source facts: source_model=hmt_scorecard_obr_database; basis=forecast; behavioural_adjustment=unstated in harvest. | PE: static microsimulation on the certified world; reversal re-oriented to the announced measure; PE calendar year 2027 proxies FY 2027-28. measure Δ = −(reversal − baseline). | Head mapping: Welfare inside cap = universal_credit; positive gain to the Exchequer = −Δspending. | Partial construction: Reverses the UC child-element limit from infinity to two. The OBR also reports a Welfare outside cap row, but the harvest does not identify its program composition; CTC or devolved-offset mechanics are not assumed. Unmapped OBR heads: Welfare outside cap. | Comparison scope: benchmark_class=different_model; head_scope=single mapped source head (Welfare inside cap); remaining_difference=unexplained."
autumn_budget_2025__uc_child_element_remove_two_child_limit,"Universal Credit Child Element: Remove the two child limit from April 2026, taking 450,000 children out of poverty",Autumn Budget 2025,2028,2028-29,Welfare inside cap,head,-2325254000.0,-1317493136.007225,0.5666018146865783,same_sign_ratio_0.5_to_0.8,constructed,different_model,Spending Measures (Policy measures database),exchequer_impact,hmt_scorecard_obr_database,forecast,unstated in harvest,reversal_on_certified_world,results/uk/obr_costings/autumn_budget_2025__uc_child_element_remove_two_child_limit_2028.json,"OBR source facts: source_model=hmt_scorecard_obr_database; basis=forecast; behavioural_adjustment=unstated in harvest. | PE: static microsimulation on the certified world; reversal re-oriented to the announced measure; PE calendar year 2028 proxies FY 2028-29. measure Δ = −(reversal − baseline). | Head mapping: Welfare inside cap = universal_credit; positive gain to the Exchequer = −Δspending. | Partial construction: Reverses the UC child-element limit from infinity to two. The OBR also reports a Welfare outside cap row, but the harvest does not identify its program composition; CTC or devolved-offset mechanics are not assumed. Unmapped OBR heads: Welfare outside cap. | Comparison scope: benchmark_class=different_model; head_scope=single mapped source head (Welfare inside cap); remaining_difference=unexplained."
autumn_budget_2025__uc_child_element_remove_two_child_limit,"Universal Credit Child Element: Remove the two child limit from April 2026, taking 450,000 children out of poverty",Autumn Budget 2025,2029,2029-30,Welfare inside cap,head,-2570299000.0,-1339468777.1564941,0.5211334467921802,same_sign_ratio_0.5_to_0.8,constructed,different_model,Spending Measures (Policy measures database),exchequer_impact,hmt_scorecard_obr_database,forecast,unstated in harvest,reversal_on_certified_world,results/uk/obr_costings/autumn_budget_2025__uc_child_element_remove_two_child_limit_2029.json,"OBR source facts: source_model=hmt_scorecard_obr_database; basis=forecast; behavioural_adjustment=unstated in harvest. | PE: static microsimulation on the certified world; reversal re-oriented to the announced measure; PE calendar year 2029 proxies FY 2029-30. measure Δ = −(reversal − baseline). | Head mapping: Welfare inside cap = universal_credit; positive gain to the Exchequer = −Δspending. | Partial construction: Reverses the UC child-element limit from infinity to two. The OBR also reports a Welfare outside cap row, but the harvest does not identify its program composition; CTC or devolved-offset mechanics are not assumed. Unmapped OBR heads: Welfare outside cap. | Comparison scope: benchmark_class=different_model; head_scope=single mapped source head (Welfare inside cap); remaining_difference=unexplained."
autumn_budget_2025__uc_child_element_remove_two_child_limit,"Universal Credit Child Element: Remove the two child limit from April 2026, taking 450,000 children out of poverty",Autumn Budget 2025,2030,2030-31,Welfare inside cap,head,-2684855000.0,-1385853710.9238129,0.5161745088370928,same_sign_ratio_0.5_to_0.8,constructed,different_model,Spending Measures (Policy measures database),exchequer_impact,hmt_scorecard_obr_database,forecast,unstated in harvest,reversal_on_certified_world,results/uk/obr_costings/autumn_budget_2025__uc_child_element_remove_two_child_limit_2030.json,"OBR source facts: source_model=hmt_scorecard_obr_database; basis=forecast; behavioural_adjustment=unstated in harvest. | PE: static microsimulation on the certified world; reversal re-oriented to the announced measure; PE calendar year 2030 proxies FY 2030-31. measure Δ = −(reversal − baseline). | Head mapping: Welfare inside cap = universal_credit; positive gain to the Exchequer = −Δspending. | Partial construction: Reverses the UC child-element limit from infinity to two. The OBR also reports a Welfare outside cap row, but the harvest does not identify its program composition; CTC or devolved-offset mechanics are not assumed. Unmapped OBR heads: Welfare outside cap. | Comparison scope: benchmark_class=different_model; head_scope=single mapped source head (Welfare inside cap); remaining_difference=unexplained."
autumn_budget_2025__uc_standard_and_health_protections,Universal Credit: Changes to the standard allowance and health element to protect existing claimants and new health element claimants who meet the Severe Conditions Criteria from April 2026,Autumn Budget 2025,2026,2026-27,Welfare inside cap,head,-240842500.0,,,not_available,not_computed,different_model,Spending Measures (Policy measures database),exchequer_impact,hmt_scorecard_obr_database,forecast,unstated in harvest,reversal_on_certified_world,,OBR source facts: source_model=hmt_scorecard_obr_database; basis=forecast; behavioural_adjustment=unstated in harvest. | No PE value: this registry entry is not expressible as a supported plain parameter reform. | PE: no microsimulation constructed; the registry construction is a reversal on the certified world. | PE calendar year 2026 would proxy OBR FY 2026-27. | Head mapping unavailable for Welfare inside cap; no aggregate is substituted. | Comparison scope: benchmark_class=different_model; head_scope=single mapped source head (Welfare inside cap); remaining_difference=unexplained.
autumn_budget_2025__uc_standard_and_health_protections,Universal Credit: Changes to the standard allowance and health element to protect existing claimants and new health element claimants who meet the Severe Conditions Criteria from April 2026,Autumn Budget 2025,2026,2026-27,Welfare outside cap,head,-3000000.0,,,not_available,not_computed,different_model,Spending Measures (Policy measures database),exchequer_impact,hmt_scorecard_obr_database,forecast,unstated in harvest,reversal_on_certified_world,,OBR source facts: source_model=hmt_scorecard_obr_database; basis=forecast; behavioural_adjustment=unstated in harvest. | No PE value: this registry entry is not expressible as a supported plain parameter reform. | PE: no microsimulation constructed; the registry construction is a reversal on the certified world. | PE calendar year 2026 would proxy OBR FY 2026-27. | Head mapping unavailable for Welfare outside cap; no aggregate is substituted. | Comparison scope: benchmark_class=different_model; head_scope=single mapped source head (Welfare outside cap); remaining_difference=unexplained.
autumn_budget_2025__uc_standard_and_health_protections,Universal Credit: Changes to the standard allowance and health element to protect existing claimants and new health element claimants who meet the Severe Conditions Criteria from April 2026,Autumn Budget 2025,2027,2027-28,Welfare inside cap,head,-472120500.0,,,not_available,not_computed,different_model,Spending Measures (Policy measures database),exchequer_impact,hmt_scorecard_obr_database,forecast,unstated in harvest,reversal_on_certified_world,,OBR source facts: source_model=hmt_scorecard_obr_database; basis=forecast; behavioural_adjustment=unstated in harvest. | No PE value: this registry entry is not expressible as a supported plain parameter reform. | PE: no microsimulation constructed; the registry construction is a reversal on the certified world. | PE calendar year 2027 would proxy OBR FY 2027-28. | Head mapping unavailable for Welfare inside cap; no aggregate is substituted. | Comparison scope: benchmark_class=different_model; head_scope=single mapped source head (Welfare inside cap); remaining_difference=unexplained.
autumn_budget_2025__uc_standard_and_health_protections,Universal Credit: Changes to the standard allowance and health element to protect existing claimants and new health element claimants who meet the Severe Conditions Criteria from April 2026,Autumn Budget 2025,2027,2027-28,Welfare outside cap,head,-4000000.0,,,not_available,not_computed,different_model,Spending Measures (Policy measures database),exchequer_impact,hmt_scorecard_obr_database,forecast,unstated in harvest,reversal_on_certified_world,,OBR source facts: source_model=hmt_scorecard_obr_database; basis=forecast; behavioural_adjustment=unstated in harvest. | No PE value: this registry entry is not expressible as a supported plain parameter reform. | PE: no microsimulation constructed; the registry construction is a reversal on the certified world. | PE calendar year 2027 would proxy OBR FY 2027-28. | Head mapping unavailable for Welfare outside cap; no aggregate is substituted. | Comparison scope: benchmark_class=different_model; head_scope=single mapped source head (Welfare outside cap); remaining_difference=unexplained.
autumn_budget_2025__uc_standard_and_health_protections,Universal Credit: Changes to the standard allowance and health element to protect existing claimants and new health element claimants who meet the Severe Conditions Criteria from April 2026,Autumn Budget 2025,2028,2028-29,Welfare inside cap,head,-625231000.0,,,not_available,not_computed,different_model,Spending Measures (Policy measures database),exchequer_impact,hmt_scorecard_obr_database,forecast,unstated in harvest,reversal_on_certified_world,,OBR source facts: source_model=hmt_scorecard_obr_database; basis=forecast; behavioural_adjustment=unstated in harvest. | No PE value: this registry entry is not expressible as a supported plain parameter reform. | PE: no microsimulation constructed; the registry construction is a reversal on the certified world. | PE calendar year 2028 would proxy OBR FY 2028-29. | Head mapping unavailable for Welfare inside cap; no aggregate is substituted. | Comparison scope: benchmark_class=different_model; head_scope=single mapped source head (Welfare inside cap); remaining_difference=unexplained.
autumn_budget_2025__uc_standard_and_health_protections,Universal Credit: Changes to the standard allowance and health element to protect existing claimants and new health element claimants who meet the Severe Conditions Criteria from April 2026,Autumn Budget 2025,2028,2028-29,Welfare outside cap,head,-5000000.0,,,not_available,not_computed,different_model,Spending Measures (Policy measures database),exchequer_impact,hmt_scorecard_obr_database,forecast,unstated in harvest,reversal_on_certified_world,,OBR source facts: source_model=hmt_scorecard_obr_database; basis=forecast; behavioural_adjustment=unstated in harvest. | No PE value: this registry entry is not expressible as a supported plain parameter reform. | PE: no microsimulation constructed; the registry construction is a reversal on the certified world. | PE calendar year 2028 would proxy OBR FY 2028-29. | Head mapping unavailable for Welfare outside cap; no aggregate is substituted. | Comparison scope: benchmark_class=different_model; head_scope=single mapped source head (Welfare outside cap); remaining_difference=unexplained.
autumn_budget_2025__uc_standard_and_health_protections,Universal Credit: Changes to the standard allowance and health element to protect existing claimants and new health element claimants who meet the Severe Conditions Criteria from April 2026,Autumn Budget 2025,2029,2029-30,Welfare inside cap,head,-785341500.0,,,not_available,not_computed,different_model,Spending Measures (Policy measures database),exchequer_impact,hmt_scorecard_obr_database,forecast,unstated in harvest,reversal_on_certified_world,,OBR source facts: source_model=hmt_scorecard_obr_database; basis=forecast; behavioural_adjustment=unstated in harvest. | No PE value: this registry entry is not expressible as a supported plain parameter reform. | PE: no microsimulation constructed; the registry construction is a reversal on the certified world. | PE calendar year 2029 would proxy OBR FY 2029-30. | Head mapping unavailable for Welfare inside cap; no aggregate is substituted. | Comparison scope: benchmark_class=different_model; head_scope=single mapped source head (Welfare inside cap); remaining_difference=unexplained.
autumn_budget_2025__uc_standard_and_health_protections,Universal Credit: Changes to the standard allowance and health element to protect existing claimants and new health element claimants who meet the Severe Conditions Criteria from April 2026,Autumn Budget 2025,2029,2029-30,Welfare outside cap,head,-6000000.0,,,not_available,not_computed,different_model,Spending Measures (Policy measures database),exchequer_impact,hmt_scorecard_obr_database,forecast,unstated in harvest,reversal_on_certified_world,,OBR source facts: source_model=hmt_scorecard_obr_database; basis=forecast; behavioural_adjustment=unstated in harvest. | No PE value: this registry entry is not expressible as a supported plain parameter reform. | PE: no microsimulation constructed; the registry construction is a reversal on the certified world. | PE calendar year 2029 would proxy OBR FY 2029-30. | Head mapping unavailable for Welfare outside cap; no aggregate is substituted. | Comparison scope: benchmark_class=different_model; head_scope=single mapped source head (Welfare outside cap); remaining_difference=unexplained.
autumn_budget_2025__uc_standard_and_health_protections,Universal Credit: Changes to the standard allowance and health element to protect existing claimants and new health element claimants who meet the Severe Conditions Criteria from April 2026,Autumn Budget 2025,2030,2030-31,Welfare inside cap,head,-938212500.0,,,not_available,not_computed,different_model,Spending Measures (Policy measures database),exchequer_impact,hmt_scorecard_obr_database,forecast,unstated in harvest,reversal_on_certified_world,,OBR source facts: source_model=hmt_scorecard_obr_database; basis=forecast; behavioural_adjustment=unstated in harvest. | No PE value: this registry entry is not expressible as a supported plain parameter reform. | PE: no microsimulation constructed; the registry construction is a reversal on the certified world. | PE calendar year 2030 would proxy OBR FY 2030-31. | Head mapping unavailable for Welfare inside cap; no aggregate is substituted. | Comparison scope: benchmark_class=different_model; head_scope=single mapped source head (Welfare inside cap); remaining_difference=unexplained.
autumn_budget_2025__uc_standard_and_health_protections,Universal Credit: Changes to the standard allowance and health element to protect existing claimants and new health element claimants who meet the Severe Conditions Criteria from April 2026,Autumn Budget 2025,2030,2030-31,Welfare outside cap,head,-6000000.0,,,not_available,not_computed,different_model,Spending Measures (Policy measures database),exchequer_impact,hmt_scorecard_obr_database,forecast,unstated in harvest,reversal_on_certified_world,,OBR source facts: source_model=hmt_scorecard_obr_database; basis=forecast; behavioural_adjustment=unstated in harvest. | No PE value: this registry entry is not expressible as a supported plain parameter reform. | PE: no microsimulation constructed; the registry construction is a reversal on the certified world. | PE calendar year 2030 would proxy OBR FY 2030-31. | Head mapping unavailable for Welfare outside cap; no aggregate is substituted. | Comparison scope: benchmark_class=different_model; head_scope=single mapped source head (Welfare outside cap); remaining_difference=unexplained.
autumn_budget_2025__winter_fuel_payment_income_test,"Winter Fuel Payment: Target to pensioners with taxable income below or equal to £35,000 from Winter 2025",Autumn Budget 2025,2026,2026-27,Income tax,head,408454519.8000001,-0.0,-0.0,pe_zero,constructed,different_model,Tax Measures (Policy measures database),revenue_change,hmt_scorecard_obr_database,forecast,unstated in harvest,reversal_on_certified_world,results/uk/obr_costings/autumn_budget_2025__winter_fuel_payment_income_test_2026.json,"OBR source facts: source_model=hmt_scorecard_obr_database; basis=forecast; behavioural_adjustment=unstated in harvest. | PE: static microsimulation on the certified world; reversal re-oriented to the announced measure; PE calendar year 2026 proxies FY 2026-27. measure Δ = −(reversal − baseline). | Head mapping: Income tax = income_tax; positive gain to the Exchequer = +Δtax. | Partial construction: Turns off the certified £35,000 England-and-Wales income passport while retaining the 2024 means-tested-benefit requirement. PE computes gross winter_fuel_allowance spending and Income Tax (expected to have no direct WFP recovery change); its formula uses income below £35,000 rather than the OBR description's below-or-equal wording and returns zero in Scotland. Unmapped OBR heads: Scottish BGA (current). | Comparison scope: benchmark_class=different_model; head_scope=single mapped source head (Income tax); remaining_difference=unexplained."
autumn_budget_2025__winter_fuel_payment_income_test,"Winter Fuel Payment: Target to pensioners with taxable income below or equal to £35,000 from Winter 2025",Autumn Budget 2025,2026,2026-27,Welfare inside cap,head,-1672203000.0,-1374884384.7363591,0.8221994487130804,same_sign_ratio_0.8_to_1.25,constructed,different_model,Spending Measures (Policy measures database),exchequer_impact,hmt_scorecard_obr_database,forecast,unstated in harvest,reversal_on_certified_world,results/uk/obr_costings/autumn_budget_2025__winter_fuel_payment_income_test_2026.json,"OBR source facts: source_model=hmt_scorecard_obr_database; basis=forecast; behavioural_adjustment=unstated in harvest. | PE: static microsimulation on the certified world; reversal re-oriented to the announced measure; PE calendar year 2026 proxies FY 2026-27. measure Δ = −(reversal − baseline). | Head mapping: Welfare inside cap = winter_fuel_allowance; positive gain to the Exchequer = −Δspending. | Partial construction: Turns off the certified £35,000 England-and-Wales income passport while retaining the 2024 means-tested-benefit requirement. PE computes gross winter_fuel_allowance spending and Income Tax (expected to have no direct WFP recovery change); its formula uses income below £35,000 rather than the OBR description's below-or-equal wording and returns zero in Scotland. Unmapped OBR heads: Scottish BGA (current). | Comparison scope: benchmark_class=different_model; head_scope=single mapped source head (Welfare inside cap); remaining_difference=unexplained."
autumn_budget_2025__winter_fuel_payment_income_test,"Winter Fuel Payment: Target to pensioners with taxable income below or equal to £35,000 from Winter 2025",Autumn Budget 2025,2026,2026-27,Mapped-head total,mapped_head_total,-1263748480.1999998,-1374884384.7363591,1.0879414743341738,same_sign_ratio_0.8_to_1.25,constructed,different_model,Spending Measures (Policy measures database) + Tax Measures (Policy measures database),exchequer_impact + revenue_change,hmt_scorecard_obr_database,forecast,unstated in harvest,reversal_on_certified_world,results/uk/obr_costings/autumn_budget_2025__winter_fuel_payment_income_test_2026.json,"Derived mapped-head total for this comparison only: sums Income tax, Welfare inside cap; it is not attached to an external TOTAL claim. | OBR source facts represented by the mapped heads: source_model=hmt_scorecard_obr_database; basis=forecast; behavioural_adjustment=unstated in harvest. | PE: static microsimulation on the certified world; reversal re-oriented to the announced measure; PE calendar year 2026 proxies FY 2026-27. measure Δ = −(reversal − baseline). | Comparison scope: benchmark_class=different_model; head_scope=mapped PMD heads only; remaining_difference=unexplained. | Registry construction: Turns off the certified £35,000 England-and-Wales income passport while retaining the 2024 means-tested-benefit requirement. PE computes gross winter_fuel_allowance spending and Income Tax (expected to have no direct WFP recovery change); its formula uses income below £35,000 rather than the OBR description's below-or-equal wording and returns zero in Scotland. | Partial scope: this is not an all-head measure total. Unmapped OBR heads: Scottish BGA (current)."
autumn_budget_2025__winter_fuel_payment_income_test,"Winter Fuel Payment: Target to pensioners with taxable income below or equal to £35,000 from Winter 2025",Autumn Budget 2025,2027,2027-28,Income tax,head,891898111.2856009,-0.0,-0.0,pe_zero,constructed,different_model,Tax Measures (Policy measures database),revenue_change,hmt_scorecard_obr_database,forecast,unstated in harvest,reversal_on_certified_world,results/uk/obr_costings/autumn_budget_2025__winter_fuel_payment_income_test_2027.json,"OBR source facts: source_model=hmt_scorecard_obr_database; basis=forecast; behavioural_adjustment=unstated in harvest. | PE: static microsimulation on the certified world; reversal re-oriented to the announced measure; PE calendar year 2027 proxies FY 2027-28. measure Δ = −(reversal − baseline). | Head mapping: Income tax = income_tax; positive gain to the Exchequer = +Δtax. | Partial construction: Turns off the certified £35,000 England-and-Wales income passport while retaining the 2024 means-tested-benefit requirement. PE computes gross winter_fuel_allowance spending and Income Tax (expected to have no direct WFP recovery change); its formula uses income below £35,000 rather than the OBR description's below-or-equal wording and returns zero in Scotland. Unmapped OBR heads: Scottish BGA (current). | Comparison scope: benchmark_class=different_model; head_scope=single mapped source head (Income tax); remaining_difference=unexplained."
autumn_budget_2025__winter_fuel_payment_income_test,"Winter Fuel Payment: Target to pensioners with taxable income below or equal to £35,000 from Winter 2025",Autumn Budget 2025,2027,2027-28,Welfare inside cap,head,-1676337000.0,-1358708147.8148103,0.8105220774908687,same_sign_ratio_0.8_to_1.25,constructed,different_model,Spending Measures (Policy measures database),exchequer_impact,hmt_scorecard_obr_database,forecast,unstated in harvest,reversal_on_certified_world,results/uk/obr_costings/autumn_budget_2025__winter_fuel_payment_income_test_2027.json,"OBR source facts: source_model=hmt_scorecard_obr_database; basis=forecast; behavioural_adjustment=unstated in harvest. | PE: static microsimulation on the certified world; reversal re-oriented to the announced measure; PE calendar year 2027 proxies FY 2027-28. measure Δ = −(reversal − baseline). | Head mapping: Welfare inside cap = winter_fuel_allowance; positive gain to the Exchequer = −Δspending. | Partial construction: Turns off the certified £35,000 England-and-Wales income passport while retaining the 2024 means-tested-benefit requirement. PE computes gross winter_fuel_allowance spending and Income Tax (expected to have no direct WFP recovery change); its formula uses income below £35,000 rather than the OBR description's below-or-equal wording and returns zero in Scotland. Unmapped OBR heads: Scottish BGA (current). | Comparison scope: benchmark_class=different_model; head_scope=single mapped source head (Welfare inside cap); remaining_difference=unexplained."
autumn_budget_2025__winter_fuel_payment_income_test,"Winter Fuel Payment: Target to pensioners with taxable income below or equal to £35,000 from Winter 2025",Autumn Budget 2025,2027,2027-28,Mapped-head total,mapped_head_total,-784438888.7143991,-1358708147.8148103,1.7320764783112288,same_sign_ratio_1.25_to_2,constructed,different_model,Spending Measures (Policy measures database) + Tax Measures (Policy measures database),exchequer_impact + revenue_change,hmt_scorecard_obr_database,forecast,unstated in harvest,reversal_on_certified_world,results/uk/obr_costings/autumn_budget_2025__winter_fuel_payment_income_test_2027.json,"Derived mapped-head total for this comparison only: sums Income tax, Welfare inside cap; it is not attached to an external TOTAL claim. | OBR source facts represented by the mapped heads: source_model=hmt_scorecard_obr_database; basis=forecast; behavioural_adjustment=unstated in harvest. | PE: static microsimulation on the certified world; reversal re-oriented to the announced measure; PE calendar year 2027 proxies FY 2027-28. measure Δ = −(reversal − baseline). | Comparison scope: benchmark_class=different_model; head_scope=mapped PMD heads only; remaining_difference=unexplained. | Registry construction: Turns off the certified £35,000 England-and-Wales income passport while retaining the 2024 means-tested-benefit requirement. PE computes gross winter_fuel_allowance spending and Income Tax (expected to have no direct WFP recovery change); its formula uses income below £35,000 rather than the OBR description's below-or-equal wording and returns zero in Scotland. | Partial scope: this is not an all-head measure total. Unmapped OBR heads: Scottish BGA (current)."
autumn_budget_2025__winter_fuel_payment_income_test,"Winter Fuel Payment: Target to pensioners with taxable income below or equal to £35,000 from Winter 2025",Autumn Budget 2025,2028,2028-29,Income tax,head,490713760.68209356,-0.0,-0.0,pe_zero,constructed,different_model,Tax Measures (Policy measures database),revenue_change,hmt_scorecard_obr_database,forecast,unstated in harvest,reversal_on_certified_world,results/uk/obr_costings/autumn_budget_2025__winter_fuel_payment_income_test_2028.json,"OBR source facts: source_model=hmt_scorecard_obr_database; basis=forecast; behavioural_adjustment=unstated in harvest. | PE: static microsimulation on the certified world; reversal re-oriented to the announced measure; PE calendar year 2028 proxies FY 2028-29. measure Δ = −(reversal − baseline). | Head mapping: Income tax = income_tax; positive gain to the Exchequer = +Δtax. | Partial construction: Turns off the certified £35,000 England-and-Wales income passport while retaining the 2024 means-tested-benefit requirement. PE computes gross winter_fuel_allowance spending and Income Tax (expected to have no direct WFP recovery change); its formula uses income below £35,000 rather than the OBR description's below-or-equal wording and returns zero in Scotland. Unmapped OBR heads: Scottish BGA (current). | Comparison scope: benchmark_class=different_model; head_scope=single mapped source head (Income tax); remaining_difference=unexplained."
autumn_budget_2025__winter_fuel_payment_income_test,"Winter Fuel Payment: Target to pensioners with taxable income below or equal to £35,000 from Winter 2025",Autumn Budget 2025,2028,2028-29,Welfare inside cap,head,-1693906500.0,-1350902621.3806868,0.797507194984308,same_sign_ratio_0.5_to_0.8,constructed,different_model,Spending Measures (Policy measures database),exchequer_impact,hmt_scorecard_obr_database,forecast,unstated in harvest,reversal_on_certified_world,results/uk/obr_costings/autumn_budget_2025__winter_fuel_payment_income_test_2028.json,"OBR source facts: source_model=hmt_scorecard_obr_database; basis=forecast; behavioural_adjustment=unstated in harvest. | PE: static microsimulation on the certified world; reversal re-oriented to the announced measure; PE calendar year 2028 proxies FY 2028-29. measure Δ = −(reversal − baseline). | Head mapping: Welfare inside cap = winter_fuel_allowance; positive gain to the Exchequer = −Δspending. | Partial construction: Turns off the certified £35,000 England-and-Wales income passport while retaining the 2024 means-tested-benefit requirement. PE computes gross winter_fuel_allowance spending and Income Tax (expected to have no direct WFP recovery change); its formula uses income below £35,000 rather than the OBR description's below-or-equal wording and returns zero in Scotland. Unmapped OBR heads: Scottish BGA (current). | Comparison scope: benchmark_class=different_model; head_scope=single mapped source head (Welfare inside cap); remaining_difference=unexplained."
autumn_budget_2025__winter_fuel_payment_income_test,"Winter Fuel Payment: Target to pensioners with taxable income below or equal to £35,000 from Winter 2025",Autumn Budget 2025,2028,2028-29,Mapped-head total,mapped_head_total,-1203192739.3179064,-1350902621.3806868,1.1227649380152656,same_sign_ratio_0.8_to_1.25,constructed,different_model,Spending Measures (Policy measures database) + Tax Measures (Policy measures database),exchequer_impact + revenue_change,hmt_scorecard_obr_database,forecast,unstated in harvest,reversal_on_certified_world,results/uk/obr_costings/autumn_budget_2025__winter_fuel_payment_income_test_2028.json,"Derived mapped-head total for this comparison only: sums Income tax, Welfare inside cap; it is not attached to an external TOTAL claim. | OBR source facts represented by the mapped heads: source_model=hmt_scorecard_obr_database; basis=forecast; behavioural_adjustment=unstated in harvest. | PE: static microsimulation on the certified world; reversal re-oriented to the announced measure; PE calendar year 2028 proxies FY 2028-29. measure Δ = −(reversal − baseline). | Comparison scope: benchmark_class=different_model; head_scope=mapped PMD heads only; remaining_difference=unexplained. | Registry construction: Turns off the certified £35,000 England-and-Wales income passport while retaining the 2024 means-tested-benefit requirement. PE computes gross winter_fuel_allowance spending and Income Tax (expected to have no direct WFP recovery change); its formula uses income below £35,000 rather than the OBR description's below-or-equal wording and returns zero in Scotland. | Partial scope: this is not an all-head measure total. Unmapped OBR heads: Scottish BGA (current)."
autumn_budget_2025__winter_fuel_payment_income_test,"Winter Fuel Payment: Target to pensioners with taxable income below or equal to £35,000 from Winter 2025",Autumn Budget 2025,2029,2029-30,Income tax,head,526033114.55423284,-0.0,-0.0,pe_zero,constructed,different_model,Tax Measures (Policy measures database),revenue_change,hmt_scorecard_obr_database,forecast,unstated in harvest,reversal_on_certified_world,results/uk/obr_costings/autumn_budget_2025__winter_fuel_payment_income_test_2029.json,"OBR source facts: source_model=hmt_scorecard_obr_database; basis=forecast; behavioural_adjustment=unstated in harvest. | PE: static microsimulation on the certified world; reversal re-oriented to the announced measure; PE calendar year 2029 proxies FY 2029-30. measure Δ = −(reversal − baseline). | Head mapping: Income tax = income_tax; positive gain to the Exchequer = +Δtax. | Partial construction: Turns off the certified £35,000 England-and-Wales income passport while retaining the 2024 means-tested-benefit requirement. PE computes gross winter_fuel_allowance spending and Income Tax (expected to have no direct WFP recovery change); its formula uses income below £35,000 rather than the OBR description's below-or-equal wording and returns zero in Scotland. Unmapped OBR heads: Scottish BGA (current). | Comparison scope: benchmark_class=different_model; head_scope=single mapped source head (Income tax); remaining_difference=unexplained."
autumn_budget_2025__winter_fuel_payment_income_test,"Winter Fuel Payment: Target to pensioners with taxable income below or equal to £35,000 from Winter 2025",Autumn Budget 2025,2029,2029-30,Welfare inside cap,head,-1734246500.0,-1328674476.684928,0.7661393444847246,same_sign_ratio_0.5_to_0.8,constructed,different_model,Spending Measures (Policy measures database),exchequer_impact,hmt_scorecard_obr_database,forecast,unstated in harvest,reversal_on_certified_world,results/uk/obr_costings/autumn_budget_2025__winter_fuel_payment_income_test_2029.json,"OBR source facts: source_model=hmt_scorecard_obr_database; basis=forecast; behavioural_adjustment=unstated in harvest. | PE: static microsimulation on the certified world; reversal re-oriented to the announced measure; PE calendar year 2029 proxies FY 2029-30. measure Δ = −(reversal − baseline). | Head mapping: Welfare inside cap = winter_fuel_allowance; positive gain to the Exchequer = −Δspending. | Partial construction: Turns off the certified £35,000 England-and-Wales income passport while retaining the 2024 means-tested-benefit requirement. PE computes gross winter_fuel_allowance spending and Income Tax (expected to have no direct WFP recovery change); its formula uses income below £35,000 rather than the OBR description's below-or-equal wording and returns zero in Scotland. Unmapped OBR heads: Scottish BGA (current). | Comparison scope: benchmark_class=different_model; head_scope=single mapped source head (Welfare inside cap); remaining_difference=unexplained."
autumn_budget_2025__winter_fuel_payment_income_test,"Winter Fuel Payment: Target to pensioners with taxable income below or equal to £35,000 from Winter 2025",Autumn Budget 2025,2029,2029-30,Mapped-head total,mapped_head_total,-1208213385.4457672,-1328674476.684928,1.0997018347009266,same_sign_ratio_0.8_to_1.25,constructed,different_model,Spending Measures (Policy measures database) + Tax Measures (Policy measures database),exchequer_impact + revenue_change,hmt_scorecard_obr_database,forecast,unstated in harvest,reversal_on_certified_world,results/uk/obr_costings/autumn_budget_2025__winter_fuel_payment_income_test_2029.json,"Derived mapped-head total for this comparison only: sums Income tax, Welfare inside cap; it is not attached to an external TOTAL claim. | OBR source facts represented by the mapped heads: source_model=hmt_scorecard_obr_database; basis=forecast; behavioural_adjustment=unstated in harvest. | PE: static microsimulation on the certified world; reversal re-oriented to the announced measure; PE calendar year 2029 proxies FY 2029-30. measure Δ = −(reversal − baseline). | Comparison scope: benchmark_class=different_model; head_scope=mapped PMD heads only; remaining_difference=unexplained. | Registry construction: Turns off the certified £35,000 England-and-Wales income passport while retaining the 2024 means-tested-benefit requirement. PE computes gross winter_fuel_allowance spending and Income Tax (expected to have no direct WFP recovery change); its formula uses income below £35,000 rather than the OBR description's below-or-equal wording and returns zero in Scotland. | Partial scope: this is not an all-head measure total. Unmapped OBR heads: Scottish BGA (current)."
autumn_budget_2025__winter_fuel_payment_income_test,"Winter Fuel Payment: Target to pensioners with taxable income below or equal to £35,000 from Winter 2025",Autumn Budget 2025,2030,2030-31,Income tax,head,561696945.1324424,-0.0,-0.0,pe_zero,constructed,different_model,Tax Measures (Policy measures database),revenue_change,hmt_scorecard_obr_database,forecast,unstated in harvest,reversal_on_certified_world,results/uk/obr_costings/autumn_budget_2025__winter_fuel_payment_income_test_2030.json,"OBR source facts: source_model=hmt_scorecard_obr_database; basis=forecast; behavioural_adjustment=unstated in harvest. | PE: static microsimulation on the certified world; reversal re-oriented to the announced measure; PE calendar year 2030 proxies FY 2030-31. measure Δ = −(reversal − baseline). | Head mapping: Income tax = income_tax; positive gain to the Exchequer = +Δtax. | Partial construction: Turns off the certified £35,000 England-and-Wales income passport while retaining the 2024 means-tested-benefit requirement. PE computes gross winter_fuel_allowance spending and Income Tax (expected to have no direct WFP recovery change); its formula uses income below £35,000 rather than the OBR description's below-or-equal wording and returns zero in Scotland. Unmapped OBR heads: Scottish BGA (current). | Comparison scope: benchmark_class=different_model; head_scope=single mapped source head (Income tax); remaining_difference=unexplained."
autumn_budget_2025__winter_fuel_payment_income_test,"Winter Fuel Payment: Target to pensioners with taxable income below or equal to £35,000 from Winter 2025",Autumn Budget 2025,2030,2030-31,Welfare inside cap,head,-1753849500.0,-1364501120.7383275,0.7780035406335193,same_sign_ratio_0.5_to_0.8,constructed,different_model,Spending Measures (Policy measures database),exchequer_impact,hmt_scorecard_obr_database,forecast,unstated in harvest,reversal_on_certified_world,results/uk/obr_costings/autumn_budget_2025__winter_fuel_payment_income_test_2030.json,"OBR source facts: source_model=hmt_scorecard_obr_database; basis=forecast; behavioural_adjustment=unstated in harvest. | PE: static microsimulation on the certified world; reversal re-oriented to the announced measure; PE calendar year 2030 proxies FY 2030-31. measure Δ = −(reversal − baseline). | Head mapping: Welfare inside cap = winter_fuel_allowance; positive gain to the Exchequer = −Δspending. | Partial construction: Turns off the certified £35,000 England-and-Wales income passport while retaining the 2024 means-tested-benefit requirement. PE computes gross winter_fuel_allowance spending and Income Tax (expected to have no direct WFP recovery change); its formula uses income below £35,000 rather than the OBR description's below-or-equal wording and returns zero in Scotland. Unmapped OBR heads: Scottish BGA (current). | Comparison scope: benchmark_class=different_model; head_scope=single mapped source head (Welfare inside cap); remaining_difference=unexplained."
autumn_budget_2025__winter_fuel_payment_income_test,"Winter Fuel Payment: Target to pensioners with taxable income below or equal to £35,000 from Winter 2025",Autumn Budget 2025,2030,2030-31,Mapped-head total,mapped_head_total,-1192152554.8675575,-1364501120.7383275,1.1445692207486962,same_sign_ratio_0.8_to_1.25,constructed,different_model,Spending Measures (Policy measures database) + Tax Measures (Policy measures database),exchequer_impact + revenue_change,hmt_scorecard_obr_database,forecast,unstated in harvest,reversal_on_certified_world,results/uk/obr_costings/autumn_budget_2025__winter_fuel_payment_income_test_2030.json,"Derived mapped-head total for this comparison only: sums Income tax, Welfare inside cap; it is not attached to an external TOTAL claim. | OBR source facts represented by the mapped heads: source_model=hmt_scorecard_obr_database; basis=forecast; behavioural_adjustment=unstated in harvest. | PE: static microsimulation on the certified world; reversal re-oriented to the announced measure; PE calendar year 2030 proxies FY 2030-31. measure Δ = −(reversal − baseline). | Comparison scope: benchmark_class=different_model; head_scope=mapped PMD heads only; remaining_difference=unexplained. | Registry construction: Turns off the certified £35,000 England-and-Wales income passport while retaining the 2024 means-tested-benefit requirement. PE computes gross winter_fuel_allowance spending and Income Tax (expected to have no direct WFP recovery change); its formula uses income below £35,000 rather than the OBR description's below-or-equal wording and returns zero in Scotland. | Partial scope: this is not an all-head measure total. Unmapped OBR heads: Scottish BGA (current)."
autumn_statement_2023__class_1_employee_nics_main_rate_cut_2p,National Insurance contributions (NICs): 2p cut to the main rate of Class 1 employee NICs from January 2024,Autumn Statement 2023,2026,2026-27,Income tax,head,684430484.3659679,-0.0,-0.0,pe_zero,constructed,different_model,Tax Measures (Policy measures database),revenue_change,hmt_scorecard_obr_database,forecast,unstated in harvest,reversal_on_certified_world,results/uk/obr_costings/autumn_statement_2023__class_1_employee_nics_main_rate_cut_2p_2026.json,"OBR source facts: source_model=hmt_scorecard_obr_database; basis=forecast; behavioural_adjustment=unstated in harvest. | PE: static microsimulation on the certified world; reversal re-oriented to the announced measure; PE calendar year 2026 proxies FY 2026-27. measure Δ = −(reversal − baseline). | Head mapping: Income tax = income_tax; positive gain to the Exchequer = +Δtax. | Partial construction: The Class 1 rate lever is direct. PE static head mappings do not model the OBR's corporation-tax, capital-gains-tax, departmental-spending, or Scottish block-grant channels. Welfare inside cap is represented only by universal_credit, not the full OBR welfare-head scope. Unmapped OBR heads: Corporation tax (onshore), Capital gains tax, PSCE in RDEL, Scottish BGA (current). | Comparison scope: benchmark_class=different_model; head_scope=single mapped source head (Income tax); remaining_difference=unexplained."
autumn_statement_2023__class_1_employee_nics_main_rate_cut_2p,National Insurance contributions (NICs): 2p cut to the main rate of Class 1 employee NICs from January 2024,Autumn Statement 2023,2026,2026-27,NICs,head,-9343022622.888573,-12070073648.808764,1.2918810256585969,same_sign_ratio_1.25_to_2,constructed,different_model,Tax Measures (Policy measures database),revenue_change,hmt_scorecard_obr_database,forecast,unstated in harvest,reversal_on_certified_world,results/uk/obr_costings/autumn_statement_2023__class_1_employee_nics_main_rate_cut_2p_2026.json,"OBR source facts: source_model=hmt_scorecard_obr_database; basis=forecast; behavioural_adjustment=unstated in harvest. | PE: static microsimulation on the certified world; reversal re-oriented to the announced measure; PE calendar year 2026 proxies FY 2026-27. measure Δ = −(reversal − baseline). | Head mapping: NICs = ni_class_1_employee + ni_class_1_employer + ni_class_4; positive gain to the Exchequer = +Δtax. | Partial construction: The Class 1 rate lever is direct. PE static head mappings do not model the OBR's corporation-tax, capital-gains-tax, departmental-spending, or Scottish block-grant channels. Welfare inside cap is represented only by universal_credit, not the full OBR welfare-head scope. Unmapped OBR heads: Corporation tax (onshore), Capital gains tax, PSCE in RDEL, Scottish BGA (current). | Comparison scope: benchmark_class=different_model; head_scope=single mapped source head (NICs); remaining_difference=unexplained."
autumn_statement_2023__class_1_employee_nics_main_rate_cut_2p,National Insurance contributions (NICs): 2p cut to the main rate of Class 1 employee NICs from January 2024,Autumn Statement 2023,2026,2026-27,Welfare inside cap,head,171410663.03096536,104678630.74134064,0.610689142030974,same_sign_ratio_0.5_to_0.8,constructed,different_model,Spending Measures (Policy measures database),exchequer_impact,hmt_scorecard_obr_database,forecast,unstated in harvest,reversal_on_certified_world,results/uk/obr_costings/autumn_statement_2023__class_1_employee_nics_main_rate_cut_2p_2026.json,"OBR source facts: source_model=hmt_scorecard_obr_database; basis=forecast; behavioural_adjustment=unstated in harvest. | PE: static microsimulation on the certified world; reversal re-oriented to the announced measure; PE calendar year 2026 proxies FY 2026-27. measure Δ = −(reversal − baseline). | Head mapping: Welfare inside cap = universal_credit; positive gain to the Exchequer = −Δspending. | Partial construction: The Class 1 rate lever is direct. PE static head mappings do not model the OBR's corporation-tax, capital-gains-tax, departmental-spending, or Scottish block-grant channels. Welfare inside cap is represented only by universal_credit, not the full OBR welfare-head scope. Unmapped OBR heads: Corporation tax (onshore), Capital gains tax, PSCE in RDEL, Scottish BGA (current). | Comparison scope: benchmark_class=different_model; head_scope=single mapped source head (Welfare inside cap); remaining_difference=unexplained."
autumn_statement_2023__class_1_employee_nics_main_rate_cut_2p,National Insurance contributions (NICs): 2p cut to the main rate of Class 1 employee NICs from January 2024,Autumn Statement 2023,2026,2026-27,Mapped-head total,mapped_head_total,-8487181475.491639,-11965395018.067423,1.4098196265297014,same_sign_ratio_1.25_to_2,constructed,different_model,Spending Measures (Policy measures database) + Tax Measures (Policy measures database),exchequer_impact + revenue_change,hmt_scorecard_obr_database,forecast,unstated in harvest,reversal_on_certified_world,results/uk/obr_costings/autumn_statement_2023__class_1_employee_nics_main_rate_cut_2p_2026.json,"Derived mapped-head total for this comparison only: sums Income tax, NICs, Welfare inside cap; it is not attached to an external TOTAL claim. | OBR source facts represented by the mapped heads: source_model=hmt_scorecard_obr_database; basis=forecast; behavioural_adjustment=unstated in harvest. | PE: static microsimulation on the certified world; reversal re-oriented to the announced measure; PE calendar year 2026 proxies FY 2026-27. measure Δ = −(reversal − baseline). | Comparison scope: benchmark_class=different_model; head_scope=mapped PMD heads only; remaining_difference=unexplained. | Registry construction: The Class 1 rate lever is direct. PE static head mappings do not model the OBR's corporation-tax, capital-gains-tax, departmental-spending, or Scottish block-grant channels. Welfare inside cap is represented only by universal_credit, not the full OBR welfare-head scope. | Partial scope: this is not an all-head measure total. Unmapped OBR heads: Corporation tax (onshore), Capital gains tax, PSCE in RDEL, Scottish BGA (current)."
autumn_statement_2023__class_1_employee_nics_main_rate_cut_2p,National Insurance contributions (NICs): 2p cut to the main rate of Class 1 employee NICs from January 2024,Autumn Statement 2023,2027,2027-28,Income tax,head,784710852.2952693,-0.0,-0.0,pe_zero,constructed,different_model,Tax Measures (Policy measures database),revenue_change,hmt_scorecard_obr_database,forecast,unstated in harvest,reversal_on_certified_world,results/uk/obr_costings/autumn_statement_2023__class_1_employee_nics_main_rate_cut_2p_2027.json,"OBR source facts: source_model=hmt_scorecard_obr_database; basis=forecast; behavioural_adjustment=unstated in harvest. | PE: static microsimulation on the certified world; reversal re-oriented to the announced measure; PE calendar year 2027 proxies FY 2027-28. measure Δ = −(reversal − baseline). | Head mapping: Income tax = income_tax; positive gain to the Exchequer = +Δtax. | Partial construction: The Class 1 rate lever is direct. PE static head mappings do not model the OBR's corporation-tax, capital-gains-tax, departmental-spending, or Scottish block-grant channels. Welfare inside cap is represented only by universal_credit, not the full OBR welfare-head scope. Unmapped OBR heads: Corporation tax (onshore), Capital gains tax, PSCE in RDEL, Scottish BGA (current). | Comparison scope: benchmark_class=different_model; head_scope=single mapped source head (Income tax); remaining_difference=unexplained."
autumn_statement_2023__class_1_employee_nics_main_rate_cut_2p,National Insurance contributions (NICs): 2p cut to the main rate of Class 1 employee NICs from January 2024,Autumn Statement 2023,2027,2027-28,NICs,head,-9564167485.439438,-12356159334.317142,1.2919220991401765,same_sign_ratio_1.25_to_2,constructed,different_model,Tax Measures (Policy measures database),revenue_change,hmt_scorecard_obr_database,forecast,unstated in harvest,reversal_on_certified_world,results/uk/obr_costings/autumn_statement_2023__class_1_employee_nics_main_rate_cut_2p_2027.json,"OBR source facts: source_model=hmt_scorecard_obr_database; basis=forecast; behavioural_adjustment=unstated in harvest. | PE: static microsimulation on the certified world; reversal re-oriented to the announced measure; PE calendar year 2027 proxies FY 2027-28. measure Δ = −(reversal − baseline). | Head mapping: NICs = ni_class_1_employee + ni_class_1_employer + ni_class_4; positive gain to the Exchequer = +Δtax. | Partial construction: The Class 1 rate lever is direct. PE static head mappings do not model the OBR's corporation-tax, capital-gains-tax, departmental-spending, or Scottish block-grant channels. Welfare inside cap is represented only by universal_credit, not the full OBR welfare-head scope. Unmapped OBR heads: Corporation tax (onshore), Capital gains tax, PSCE in RDEL, Scottish BGA (current). | Comparison scope: benchmark_class=different_model; head_scope=single mapped source head (NICs); remaining_difference=unexplained."
autumn_statement_2023__class_1_employee_nics_main_rate_cut_2p,National Insurance contributions (NICs): 2p cut to the main rate of Class 1 employee NICs from January 2024,Autumn Statement 2023,2027,2027-28,Welfare inside cap,head,170116390.2381247,109333370.59695435,0.6426974522790674,same_sign_ratio_0.5_to_0.8,constructed,different_model,Spending Measures (Policy measures database),exchequer_impact,hmt_scorecard_obr_database,forecast,unstated in harvest,reversal_on_certified_world,results/uk/obr_costings/autumn_statement_2023__class_1_employee_nics_main_rate_cut_2p_2027.json,"OBR source facts: source_model=hmt_scorecard_obr_database; basis=forecast; behavioural_adjustment=unstated in harvest. | PE: static microsimulation on the certified world; reversal re-oriented to the announced measure; PE calendar year 2027 proxies FY 2027-28. measure Δ = −(reversal − baseline). | Head mapping: Welfare inside cap = universal_credit; positive gain to the Exchequer = −Δspending. | Partial construction: The Class 1 rate lever is direct. PE static head mappings do not model the OBR's corporation-tax, capital-gains-tax, departmental-spending, or Scottish block-grant channels. Welfare inside cap is represented only by universal_credit, not the full OBR welfare-head scope. Unmapped OBR heads: Corporation tax (onshore), Capital gains tax, PSCE in RDEL, Scottish BGA (current). | Comparison scope: benchmark_class=different_model; head_scope=single mapped source head (Welfare inside cap); remaining_difference=unexplained."
autumn_statement_2023__class_1_employee_nics_main_rate_cut_2p,National Insurance contributions (NICs): 2p cut to the main rate of Class 1 employee NICs from January 2024,Autumn Statement 2023,2027,2027-28,Mapped-head total,mapped_head_total,-8609340242.906044,-12246825963.720188,1.4225045843450517,same_sign_ratio_1.25_to_2,constructed,different_model,Spending Measures (Policy measures database) + Tax Measures (Policy measures database),exchequer_impact + revenue_change,hmt_scorecard_obr_database,forecast,unstated in harvest,reversal_on_certified_world,results/uk/obr_costings/autumn_statement_2023__class_1_employee_nics_main_rate_cut_2p_2027.json,"Derived mapped-head total for this comparison only: sums Income tax, NICs, Welfare inside cap; it is not attached to an external TOTAL claim. | OBR source facts represented by the mapped heads: source_model=hmt_scorecard_obr_database; basis=forecast; behavioural_adjustment=unstated in harvest. | PE: static microsimulation on the certified world; reversal re-oriented to the announced measure; PE calendar year 2027 proxies FY 2027-28. measure Δ = −(reversal − baseline). | Comparison scope: benchmark_class=different_model; head_scope=mapped PMD heads only; remaining_difference=unexplained. | Registry construction: The Class 1 rate lever is direct. PE static head mappings do not model the OBR's corporation-tax, capital-gains-tax, departmental-spending, or Scottish block-grant channels. Welfare inside cap is represented only by universal_credit, not the full OBR welfare-head scope. | Partial scope: this is not an all-head measure total. Unmapped OBR heads: Corporation tax (onshore), Capital gains tax, PSCE in RDEL, Scottish BGA (current)."
autumn_statement_2023__class_1_employee_nics_main_rate_cut_2p,National Insurance contributions (NICs): 2p cut to the main rate of Class 1 employee NICs from January 2024,Autumn Statement 2023,2028,2028-29,Income tax,head,870756822.6676524,-0.0,-0.0,pe_zero,constructed,different_model,Tax Measures (Policy measures database),revenue_change,hmt_scorecard_obr_database,forecast,unstated in harvest,reversal_on_certified_world,results/uk/obr_costings/autumn_statement_2023__class_1_employee_nics_main_rate_cut_2p_2028.json,"OBR source facts: source_model=hmt_scorecard_obr_database; basis=forecast; behavioural_adjustment=unstated in harvest. | PE: static microsimulation on the certified world; reversal re-oriented to the announced measure; PE calendar year 2028 proxies FY 2028-29. measure Δ = −(reversal − baseline). | Head mapping: Income tax = income_tax; positive gain to the Exchequer = +Δtax. | Partial construction: The Class 1 rate lever is direct. PE static head mappings do not model the OBR's corporation-tax, capital-gains-tax, departmental-spending, or Scottish block-grant channels. Welfare inside cap is represented only by universal_credit, not the full OBR welfare-head scope. Unmapped OBR heads: Corporation tax (onshore), Capital gains tax, PSCE in RDEL, Scottish BGA (current). | Comparison scope: benchmark_class=different_model; head_scope=single mapped source head (Income tax); remaining_difference=unexplained."
autumn_statement_2023__class_1_employee_nics_main_rate_cut_2p,National Insurance contributions (NICs): 2p cut to the main rate of Class 1 employee NICs from January 2024,Autumn Statement 2023,2028,2028-29,NICs,head,-9840040167.551245,-12663862924.5513,1.2869726859766246,same_sign_ratio_1.25_to_2,constructed,different_model,Tax Measures (Policy measures database),revenue_change,hmt_scorecard_obr_database,forecast,unstated in harvest,reversal_on_certified_world,results/uk/obr_costings/autumn_statement_2023__class_1_employee_nics_main_rate_cut_2p_2028.json,"OBR source facts: source_model=hmt_scorecard_obr_database; basis=forecast; behavioural_adjustment=unstated in harvest. | PE: static microsimulation on the certified world; reversal re-oriented to the announced measure; PE calendar year 2028 proxies FY 2028-29. measure Δ = −(reversal − baseline). | Head mapping: NICs = ni_class_1_employee + ni_class_1_employer + ni_class_4; positive gain to the Exchequer = +Δtax. | Partial construction: The Class 1 rate lever is direct. PE static head mappings do not model the OBR's corporation-tax, capital-gains-tax, departmental-spending, or Scottish block-grant channels. Welfare inside cap is represented only by universal_credit, not the full OBR welfare-head scope. Unmapped OBR heads: Corporation tax (onshore), Capital gains tax, PSCE in RDEL, Scottish BGA (current). | Comparison scope: benchmark_class=different_model; head_scope=single mapped source head (NICs); remaining_difference=unexplained."
autumn_statement_2023__class_1_employee_nics_main_rate_cut_2p,National Insurance contributions (NICs): 2p cut to the main rate of Class 1 employee NICs from January 2024,Autumn Statement 2023,2028,2028-29,Welfare inside cap,head,180120937.94196734,109787606.17053986,0.6095216215558017,same_sign_ratio_0.5_to_0.8,constructed,different_model,Spending Measures (Policy measures database),exchequer_impact,hmt_scorecard_obr_database,forecast,unstated in harvest,reversal_on_certified_world,results/uk/obr_costings/autumn_statement_2023__class_1_employee_nics_main_rate_cut_2p_2028.json,"OBR source facts: source_model=hmt_scorecard_obr_database; basis=forecast; behavioural_adjustment=unstated in harvest. | PE: static microsimulation on the certified world; reversal re-oriented to the announced measure; PE calendar year 2028 proxies FY 2028-29. measure Δ = −(reversal − baseline). | Head mapping: Welfare inside cap = universal_credit; positive gain to the Exchequer = −Δspending. | Partial construction: The Class 1 rate lever is direct. PE static head mappings do not model the OBR's corporation-tax, capital-gains-tax, departmental-spending, or Scottish block-grant channels. Welfare inside cap is represented only by universal_credit, not the full OBR welfare-head scope. Unmapped OBR heads: Corporation tax (onshore), Capital gains tax, PSCE in RDEL, Scottish BGA (current). | Comparison scope: benchmark_class=different_model; head_scope=single mapped source head (Welfare inside cap); remaining_difference=unexplained."
autumn_statement_2023__class_1_employee_nics_main_rate_cut_2p,National Insurance contributions (NICs): 2p cut to the main rate of Class 1 employee NICs from January 2024,Autumn Statement 2023,2028,2028-29,Mapped-head total,mapped_head_total,-8789162406.941626,-12554075318.38076,1.4283585553574059,same_sign_ratio_1.25_to_2,constructed,different_model,Spending Measures (Policy measures database) + Tax Measures (Policy measures database),exchequer_impact + revenue_change,hmt_scorecard_obr_database,forecast,unstated in harvest,reversal_on_certified_world,results/uk/obr_costings/autumn_statement_2023__class_1_employee_nics_main_rate_cut_2p_2028.json,"Derived mapped-head total for this comparison only: sums Income tax, NICs, Welfare inside cap; it is not attached to an external TOTAL claim. | OBR source facts represented by the mapped heads: source_model=hmt_scorecard_obr_database; basis=forecast; behavioural_adjustment=unstated in harvest. | PE: static microsimulation on the certified world; reversal re-oriented to the announced measure; PE calendar year 2028 proxies FY 2028-29. measure Δ = −(reversal − baseline). | Comparison scope: benchmark_class=different_model; head_scope=mapped PMD heads only; remaining_difference=unexplained. | Registry construction: The Class 1 rate lever is direct. PE static head mappings do not model the OBR's corporation-tax, capital-gains-tax, departmental-spending, or Scottish block-grant channels. Welfare inside cap is represented only by universal_credit, not the full OBR welfare-head scope. | Partial scope: this is not an all-head measure total. Unmapped OBR heads: Corporation tax (onshore), Capital gains tax, PSCE in RDEL, Scottish BGA (current)."
autumn_statement_2023__class_2_self_employed_nics_liability_abolition,National Insurance contributions (NICs): abolish Class 2 self-employed NICs liability from April 2024,Autumn Statement 2023,2026,2026-27,Capital gains tax,head,0.0,,,not_available,not_computed,different_model,Tax Measures (Policy measures database),revenue_change,hmt_scorecard_obr_database,forecast,unstated in harvest,reversal_on_certified_world,,OBR source facts: source_model=hmt_scorecard_obr_database; basis=forecast; behavioural_adjustment=unstated in harvest. | No PE value: this registry entry is not expressible as a supported plain parameter reform. | PE: no microsimulation constructed; the registry construction is a reversal on the certified world. | PE calendar year 2026 would proxy OBR FY 2026-27. | Head mapping unavailable for Capital gains tax; no aggregate is substituted. | Comparison scope: benchmark_class=different_model; head_scope=single mapped source head (Capital gains tax); remaining_difference=unexplained.
autumn_statement_2023__class_2_self_employed_nics_liability_abolition,National Insurance contributions (NICs): abolish Class 2 self-employed NICs liability from April 2024,Autumn Statement 2023,2026,2026-27,Corporation tax (onshore),head,-186661694.94794962,,,not_available,not_computed,different_model,Tax Measures (Policy measures database),revenue_change,hmt_scorecard_obr_database,forecast,unstated in harvest,reversal_on_certified_world,,OBR source facts: source_model=hmt_scorecard_obr_database; basis=forecast; behavioural_adjustment=unstated in harvest. | No PE value: this registry entry is not expressible as a supported plain parameter reform. | PE: no microsimulation constructed; the registry construction is a reversal on the certified world. | PE calendar year 2026 would proxy OBR FY 2026-27. | Head mapping unavailable for Corporation tax (onshore); no aggregate is substituted. | Comparison scope: benchmark_class=different_model; head_scope=single mapped source head (Corporation tax (onshore)); remaining_difference=unexplained.
autumn_statement_2023__class_2_self_employed_nics_liability_abolition,National Insurance contributions (NICs): abolish Class 2 self-employed NICs liability from April 2024,Autumn Statement 2023,2026,2026-27,Income tax,head,141921087.68720073,,,not_available,not_computed,different_model,Tax Measures (Policy measures database),revenue_change,hmt_scorecard_obr_database,forecast,unstated in harvest,reversal_on_certified_world,,OBR source facts: source_model=hmt_scorecard_obr_database; basis=forecast; behavioural_adjustment=unstated in harvest. | No PE value: this registry entry is not expressible as a supported plain parameter reform. | PE: no microsimulation constructed; the registry construction is a reversal on the certified world. | PE calendar year 2026 would proxy OBR FY 2026-27. | Head mapping unavailable for Income tax; no aggregate is substituted. | Comparison scope: benchmark_class=different_model; head_scope=single mapped source head (Income tax); remaining_difference=unexplained.
autumn_statement_2023__class_2_self_employed_nics_liability_abolition,National Insurance contributions (NICs): abolish Class 2 self-employed NICs liability from April 2024,Autumn Statement 2023,2026,2026-27,NICs,head,-358399850.0876191,,,not_available,not_computed,different_model,Tax Measures (Policy measures database),revenue_change,hmt_scorecard_obr_database,forecast,unstated in harvest,reversal_on_certified_world,,OBR source facts: source_model=hmt_scorecard_obr_database; basis=forecast; behavioural_adjustment=unstated in harvest. | No PE value: this registry entry is not expressible as a supported plain parameter reform. | PE: no microsimulation constructed; the registry construction is a reversal on the certified world. | PE calendar year 2026 would proxy OBR FY 2026-27. | Head mapping unavailable for NICs; no aggregate is substituted. | Comparison scope: benchmark_class=different_model; head_scope=single mapped source head (NICs); remaining_difference=unexplained.
autumn_statement_2023__class_2_self_employed_nics_liability_abolition,National Insurance contributions (NICs): abolish Class 2 self-employed NICs liability from April 2024,Autumn Statement 2023,2026,2026-27,PSCE in RDEL,head,1511118.689659208,,,not_available,not_computed,different_model,Spending Measures (Policy measures database),exchequer_impact,hmt_scorecard_obr_database,forecast,unstated in harvest,reversal_on_certified_world,,OBR source facts: source_model=hmt_scorecard_obr_database; basis=forecast; behavioural_adjustment=unstated in harvest. | No PE value: this registry entry is not expressible as a supported plain parameter reform. | PE: no microsimulation constructed; the registry construction is a reversal on the certified world. | PE calendar year 2026 would proxy OBR FY 2026-27. | Head mapping unavailable for PSCE in RDEL; no aggregate is substituted. | Comparison scope: benchmark_class=different_model; head_scope=single mapped source head (PSCE in RDEL); remaining_difference=unexplained.
autumn_statement_2023__class_2_self_employed_nics_liability_abolition,National Insurance contributions (NICs): abolish Class 2 self-employed NICs liability from April 2024,Autumn Statement 2023,2026,2026-27,Scottish BGA (current),head,13448321.248614388,,,not_available,not_computed,different_model,Spending Measures (Policy measures database),exchequer_impact,hmt_scorecard_obr_database,forecast,unstated in harvest,reversal_on_certified_world,,OBR source facts: source_model=hmt_scorecard_obr_database; basis=forecast; behavioural_adjustment=unstated in harvest. | No PE value: this registry entry is not expressible as a supported plain parameter reform. | PE: no microsimulation constructed; the registry construction is a reversal on the certified world. | PE calendar year 2026 would proxy OBR FY 2026-27. | Head mapping unavailable for Scottish BGA (current); no aggregate is substituted. | Comparison scope: benchmark_class=different_model; head_scope=single mapped source head (Scottish BGA (current)); remaining_difference=unexplained.
autumn_statement_2023__class_2_self_employed_nics_liability_abolition,National Insurance contributions (NICs): abolish Class 2 self-employed NICs liability from April 2024,Autumn Statement 2023,2026,2026-27,Welfare inside cap,head,6093086.0845173085,,,not_available,not_computed,different_model,Spending Measures (Policy measures database),exchequer_impact,hmt_scorecard_obr_database,forecast,unstated in harvest,reversal_on_certified_world,,OBR source facts: source_model=hmt_scorecard_obr_database; basis=forecast; behavioural_adjustment=unstated in harvest. | No PE value: this registry entry is not expressible as a supported plain parameter reform. | PE: no microsimulation constructed; the registry construction is a reversal on the certified world. | PE calendar year 2026 would proxy OBR FY 2026-27. | Head mapping unavailable for Welfare inside cap; no aggregate is substituted. | Comparison scope: benchmark_class=different_model; head_scope=single mapped source head (Welfare inside cap); remaining_difference=unexplained.
autumn_statement_2023__class_2_self_employed_nics_liability_abolition,National Insurance contributions (NICs): abolish Class 2 self-employed NICs liability from April 2024,Autumn Statement 2023,2027,2027-28,Capital gains tax,head,0.0,,,not_available,not_computed,different_model,Tax Measures (Policy measures database),revenue_change,hmt_scorecard_obr_database,forecast,unstated in harvest,reversal_on_certified_world,,OBR source facts: source_model=hmt_scorecard_obr_database; basis=forecast; behavioural_adjustment=unstated in harvest. | No PE value: this registry entry is not expressible as a supported plain parameter reform. | PE: no microsimulation constructed; the registry construction is a reversal on the certified world. | PE calendar year 2027 would proxy OBR FY 2027-28. | Head mapping unavailable for Capital gains tax; no aggregate is substituted. | Comparison scope: benchmark_class=different_model; head_scope=single mapped source head (Capital gains tax); remaining_difference=unexplained.
autumn_statement_2023__class_2_self_employed_nics_liability_abolition,National Insurance contributions (NICs): abolish Class 2 self-employed NICs liability from April 2024,Autumn Statement 2023,2027,2027-28,Corporation tax (onshore),head,-242068400.86703146,,,not_available,not_computed,different_model,Tax Measures (Policy measures database),revenue_change,hmt_scorecard_obr_database,forecast,unstated in harvest,reversal_on_certified_world,,OBR source facts: source_model=hmt_scorecard_obr_database; basis=forecast; behavioural_adjustment=unstated in harvest. | No PE value: this registry entry is not expressible as a supported plain parameter reform. | PE: no microsimulation constructed; the registry construction is a reversal on the certified world. | PE calendar year 2027 would proxy OBR FY 2027-28. | Head mapping unavailable for Corporation tax (onshore); no aggregate is substituted. | Comparison scope: benchmark_class=different_model; head_scope=single mapped source head (Corporation tax (onshore)); remaining_difference=unexplained.
autumn_statement_2023__class_2_self_employed_nics_liability_abolition,National Insurance contributions (NICs): abolish Class 2 self-employed NICs liability from April 2024,Autumn Statement 2023,2027,2027-28,Income tax,head,206481578.21251217,,,not_available,not_computed,different_model,Tax Measures (Policy measures database),revenue_change,hmt_scorecard_obr_database,forecast,unstated in harvest,reversal_on_certified_world,,OBR source facts: source_model=hmt_scorecard_obr_database; basis=forecast; behavioural_adjustment=unstated in harvest. | No PE value: this registry entry is not expressible as a supported plain parameter reform. | PE: no microsimulation constructed; the registry construction is a reversal on the certified world. | PE calendar year 2027 would proxy OBR FY 2027-28. | Head mapping unavailable for Income tax; no aggregate is substituted. | Comparison scope: benchmark_class=different_model; head_scope=single mapped source head (Income tax); remaining_difference=unexplained.
autumn_statement_2023__class_2_self_employed_nics_liability_abolition,National Insurance contributions (NICs): abolish Class 2 self-employed NICs liability from April 2024,Autumn Statement 2023,2027,2027-28,NICs,head,-368703205.37524307,,,not_available,not_computed,different_model,Tax Measures (Policy measures database),revenue_change,hmt_scorecard_obr_database,forecast,unstated in harvest,reversal_on_certified_world,,OBR source facts: source_model=hmt_scorecard_obr_database; basis=forecast; behavioural_adjustment=unstated in harvest. | No PE value: this registry entry is not expressible as a supported plain parameter reform. | PE: no microsimulation constructed; the registry construction is a reversal on the certified world. | PE calendar year 2027 would proxy OBR FY 2027-28. | Head mapping unavailable for NICs; no aggregate is substituted. | Comparison scope: benchmark_class=different_model; head_scope=single mapped source head (NICs); remaining_difference=unexplained.
autumn_statement_2023__class_2_self_employed_nics_liability_abolition,National Insurance contributions (NICs): abolish Class 2 self-employed NICs liability from April 2024,Autumn Statement 2023,2027,2027-28,PSCE in RDEL,head,2238872.256787487,,,not_available,not_computed,different_model,Spending Measures (Policy measures database),exchequer_impact,hmt_scorecard_obr_database,forecast,unstated in harvest,reversal_on_certified_world,,OBR source facts: source_model=hmt_scorecard_obr_database; basis=forecast; behavioural_adjustment=unstated in harvest. | No PE value: this registry entry is not expressible as a supported plain parameter reform. | PE: no microsimulation constructed; the registry construction is a reversal on the certified world. | PE calendar year 2027 would proxy OBR FY 2027-28. | Head mapping unavailable for PSCE in RDEL; no aggregate is substituted. | Comparison scope: benchmark_class=different_model; head_scope=single mapped source head (PSCE in RDEL); remaining_difference=unexplained.
autumn_statement_2023__class_2_self_employed_nics_liability_abolition,National Insurance contributions (NICs): abolish Class 2 self-employed NICs liability from April 2024,Autumn Statement 2023,2027,2027-28,Scottish BGA (current),head,20144606.500244483,,,not_available,not_computed,different_model,Spending Measures (Policy measures database),exchequer_impact,hmt_scorecard_obr_database,forecast,unstated in harvest,reversal_on_certified_world,,OBR source facts: source_model=hmt_scorecard_obr_database; basis=forecast; behavioural_adjustment=unstated in harvest. | No PE value: this registry entry is not expressible as a supported plain parameter reform. | PE: no microsimulation constructed; the registry construction is a reversal on the certified world. | PE calendar year 2027 would proxy OBR FY 2027-28. | Head mapping unavailable for Scottish BGA (current); no aggregate is substituted. | Comparison scope: benchmark_class=different_model; head_scope=single mapped source head (Scottish BGA (current)); remaining_difference=unexplained.
autumn_statement_2023__class_2_self_employed_nics_liability_abolition,National Insurance contributions (NICs): abolish Class 2 self-employed NICs liability from April 2024,Autumn Statement 2023,2027,2027-28,Welfare inside cap,head,6154373.680937649,,,not_available,not_computed,different_model,Spending Measures (Policy measures database),exchequer_impact,hmt_scorecard_obr_database,forecast,unstated in harvest,reversal_on_certified_world,,OBR source facts: source_model=hmt_scorecard_obr_database; basis=forecast; behavioural_adjustment=unstated in harvest. | No PE value: this registry entry is not expressible as a supported plain parameter reform. | PE: no microsimulation constructed; the registry construction is a reversal on the certified world. | PE calendar year 2027 would proxy OBR FY 2027-28. | Head mapping unavailable for Welfare inside cap; no aggregate is substituted. | Comparison scope: benchmark_class=different_model; head_scope=single mapped source head (Welfare inside cap); remaining_difference=unexplained.
autumn_statement_2023__class_2_self_employed_nics_liability_abolition,National Insurance contributions (NICs): abolish Class 2 self-employed NICs liability from April 2024,Autumn Statement 2023,2028,2028-29,Capital gains tax,head,0.0,,,not_available,not_computed,different_model,Tax Measures (Policy measures database),revenue_change,hmt_scorecard_obr_database,forecast,unstated in harvest,reversal_on_certified_world,,OBR source facts: source_model=hmt_scorecard_obr_database; basis=forecast; behavioural_adjustment=unstated in harvest. | No PE value: this registry entry is not expressible as a supported plain parameter reform. | PE: no microsimulation constructed; the registry construction is a reversal on the certified world. | PE calendar year 2028 would proxy OBR FY 2028-29. | Head mapping unavailable for Capital gains tax; no aggregate is substituted. | Comparison scope: benchmark_class=different_model; head_scope=single mapped source head (Capital gains tax); remaining_difference=unexplained.
autumn_statement_2023__class_2_self_employed_nics_liability_abolition,National Insurance contributions (NICs): abolish Class 2 self-employed NICs liability from April 2024,Autumn Statement 2023,2028,2028-29,Corporation tax (onshore),head,-290645711.2809461,,,not_available,not_computed,different_model,Tax Measures (Policy measures database),revenue_change,hmt_scorecard_obr_database,forecast,unstated in harvest,reversal_on_certified_world,,OBR source facts: source_model=hmt_scorecard_obr_database; basis=forecast; behavioural_adjustment=unstated in harvest. | No PE value: this registry entry is not expressible as a supported plain parameter reform. | PE: no microsimulation constructed; the registry construction is a reversal on the certified world. | PE calendar year 2028 would proxy OBR FY 2028-29. | Head mapping unavailable for Corporation tax (onshore); no aggregate is substituted. | Comparison scope: benchmark_class=different_model; head_scope=single mapped source head (Corporation tax (onshore)); remaining_difference=unexplained.
autumn_statement_2023__class_2_self_employed_nics_liability_abolition,National Insurance contributions (NICs): abolish Class 2 self-employed NICs liability from April 2024,Autumn Statement 2023,2028,2028-29,Income tax,head,261654511.53642154,,,not_available,not_computed,different_model,Tax Measures (Policy measures database),revenue_change,hmt_scorecard_obr_database,forecast,unstated in harvest,reversal_on_certified_world,,OBR source facts: source_model=hmt_scorecard_obr_database; basis=forecast; behavioural_adjustment=unstated in harvest. | No PE value: this registry entry is not expressible as a supported plain parameter reform. | PE: no microsimulation constructed; the registry construction is a reversal on the certified world. | PE calendar year 2028 would proxy OBR FY 2028-29. | Head mapping unavailable for Income tax; no aggregate is substituted. | Comparison scope: benchmark_class=different_model; head_scope=single mapped source head (Income tax); remaining_difference=unexplained.
autumn_statement_2023__class_2_self_employed_nics_liability_abolition,National Insurance contributions (NICs): abolish Class 2 self-employed NICs liability from April 2024,Autumn Statement 2023,2028,2028-29,NICs,head,-378862321.47441095,,,not_available,not_computed,different_model,Tax Measures (Policy measures database),revenue_change,hmt_scorecard_obr_database,forecast,unstated in harvest,reversal_on_certified_world,,OBR source facts: source_model=hmt_scorecard_obr_database; basis=forecast; behavioural_adjustment=unstated in harvest. | No PE value: this registry entry is not expressible as a supported plain parameter reform. | PE: no microsimulation constructed; the registry construction is a reversal on the certified world. | PE calendar year 2028 would proxy OBR FY 2028-29. | Head mapping unavailable for NICs; no aggregate is substituted. | Comparison scope: benchmark_class=different_model; head_scope=single mapped source head (NICs); remaining_difference=unexplained.
autumn_statement_2023__class_2_self_employed_nics_liability_abolition,National Insurance contributions (NICs): abolish Class 2 self-employed NICs liability from April 2024,Autumn Statement 2023,2028,2028-29,PSCE in RDEL,head,2838759.920443839,,,not_available,not_computed,different_model,Spending Measures (Policy measures database),exchequer_impact,hmt_scorecard_obr_database,forecast,unstated in harvest,reversal_on_certified_world,,OBR source facts: source_model=hmt_scorecard_obr_database; basis=forecast; behavioural_adjustment=unstated in harvest. | No PE value: this registry entry is not expressible as a supported plain parameter reform. | PE: no microsimulation constructed; the registry construction is a reversal on the certified world. | PE calendar year 2028 would proxy OBR FY 2028-29. | Head mapping unavailable for PSCE in RDEL; no aggregate is substituted. | Comparison scope: benchmark_class=different_model; head_scope=single mapped source head (PSCE in RDEL); remaining_difference=unexplained.
autumn_statement_2023__class_2_self_employed_nics_liability_abolition,National Insurance contributions (NICs): abolish Class 2 self-employed NICs liability from April 2024,Autumn Statement 2023,2028,2028-29,Scottish BGA (current),head,25848426.991564553,,,not_available,not_computed,different_model,Spending Measures (Policy measures database),exchequer_impact,hmt_scorecard_obr_database,forecast,unstated in harvest,reversal_on_certified_world,,OBR source facts: source_model=hmt_scorecard_obr_database; basis=forecast; behavioural_adjustment=unstated in harvest. | No PE value: this registry entry is not expressible as a supported plain parameter reform. | PE: no microsimulation constructed; the registry construction is a reversal on the certified world. | PE calendar year 2028 would proxy OBR FY 2028-29. | Head mapping unavailable for Scottish BGA (current); no aggregate is substituted. | Comparison scope: benchmark_class=different_model; head_scope=single mapped source head (Scottish BGA (current)); remaining_difference=unexplained.
autumn_statement_2023__class_2_self_employed_nics_liability_abolition,National Insurance contributions (NICs): abolish Class 2 self-employed NICs liability from April 2024,Autumn Statement 2023,2028,2028-29,Welfare inside cap,head,6726701.429016321,,,not_available,not_computed,different_model,Spending Measures (Policy measures database),exchequer_impact,hmt_scorecard_obr_database,forecast,unstated in harvest,reversal_on_certified_world,,OBR source facts: source_model=hmt_scorecard_obr_database; basis=forecast; behavioural_adjustment=unstated in harvest. | No PE value: this registry entry is not expressible as a supported plain parameter reform. | PE: no microsimulation constructed; the registry construction is a reversal on the certified world. | PE calendar year 2028 would proxy OBR FY 2028-29. | Head mapping unavailable for Welfare inside cap; no aggregate is substituted. | Comparison scope: benchmark_class=different_model; head_scope=single mapped source head (Welfare inside cap); remaining_difference=unexplained.
autumn_statement_2023__class_4_self_employed_nics_main_rate_cut_1p,National Insurance contributions (NICs): 1p cut to the main rate of Class 4 self-employed NICs from April 2024,Autumn Statement 2023,2026,2026-27,Income tax,head,114311565.9459352,-0.0,-0.0,pe_zero,constructed,different_model,Tax Measures (Policy measures database),revenue_change,hmt_scorecard_obr_database,forecast,unstated in harvest,reversal_on_certified_world,results/uk/obr_costings/autumn_statement_2023__class_4_self_employed_nics_main_rate_cut_1p_2026.json,"OBR source facts: source_model=hmt_scorecard_obr_database; basis=forecast; behavioural_adjustment=unstated in harvest. | PE: static microsimulation on the certified world; reversal re-oriented to the announced measure; PE calendar year 2026 proxies FY 2026-27. measure Δ = −(reversal − baseline). | Head mapping: Income tax = income_tax; positive gain to the Exchequer = +Δtax. | Partial construction: Direct Class 4 rate reversal. Welfare inside cap is represented only by universal_credit, and non-microsimulation OBR heads remain unmapped. Unmapped OBR heads: Corporation tax (onshore), Capital gains tax, PSCE in RDEL, Scottish BGA (current). | Comparison scope: benchmark_class=different_model; head_scope=single mapped source head (Income tax); remaining_difference=unexplained."
autumn_statement_2023__class_4_self_employed_nics_main_rate_cut_1p,National Insurance contributions (NICs): 1p cut to the main rate of Class 4 self-employed NICs from April 2024,Autumn Statement 2023,2026,2026-27,NICs,head,-330136761.76593643,-583538584.2492275,1.767566208403505,same_sign_ratio_1.25_to_2,constructed,different_model,Tax Measures (Policy measures database),revenue_change,hmt_scorecard_obr_database,forecast,unstated in harvest,reversal_on_certified_world,results/uk/obr_costings/autumn_statement_2023__class_4_self_employed_nics_main_rate_cut_1p_2026.json,"OBR source facts: source_model=hmt_scorecard_obr_database; basis=forecast; behavioural_adjustment=unstated in harvest. | PE: static microsimulation on the certified world; reversal re-oriented to the announced measure; PE calendar year 2026 proxies FY 2026-27. measure Δ = −(reversal − baseline). | Head mapping: NICs = ni_class_1_employee + ni_class_1_employer + ni_class_4; positive gain to the Exchequer = +Δtax. | Partial construction: Direct Class 4 rate reversal. Welfare inside cap is represented only by universal_credit, and non-microsimulation OBR heads remain unmapped. Unmapped OBR heads: Corporation tax (onshore), Capital gains tax, PSCE in RDEL, Scottish BGA (current). | Comparison scope: benchmark_class=different_model; head_scope=single mapped source head (NICs); remaining_difference=unexplained."
autumn_statement_2023__class_4_self_employed_nics_main_rate_cut_1p,National Insurance contributions (NICs): 1p cut to the main rate of Class 4 self-employed NICs from April 2024,Autumn Statement 2023,2026,2026-27,Welfare inside cap,head,6093086.0845173085,7701561.54548645,1.2639837085276573,same_sign_ratio_1.25_to_2,constructed,different_model,Spending Measures (Policy measures database),exchequer_impact,hmt_scorecard_obr_database,forecast,unstated in harvest,reversal_on_certified_world,results/uk/obr_costings/autumn_statement_2023__class_4_self_employed_nics_main_rate_cut_1p_2026.json,"OBR source facts: source_model=hmt_scorecard_obr_database; basis=forecast; behavioural_adjustment=unstated in harvest. | PE: static microsimulation on the certified world; reversal re-oriented to the announced measure; PE calendar year 2026 proxies FY 2026-27. measure Δ = −(reversal − baseline). | Head mapping: Welfare inside cap = universal_credit; positive gain to the Exchequer = −Δspending. | Partial construction: Direct Class 4 rate reversal. Welfare inside cap is represented only by universal_credit, and non-microsimulation OBR heads remain unmapped. Unmapped OBR heads: Corporation tax (onshore), Capital gains tax, PSCE in RDEL, Scottish BGA (current). | Comparison scope: benchmark_class=different_model; head_scope=single mapped source head (Welfare inside cap); remaining_difference=unexplained."
autumn_statement_2023__class_4_self_employed_nics_main_rate_cut_1p,National Insurance contributions (NICs): 1p cut to the main rate of Class 4 self-employed NICs from April 2024,Autumn Statement 2023,2026,2026-27,Mapped-head total,mapped_head_total,-209732109.7354839,-575837022.7037411,2.7455835133208364,same_sign_ratio_at_least_2,constructed,different_model,Spending Measures (Policy measures database) + Tax Measures (Policy measures database),exchequer_impact + revenue_change,hmt_scorecard_obr_database,forecast,unstated in harvest,reversal_on_certified_world,results/uk/obr_costings/autumn_statement_2023__class_4_self_employed_nics_main_rate_cut_1p_2026.json,"Derived mapped-head total for this comparison only: sums Income tax, NICs, Welfare inside cap; it is not attached to an external TOTAL claim. | OBR source facts represented by the mapped heads: source_model=hmt_scorecard_obr_database; basis=forecast; behavioural_adjustment=unstated in harvest. | PE: static microsimulation on the certified world; reversal re-oriented to the announced measure; PE calendar year 2026 proxies FY 2026-27. measure Δ = −(reversal − baseline). | Comparison scope: benchmark_class=different_model; head_scope=mapped PMD heads only; remaining_difference=unexplained. | Registry construction: Direct Class 4 rate reversal. Welfare inside cap is represented only by universal_credit, and non-microsimulation OBR heads remain unmapped. | Partial scope: this is not an all-head measure total. Unmapped OBR heads: Corporation tax (onshore), Capital gains tax, PSCE in RDEL, Scottish BGA (current)."
autumn_statement_2023__class_4_self_employed_nics_main_rate_cut_1p,National Insurance contributions (NICs): 1p cut to the main rate of Class 4 self-employed NICs from April 2024,Autumn Statement 2023,2027,2027-28,Income tax,head,161066388.11701736,-0.0,-0.0,pe_zero,constructed,different_model,Tax Measures (Policy measures database),revenue_change,hmt_scorecard_obr_database,forecast,unstated in harvest,reversal_on_certified_world,results/uk/obr_costings/autumn_statement_2023__class_4_self_employed_nics_main_rate_cut_1p_2027.json,"OBR source facts: source_model=hmt_scorecard_obr_database; basis=forecast; behavioural_adjustment=unstated in harvest. | PE: static microsimulation on the certified world; reversal re-oriented to the announced measure; PE calendar year 2027 proxies FY 2027-28. measure Δ = −(reversal − baseline). | Head mapping: Income tax = income_tax; positive gain to the Exchequer = +Δtax. | Partial construction: Direct Class 4 rate reversal. Welfare inside cap is represented only by universal_credit, and non-microsimulation OBR heads remain unmapped. Unmapped OBR heads: Corporation tax (onshore), Capital gains tax, PSCE in RDEL, Scottish BGA (current). | Comparison scope: benchmark_class=different_model; head_scope=single mapped source head (Income tax); remaining_difference=unexplained."
autumn_statement_2023__class_4_self_employed_nics_main_rate_cut_1p,National Insurance contributions (NICs): 1p cut to the main rate of Class 4 self-employed NICs from April 2024,Autumn Statement 2023,2027,2027-28,NICs,head,-342477170.52714354,-607032565.8024693,1.7724760014459358,same_sign_ratio_1.25_to_2,constructed,different_model,Tax Measures (Policy measures database),revenue_change,hmt_scorecard_obr_database,forecast,unstated in harvest,reversal_on_certified_world,results/uk/obr_costings/autumn_statement_2023__class_4_self_employed_nics_main_rate_cut_1p_2027.json,"OBR source facts: source_model=hmt_scorecard_obr_database; basis=forecast; behavioural_adjustment=unstated in harvest. | PE: static microsimulation on the certified world; reversal re-oriented to the announced measure; PE calendar year 2027 proxies FY 2027-28. measure Δ = −(reversal − baseline). | Head mapping: NICs = ni_class_1_employee + ni_class_1_employer + ni_class_4; positive gain to the Exchequer = +Δtax. | Partial construction: Direct Class 4 rate reversal. Welfare inside cap is represented only by universal_credit, and non-microsimulation OBR heads remain unmapped. Unmapped OBR heads: Corporation tax (onshore), Capital gains tax, PSCE in RDEL, Scottish BGA (current). | Comparison scope: benchmark_class=different_model; head_scope=single mapped source head (NICs); remaining_difference=unexplained."
autumn_statement_2023__class_4_self_employed_nics_main_rate_cut_1p,National Insurance contributions (NICs): 1p cut to the main rate of Class 4 self-employed NICs from April 2024,Autumn Statement 2023,2027,2027-28,Welfare inside cap,head,6154373.680937649,8119534.424377441,1.3193112484421634,same_sign_ratio_1.25_to_2,constructed,different_model,Spending Measures (Policy measures database),exchequer_impact,hmt_scorecard_obr_database,forecast,unstated in harvest,reversal_on_certified_world,results/uk/obr_costings/autumn_statement_2023__class_4_self_employed_nics_main_rate_cut_1p_2027.json,"OBR source facts: source_model=hmt_scorecard_obr_database; basis=forecast; behavioural_adjustment=unstated in harvest. | PE: static microsimulation on the certified world; reversal re-oriented to the announced measure; PE calendar year 2027 proxies FY 2027-28. measure Δ = −(reversal − baseline). | Head mapping: Welfare inside cap = universal_credit; positive gain to the Exchequer = −Δspending. | Partial construction: Direct Class 4 rate reversal. Welfare inside cap is represented only by universal_credit, and non-microsimulation OBR heads remain unmapped. Unmapped OBR heads: Corporation tax (onshore), Capital gains tax, PSCE in RDEL, Scottish BGA (current). | Comparison scope: benchmark_class=different_model; head_scope=single mapped source head (Welfare inside cap); remaining_difference=unexplained."
autumn_statement_2023__class_4_self_employed_nics_main_rate_cut_1p,National Insurance contributions (NICs): 1p cut to the main rate of Class 4 self-employed NICs from April 2024,Autumn Statement 2023,2027,2027-28,Mapped-head total,mapped_head_total,-175256408.72918853,-598913031.3780918,3.417353098359731,same_sign_ratio_at_least_2,constructed,different_model,Spending Measures (Policy measures database) + Tax Measures (Policy measures database),exchequer_impact + revenue_change,hmt_scorecard_obr_database,forecast,unstated in harvest,reversal_on_certified_world,results/uk/obr_costings/autumn_statement_2023__class_4_self_employed_nics_main_rate_cut_1p_2027.json,"Derived mapped-head total for this comparison only: sums Income tax, NICs, Welfare inside cap; it is not attached to an external TOTAL claim. | OBR source facts represented by the mapped heads: source_model=hmt_scorecard_obr_database; basis=forecast; behavioural_adjustment=unstated in harvest. | PE: static microsimulation on the certified world; reversal re-oriented to the announced measure; PE calendar year 2027 proxies FY 2027-28. measure Δ = −(reversal − baseline). | Comparison scope: benchmark_class=different_model; head_scope=mapped PMD heads only; remaining_difference=unexplained. | Registry construction: Direct Class 4 rate reversal. Welfare inside cap is represented only by universal_credit, and non-microsimulation OBR heads remain unmapped. | Partial scope: this is not an all-head measure total. Unmapped OBR heads: Corporation tax (onshore), Capital gains tax, PSCE in RDEL, Scottish BGA (current)."
autumn_statement_2023__class_4_self_employed_nics_main_rate_cut_1p,National Insurance contributions (NICs): 1p cut to the main rate of Class 4 self-employed NICs from April 2024,Autumn Statement 2023,2028,2028-29,Income tax,head,202840748.05001307,-0.0,-0.0,pe_zero,constructed,different_model,Tax Measures (Policy measures database),revenue_change,hmt_scorecard_obr_database,forecast,unstated in harvest,reversal_on_certified_world,results/uk/obr_costings/autumn_statement_2023__class_4_self_employed_nics_main_rate_cut_1p_2028.json,"OBR source facts: source_model=hmt_scorecard_obr_database; basis=forecast; behavioural_adjustment=unstated in harvest. | PE: static microsimulation on the certified world; reversal re-oriented to the announced measure; PE calendar year 2028 proxies FY 2028-29. measure Δ = −(reversal − baseline). | Head mapping: Income tax = income_tax; positive gain to the Exchequer = +Δtax. | Partial construction: Direct Class 4 rate reversal. Welfare inside cap is represented only by universal_credit, and non-microsimulation OBR heads remain unmapped. Unmapped OBR heads: Corporation tax (onshore), Capital gains tax, PSCE in RDEL, Scottish BGA (current). | Comparison scope: benchmark_class=different_model; head_scope=single mapped source head (Income tax); remaining_difference=unexplained."
autumn_statement_2023__class_4_self_employed_nics_main_rate_cut_1p,National Insurance contributions (NICs): 1p cut to the main rate of Class 4 self-employed NICs from April 2024,Autumn Statement 2023,2028,2028-29,NICs,head,-363062478.6602123,-631251667.9559898,1.738686052839886,same_sign_ratio_1.25_to_2,constructed,different_model,Tax Measures (Policy measures database),revenue_change,hmt_scorecard_obr_database,forecast,unstated in harvest,reversal_on_certified_world,results/uk/obr_costings/autumn_statement_2023__class_4_self_employed_nics_main_rate_cut_1p_2028.json,"OBR source facts: source_model=hmt_scorecard_obr_database; basis=forecast; behavioural_adjustment=unstated in harvest. | PE: static microsimulation on the certified world; reversal re-oriented to the announced measure; PE calendar year 2028 proxies FY 2028-29. measure Δ = −(reversal − baseline). | Head mapping: NICs = ni_class_1_employee + ni_class_1_employer + ni_class_4; positive gain to the Exchequer = +Δtax. | Partial construction: Direct Class 4 rate reversal. Welfare inside cap is represented only by universal_credit, and non-microsimulation OBR heads remain unmapped. Unmapped OBR heads: Corporation tax (onshore), Capital gains tax, PSCE in RDEL, Scottish BGA (current). | Comparison scope: benchmark_class=different_model; head_scope=single mapped source head (NICs); remaining_difference=unexplained."
autumn_statement_2023__class_4_self_employed_nics_main_rate_cut_1p,National Insurance contributions (NICs): 1p cut to the main rate of Class 4 self-employed NICs from April 2024,Autumn Statement 2023,2028,2028-29,Welfare inside cap,head,6726701.429016321,8283750.790786743,1.2314729408167173,same_sign_ratio_0.8_to_1.25,constructed,different_model,Spending Measures (Policy measures database),exchequer_impact,hmt_scorecard_obr_database,forecast,unstated in harvest,reversal_on_certified_world,results/uk/obr_costings/autumn_statement_2023__class_4_self_employed_nics_main_rate_cut_1p_2028.json,"OBR source facts: source_model=hmt_scorecard_obr_database; basis=forecast; behavioural_adjustment=unstated in harvest. | PE: static microsimulation on the certified world; reversal re-oriented to the announced measure; PE calendar year 2028 proxies FY 2028-29. measure Δ = −(reversal − baseline). | Head mapping: Welfare inside cap = universal_credit; positive gain to the Exchequer = −Δspending. | Partial construction: Direct Class 4 rate reversal. Welfare inside cap is represented only by universal_credit, and non-microsimulation OBR heads remain unmapped. Unmapped OBR heads: Corporation tax (onshore), Capital gains tax, PSCE in RDEL, Scottish BGA (current). | Comparison scope: benchmark_class=different_model; head_scope=single mapped source head (Welfare inside cap); remaining_difference=unexplained."
autumn_statement_2023__class_4_self_employed_nics_main_rate_cut_1p,National Insurance contributions (NICs): 1p cut to the main rate of Class 4 self-employed NICs from April 2024,Autumn Statement 2023,2028,2028-29,Mapped-head total,mapped_head_total,-153495029.1811829,-622967917.1652031,4.058554342042324,same_sign_ratio_at_least_2,constructed,different_model,Spending Measures (Policy measures database) + Tax Measures (Policy measures database),exchequer_impact + revenue_change,hmt_scorecard_obr_database,forecast,unstated in harvest,reversal_on_certified_world,results/uk/obr_costings/autumn_statement_2023__class_4_self_employed_nics_main_rate_cut_1p_2028.json,"Derived mapped-head total for this comparison only: sums Income tax, NICs, Welfare inside cap; it is not attached to an external TOTAL claim. | OBR source facts represented by the mapped heads: source_model=hmt_scorecard_obr_database; basis=forecast; behavioural_adjustment=unstated in harvest. | PE: static microsimulation on the certified world; reversal re-oriented to the announced measure; PE calendar year 2028 proxies FY 2028-29. measure Δ = −(reversal − baseline). | Comparison scope: benchmark_class=different_model; head_scope=mapped PMD heads only; remaining_difference=unexplained. | Registry construction: Direct Class 4 rate reversal. Welfare inside cap is represented only by universal_credit, and non-microsimulation OBR heads remain unmapped. | Partial scope: this is not an all-head measure total. Unmapped OBR heads: Corporation tax (onshore), Capital gains tax, PSCE in RDEL, Scottish BGA (current)."
efo_march_2026__additional_rate_threshold_reduction,Additional rate threshold: reduction,EFO March 2026 re-estimate,2026,2026-27,Total,total,940000000.0,1839668561.8461914,1.9570942147299908,same_sign_ratio_1.25_to_2,constructed,different_model,3.17: 3.17,revenue_change,obr_efo_forecast,unstated,unstated in harvest,reversal_on_certified_world,results/uk/obr_costings/efo_march_2026__additional_rate_threshold_reduction_2026.json,OBR source facts: source_model=obr_efo_forecast; basis=unstated; behavioural_adjustment=unstated in harvest. | PE: static microsimulation on the certified world; reversal re-oriented to the announced measure; PE calendar year 2026 proxies FY 2026-27. measure Δ = −(reversal − baseline). | Head mapping: Income tax = income_tax; positive gain to the Exchequer = +Δtax. | Comparison scope: benchmark_class=different_model; head_scope=published Table 3.17 measure total vs mapped PE aggregate; remaining_difference=unexplained. | Table 3.17 is retained as a measure-total row; its PE head mapping is income_tax.
efo_march_2026__additional_rate_threshold_reduction,Additional rate threshold: reduction,EFO March 2026 re-estimate,2027,2027-28,Total,total,970000000.0,1933485650.3049316,1.9932841755720945,same_sign_ratio_1.25_to_2,constructed,different_model,3.17: 3.17,revenue_change,obr_efo_forecast,unstated,unstated in harvest,reversal_on_certified_world,results/uk/obr_costings/efo_march_2026__additional_rate_threshold_reduction_2027.json,OBR source facts: source_model=obr_efo_forecast; basis=unstated; behavioural_adjustment=unstated in harvest. | PE: static microsimulation on the certified world; reversal re-oriented to the announced measure; PE calendar year 2027 proxies FY 2027-28. measure Δ = −(reversal − baseline). | Head mapping: Income tax = income_tax; positive gain to the Exchequer = +Δtax. | Comparison scope: benchmark_class=different_model; head_scope=published Table 3.17 measure total vs mapped PE aggregate; remaining_difference=unexplained. | Table 3.17 is retained as a measure-total row; its PE head mapping is income_tax.
efo_march_2026__additional_rate_threshold_reduction,Additional rate threshold: reduction,EFO March 2026 re-estimate,2028,2028-29,Total,total,995000000.0,2029703929.581665,2.0399034468157438,same_sign_ratio_at_least_2,constructed,different_model,3.17: 3.17,revenue_change,obr_efo_forecast,unstated,unstated in harvest,reversal_on_certified_world,results/uk/obr_costings/efo_march_2026__additional_rate_threshold_reduction_2028.json,OBR source facts: source_model=obr_efo_forecast; basis=unstated; behavioural_adjustment=unstated in harvest. | PE: static microsimulation on the certified world; reversal re-oriented to the announced measure; PE calendar year 2028 proxies FY 2028-29. measure Δ = −(reversal − baseline). | Head mapping: Income tax = income_tax; positive gain to the Exchequer = +Δtax. | Comparison scope: benchmark_class=different_model; head_scope=published Table 3.17 measure total vs mapped PE aggregate; remaining_difference=unexplained. | Table 3.17 is retained as a measure-total row; its PE head mapping is income_tax.
efo_march_2026__additional_rate_threshold_reduction,Additional rate threshold: reduction,EFO March 2026 re-estimate,2029,2029-30,Total,total,1020000000.0,2179611686.1621094,2.136874202119715,same_sign_ratio_at_least_2,constructed,different_model,3.17: 3.17,revenue_change,obr_efo_forecast,unstated,unstated in harvest,reversal_on_certified_world,results/uk/obr_costings/efo_march_2026__additional_rate_threshold_reduction_2029.json,OBR source facts: source_model=obr_efo_forecast; basis=unstated; behavioural_adjustment=unstated in harvest. | PE: static microsimulation on the certified world; reversal re-oriented to the announced measure; PE calendar year 2029 proxies FY 2029-30. measure Δ = −(reversal − baseline). | Head mapping: Income tax = income_tax; positive gain to the Exchequer = +Δtax. | Comparison scope: benchmark_class=different_model; head_scope=published Table 3.17 measure total vs mapped PE aggregate; remaining_difference=unexplained. | Table 3.17 is retained as a measure-total row; its PE head mapping is income_tax.
efo_march_2026__additional_rate_threshold_reduction,Additional rate threshold: reduction,EFO March 2026 re-estimate,2030,2030-31,Total,total,1054999999.9999999,2348736903.828247,2.226290904102604,same_sign_ratio_at_least_2,constructed,different_model,3.17: 3.17,revenue_change,obr_efo_forecast,unstated,unstated in harvest,reversal_on_certified_world,results/uk/obr_costings/efo_march_2026__additional_rate_threshold_reduction_2030.json,OBR source facts: source_model=obr_efo_forecast; basis=unstated; behavioural_adjustment=unstated in harvest. | PE: static microsimulation on the certified world; reversal re-oriented to the announced measure; PE calendar year 2030 proxies FY 2030-31. measure Δ = −(reversal − baseline). | Head mapping: Income tax = income_tax; positive gain to the Exchequer = +Δtax. | Comparison scope: benchmark_class=different_model; head_scope=published Table 3.17 measure total vs mapped PE aggregate; remaining_difference=unexplained. | Table 3.17 is retained as a measure-total row; its PE head mapping is income_tax.
efo_march_2026__autumn_budget_2024_employer_nics_rise,Autumn Budget 2024 employer NICs rise,EFO March 2026 re-estimate,2026,2026-27,Total,total,26065000000.0,24754424875.897583,0.9497189670399994,same_sign_ratio_0.8_to_1.25,constructed,different_model,3.17: 3.17,revenue_change,obr_efo_forecast,unstated,unstated in harvest,reversal_on_certified_world,results/uk/obr_costings/efo_march_2026__autumn_budget_2024_employer_nics_rise_2026.json,"OBR source facts: source_model=obr_efo_forecast; basis=unstated; behavioural_adjustment=unstated in harvest. | PE: static microsimulation on the certified world; reversal re-oriented to the announced measure; PE calendar year 2026 proxies FY 2026-27. measure Δ = −(reversal − baseline). | Head mapping: NICs = ni_class_1_employee + ni_class_1_employer + ni_class_4; positive gain to the Exchequer = +Δtax. | Partial construction: Reverses the employer rate and weekly secondary threshold. PE-UK lacks Employment Allowance and firm-level eligibility mechanics, which are part of the OBR package, so this is partial. | Comparison scope: benchmark_class=different_model; head_scope=published Table 3.17 measure total vs mapped PE aggregate; remaining_difference=unexplained. | Table 3.17 is retained as a measure-total row; its PE head mapping is ni_class_1_employee + ni_class_1_employer + ni_class_4."
efo_march_2026__autumn_budget_2024_employer_nics_rise,Autumn Budget 2024 employer NICs rise,EFO March 2026 re-estimate,2027,2027-28,Total,total,26615000000.0,25206449240.09022,0.9470768078185318,same_sign_ratio_0.8_to_1.25,constructed,different_model,3.17: 3.17,revenue_change,obr_efo_forecast,unstated,unstated in harvest,reversal_on_certified_world,results/uk/obr_costings/efo_march_2026__autumn_budget_2024_employer_nics_rise_2027.json,"OBR source facts: source_model=obr_efo_forecast; basis=unstated; behavioural_adjustment=unstated in harvest. | PE: static microsimulation on the certified world; reversal re-oriented to the announced measure; PE calendar year 2027 proxies FY 2027-28. measure Δ = −(reversal − baseline). | Head mapping: NICs = ni_class_1_employee + ni_class_1_employer + ni_class_4; positive gain to the Exchequer = +Δtax. | Partial construction: Reverses the employer rate and weekly secondary threshold. PE-UK lacks Employment Allowance and firm-level eligibility mechanics, which are part of the OBR package, so this is partial. | Comparison scope: benchmark_class=different_model; head_scope=published Table 3.17 measure total vs mapped PE aggregate; remaining_difference=unexplained. | Table 3.17 is retained as a measure-total row; its PE head mapping is ni_class_1_employee + ni_class_1_employer + ni_class_4."
efo_march_2026__autumn_budget_2024_employer_nics_rise,Autumn Budget 2024 employer NICs rise,EFO March 2026 re-estimate,2028,2028-29,Total,total,27540000000.0,25618300125.581856,0.93022150056579,same_sign_ratio_0.8_to_1.25,constructed,different_model,3.17: 3.17,revenue_change,obr_efo_forecast,unstated,unstated in harvest,reversal_on_certified_world,results/uk/obr_costings/efo_march_2026__autumn_budget_2024_employer_nics_rise_2028.json,"OBR source facts: source_model=obr_efo_forecast; basis=unstated; behavioural_adjustment=unstated in harvest. | PE: static microsimulation on the certified world; reversal re-oriented to the announced measure; PE calendar year 2028 proxies FY 2028-29. measure Δ = −(reversal − baseline). | Head mapping: NICs = ni_class_1_employee + ni_class_1_employer + ni_class_4; positive gain to the Exchequer = +Δtax. | Partial construction: Reverses the employer rate and weekly secondary threshold. PE-UK lacks Employment Allowance and firm-level eligibility mechanics, which are part of the OBR package, so this is partial. | Comparison scope: benchmark_class=different_model; head_scope=published Table 3.17 measure total vs mapped PE aggregate; remaining_difference=unexplained. | Table 3.17 is retained as a measure-total row; its PE head mapping is ni_class_1_employee + ni_class_1_employer + ni_class_4."
efo_march_2026__autumn_budget_2024_employer_nics_rise,Autumn Budget 2024 employer NICs rise,EFO March 2026 re-estimate,2029,2029-30,Total,total,28400000000.0,26148779059.003807,0.9207316570071763,same_sign_ratio_0.8_to_1.25,constructed,different_model,3.17: 3.17,revenue_change,obr_efo_forecast,unstated,unstated in harvest,reversal_on_certified_world,results/uk/obr_costings/efo_march_2026__autumn_budget_2024_employer_nics_rise_2029.json,"OBR source facts: source_model=obr_efo_forecast; basis=unstated; behavioural_adjustment=unstated in harvest. | PE: static microsimulation on the certified world; reversal re-oriented to the announced measure; PE calendar year 2029 proxies FY 2029-30. measure Δ = −(reversal − baseline). | Head mapping: NICs = ni_class_1_employee + ni_class_1_employer + ni_class_4; positive gain to the Exchequer = +Δtax. | Partial construction: Reverses the employer rate and weekly secondary threshold. PE-UK lacks Employment Allowance and firm-level eligibility mechanics, which are part of the OBR package, so this is partial. | Comparison scope: benchmark_class=different_model; head_scope=published Table 3.17 measure total vs mapped PE aggregate; remaining_difference=unexplained. | Table 3.17 is retained as a measure-total row; its PE head mapping is ni_class_1_employee + ni_class_1_employer + ni_class_4."
efo_march_2026__autumn_budget_2024_employer_nics_rise,Autumn Budget 2024 employer NICs rise,EFO March 2026 re-estimate,2030,2030-31,Total,total,29355000000.0,26639168076.054092,0.9074831570790016,same_sign_ratio_0.8_to_1.25,constructed,different_model,3.17: 3.17,revenue_change,obr_efo_forecast,unstated,unstated in harvest,reversal_on_certified_world,results/uk/obr_costings/efo_march_2026__autumn_budget_2024_employer_nics_rise_2030.json,"OBR source facts: source_model=obr_efo_forecast; basis=unstated; behavioural_adjustment=unstated in harvest. | PE: static microsimulation on the certified world; reversal re-oriented to the announced measure; PE calendar year 2030 proxies FY 2030-31. measure Δ = −(reversal − baseline). | Head mapping: NICs = ni_class_1_employee + ni_class_1_employer + ni_class_4; positive gain to the Exchequer = +Δtax. | Partial construction: Reverses the employer rate and weekly secondary threshold. PE-UK lacks Employment Allowance and firm-level eligibility mechanics, which are part of the OBR package, so this is partial. | Comparison scope: benchmark_class=different_model; head_scope=published Table 3.17 measure total vs mapped PE aggregate; remaining_difference=unexplained. | Table 3.17 is retained as a measure-total row; its PE head mapping is ni_class_1_employee + ni_class_1_employer + ni_class_4."
efo_march_2026__autumn_statement_2023_nics_reduction,Autumn Statement 2023 NICs reduction,EFO March 2026 re-estimate,2026,2026-27,Total,total,-11270000000.0,-12651646387.30978,1.1225950654223407,same_sign_ratio_0.8_to_1.25,constructed,different_model,3.17: 3.17,revenue_change,obr_efo_forecast,unstated,unstated in harvest,reversal_on_certified_world,results/uk/obr_costings/efo_march_2026__autumn_statement_2023_nics_reduction_2026.json,OBR source facts: source_model=obr_efo_forecast; basis=unstated; behavioural_adjustment=unstated in harvest. | PE: static microsimulation on the certified world; reversal re-oriented to the announced measure; PE calendar year 2026 proxies FY 2026-27. measure Δ = −(reversal − baseline). | Head mapping: NICs = ni_class_1_employee + ni_class_1_employer + ni_class_4; positive gain to the Exchequer = +Δtax. | Partial construction: Reverses the Class 1 2p and Class 4 1p legs while retaining the later Spring Budget 2024 cuts. The Table 3.17 aggregate also includes Class 2 abolition; that leg is omitted because its counterfactual is not stored and Class 2 is outside the prescribed NICs head. | Comparison scope: benchmark_class=different_model; head_scope=published Table 3.17 measure total vs mapped PE aggregate; remaining_difference=unexplained. | Table 3.17 is retained as a measure-total row; its PE head mapping is ni_class_1_employee + ni_class_1_employer + ni_class_4.
efo_march_2026__autumn_statement_2023_nics_reduction,Autumn Statement 2023 NICs reduction,EFO March 2026 re-estimate,2027,2027-28,Total,total,-11600000000.0,-12960996759.62333,1.11732730686408,same_sign_ratio_0.8_to_1.25,constructed,different_model,3.17: 3.17,revenue_change,obr_efo_forecast,unstated,unstated in harvest,reversal_on_certified_world,results/uk/obr_costings/efo_march_2026__autumn_statement_2023_nics_reduction_2027.json,OBR source facts: source_model=obr_efo_forecast; basis=unstated; behavioural_adjustment=unstated in harvest. | PE: static microsimulation on the certified world; reversal re-oriented to the announced measure; PE calendar year 2027 proxies FY 2027-28. measure Δ = −(reversal − baseline). | Head mapping: NICs = ni_class_1_employee + ni_class_1_employer + ni_class_4; positive gain to the Exchequer = +Δtax. | Partial construction: Reverses the Class 1 2p and Class 4 1p legs while retaining the later Spring Budget 2024 cuts. The Table 3.17 aggregate also includes Class 2 abolition; that leg is omitted because its counterfactual is not stored and Class 2 is outside the prescribed NICs head. | Comparison scope: benchmark_class=different_model; head_scope=published Table 3.17 measure total vs mapped PE aggregate; remaining_difference=unexplained. | Table 3.17 is retained as a measure-total row; its PE head mapping is ni_class_1_employee + ni_class_1_employer + ni_class_4.
efo_march_2026__autumn_statement_2023_nics_reduction,Autumn Statement 2023 NICs reduction,EFO March 2026 re-estimate,2028,2028-29,Total,total,-12000000000.0,-13292840621.33057,1.1077367184442142,same_sign_ratio_0.8_to_1.25,constructed,different_model,3.17: 3.17,revenue_change,obr_efo_forecast,unstated,unstated in harvest,reversal_on_certified_world,results/uk/obr_costings/efo_march_2026__autumn_statement_2023_nics_reduction_2028.json,OBR source facts: source_model=obr_efo_forecast; basis=unstated; behavioural_adjustment=unstated in harvest. | PE: static microsimulation on the certified world; reversal re-oriented to the announced measure; PE calendar year 2028 proxies FY 2028-29. measure Δ = −(reversal − baseline). | Head mapping: NICs = ni_class_1_employee + ni_class_1_employer + ni_class_4; positive gain to the Exchequer = +Δtax. | Partial construction: Reverses the Class 1 2p and Class 4 1p legs while retaining the later Spring Budget 2024 cuts. The Table 3.17 aggregate also includes Class 2 abolition; that leg is omitted because its counterfactual is not stored and Class 2 is outside the prescribed NICs head. | Comparison scope: benchmark_class=different_model; head_scope=published Table 3.17 measure total vs mapped PE aggregate; remaining_difference=unexplained. | Table 3.17 is retained as a measure-total row; its PE head mapping is ni_class_1_employee + ni_class_1_employer + ni_class_4.
efo_march_2026__autumn_statement_2023_nics_reduction,Autumn Statement 2023 NICs reduction,EFO March 2026 re-estimate,2029,2029-30,Total,total,-12350000000.0,-13660746873.638018,1.106133350092147,same_sign_ratio_0.8_to_1.25,constructed,different_model,3.17: 3.17,revenue_change,obr_efo_forecast,unstated,unstated in harvest,reversal_on_certified_world,results/uk/obr_costings/efo_march_2026__autumn_statement_2023_nics_reduction_2029.json,OBR source facts: source_model=obr_efo_forecast; basis=unstated; behavioural_adjustment=unstated in harvest. | PE: static microsimulation on the certified world; reversal re-oriented to the announced measure; PE calendar year 2029 proxies FY 2029-30. measure Δ = −(reversal − baseline). | Head mapping: NICs = ni_class_1_employee + ni_class_1_employer + ni_class_4; positive gain to the Exchequer = +Δtax. | Partial construction: Reverses the Class 1 2p and Class 4 1p legs while retaining the later Spring Budget 2024 cuts. The Table 3.17 aggregate also includes Class 2 abolition; that leg is omitted because its counterfactual is not stored and Class 2 is outside the prescribed NICs head. | Comparison scope: benchmark_class=different_model; head_scope=published Table 3.17 measure total vs mapped PE aggregate; remaining_difference=unexplained. | Table 3.17 is retained as a measure-total row; its PE head mapping is ni_class_1_employee + ni_class_1_employer + ni_class_4.
efo_march_2026__autumn_statement_2023_nics_reduction,Autumn Statement 2023 NICs reduction,EFO March 2026 re-estimate,2030,2030-31,Total,total,-12725000000.0,-14027478327.979776,1.1023558607449726,same_sign_ratio_0.8_to_1.25,constructed,different_model,3.17: 3.17,revenue_change,obr_efo_forecast,unstated,unstated in harvest,reversal_on_certified_world,results/uk/obr_costings/efo_march_2026__autumn_statement_2023_nics_reduction_2030.json,OBR source facts: source_model=obr_efo_forecast; basis=unstated; behavioural_adjustment=unstated in harvest. | PE: static microsimulation on the certified world; reversal re-oriented to the announced measure; PE calendar year 2030 proxies FY 2030-31. measure Δ = −(reversal − baseline). | Head mapping: NICs = ni_class_1_employee + ni_class_1_employer + ni_class_4; positive gain to the Exchequer = +Δtax. | Partial construction: Reverses the Class 1 2p and Class 4 1p legs while retaining the later Spring Budget 2024 cuts. The Table 3.17 aggregate also includes Class 2 abolition; that leg is omitted because its counterfactual is not stored and Class 2 is outside the prescribed NICs head. | Comparison scope: benchmark_class=different_model; head_scope=published Table 3.17 measure total vs mapped PE aggregate; remaining_difference=unexplained. | Table 3.17 is retained as a measure-total row; its PE head mapping is ni_class_1_employee + ni_class_1_employer + ni_class_4.
efo_march_2026__class_1_nics_threshold_freezes,Class 1 NICs: threshold freezes,EFO March 2026 re-estimate,2026,2026-27,Total,total,10240000000.0,-5947314758.304188,-0.5807924568656433,opposite_sign,constructed,different_model,3.17: 3.17,revenue_change,obr_efo_forecast,unstated,unstated in harvest,reversal_on_certified_world,results/uk/obr_costings/efo_march_2026__class_1_nics_threshold_freezes_2026.json,"OBR source facts: source_model=obr_efo_forecast; basis=unstated; behavioural_adjustment=unstated in harvest. | PE: static microsimulation on the certified world; reversal re-oriented to the announced measure; PE calendar year 2026 proxies FY 2026-27. measure Δ = −(reversal − baseline). | Head mapping: NICs = ni_class_1_employee + ni_class_1_employer + ni_class_4; positive gain to the Exchequer = +Δtax. | Partial construction: Uses Table 3.19's indexed UEL/UPL path (UEL divided by 52). The 3.17 plural line does not disclose a secondary-threshold counterfactual, so that component is missing and the construction is partial. | Comparison scope: benchmark_class=different_model; head_scope=published Table 3.17 measure total vs mapped PE aggregate; remaining_difference=unexplained. | Table 3.17 is retained as a measure-total row; its PE head mapping is ni_class_1_employee + ni_class_1_employer + ni_class_4."
efo_march_2026__class_1_nics_threshold_freezes,Class 1 NICs: threshold freezes,EFO March 2026 re-estimate,2027,2027-28,Total,total,12307006617.7962,-7160405174.3552,-0.5818153346891922,opposite_sign,constructed,different_model,3.17: 3.17,revenue_change,obr_efo_forecast,unstated,unstated in harvest,reversal_on_certified_world,results/uk/obr_costings/efo_march_2026__class_1_nics_threshold_freezes_2027.json,"OBR source facts: source_model=obr_efo_forecast; basis=unstated; behavioural_adjustment=unstated in harvest. | PE: static microsimulation on the certified world; reversal re-oriented to the announced measure; PE calendar year 2027 proxies FY 2027-28. measure Δ = −(reversal − baseline). | Head mapping: NICs = ni_class_1_employee + ni_class_1_employer + ni_class_4; positive gain to the Exchequer = +Δtax. | Partial construction: Uses Table 3.19's indexed UEL/UPL path (UEL divided by 52). The 3.17 plural line does not disclose a secondary-threshold counterfactual, so that component is missing and the construction is partial. | Comparison scope: benchmark_class=different_model; head_scope=published Table 3.17 measure total vs mapped PE aggregate; remaining_difference=unexplained. | Table 3.17 is retained as a measure-total row; its PE head mapping is ni_class_1_employee + ni_class_1_employer + ni_class_4."
efo_march_2026__class_1_nics_threshold_freezes,Class 1 NICs: threshold freezes,EFO March 2026 re-estimate,2028,2028-29,Total,total,12728502319.952578,-6714235377.970072,-0.527496103563195,opposite_sign,constructed,different_model,3.17: 3.17,revenue_change,obr_efo_forecast,unstated,unstated in harvest,reversal_on_certified_world,results/uk/obr_costings/efo_march_2026__class_1_nics_threshold_freezes_2028.json,"OBR source facts: source_model=obr_efo_forecast; basis=unstated; behavioural_adjustment=unstated in harvest. | PE: static microsimulation on the certified world; reversal re-oriented to the announced measure; PE calendar year 2028 proxies FY 2028-29. measure Δ = −(reversal − baseline). | Head mapping: NICs = ni_class_1_employee + ni_class_1_employer + ni_class_4; positive gain to the Exchequer = +Δtax. | Partial construction: Uses Table 3.19's indexed UEL/UPL path (UEL divided by 52). The 3.17 plural line does not disclose a secondary-threshold counterfactual, so that component is missing and the construction is partial. | Comparison scope: benchmark_class=different_model; head_scope=published Table 3.17 measure total vs mapped PE aggregate; remaining_difference=unexplained. | Table 3.17 is retained as a measure-total row; its PE head mapping is ni_class_1_employee + ni_class_1_employer + ni_class_4."
efo_march_2026__class_1_nics_threshold_freezes,Class 1 NICs: threshold freezes,EFO March 2026 re-estimate,2029,2029-30,Total,total,13458767083.736443,-7129492866.602148,-0.529728527304512,opposite_sign,constructed,different_model,3.17: 3.17,revenue_change,obr_efo_forecast,unstated,unstated in harvest,reversal_on_certified_world,results/uk/obr_costings/efo_march_2026__class_1_nics_threshold_freezes_2029.json,"OBR source facts: source_model=obr_efo_forecast; basis=unstated; behavioural_adjustment=unstated in harvest. | PE: static microsimulation on the certified world; reversal re-oriented to the announced measure; PE calendar year 2029 proxies FY 2029-30. measure Δ = −(reversal − baseline). | Head mapping: NICs = ni_class_1_employee + ni_class_1_employer + ni_class_4; positive gain to the Exchequer = +Δtax. | Partial construction: Uses Table 3.19's indexed UEL/UPL path (UEL divided by 52). The 3.17 plural line does not disclose a secondary-threshold counterfactual, so that component is missing and the construction is partial. | Comparison scope: benchmark_class=different_model; head_scope=published Table 3.17 measure total vs mapped PE aggregate; remaining_difference=unexplained. | Table 3.17 is retained as a measure-total row; its PE head mapping is ni_class_1_employee + ni_class_1_employer + ni_class_4."
efo_march_2026__class_1_nics_threshold_freezes,Class 1 NICs: threshold freezes,EFO March 2026 re-estimate,2030,2030-31,Total,total,14150297966.704203,-7296023384.202045,-0.5156091695997966,opposite_sign,constructed,different_model,3.17: 3.17,revenue_change,obr_efo_forecast,unstated,unstated in harvest,reversal_on_certified_world,results/uk/obr_costings/efo_march_2026__class_1_nics_threshold_freezes_2030.json,"OBR source facts: source_model=obr_efo_forecast; basis=unstated; behavioural_adjustment=unstated in harvest. | PE: static microsimulation on the certified world; reversal re-oriented to the announced measure; PE calendar year 2030 proxies FY 2030-31. measure Δ = −(reversal − baseline). | Head mapping: NICs = ni_class_1_employee + ni_class_1_employer + ni_class_4; positive gain to the Exchequer = +Δtax. | Partial construction: Uses Table 3.19's indexed UEL/UPL path (UEL divided by 52). The 3.17 plural line does not disclose a secondary-threshold counterfactual, so that component is missing and the construction is partial. | Comparison scope: benchmark_class=different_model; head_scope=published Table 3.17 measure total vs mapped PE aggregate; remaining_difference=unexplained. | Table 3.17 is retained as a measure-total row; its PE head mapping is ni_class_1_employee + ni_class_1_employer + ni_class_4."
efo_march_2026__class_2_nics_threshold_rise,Class 2 NICs: threshold rise,EFO March 2026 re-estimate,2026,2026-27,Total,total,-130000000.0,,,not_available,not_computed,different_model,3.17: 3.17,revenue_change,obr_efo_forecast,unstated,unstated in harvest,reversal_on_certified_world,,OBR source facts: source_model=obr_efo_forecast; basis=unstated; behavioural_adjustment=unstated in harvest. | No PE value: this registry entry is not expressible as a supported plain parameter reform. | PE: no microsimulation constructed; the registry construction is a reversal on the certified world. | PE calendar year 2026 would proxy OBR FY 2026-27. | Head mapping unavailable for Total; no aggregate is substituted. | Comparison scope: benchmark_class=different_model; head_scope=published Table 3.17 measure total vs mapped PE aggregate; remaining_difference=unexplained.
efo_march_2026__class_2_nics_threshold_rise,Class 2 NICs: threshold rise,EFO March 2026 re-estimate,2027,2027-28,Total,total,-130000000.0,,,not_available,not_computed,different_model,3.17: 3.17,revenue_change,obr_efo_forecast,unstated,unstated in harvest,reversal_on_certified_world,,OBR source facts: source_model=obr_efo_forecast; basis=unstated; behavioural_adjustment=unstated in harvest. | No PE value: this registry entry is not expressible as a supported plain parameter reform. | PE: no microsimulation constructed; the registry construction is a reversal on the certified world. | PE calendar year 2027 would proxy OBR FY 2027-28. | Head mapping unavailable for Total; no aggregate is substituted. | Comparison scope: benchmark_class=different_model; head_scope=published Table 3.17 measure total vs mapped PE aggregate; remaining_difference=unexplained.
efo_march_2026__class_2_nics_threshold_rise,Class 2 NICs: threshold rise,EFO March 2026 re-estimate,2028,2028-29,Total,total,-135000000.0,,,not_available,not_computed,different_model,3.17: 3.17,revenue_change,obr_efo_forecast,unstated,unstated in harvest,reversal_on_certified_world,,OBR source facts: source_model=obr_efo_forecast; basis=unstated; behavioural_adjustment=unstated in harvest. | No PE value: this registry entry is not expressible as a supported plain parameter reform. | PE: no microsimulation constructed; the registry construction is a reversal on the certified world. | PE calendar year 2028 would proxy OBR FY 2028-29. | Head mapping unavailable for Total; no aggregate is substituted. | Comparison scope: benchmark_class=different_model; head_scope=published Table 3.17 measure total vs mapped PE aggregate; remaining_difference=unexplained.
efo_march_2026__class_2_nics_threshold_rise,Class 2 NICs: threshold rise,EFO March 2026 re-estimate,2029,2029-30,Total,total,-135000000.0,,,not_available,not_computed,different_model,3.17: 3.17,revenue_change,obr_efo_forecast,unstated,unstated in harvest,reversal_on_certified_world,,OBR source facts: source_model=obr_efo_forecast; basis=unstated; behavioural_adjustment=unstated in harvest. | No PE value: this registry entry is not expressible as a supported plain parameter reform. | PE: no microsimulation constructed; the registry construction is a reversal on the certified world. | PE calendar year 2029 would proxy OBR FY 2029-30. | Head mapping unavailable for Total; no aggregate is substituted. | Comparison scope: benchmark_class=different_model; head_scope=published Table 3.17 measure total vs mapped PE aggregate; remaining_difference=unexplained.
efo_march_2026__class_2_nics_threshold_rise,Class 2 NICs: threshold rise,EFO March 2026 re-estimate,2030,2030-31,Total,total,-135000000.0,,,not_available,not_computed,different_model,3.17: 3.17,revenue_change,obr_efo_forecast,unstated,unstated in harvest,reversal_on_certified_world,,OBR source facts: source_model=obr_efo_forecast; basis=unstated; behavioural_adjustment=unstated in harvest. | No PE value: this registry entry is not expressible as a supported plain parameter reform. | PE: no microsimulation constructed; the registry construction is a reversal on the certified world. | PE calendar year 2030 would proxy OBR FY 2030-31. | Head mapping unavailable for Total; no aggregate is substituted. | Comparison scope: benchmark_class=different_model; head_scope=published Table 3.17 measure total vs mapped PE aggregate; remaining_difference=unexplained.
efo_march_2026__nics_rise_in_primary_threshold,NICs: rise in primary threshold,EFO March 2026 re-estimate,2026,2026-27,Total,total,-2775000000.0,-583433153.4281254,0.2102461814155407,same_sign_ratio_below_0.5,constructed,different_model,3.17: 3.17,revenue_change,obr_efo_forecast,unstated,unstated in harvest,reversal_on_certified_world,results/uk/obr_costings/efo_march_2026__nics_rise_in_primary_threshold_2026.json,"OBR source facts: source_model=obr_efo_forecast; basis=unstated; behavioural_adjustment=unstated in harvest. | PE: static microsimulation on the certified world; reversal re-oriented to the announced measure; PE calendar year 2026 proxies FY 2026-27. measure Δ = −(reversal − baseline). | Head mapping: NICs = ni_class_1_employee + ni_class_1_employer + ni_class_4; positive gain to the Exchequer = +Δtax. | Partial construction: Reverses to Table 3.19's published indexed annual primary-threshold path, divided by 52 because the installed PE parameter is weekly. Employer and Class 4 aggregates remain in the required broad NICs head even when their direct deltas are zero. The certified PT starts uprating in 2028, so the published Table 3.19 counterfactual can fall below that baseline in outer years; those construction-direction changes are retained and annotated rather than treated as an assumption-matched reversal. | Comparison scope: benchmark_class=different_model; head_scope=published Table 3.17 measure total vs mapped PE aggregate; remaining_difference=unexplained. | Table 3.17 is retained as a measure-total row; its PE head mapping is ni_class_1_employee + ni_class_1_employer + ni_class_4."
efo_march_2026__nics_rise_in_primary_threshold,NICs: rise in primary threshold,EFO March 2026 re-estimate,2027,2027-28,Total,total,-2895000000.0,-74851458.03125477,0.02585542591753187,same_sign_ratio_below_0.5,constructed,different_model,3.17: 3.17,revenue_change,obr_efo_forecast,unstated,unstated in harvest,reversal_on_certified_world,results/uk/obr_costings/efo_march_2026__nics_rise_in_primary_threshold_2027.json,"OBR source facts: source_model=obr_efo_forecast; basis=unstated; behavioural_adjustment=unstated in harvest. | PE: static microsimulation on the certified world; reversal re-oriented to the announced measure; PE calendar year 2027 proxies FY 2027-28. measure Δ = −(reversal − baseline). | Head mapping: NICs = ni_class_1_employee + ni_class_1_employer + ni_class_4; positive gain to the Exchequer = +Δtax. | Partial construction: Reverses to Table 3.19's published indexed annual primary-threshold path, divided by 52 because the installed PE parameter is weekly. Employer and Class 4 aggregates remain in the required broad NICs head even when their direct deltas are zero. The certified PT starts uprating in 2028, so the published Table 3.19 counterfactual can fall below that baseline in outer years; those construction-direction changes are retained and annotated rather than treated as an assumption-matched reversal. | Comparison scope: benchmark_class=different_model; head_scope=published Table 3.17 measure total vs mapped PE aggregate; remaining_difference=unexplained. | Table 3.17 is retained as a measure-total row; its PE head mapping is ni_class_1_employee + ni_class_1_employer + ni_class_4."
efo_march_2026__nics_rise_in_primary_threshold,NICs: rise in primary threshold,EFO March 2026 re-estimate,2028,2028-29,Total,total,-2980000000.0,-58102706.64994621,0.019497552567096045,same_sign_ratio_below_0.5,constructed,different_model,3.17: 3.17,revenue_change,obr_efo_forecast,unstated,unstated in harvest,reversal_on_certified_world,results/uk/obr_costings/efo_march_2026__nics_rise_in_primary_threshold_2028.json,"OBR source facts: source_model=obr_efo_forecast; basis=unstated; behavioural_adjustment=unstated in harvest. | PE: static microsimulation on the certified world; reversal re-oriented to the announced measure; PE calendar year 2028 proxies FY 2028-29. measure Δ = −(reversal − baseline). | Head mapping: NICs = ni_class_1_employee + ni_class_1_employer + ni_class_4; positive gain to the Exchequer = +Δtax. | Partial construction: Reverses to Table 3.19's published indexed annual primary-threshold path, divided by 52 because the installed PE parameter is weekly. Employer and Class 4 aggregates remain in the required broad NICs head even when their direct deltas are zero. The certified PT starts uprating in 2028, so the published Table 3.19 counterfactual can fall below that baseline in outer years; those construction-direction changes are retained and annotated rather than treated as an assumption-matched reversal. | Comparison scope: benchmark_class=different_model; head_scope=published Table 3.17 measure total vs mapped PE aggregate; remaining_difference=unexplained. | Table 3.17 is retained as a measure-total row; its PE head mapping is ni_class_1_employee + ni_class_1_employer + ni_class_4."
efo_march_2026__nics_rise_in_primary_threshold,NICs: rise in primary threshold,EFO March 2026 re-estimate,2029,2029-30,Total,total,-3095000000.0,-51203173.18323898,0.016543836246603872,same_sign_ratio_below_0.5,constructed,different_model,3.17: 3.17,revenue_change,obr_efo_forecast,unstated,unstated in harvest,reversal_on_certified_world,results/uk/obr_costings/efo_march_2026__nics_rise_in_primary_threshold_2029.json,"OBR source facts: source_model=obr_efo_forecast; basis=unstated; behavioural_adjustment=unstated in harvest. | PE: static microsimulation on the certified world; reversal re-oriented to the announced measure; PE calendar year 2029 proxies FY 2029-30. measure Δ = −(reversal − baseline). | Head mapping: NICs = ni_class_1_employee + ni_class_1_employer + ni_class_4; positive gain to the Exchequer = +Δtax. | Partial construction: Reverses to Table 3.19's published indexed annual primary-threshold path, divided by 52 because the installed PE parameter is weekly. Employer and Class 4 aggregates remain in the required broad NICs head even when their direct deltas are zero. The certified PT starts uprating in 2028, so the published Table 3.19 counterfactual can fall below that baseline in outer years; those construction-direction changes are retained and annotated rather than treated as an assumption-matched reversal. | Comparison scope: benchmark_class=different_model; head_scope=published Table 3.17 measure total vs mapped PE aggregate; remaining_difference=unexplained. | Table 3.17 is retained as a measure-total row; its PE head mapping is ni_class_1_employee + ni_class_1_employer + ni_class_4."
efo_march_2026__nics_rise_in_primary_threshold,NICs: rise in primary threshold,EFO March 2026 re-estimate,2030,2030-31,Total,total,-3215000000.0,-54562649.88286209,0.016971275235726932,same_sign_ratio_below_0.5,constructed,different_model,3.17: 3.17,revenue_change,obr_efo_forecast,unstated,unstated in harvest,reversal_on_certified_world,results/uk/obr_costings/efo_march_2026__nics_rise_in_primary_threshold_2030.json,"OBR source facts: source_model=obr_efo_forecast; basis=unstated; behavioural_adjustment=unstated in harvest. | PE: static microsimulation on the certified world; reversal re-oriented to the announced measure; PE calendar year 2030 proxies FY 2030-31. measure Δ = −(reversal − baseline). | Head mapping: NICs = ni_class_1_employee + ni_class_1_employer + ni_class_4; positive gain to the Exchequer = +Δtax. | Partial construction: Reverses to Table 3.19's published indexed annual primary-threshold path, divided by 52 because the installed PE parameter is weekly. Employer and Class 4 aggregates remain in the required broad NICs head even when their direct deltas are zero. The certified PT starts uprating in 2028, so the published Table 3.19 counterfactual can fall below that baseline in outer years; those construction-direction changes are retained and annotated rather than treated as an assumption-matched reversal. | Comparison scope: benchmark_class=different_model; head_scope=published Table 3.17 measure total vs mapped PE aggregate; remaining_difference=unexplained. | Table 3.17 is retained as a measure-total row; its PE head mapping is ni_class_1_employee + ni_class_1_employer + ni_class_4."
efo_march_2026__pa_and_hrt_freezes,PA and HRT freezes,EFO March 2026 re-estimate,2026,2026-27,Total,total,34009999999.999996,47680889965.43103,1.4019667734616594,same_sign_ratio_1.25_to_2,constructed,different_model,3.17: 3.17,revenue_change,obr_efo_forecast,unstated,unstated in harvest,reversal_on_certified_world,results/uk/obr_costings/efo_march_2026__pa_and_hrt_freezes_2026.json,OBR source facts: source_model=obr_efo_forecast; basis=unstated; behavioural_adjustment=unstated in harvest. | PE: static microsimulation on the certified world; reversal re-oriented to the announced measure; PE calendar year 2026 proxies FY 2026-27. measure Δ = −(reversal − baseline). | Head mapping: Income tax = income_tax; positive gain to the Exchequer = +Δtax. | Comparison scope: benchmark_class=different_model; head_scope=published Table 3.17 measure total vs mapped PE aggregate; remaining_difference=unexplained. | Table 3.17 is retained as a measure-total row; its PE head mapping is income_tax.
efo_march_2026__pa_and_hrt_freezes,PA and HRT freezes,EFO March 2026 re-estimate,2027,2027-28,Total,total,38475000000.0,53451703378.48419,1.3892580475239555,same_sign_ratio_1.25_to_2,constructed,different_model,3.17: 3.17,revenue_change,obr_efo_forecast,unstated,unstated in harvest,reversal_on_certified_world,results/uk/obr_costings/efo_march_2026__pa_and_hrt_freezes_2027.json,OBR source facts: source_model=obr_efo_forecast; basis=unstated; behavioural_adjustment=unstated in harvest. | PE: static microsimulation on the certified world; reversal re-oriented to the announced measure; PE calendar year 2027 proxies FY 2027-28. measure Δ = −(reversal − baseline). | Head mapping: Income tax = income_tax; positive gain to the Exchequer = +Δtax. | Comparison scope: benchmark_class=different_model; head_scope=published Table 3.17 measure total vs mapped PE aggregate; remaining_difference=unexplained. | Table 3.17 is retained as a measure-total row; its PE head mapping is income_tax.
efo_march_2026__pa_and_hrt_freezes,PA and HRT freezes,EFO March 2026 re-estimate,2028,2028-29,Total,total,43525000000.0,59064995316.87207,1.3570360785036661,same_sign_ratio_1.25_to_2,constructed,different_model,3.17: 3.17,revenue_change,obr_efo_forecast,unstated,unstated in harvest,reversal_on_certified_world,results/uk/obr_costings/efo_march_2026__pa_and_hrt_freezes_2028.json,OBR source facts: source_model=obr_efo_forecast; basis=unstated; behavioural_adjustment=unstated in harvest. | PE: static microsimulation on the certified world; reversal re-oriented to the announced measure; PE calendar year 2028 proxies FY 2028-29. measure Δ = −(reversal − baseline). | Head mapping: Income tax = income_tax; positive gain to the Exchequer = +Δtax. | Comparison scope: benchmark_class=different_model; head_scope=published Table 3.17 measure total vs mapped PE aggregate; remaining_difference=unexplained. | Table 3.17 is retained as a measure-total row; its PE head mapping is income_tax.
efo_march_2026__pa_and_hrt_freezes,PA and HRT freezes,EFO March 2026 re-estimate,2029,2029-30,Total,total,49075000000.0,65068075888.41968,1.3258904918679506,same_sign_ratio_1.25_to_2,constructed,different_model,3.17: 3.17,revenue_change,obr_efo_forecast,unstated,unstated in harvest,reversal_on_certified_world,results/uk/obr_costings/efo_march_2026__pa_and_hrt_freezes_2029.json,OBR source facts: source_model=obr_efo_forecast; basis=unstated; behavioural_adjustment=unstated in harvest. | PE: static microsimulation on the certified world; reversal re-oriented to the announced measure; PE calendar year 2029 proxies FY 2029-30. measure Δ = −(reversal − baseline). | Head mapping: Income tax = income_tax; positive gain to the Exchequer = +Δtax. | Comparison scope: benchmark_class=different_model; head_scope=published Table 3.17 measure total vs mapped PE aggregate; remaining_difference=unexplained. | Table 3.17 is retained as a measure-total row; its PE head mapping is income_tax.
efo_march_2026__pa_and_hrt_freezes,PA and HRT freezes,EFO March 2026 re-estimate,2030,2030-31,Total,total,55190000000.0,71361719065.41724,1.2930190082518072,same_sign_ratio_1.25_to_2,constructed,different_model,3.17: 3.17,revenue_change,obr_efo_forecast,unstated,unstated in harvest,reversal_on_certified_world,results/uk/obr_costings/efo_march_2026__pa_and_hrt_freezes_2030.json,OBR source facts: source_model=obr_efo_forecast; basis=unstated; behavioural_adjustment=unstated in harvest. | PE: static microsimulation on the certified world; reversal re-oriented to the announced measure; PE calendar year 2030 proxies FY 2030-31. measure Δ = −(reversal − baseline). | Head mapping: Income tax = income_tax; positive gain to the Exchequer = +Δtax. | Comparison scope: benchmark_class=different_model; head_scope=published Table 3.17 measure total vs mapped PE aggregate; remaining_difference=unexplained. | Table 3.17 is retained as a measure-total row; its PE head mapping is income_tax.
efo_march_2026__spring_budget_2024_nics_reduction,Spring Budget 2024 NICs reduction,EFO March 2026 re-estimate,2026,2026-27,Total,total,-11275000000.0,-13234798782.10358,1.173818073800761,same_sign_ratio_0.8_to_1.25,constructed,different_model,3.17: 3.17,revenue_change,obr_efo_forecast,unstated,unstated in harvest,reversal_on_certified_world,results/uk/obr_costings/efo_march_2026__spring_budget_2024_nics_reduction_2026.json,OBR source facts: source_model=obr_efo_forecast; basis=unstated; behavioural_adjustment=unstated in harvest. | PE: static microsimulation on the certified world; reversal re-oriented to the announced measure; PE calendar year 2026 proxies FY 2026-27. measure Δ = −(reversal − baseline). | Head mapping: NICs = ni_class_1_employee + ni_class_1_employer + ni_class_4; positive gain to the Exchequer = +Δtax. | Comparison scope: benchmark_class=different_model; head_scope=published Table 3.17 measure total vs mapped PE aggregate; remaining_difference=unexplained. | Table 3.17 is retained as a measure-total row; its PE head mapping is ni_class_1_employee + ni_class_1_employer + ni_class_4.
efo_march_2026__spring_budget_2024_nics_reduction,Spring Budget 2024 NICs reduction,EFO March 2026 re-estimate,2027,2027-28,Total,total,-11610000000.0,-13567703993.40665,1.1686222216543196,same_sign_ratio_0.8_to_1.25,constructed,different_model,3.17: 3.17,revenue_change,obr_efo_forecast,unstated,unstated in harvest,reversal_on_certified_world,results/uk/obr_costings/efo_march_2026__spring_budget_2024_nics_reduction_2027.json,OBR source facts: source_model=obr_efo_forecast; basis=unstated; behavioural_adjustment=unstated in harvest. | PE: static microsimulation on the certified world; reversal re-oriented to the announced measure; PE calendar year 2027 proxies FY 2027-28. measure Δ = −(reversal − baseline). | Head mapping: NICs = ni_class_1_employee + ni_class_1_employer + ni_class_4; positive gain to the Exchequer = +Δtax. | Comparison scope: benchmark_class=different_model; head_scope=published Table 3.17 measure total vs mapped PE aggregate; remaining_difference=unexplained. | Table 3.17 is retained as a measure-total row; its PE head mapping is ni_class_1_employee + ni_class_1_employer + ni_class_4.
efo_march_2026__spring_budget_2024_nics_reduction,Spring Budget 2024 NICs reduction,EFO March 2026 re-estimate,2028,2028-29,Total,total,-12015000000.0,-13923768529.340982,1.1588654622838936,same_sign_ratio_0.8_to_1.25,constructed,different_model,3.17: 3.17,revenue_change,obr_efo_forecast,unstated,unstated in harvest,reversal_on_certified_world,results/uk/obr_costings/efo_march_2026__spring_budget_2024_nics_reduction_2028.json,OBR source facts: source_model=obr_efo_forecast; basis=unstated; behavioural_adjustment=unstated in harvest. | PE: static microsimulation on the certified world; reversal re-oriented to the announced measure; PE calendar year 2028 proxies FY 2028-29. measure Δ = −(reversal − baseline). | Head mapping: NICs = ni_class_1_employee + ni_class_1_employer + ni_class_4; positive gain to the Exchequer = +Δtax. | Comparison scope: benchmark_class=different_model; head_scope=published Table 3.17 measure total vs mapped PE aggregate; remaining_difference=unexplained. | Table 3.17 is retained as a measure-total row; its PE head mapping is ni_class_1_employee + ni_class_1_employer + ni_class_4.
efo_march_2026__spring_budget_2024_nics_reduction,Spring Budget 2024 NICs reduction,EFO March 2026 re-estimate,2029,2029-30,Total,total,-12370000000.0,-14316264665.489868,1.1573374830630452,same_sign_ratio_0.8_to_1.25,constructed,different_model,3.17: 3.17,revenue_change,obr_efo_forecast,unstated,unstated in harvest,reversal_on_certified_world,results/uk/obr_costings/efo_march_2026__spring_budget_2024_nics_reduction_2029.json,OBR source facts: source_model=obr_efo_forecast; basis=unstated; behavioural_adjustment=unstated in harvest. | PE: static microsimulation on the certified world; reversal re-oriented to the announced measure; PE calendar year 2029 proxies FY 2029-30. measure Δ = −(reversal − baseline). | Head mapping: NICs = ni_class_1_employee + ni_class_1_employer + ni_class_4; positive gain to the Exchequer = +Δtax. | Comparison scope: benchmark_class=different_model; head_scope=published Table 3.17 measure total vs mapped PE aggregate; remaining_difference=unexplained. | Table 3.17 is retained as a measure-total row; its PE head mapping is ni_class_1_employee + ni_class_1_employer + ni_class_4.
efo_march_2026__spring_budget_2024_nics_reduction,Spring Budget 2024 NICs reduction,EFO March 2026 re-estimate,2030,2030-31,Total,total,-12745000000.0,-14227675928.808418,1.116333929290578,same_sign_ratio_0.8_to_1.25,constructed,different_model,3.17: 3.17,revenue_change,obr_efo_forecast,unstated,unstated in harvest,reversal_on_certified_world,results/uk/obr_costings/efo_march_2026__spring_budget_2024_nics_reduction_2030.json,OBR source facts: source_model=obr_efo_forecast; basis=unstated; behavioural_adjustment=unstated in harvest. | PE: static microsimulation on the certified world; reversal re-oriented to the announced measure; PE calendar year 2030 proxies FY 2030-31. measure Δ = −(reversal − baseline). | Head mapping: NICs = ni_class_1_employee + ni_class_1_employer + ni_class_4; positive gain to the Exchequer = +Δtax. | Comparison scope: benchmark_class=different_model; head_scope=published Table 3.17 measure total vs mapped PE aggregate; remaining_difference=unexplained. | Table 3.17 is retained as a measure-total row; its PE head mapping is ni_class_1_employee + ni_class_1_employer + ni_class_4.
spring_budget_2024__class_1_employee_nics_main_rate_cut_2pp,National Insurance contributions (NICs): 2 percentage point cut to the main rate of Class 1 employee NICs from 6 April 2024,Spring Budget 2024,2026,2026-27,Income tax,head,318779563.0547339,-0.0,-0.0,pe_zero,constructed,different_model,Tax Measures (Policy measures database),revenue_change,hmt_scorecard_obr_database,forecast,unstated in harvest,reversal_on_certified_world,results/uk/obr_costings/spring_budget_2024__class_1_employee_nics_main_rate_cut_2pp_2026.json,"OBR source facts: source_model=hmt_scorecard_obr_database; basis=forecast; behavioural_adjustment=unstated in harvest. | PE: static microsimulation on the certified world; reversal re-oriented to the announced measure; PE calendar year 2026 proxies FY 2026-27. measure Δ = −(reversal − baseline). | Head mapping: Income tax = income_tax; positive gain to the Exchequer = +Δtax. | Partial construction: Direct Class 1 rate reversal; PE calendar 2024 proxies FY 2024-25. Welfare inside cap is represented only by universal_credit, not the full OBR welfare-head scope, and the named non-microsimulation heads are omitted. Unmapped OBR heads: Corporation tax (onshore), PSCE in RDEL, Scottish BGA (current). | Comparison scope: benchmark_class=different_model; head_scope=single mapped source head (Income tax); remaining_difference=unexplained."
spring_budget_2024__class_1_employee_nics_main_rate_cut_2pp,National Insurance contributions (NICs): 2 percentage point cut to the main rate of Class 1 employee NICs from 6 April 2024,Spring Budget 2024,2026,2026-27,NICs,head,-9619251699.103523,-12070073648.808764,1.2547830149754422,same_sign_ratio_1.25_to_2,constructed,different_model,Tax Measures (Policy measures database),revenue_change,hmt_scorecard_obr_database,forecast,unstated in harvest,reversal_on_certified_world,results/uk/obr_costings/spring_budget_2024__class_1_employee_nics_main_rate_cut_2pp_2026.json,"OBR source facts: source_model=hmt_scorecard_obr_database; basis=forecast; behavioural_adjustment=unstated in harvest. | PE: static microsimulation on the certified world; reversal re-oriented to the announced measure; PE calendar year 2026 proxies FY 2026-27. measure Δ = −(reversal − baseline). | Head mapping: NICs = ni_class_1_employee + ni_class_1_employer + ni_class_4; positive gain to the Exchequer = +Δtax. | Partial construction: Direct Class 1 rate reversal; PE calendar 2024 proxies FY 2024-25. Welfare inside cap is represented only by universal_credit, not the full OBR welfare-head scope, and the named non-microsimulation heads are omitted. Unmapped OBR heads: Corporation tax (onshore), PSCE in RDEL, Scottish BGA (current). | Comparison scope: benchmark_class=different_model; head_scope=single mapped source head (NICs); remaining_difference=unexplained."
spring_budget_2024__class_1_employee_nics_main_rate_cut_2pp,National Insurance contributions (NICs): 2 percentage point cut to the main rate of Class 1 employee NICs from 6 April 2024,Spring Budget 2024,2026,2026-27,Welfare inside cap,head,171891919.98605588,104678630.74134064,0.6089793560385638,same_sign_ratio_0.5_to_0.8,constructed,different_model,Spending Measures (Policy measures database),exchequer_impact,hmt_scorecard_obr_database,forecast,unstated in harvest,reversal_on_certified_world,results/uk/obr_costings/spring_budget_2024__class_1_employee_nics_main_rate_cut_2pp_2026.json,"OBR source facts: source_model=hmt_scorecard_obr_database; basis=forecast; behavioural_adjustment=unstated in harvest. | PE: static microsimulation on the certified world; reversal re-oriented to the announced measure; PE calendar year 2026 proxies FY 2026-27. measure Δ = −(reversal − baseline). | Head mapping: Welfare inside cap = universal_credit; positive gain to the Exchequer = −Δspending. | Partial construction: Direct Class 1 rate reversal; PE calendar 2024 proxies FY 2024-25. Welfare inside cap is represented only by universal_credit, not the full OBR welfare-head scope, and the named non-microsimulation heads are omitted. Unmapped OBR heads: Corporation tax (onshore), PSCE in RDEL, Scottish BGA (current). | Comparison scope: benchmark_class=different_model; head_scope=single mapped source head (Welfare inside cap); remaining_difference=unexplained."
spring_budget_2024__class_1_employee_nics_main_rate_cut_2pp,National Insurance contributions (NICs): 2 percentage point cut to the main rate of Class 1 employee NICs from 6 April 2024,Spring Budget 2024,2026,2026-27,Mapped-head total,mapped_head_total,-9128580216.062733,-11965395018.067423,1.3107618857325705,same_sign_ratio_1.25_to_2,constructed,different_model,Spending Measures (Policy measures database) + Tax Measures (Policy measures database),exchequer_impact + revenue_change,hmt_scorecard_obr_database,forecast,unstated in harvest,reversal_on_certified_world,results/uk/obr_costings/spring_budget_2024__class_1_employee_nics_main_rate_cut_2pp_2026.json,"Derived mapped-head total for this comparison only: sums Income tax, NICs, Welfare inside cap; it is not attached to an external TOTAL claim. | OBR source facts represented by the mapped heads: source_model=hmt_scorecard_obr_database; basis=forecast; behavioural_adjustment=unstated in harvest. | PE: static microsimulation on the certified world; reversal re-oriented to the announced measure; PE calendar year 2026 proxies FY 2026-27. measure Δ = −(reversal − baseline). | Comparison scope: benchmark_class=different_model; head_scope=mapped PMD heads only; remaining_difference=unexplained. | Registry construction: Direct Class 1 rate reversal; PE calendar 2024 proxies FY 2024-25. Welfare inside cap is represented only by universal_credit, not the full OBR welfare-head scope, and the named non-microsimulation heads are omitted. | Partial scope: this is not an all-head measure total. Unmapped OBR heads: Corporation tax (onshore), PSCE in RDEL, Scottish BGA (current)."
spring_budget_2024__class_1_employee_nics_main_rate_cut_2pp,National Insurance contributions (NICs): 2 percentage point cut to the main rate of Class 1 employee NICs from 6 April 2024,Spring Budget 2024,2027,2027-28,Income tax,head,403939444.51041263,-0.0,-0.0,pe_zero,constructed,different_model,Tax Measures (Policy measures database),revenue_change,hmt_scorecard_obr_database,forecast,unstated in harvest,reversal_on_certified_world,results/uk/obr_costings/spring_budget_2024__class_1_employee_nics_main_rate_cut_2pp_2027.json,"OBR source facts: source_model=hmt_scorecard_obr_database; basis=forecast; behavioural_adjustment=unstated in harvest. | PE: static microsimulation on the certified world; reversal re-oriented to the announced measure; PE calendar year 2027 proxies FY 2027-28. measure Δ = −(reversal − baseline). | Head mapping: Income tax = income_tax; positive gain to the Exchequer = +Δtax. | Partial construction: Direct Class 1 rate reversal; PE calendar 2024 proxies FY 2024-25. Welfare inside cap is represented only by universal_credit, not the full OBR welfare-head scope, and the named non-microsimulation heads are omitted. Unmapped OBR heads: Corporation tax (onshore), PSCE in RDEL, Scottish BGA (current). | Comparison scope: benchmark_class=different_model; head_scope=single mapped source head (Income tax); remaining_difference=unexplained."
spring_budget_2024__class_1_employee_nics_main_rate_cut_2pp,National Insurance contributions (NICs): 2 percentage point cut to the main rate of Class 1 employee NICs from 6 April 2024,Spring Budget 2024,2027,2027-28,NICs,head,-9817942032.094347,-12356159334.317142,1.2585284465853936,same_sign_ratio_1.25_to_2,constructed,different_model,Tax Measures (Policy measures database),revenue_change,hmt_scorecard_obr_database,forecast,unstated in harvest,reversal_on_certified_world,results/uk/obr_costings/spring_budget_2024__class_1_employee_nics_main_rate_cut_2pp_2027.json,"OBR source facts: source_model=hmt_scorecard_obr_database; basis=forecast; behavioural_adjustment=unstated in harvest. | PE: static microsimulation on the certified world; reversal re-oriented to the announced measure; PE calendar year 2027 proxies FY 2027-28. measure Δ = −(reversal − baseline). | Head mapping: NICs = ni_class_1_employee + ni_class_1_employer + ni_class_4; positive gain to the Exchequer = +Δtax. | Partial construction: Direct Class 1 rate reversal; PE calendar 2024 proxies FY 2024-25. Welfare inside cap is represented only by universal_credit, not the full OBR welfare-head scope, and the named non-microsimulation heads are omitted. Unmapped OBR heads: Corporation tax (onshore), PSCE in RDEL, Scottish BGA (current). | Comparison scope: benchmark_class=different_model; head_scope=single mapped source head (NICs); remaining_difference=unexplained."
spring_budget_2024__class_1_employee_nics_main_rate_cut_2pp,National Insurance contributions (NICs): 2 percentage point cut to the main rate of Class 1 employee NICs from 6 April 2024,Spring Budget 2024,2027,2027-28,Welfare inside cap,head,169987825.88819343,109333370.59695435,0.6431835340306458,same_sign_ratio_0.5_to_0.8,constructed,different_model,Spending Measures (Policy measures database),exchequer_impact,hmt_scorecard_obr_database,forecast,unstated in harvest,reversal_on_certified_world,results/uk/obr_costings/spring_budget_2024__class_1_employee_nics_main_rate_cut_2pp_2027.json,"OBR source facts: source_model=hmt_scorecard_obr_database; basis=forecast; behavioural_adjustment=unstated in harvest. | PE: static microsimulation on the certified world; reversal re-oriented to the announced measure; PE calendar year 2027 proxies FY 2027-28. measure Δ = −(reversal − baseline). | Head mapping: Welfare inside cap = universal_credit; positive gain to the Exchequer = −Δspending. | Partial construction: Direct Class 1 rate reversal; PE calendar 2024 proxies FY 2024-25. Welfare inside cap is represented only by universal_credit, not the full OBR welfare-head scope, and the named non-microsimulation heads are omitted. Unmapped OBR heads: Corporation tax (onshore), PSCE in RDEL, Scottish BGA (current). | Comparison scope: benchmark_class=different_model; head_scope=single mapped source head (Welfare inside cap); remaining_difference=unexplained."
spring_budget_2024__class_1_employee_nics_main_rate_cut_2pp,National Insurance contributions (NICs): 2 percentage point cut to the main rate of Class 1 employee NICs from 6 April 2024,Spring Budget 2024,2027,2027-28,Mapped-head total,mapped_head_total,-9244014761.695742,-12246825963.720188,1.3248384256662096,same_sign_ratio_1.25_to_2,constructed,different_model,Spending Measures (Policy measures database) + Tax Measures (Policy measures database),exchequer_impact + revenue_change,hmt_scorecard_obr_database,forecast,unstated in harvest,reversal_on_certified_world,results/uk/obr_costings/spring_budget_2024__class_1_employee_nics_main_rate_cut_2pp_2027.json,"Derived mapped-head total for this comparison only: sums Income tax, NICs, Welfare inside cap; it is not attached to an external TOTAL claim. | OBR source facts represented by the mapped heads: source_model=hmt_scorecard_obr_database; basis=forecast; behavioural_adjustment=unstated in harvest. | PE: static microsimulation on the certified world; reversal re-oriented to the announced measure; PE calendar year 2027 proxies FY 2027-28. measure Δ = −(reversal − baseline). | Comparison scope: benchmark_class=different_model; head_scope=mapped PMD heads only; remaining_difference=unexplained. | Registry construction: Direct Class 1 rate reversal; PE calendar 2024 proxies FY 2024-25. Welfare inside cap is represented only by universal_credit, not the full OBR welfare-head scope, and the named non-microsimulation heads are omitted. | Partial scope: this is not an all-head measure total. Unmapped OBR heads: Corporation tax (onshore), PSCE in RDEL, Scottish BGA (current)."
spring_budget_2024__class_1_employee_nics_main_rate_cut_2pp,National Insurance contributions (NICs): 2 percentage point cut to the main rate of Class 1 employee NICs from 6 April 2024,Spring Budget 2024,2028,2028-29,Income tax,head,472438340.54904956,-0.0,-0.0,pe_zero,constructed,different_model,Tax Measures (Policy measures database),revenue_change,hmt_scorecard_obr_database,forecast,unstated in harvest,reversal_on_certified_world,results/uk/obr_costings/spring_budget_2024__class_1_employee_nics_main_rate_cut_2pp_2028.json,"OBR source facts: source_model=hmt_scorecard_obr_database; basis=forecast; behavioural_adjustment=unstated in harvest. | PE: static microsimulation on the certified world; reversal re-oriented to the announced measure; PE calendar year 2028 proxies FY 2028-29. measure Δ = −(reversal − baseline). | Head mapping: Income tax = income_tax; positive gain to the Exchequer = +Δtax. | Partial construction: Direct Class 1 rate reversal; PE calendar 2024 proxies FY 2024-25. Welfare inside cap is represented only by universal_credit, not the full OBR welfare-head scope, and the named non-microsimulation heads are omitted. Unmapped OBR heads: Corporation tax (onshore), PSCE in RDEL, Scottish BGA (current). | Comparison scope: benchmark_class=different_model; head_scope=single mapped source head (Income tax); remaining_difference=unexplained."
spring_budget_2024__class_1_employee_nics_main_rate_cut_2pp,National Insurance contributions (NICs): 2 percentage point cut to the main rate of Class 1 employee NICs from 6 April 2024,Spring Budget 2024,2028,2028-29,NICs,head,-10088448612.903854,-12663862924.5513,1.255283484157644,same_sign_ratio_1.25_to_2,constructed,different_model,Tax Measures (Policy measures database),revenue_change,hmt_scorecard_obr_database,forecast,unstated in harvest,reversal_on_certified_world,results/uk/obr_costings/spring_budget_2024__class_1_employee_nics_main_rate_cut_2pp_2028.json,"OBR source facts: source_model=hmt_scorecard_obr_database; basis=forecast; behavioural_adjustment=unstated in harvest. | PE: static microsimulation on the certified world; reversal re-oriented to the announced measure; PE calendar year 2028 proxies FY 2028-29. measure Δ = −(reversal − baseline). | Head mapping: NICs = ni_class_1_employee + ni_class_1_employer + ni_class_4; positive gain to the Exchequer = +Δtax. | Partial construction: Direct Class 1 rate reversal; PE calendar 2024 proxies FY 2024-25. Welfare inside cap is represented only by universal_credit, not the full OBR welfare-head scope, and the named non-microsimulation heads are omitted. Unmapped OBR heads: Corporation tax (onshore), PSCE in RDEL, Scottish BGA (current). | Comparison scope: benchmark_class=different_model; head_scope=single mapped source head (NICs); remaining_difference=unexplained."
spring_budget_2024__class_1_employee_nics_main_rate_cut_2pp,National Insurance contributions (NICs): 2 percentage point cut to the main rate of Class 1 employee NICs from 6 April 2024,Spring Budget 2024,2028,2028-29,Welfare inside cap,head,179643987.88710764,109787606.17053986,0.611139885402304,same_sign_ratio_0.5_to_0.8,constructed,different_model,Spending Measures (Policy measures database),exchequer_impact,hmt_scorecard_obr_database,forecast,unstated in harvest,reversal_on_certified_world,results/uk/obr_costings/spring_budget_2024__class_1_employee_nics_main_rate_cut_2pp_2028.json,"OBR source facts: source_model=hmt_scorecard_obr_database; basis=forecast; behavioural_adjustment=unstated in harvest. | PE: static microsimulation on the certified world; reversal re-oriented to the announced measure; PE calendar year 2028 proxies FY 2028-29. measure Δ = −(reversal − baseline). | Head mapping: Welfare inside cap = universal_credit; positive gain to the Exchequer = −Δspending. | Partial construction: Direct Class 1 rate reversal; PE calendar 2024 proxies FY 2024-25. Welfare inside cap is represented only by universal_credit, not the full OBR welfare-head scope, and the named non-microsimulation heads are omitted. Unmapped OBR heads: Corporation tax (onshore), PSCE in RDEL, Scottish BGA (current). | Comparison scope: benchmark_class=different_model; head_scope=single mapped source head (Welfare inside cap); remaining_difference=unexplained."
spring_budget_2024__class_1_employee_nics_main_rate_cut_2pp,National Insurance contributions (NICs): 2 percentage point cut to the main rate of Class 1 employee NICs from 6 April 2024,Spring Budget 2024,2028,2028-29,Mapped-head total,mapped_head_total,-9436366284.467697,-12554075318.38076,1.3303929648263895,same_sign_ratio_1.25_to_2,constructed,different_model,Spending Measures (Policy measures database) + Tax Measures (Policy measures database),exchequer_impact + revenue_change,hmt_scorecard_obr_database,forecast,unstated in harvest,reversal_on_certified_world,results/uk/obr_costings/spring_budget_2024__class_1_employee_nics_main_rate_cut_2pp_2028.json,"Derived mapped-head total for this comparison only: sums Income tax, NICs, Welfare inside cap; it is not attached to an external TOTAL claim. | OBR source facts represented by the mapped heads: source_model=hmt_scorecard_obr_database; basis=forecast; behavioural_adjustment=unstated in harvest. | PE: static microsimulation on the certified world; reversal re-oriented to the announced measure; PE calendar year 2028 proxies FY 2028-29. measure Δ = −(reversal − baseline). | Comparison scope: benchmark_class=different_model; head_scope=mapped PMD heads only; remaining_difference=unexplained. | Registry construction: Direct Class 1 rate reversal; PE calendar 2024 proxies FY 2024-25. Welfare inside cap is represented only by universal_credit, not the full OBR welfare-head scope, and the named non-microsimulation heads are omitted. | Partial scope: this is not an all-head measure total. Unmapped OBR heads: Corporation tax (onshore), PSCE in RDEL, Scottish BGA (current)."
spring_budget_2024__class_4_self_employed_nics_main_rate_cut_2pp,National Insurance contributions (NICs): 2 percentage point cut to the main rate of Class 4 self-employed NICs from 6 April 2024,Spring Budget 2024,2026,2026-27,Income tax,head,190810413.8027605,-0.0,-0.0,pe_zero,constructed,different_model,Tax Measures (Policy measures database),revenue_change,hmt_scorecard_obr_database,forecast,unstated in harvest,reversal_on_certified_world,results/uk/obr_costings/spring_budget_2024__class_4_self_employed_nics_main_rate_cut_2pp_2026.json,"OBR source facts: source_model=hmt_scorecard_obr_database; basis=forecast; behavioural_adjustment=unstated in harvest. | PE: static microsimulation on the certified world; reversal re-oriented to the announced measure; PE calendar year 2026 proxies FY 2026-27. measure Δ = −(reversal − baseline). | Head mapping: Income tax = income_tax; positive gain to the Exchequer = +Δtax. | Partial construction: Direct Class 4 rate reversal; PE calendar 2024 proxies FY 2024-25. Welfare inside cap is represented only by universal_credit, not the full OBR welfare-head scope, and the named non-microsimulation heads are omitted. Unmapped OBR heads: Corporation tax (onshore), PSCE in RDEL, Scottish BGA (current). | Comparison scope: benchmark_class=different_model; head_scope=single mapped source head (Income tax); remaining_difference=unexplained."
spring_budget_2024__class_4_self_employed_nics_main_rate_cut_2pp,National Insurance contributions (NICs): 2 percentage point cut to the main rate of Class 4 self-employed NICs from 6 April 2024,Spring Budget 2024,2026,2026-27,NICs,head,-699520927.4729086,-1167913753.6299438,1.6695908696386719,same_sign_ratio_1.25_to_2,constructed,different_model,Tax Measures (Policy measures database),revenue_change,hmt_scorecard_obr_database,forecast,unstated in harvest,reversal_on_certified_world,results/uk/obr_costings/spring_budget_2024__class_4_self_employed_nics_main_rate_cut_2pp_2026.json,"OBR source facts: source_model=hmt_scorecard_obr_database; basis=forecast; behavioural_adjustment=unstated in harvest. | PE: static microsimulation on the certified world; reversal re-oriented to the announced measure; PE calendar year 2026 proxies FY 2026-27. measure Δ = −(reversal − baseline). | Head mapping: NICs = ni_class_1_employee + ni_class_1_employer + ni_class_4; positive gain to the Exchequer = +Δtax. | Partial construction: Direct Class 4 rate reversal; PE calendar 2024 proxies FY 2024-25. Welfare inside cap is represented only by universal_credit, not the full OBR welfare-head scope, and the named non-microsimulation heads are omitted. Unmapped OBR heads: Corporation tax (onshore), PSCE in RDEL, Scottish BGA (current). | Comparison scope: benchmark_class=different_model; head_scope=single mapped source head (NICs); remaining_difference=unexplained."
spring_budget_2024__class_4_self_employed_nics_main_rate_cut_2pp,National Insurance contributions (NICs): 2 percentage point cut to the main rate of Class 4 self-employed NICs from 6 April 2024,Spring Budget 2024,2026,2026-27,Welfare inside cap,head,12431759.575112479,15403093.633636475,1.239011544630609,same_sign_ratio_0.8_to_1.25,constructed,different_model,Spending Measures (Policy measures database),exchequer_impact,hmt_scorecard_obr_database,forecast,unstated in harvest,reversal_on_certified_world,results/uk/obr_costings/spring_budget_2024__class_4_self_employed_nics_main_rate_cut_2pp_2026.json,"OBR source facts: source_model=hmt_scorecard_obr_database; basis=forecast; behavioural_adjustment=unstated in harvest. | PE: static microsimulation on the certified world; reversal re-oriented to the announced measure; PE calendar year 2026 proxies FY 2026-27. measure Δ = −(reversal − baseline). | Head mapping: Welfare inside cap = universal_credit; positive gain to the Exchequer = −Δspending. | Partial construction: Direct Class 4 rate reversal; PE calendar 2024 proxies FY 2024-25. Welfare inside cap is represented only by universal_credit, not the full OBR welfare-head scope, and the named non-microsimulation heads are omitted. Unmapped OBR heads: Corporation tax (onshore), PSCE in RDEL, Scottish BGA (current). | Comparison scope: benchmark_class=different_model; head_scope=single mapped source head (Welfare inside cap); remaining_difference=unexplained."
spring_budget_2024__class_4_self_employed_nics_main_rate_cut_2pp,National Insurance contributions (NICs): 2 percentage point cut to the main rate of Class 4 self-employed NICs from 6 April 2024,Spring Budget 2024,2026,2026-27,Mapped-head total,mapped_head_total,-496278754.0950356,-1152510659.9963074,2.3223050563546908,same_sign_ratio_at_least_2,constructed,different_model,Spending Measures (Policy measures database) + Tax Measures (Policy measures database),exchequer_impact + revenue_change,hmt_scorecard_obr_database,forecast,unstated in harvest,reversal_on_certified_world,results/uk/obr_costings/spring_budget_2024__class_4_self_employed_nics_main_rate_cut_2pp_2026.json,"Derived mapped-head total for this comparison only: sums Income tax, NICs, Welfare inside cap; it is not attached to an external TOTAL claim. | OBR source facts represented by the mapped heads: source_model=hmt_scorecard_obr_database; basis=forecast; behavioural_adjustment=unstated in harvest. | PE: static microsimulation on the certified world; reversal re-oriented to the announced measure; PE calendar year 2026 proxies FY 2026-27. measure Δ = −(reversal − baseline). | Comparison scope: benchmark_class=different_model; head_scope=mapped PMD heads only; remaining_difference=unexplained. | Registry construction: Direct Class 4 rate reversal; PE calendar 2024 proxies FY 2024-25. Welfare inside cap is represented only by universal_credit, not the full OBR welfare-head scope, and the named non-microsimulation heads are omitted. | Partial scope: this is not an all-head measure total. Unmapped OBR heads: Corporation tax (onshore), PSCE in RDEL, Scottish BGA (current)."
spring_budget_2024__class_4_self_employed_nics_main_rate_cut_2pp,National Insurance contributions (NICs): 2 percentage point cut to the main rate of Class 4 self-employed NICs from 6 April 2024,Spring Budget 2024,2027,2027-28,Income tax,head,280547244.177091,-0.0,-0.0,pe_zero,constructed,different_model,Tax Measures (Policy measures database),revenue_change,hmt_scorecard_obr_database,forecast,unstated in harvest,reversal_on_certified_world,results/uk/obr_costings/spring_budget_2024__class_4_self_employed_nics_main_rate_cut_2pp_2027.json,"OBR source facts: source_model=hmt_scorecard_obr_database; basis=forecast; behavioural_adjustment=unstated in harvest. | PE: static microsimulation on the certified world; reversal re-oriented to the announced measure; PE calendar year 2027 proxies FY 2027-28. measure Δ = −(reversal − baseline). | Head mapping: Income tax = income_tax; positive gain to the Exchequer = +Δtax. | Partial construction: Direct Class 4 rate reversal; PE calendar 2024 proxies FY 2024-25. Welfare inside cap is represented only by universal_credit, not the full OBR welfare-head scope, and the named non-microsimulation heads are omitted. Unmapped OBR heads: Corporation tax (onshore), PSCE in RDEL, Scottish BGA (current). | Comparison scope: benchmark_class=different_model; head_scope=single mapped source head (Income tax); remaining_difference=unexplained."
spring_budget_2024__class_4_self_employed_nics_main_rate_cut_2pp,National Insurance contributions (NICs): 2 percentage point cut to the main rate of Class 4 self-employed NICs from 6 April 2024,Spring Budget 2024,2027,2027-28,NICs,head,-724046189.4069313,-1215475927.791809,1.6787270557799767,same_sign_ratio_1.25_to_2,constructed,different_model,Tax Measures (Policy measures database),revenue_change,hmt_scorecard_obr_database,forecast,unstated in harvest,reversal_on_certified_world,results/uk/obr_costings/spring_budget_2024__class_4_self_employed_nics_main_rate_cut_2pp_2027.json,"OBR source facts: source_model=hmt_scorecard_obr_database; basis=forecast; behavioural_adjustment=unstated in harvest. | PE: static microsimulation on the certified world; reversal re-oriented to the announced measure; PE calendar year 2027 proxies FY 2027-28. measure Δ = −(reversal − baseline). | Head mapping: NICs = ni_class_1_employee + ni_class_1_employer + ni_class_4; positive gain to the Exchequer = +Δtax. | Partial construction: Direct Class 4 rate reversal; PE calendar 2024 proxies FY 2024-25. Welfare inside cap is represented only by universal_credit, not the full OBR welfare-head scope, and the named non-microsimulation heads are omitted. Unmapped OBR heads: Corporation tax (onshore), PSCE in RDEL, Scottish BGA (current). | Comparison scope: benchmark_class=different_model; head_scope=single mapped source head (NICs); remaining_difference=unexplained."
spring_budget_2024__class_4_self_employed_nics_main_rate_cut_2pp,National Insurance contributions (NICs): 2 percentage point cut to the main rate of Class 4 self-employed NICs from 6 April 2024,Spring Budget 2024,2027,2027-28,Welfare inside cap,head,12442805.897162085,16239100.814880371,1.305099585181517,same_sign_ratio_1.25_to_2,constructed,different_model,Spending Measures (Policy measures database),exchequer_impact,hmt_scorecard_obr_database,forecast,unstated in harvest,reversal_on_certified_world,results/uk/obr_costings/spring_budget_2024__class_4_self_employed_nics_main_rate_cut_2pp_2027.json,"OBR source facts: source_model=hmt_scorecard_obr_database; basis=forecast; behavioural_adjustment=unstated in harvest. | PE: static microsimulation on the certified world; reversal re-oriented to the announced measure; PE calendar year 2027 proxies FY 2027-28. measure Δ = −(reversal − baseline). | Head mapping: Welfare inside cap = universal_credit; positive gain to the Exchequer = −Δspending. | Partial construction: Direct Class 4 rate reversal; PE calendar 2024 proxies FY 2024-25. Welfare inside cap is represented only by universal_credit, not the full OBR welfare-head scope, and the named non-microsimulation heads are omitted. Unmapped OBR heads: Corporation tax (onshore), PSCE in RDEL, Scottish BGA (current). | Comparison scope: benchmark_class=different_model; head_scope=single mapped source head (Welfare inside cap); remaining_difference=unexplained."
spring_budget_2024__class_4_self_employed_nics_main_rate_cut_2pp,National Insurance contributions (NICs): 2 percentage point cut to the main rate of Class 4 self-employed NICs from 6 April 2024,Spring Budget 2024,2027,2027-28,Mapped-head total,mapped_head_total,-431056139.3326782,-1199236826.9769287,2.7820896573552525,same_sign_ratio_at_least_2,constructed,different_model,Spending Measures (Policy measures database) + Tax Measures (Policy measures database),exchequer_impact + revenue_change,hmt_scorecard_obr_database,forecast,unstated in harvest,reversal_on_certified_world,results/uk/obr_costings/spring_budget_2024__class_4_self_employed_nics_main_rate_cut_2pp_2027.json,"Derived mapped-head total for this comparison only: sums Income tax, NICs, Welfare inside cap; it is not attached to an external TOTAL claim. | OBR source facts represented by the mapped heads: source_model=hmt_scorecard_obr_database; basis=forecast; behavioural_adjustment=unstated in harvest. | PE: static microsimulation on the certified world; reversal re-oriented to the announced measure; PE calendar year 2027 proxies FY 2027-28. measure Δ = −(reversal − baseline). | Comparison scope: benchmark_class=different_model; head_scope=mapped PMD heads only; remaining_difference=unexplained. | Registry construction: Direct Class 4 rate reversal; PE calendar 2024 proxies FY 2024-25. Welfare inside cap is represented only by universal_credit, not the full OBR welfare-head scope, and the named non-microsimulation heads are omitted. | Partial scope: this is not an all-head measure total. Unmapped OBR heads: Corporation tax (onshore), PSCE in RDEL, Scottish BGA (current)."
spring_budget_2024__class_4_self_employed_nics_main_rate_cut_2pp,National Insurance contributions (NICs): 2 percentage point cut to the main rate of Class 4 self-employed NICs from 6 April 2024,Spring Budget 2024,2028,2028-29,Income tax,head,360149917.4721497,-0.0,-0.0,pe_zero,constructed,different_model,Tax Measures (Policy measures database),revenue_change,hmt_scorecard_obr_database,forecast,unstated in harvest,reversal_on_certified_world,results/uk/obr_costings/spring_budget_2024__class_4_self_employed_nics_main_rate_cut_2pp_2028.json,"OBR source facts: source_model=hmt_scorecard_obr_database; basis=forecast; behavioural_adjustment=unstated in harvest. | PE: static microsimulation on the certified world; reversal re-oriented to the announced measure; PE calendar year 2028 proxies FY 2028-29. measure Δ = −(reversal − baseline). | Head mapping: Income tax = income_tax; positive gain to the Exchequer = +Δtax. | Partial construction: Direct Class 4 rate reversal; PE calendar 2024 proxies FY 2024-25. Welfare inside cap is represented only by universal_credit, not the full OBR welfare-head scope, and the named non-microsimulation heads are omitted. Unmapped OBR heads: Corporation tax (onshore), PSCE in RDEL, Scottish BGA (current). | Comparison scope: benchmark_class=different_model; head_scope=single mapped source head (Income tax); remaining_difference=unexplained."
spring_budget_2024__class_4_self_employed_nics_main_rate_cut_2pp,National Insurance contributions (NICs): 2 percentage point cut to the main rate of Class 4 self-employed NICs from 6 April 2024,Spring Budget 2024,2028,2028-29,NICs,head,-764340090.0783666,-1263944357.8132381,1.6536413230446252,same_sign_ratio_1.25_to_2,constructed,different_model,Tax Measures (Policy measures database),revenue_change,hmt_scorecard_obr_database,forecast,unstated in harvest,reversal_on_certified_world,results/uk/obr_costings/spring_budget_2024__class_4_self_employed_nics_main_rate_cut_2pp_2028.json,"OBR source facts: source_model=hmt_scorecard_obr_database; basis=forecast; behavioural_adjustment=unstated in harvest. | PE: static microsimulation on the certified world; reversal re-oriented to the announced measure; PE calendar year 2028 proxies FY 2028-29. measure Δ = −(reversal − baseline). | Head mapping: NICs = ni_class_1_employee + ni_class_1_employer + ni_class_4; positive gain to the Exchequer = +Δtax. | Partial construction: Direct Class 4 rate reversal; PE calendar 2024 proxies FY 2024-25. Welfare inside cap is represented only by universal_credit, not the full OBR welfare-head scope, and the named non-microsimulation heads are omitted. Unmapped OBR heads: Corporation tax (onshore), PSCE in RDEL, Scottish BGA (current). | Comparison scope: benchmark_class=different_model; head_scope=single mapped source head (NICs); remaining_difference=unexplained."
spring_budget_2024__class_4_self_employed_nics_main_rate_cut_2pp,National Insurance contributions (NICs): 2 percentage point cut to the main rate of Class 4 self-employed NICs from 6 April 2024,Spring Budget 2024,2028,2028-29,Welfare inside cap,head,13483110.03993607,16707183.741485596,1.239119438467834,same_sign_ratio_0.8_to_1.25,constructed,different_model,Spending Measures (Policy measures database),exchequer_impact,hmt_scorecard_obr_database,forecast,unstated in harvest,reversal_on_certified_world,results/uk/obr_costings/spring_budget_2024__class_4_self_employed_nics_main_rate_cut_2pp_2028.json,"OBR source facts: source_model=hmt_scorecard_obr_database; basis=forecast; behavioural_adjustment=unstated in harvest. | PE: static microsimulation on the certified world; reversal re-oriented to the announced measure; PE calendar year 2028 proxies FY 2028-29. measure Δ = −(reversal − baseline). | Head mapping: Welfare inside cap = universal_credit; positive gain to the Exchequer = −Δspending. | Partial construction: Direct Class 4 rate reversal; PE calendar 2024 proxies FY 2024-25. Welfare inside cap is represented only by universal_credit, not the full OBR welfare-head scope, and the named non-microsimulation heads are omitted. Unmapped OBR heads: Corporation tax (onshore), PSCE in RDEL, Scottish BGA (current). | Comparison scope: benchmark_class=different_model; head_scope=single mapped source head (Welfare inside cap); remaining_difference=unexplained."
spring_budget_2024__class_4_self_employed_nics_main_rate_cut_2pp,National Insurance contributions (NICs): 2 percentage point cut to the main rate of Class 4 self-employed NICs from 6 April 2024,Spring Budget 2024,2028,2028-29,Mapped-head total,mapped_head_total,-390707062.56628084,-1247237174.0717525,3.1922565358289807,same_sign_ratio_at_least_2,constructed,different_model,Spending Measures (Policy measures database) + Tax Measures (Policy measures database),exchequer_impact + revenue_change,hmt_scorecard_obr_database,forecast,unstated in harvest,reversal_on_certified_world,results/uk/obr_costings/spring_budget_2024__class_4_self_employed_nics_main_rate_cut_2pp_2028.json,"Derived mapped-head total for this comparison only: sums Income tax, NICs, Welfare inside cap; it is not attached to an external TOTAL claim. | OBR source facts represented by the mapped heads: source_model=hmt_scorecard_obr_database; basis=forecast; behavioural_adjustment=unstated in harvest. | PE: static microsimulation on the certified world; reversal re-oriented to the announced measure; PE calendar year 2028 proxies FY 2028-29. measure Δ = −(reversal − baseline). | Comparison scope: benchmark_class=different_model; head_scope=mapped PMD heads only; remaining_difference=unexplained. | Registry construction: Direct Class 4 rate reversal; PE calendar 2024 proxies FY 2024-25. Welfare inside cap is represented only by universal_credit, not the full OBR welfare-head scope, and the named non-microsimulation heads are omitted. | Partial scope: this is not an all-head measure total. Unmapped OBR heads: Corporation tax (onshore), PSCE in RDEL, Scottish BGA (current)."
spring_budget_2024__hicbc_threshold_and_taper,"High Income Child Benefit Charge: increase income threshold to £60,000 and taper range to £60,000 to £80,000 from 6 April 2024",Spring Budget 2024,2026,2026-27,Income tax,head,-250000000.0,-1720629444.0709229,6.8825177762836915,same_sign_ratio_at_least_2,constructed,different_model,Tax Measures (Policy measures database),revenue_change,hmt_scorecard_obr_database,forecast,unstated in harvest,reversal_on_certified_world,results/uk/obr_costings/spring_budget_2024__hicbc_threshold_and_taper_2026.json,"OBR source facts: source_model=hmt_scorecard_obr_database; basis=forecast; behavioural_adjustment=unstated in harvest. | PE: static microsimulation on the certified world; reversal re-oriented to the announced measure; PE calendar year 2026 proxies FY 2026-27. measure Δ = −(reversal − baseline). | Head mapping: Income tax = income_tax; positive gain to the Exchequer = +Δtax. | Partial construction: The HICBC tax-charge formula and thresholds are direct. child_benefit is a PROVISIONAL PE head mapping for the OBR ""Welfare inside cap"" head. The matched harvest row identifies neither the programme nor a mechanism. PE's would_claim_child_benefit is fixed in this static run, so the PE child_benefit delta is zero. | Comparison scope: benchmark_class=different_model; head_scope=single mapped source head (Income tax); remaining_difference=unexplained."
spring_budget_2024__hicbc_threshold_and_taper,"High Income Child Benefit Charge: increase income threshold to £60,000 and taper range to £60,000 to £80,000 from 6 April 2024",Spring Budget 2024,2026,2026-27,Welfare inside cap,head,-391000000.0,0.0,-0.0,pe_zero,constructed,different_model,Spending Measures (Policy measures database),exchequer_impact,hmt_scorecard_obr_database,forecast,unstated in harvest,reversal_on_certified_world,results/uk/obr_costings/spring_budget_2024__hicbc_threshold_and_taper_2026.json,"OBR source facts: source_model=hmt_scorecard_obr_database; basis=forecast; behavioural_adjustment=unstated in harvest. | PE: static microsimulation on the certified world; reversal re-oriented to the announced measure; PE calendar year 2026 proxies FY 2026-27. measure Δ = −(reversal − baseline). | Head mapping: Welfare inside cap = child_benefit; positive gain to the Exchequer = −Δspending. | Partial construction: The HICBC tax-charge formula and thresholds are direct. child_benefit is a PROVISIONAL PE head mapping for the OBR ""Welfare inside cap"" head. The matched harvest row identifies neither the programme nor a mechanism. PE's would_claim_child_benefit is fixed in this static run, so the PE child_benefit delta is zero. | Comparison scope: benchmark_class=different_model; head_scope=single mapped source head (Welfare inside cap); remaining_difference=unexplained."
spring_budget_2024__hicbc_threshold_and_taper,"High Income Child Benefit Charge: increase income threshold to £60,000 and taper range to £60,000 to £80,000 from 6 April 2024",Spring Budget 2024,2026,2026-27,Mapped-head total,mapped_head_total,-641000000.0,-1720629444.0709229,2.6842893043228124,same_sign_ratio_at_least_2,constructed,different_model,Spending Measures (Policy measures database) + Tax Measures (Policy measures database),exchequer_impact + revenue_change,hmt_scorecard_obr_database,forecast,unstated in harvest,reversal_on_certified_world,results/uk/obr_costings/spring_budget_2024__hicbc_threshold_and_taper_2026.json,"Derived mapped-head total for this comparison only: sums Income tax, Welfare inside cap; it is not attached to an external TOTAL claim. | OBR source facts represented by the mapped heads: source_model=hmt_scorecard_obr_database; basis=forecast; behavioural_adjustment=unstated in harvest. | PE: static microsimulation on the certified world; reversal re-oriented to the announced measure; PE calendar year 2026 proxies FY 2026-27. measure Δ = −(reversal − baseline). | Comparison scope: benchmark_class=different_model; head_scope=mapped PMD heads only; remaining_difference=unexplained. | Registry construction: The HICBC tax-charge formula and thresholds are direct. child_benefit is a PROVISIONAL PE head mapping for the OBR ""Welfare inside cap"" head. The matched harvest row identifies neither the programme nor a mechanism. PE's would_claim_child_benefit is fixed in this static run, so the PE child_benefit delta is zero. | Partial scope: this is not an all-head measure total."
spring_budget_2024__hicbc_threshold_and_taper,"High Income Child Benefit Charge: increase income threshold to £60,000 and taper range to £60,000 to £80,000 from 6 April 2024",Spring Budget 2024,2027,2027-28,Income tax,head,-221000000.0,-1844209824.508789,8.3448408348814,same_sign_ratio_at_least_2,constructed,different_model,Tax Measures (Policy measures database),revenue_change,hmt_scorecard_obr_database,forecast,unstated in harvest,reversal_on_certified_world,results/uk/obr_costings/spring_budget_2024__hicbc_threshold_and_taper_2027.json,"OBR source facts: source_model=hmt_scorecard_obr_database; basis=forecast; behavioural_adjustment=unstated in harvest. | PE: static microsimulation on the certified world; reversal re-oriented to the announced measure; PE calendar year 2027 proxies FY 2027-28. measure Δ = −(reversal − baseline). | Head mapping: Income tax = income_tax; positive gain to the Exchequer = +Δtax. | Partial construction: The HICBC tax-charge formula and thresholds are direct. child_benefit is a PROVISIONAL PE head mapping for the OBR ""Welfare inside cap"" head. The matched harvest row identifies neither the programme nor a mechanism. PE's would_claim_child_benefit is fixed in this static run, so the PE child_benefit delta is zero. | Comparison scope: benchmark_class=different_model; head_scope=single mapped source head (Income tax); remaining_difference=unexplained."
spring_budget_2024__hicbc_threshold_and_taper,"High Income Child Benefit Charge: increase income threshold to £60,000 and taper range to £60,000 to £80,000 from 6 April 2024",Spring Budget 2024,2027,2027-28,Welfare inside cap,head,-426000000.0,0.0,-0.0,pe_zero,constructed,different_model,Spending Measures (Policy measures database),exchequer_impact,hmt_scorecard_obr_database,forecast,unstated in harvest,reversal_on_certified_world,results/uk/obr_costings/spring_budget_2024__hicbc_threshold_and_taper_2027.json,"OBR source facts: source_model=hmt_scorecard_obr_database; basis=forecast; behavioural_adjustment=unstated in harvest. | PE: static microsimulation on the certified world; reversal re-oriented to the announced measure; PE calendar year 2027 proxies FY 2027-28. measure Δ = −(reversal − baseline). | Head mapping: Welfare inside cap = child_benefit; positive gain to the Exchequer = −Δspending. | Partial construction: The HICBC tax-charge formula and thresholds are direct. child_benefit is a PROVISIONAL PE head mapping for the OBR ""Welfare inside cap"" head. The matched harvest row identifies neither the programme nor a mechanism. PE's would_claim_child_benefit is fixed in this static run, so the PE child_benefit delta is zero. | Comparison scope: benchmark_class=different_model; head_scope=single mapped source head (Welfare inside cap); remaining_difference=unexplained."
spring_budget_2024__hicbc_threshold_and_taper,"High Income Child Benefit Charge: increase income threshold to £60,000 and taper range to £60,000 to £80,000 from 6 April 2024",Spring Budget 2024,2027,2027-28,Mapped-head total,mapped_head_total,-647000000.0,-1844209824.508789,2.8504015834757173,same_sign_ratio_at_least_2,constructed,different_model,Spending Measures (Policy measures database) + Tax Measures (Policy measures database),exchequer_impact + revenue_change,hmt_scorecard_obr_database,forecast,unstated in harvest,reversal_on_certified_world,results/uk/obr_costings/spring_budget_2024__hicbc_threshold_and_taper_2027.json,"Derived mapped-head total for this comparison only: sums Income tax, Welfare inside cap; it is not attached to an external TOTAL claim. | OBR source facts represented by the mapped heads: source_model=hmt_scorecard_obr_database; basis=forecast; behavioural_adjustment=unstated in harvest. | PE: static microsimulation on the certified world; reversal re-oriented to the announced measure; PE calendar year 2027 proxies FY 2027-28. measure Δ = −(reversal − baseline). | Comparison scope: benchmark_class=different_model; head_scope=mapped PMD heads only; remaining_difference=unexplained. | Registry construction: The HICBC tax-charge formula and thresholds are direct. child_benefit is a PROVISIONAL PE head mapping for the OBR ""Welfare inside cap"" head. The matched harvest row identifies neither the programme nor a mechanism. PE's would_claim_child_benefit is fixed in this static run, so the PE child_benefit delta is zero. | Partial scope: this is not an all-head measure total."
spring_budget_2024__hicbc_threshold_and_taper,"High Income Child Benefit Charge: increase income threshold to £60,000 and taper range to £60,000 to £80,000 from 6 April 2024",Spring Budget 2024,2028,2028-29,Income tax,head,-193000000.0,-1972030891.008606,10.21777663735029,same_sign_ratio_at_least_2,constructed,different_model,Tax Measures (Policy measures database),revenue_change,hmt_scorecard_obr_database,forecast,unstated in harvest,reversal_on_certified_world,results/uk/obr_costings/spring_budget_2024__hicbc_threshold_and_taper_2028.json,"OBR source facts: source_model=hmt_scorecard_obr_database; basis=forecast; behavioural_adjustment=unstated in harvest. | PE: static microsimulation on the certified world; reversal re-oriented to the announced measure; PE calendar year 2028 proxies FY 2028-29. measure Δ = −(reversal − baseline). | Head mapping: Income tax = income_tax; positive gain to the Exchequer = +Δtax. | Partial construction: The HICBC tax-charge formula and thresholds are direct. child_benefit is a PROVISIONAL PE head mapping for the OBR ""Welfare inside cap"" head. The matched harvest row identifies neither the programme nor a mechanism. PE's would_claim_child_benefit is fixed in this static run, so the PE child_benefit delta is zero. | Comparison scope: benchmark_class=different_model; head_scope=single mapped source head (Income tax); remaining_difference=unexplained."
spring_budget_2024__hicbc_threshold_and_taper,"High Income Child Benefit Charge: increase income threshold to £60,000 and taper range to £60,000 to £80,000 from 6 April 2024",Spring Budget 2024,2028,2028-29,Welfare inside cap,head,-465000000.0,0.0,-0.0,pe_zero,constructed,different_model,Spending Measures (Policy measures database),exchequer_impact,hmt_scorecard_obr_database,forecast,unstated in harvest,reversal_on_certified_world,results/uk/obr_costings/spring_budget_2024__hicbc_threshold_and_taper_2028.json,"OBR source facts: source_model=hmt_scorecard_obr_database; basis=forecast; behavioural_adjustment=unstated in harvest. | PE: static microsimulation on the certified world; reversal re-oriented to the announced measure; PE calendar year 2028 proxies FY 2028-29. measure Δ = −(reversal − baseline). | Head mapping: Welfare inside cap = child_benefit; positive gain to the Exchequer = −Δspending. | Partial construction: The HICBC tax-charge formula and thresholds are direct. child_benefit is a PROVISIONAL PE head mapping for the OBR ""Welfare inside cap"" head. The matched harvest row identifies neither the programme nor a mechanism. PE's would_claim_child_benefit is fixed in this static run, so the PE child_benefit delta is zero. | Comparison scope: benchmark_class=different_model; head_scope=single mapped source head (Welfare inside cap); remaining_difference=unexplained."
spring_budget_2024__hicbc_threshold_and_taper,"High Income Child Benefit Charge: increase income threshold to £60,000 and taper range to £60,000 to £80,000 from 6 April 2024",Spring Budget 2024,2028,2028-29,Mapped-head total,mapped_head_total,-658000000.0,-1972030891.008606,2.997007433143778,same_sign_ratio_at_least_2,constructed,different_model,Spending Measures (Policy measures database) + Tax Measures (Policy measures database),exchequer_impact + revenue_change,hmt_scorecard_obr_database,forecast,unstated in harvest,reversal_on_certified_world,results/uk/obr_costings/spring_budget_2024__hicbc_threshold_and_taper_2028.json,"Derived mapped-head total for this comparison only: sums Income tax, Welfare inside cap; it is not attached to an external TOTAL claim. | OBR source facts represented by the mapped heads: source_model=hmt_scorecard_obr_database; basis=forecast; behavioural_adjustment=unstated in harvest. | PE: static microsimulation on the certified world; reversal re-oriented to the announced measure; PE calendar year 2028 proxies FY 2028-29. measure Δ = −(reversal − baseline). | Comparison scope: benchmark_class=different_model; head_scope=mapped PMD heads only; remaining_difference=unexplained. | Registry construction: The HICBC tax-charge formula and thresholds are direct. child_benefit is a PROVISIONAL PE head mapping for the OBR ""Welfare inside cap"" head. The matched harvest row identifies neither the programme nor a mechanism. PE's would_claim_child_benefit is fixed in this static run, so the PE child_benefit delta is zero. | Partial scope: this is not an all-head measure total."
