date,revision,mean_additional_exposed,mean_total_exposed,mean_additional_all_pairs,mean_total_all_pairs,n_products,n_countries,n_pairs,n_all_pairs,weighted_etr,weighted_etr_new,weighted_etr_additional,matched_imports_b,total_imports_b
2025-01-01,basic,0.009174840326602884,0.05886334797159959,0.009174840326584116,0.05886334797180264,20204,240,4848960,4848960,0.021979288732481905,0,0.010611988889913087,3223.143098815,3242.516148223
2025-01-02,basic,0.009174840326602884,0.05886334797159959,0.009174840326584116,0.05886334797180264,20204,240,4848960,4848960,0.021979288732481905,0,0.010611988889913087,3223.143098815,3242.516148223
2025-01-03,basic,0.009174840326602884,0.05886334797159959,0.009174840326584116,0.05886334797180264,20204,240,4848960,4848960,0.021979288732481905,0,0.010611988889913087,3223.143098815,3242.516148223
2025-01-04,basic,0.009174840326602884,0.05886334797159959,0.009174840326584116,0.05886334797180264,20204,240,4848960,4848960,0.021979288732481905,0,0.010611988889913087,3223.143098815,3242.516148223
2025-01-05,basic,0.009174840326602884,0.05886334797159959,0.009174840326584116,0.05886334797180264,20204,240,4848960,4848960,0.021979288732481905,0,0.010611988889913087,3223.143098815,3242.516148223
2025-01-06,basic,0.009174840326602884,0.05886334797159959,0.009174840326584116,0.05886334797180264,20204,240,4848960,4848960,0.021979288732481905,0,0.010611988889913087,3223.143098815,3242.516148223
2025-01-07,basic,0.009174840326602884,0.05886334797159959,0.009174840326584116,0.05886334797180264,20204,240,4848960,4848960,0.021979288732481905,0,0.010611988889913087,3223.143098815,3242.516148223
2025-01-08,basic,0.009174840326602884,0.05886334797159959,0.009174840326584116,0.05886334797180264,20204,240,4848960,4848960,0.021979288732481905,0,0.010611988889913087,3223.143098815,3242.516148223
2025-01-09,basic,0.009174840326602884,0.05886334797159959,0.009174840326584116,0.05886334797180264,20204,240,4848960,4848960,0.021979288732481905,0,0.010611988889913087,3223.143098815,3242.516148223
2025-01-10,basic,0.009174840326602884,0.05886334797159959,0.009174840326584116,0.05886334797180264,20204,240,4848960,4848960,0.021979288732481905,0,0.010611988889913087,3223.143098815,3242.516148223
2025-01-11,basic,0.009174840326602884,0.05886334797159959,0.009174840326584116,0.05886334797180264,20204,240,4848960,4848960,0.021979288732481905,0,0.010611988889913087,3223.143098815,3242.516148223
2025-01-12,basic,0.009174840326602884,0.05886334797159959,0.009174840326584116,0.05886334797180264,20204,240,4848960,4848960,0.021979288732481905,0,0.010611988889913087,3223.143098815,3242.516148223
2025-01-13,basic,0.009174840326602884,0.05886334797159959,0.009174840326584116,0.05886334797180264,20204,240,4848960,4848960,0.021979288732481905,0,0.010611988889913087,3223.143098815,3242.516148223
2025-01-14,basic,0.009174840326602884,0.05886334797159959,0.009174840326584116,0.05886334797180264,20204,240,4848960,4848960,0.021979288732481905,0,0.010611988889913087,3223.143098815,3242.516148223
2025-01-15,basic,0.009174840326602884,0.05886334797159959,0.009174840326584116,0.05886334797180264,20204,240,4848960,4848960,0.021979288732481905,0,0.010611988889913087,3223.143098815,3242.516148223
2025-01-16,basic,0.009174840326602884,0.05886334797159959,0.009174840326584116,0.05886334797180264,20204,240,4848960,4848960,0.021979288732481905,0,0.010611988889913087,3223.143098815,3242.516148223
2025-01-17,basic,0.009174840326602884,0.05886334797159959,0.009174840326584116,0.05886334797180264,20204,240,4848960,4848960,0.021979288732481905,0,0.010611988889913087,3223.143098815,3242.516148223
2025-01-18,basic,0.009174840326602884,0.05886334797159959,0.009174840326584116,0.05886334797180264,20204,240,4848960,4848960,0.021979288732481905,0,0.010611988889913087,3223.143098815,3242.516148223
2025-01-19,basic,0.009174840326602884,0.05886334797159959,0.009174840326584116,0.05886334797180264,20204,240,4848960,4848960,0.021979288732481905,0,0.010611988889913087,3223.143098815,3242.516148223
2025-01-20,basic,0.009174840326602884,0.05886334797159959,0.009174840326584116,0.05886334797180264,20204,240,4848960,4848960,0.021979288732481905,0,0.010611988889913087,3223.143098815,3242.516148223
2025-01-21,basic,0.009174840326602884,0.05886334797159959,0.009174840326584116,0.05886334797180264,20204,240,4848960,4848960,0.021979288732481905,0,0.010611988889913087,3223.143098815,3242.516148223
2025-01-22,basic,0.009174840326602884,0.05886334797159959,0.009174840326584116,0.05886334797180264,20204,240,4848960,4848960,0.021979288732481905,0,0.010611988889913087,3223.143098815,3242.516148223
2025-01-23,basic,0.009174840326602884,0.05886334797159959,0.009174840326584116,0.05886334797180264,20204,240,4848960,4848960,0.021979288732481905,0,0.010611988889913087,3223.143098815,3242.516148223
2025-01-24,basic,0.009174840326602884,0.05886334797159959,0.009174840326584116,0.05886334797180264,20204,240,4848960,4848960,0.021979288732481905,0,0.010611988889913087,3223.143098815,3242.516148223
2025-01-25,basic,0.009174840326602884,0.05886334797159959,0.009174840326584116,0.05886334797180264,20204,240,4848960,4848960,0.021979288732481905,0,0.010611988889913087,3223.143098815,3242.516148223
2025-01-26,basic,0.009174840326602884,0.05886334797159959,0.009174840326584116,0.05886334797180264,20204,240,4848960,4848960,0.021979288732481905,0,0.010611988889913087,3223.143098815,3242.516148223
2025-01-27,basic,0.009174840326602884,0.05886334797159959,0.009174840326584116,0.05886334797180264,20204,240,4848960,4848960,0.021979288732481905,0,0.010611988889913087,3223.143098815,3242.516148223
2025-01-28,basic,0.009174840326602884,0.05886334797159959,0.009174840326584116,0.05886334797180264,20204,240,4848960,4848960,0.021979288732481905,0,0.010611988889913087,3223.143098815,3242.516148223
2025-01-29,basic,0.009174840326602884,0.05886334797159959,0.009174840326584116,0.05886334797180264,20204,240,4848960,4848960,0.021979288732481905,0,0.010611988889913087,3223.143098815,3242.516148223
2025-01-30,basic,0.009174840326602884,0.05886334797159959,0.009174840326584116,0.05886334797180264,20204,240,4848960,4848960,0.021979288732481905,0,0.010611988889913087,3223.143098815,3242.516148223
2025-01-31,basic,0.009174840326602884,0.05886334797159959,0.009174840326584116,0.05886334797180264,20204,240,4848960,4848960,0.021979288732481905,0,0.010611988889913087,3223.143098815,3242.516148223
2025-02-01,basic,0.009174840326602884,0.05886334797159959,0.009174840326584116,0.05886334797180264,20204,240,4848960,4848960,0.021979288732481905,0,0.010611988889913087,3223.143098815,3242.516148223
2025-02-02,basic,0.009174840326602884,0.05886334797159959,0.009174840326584116,0.05886334797180264,20204,240,4848960,4848960,0.021979288732481905,0,0.010611988889913087,3223.143098815,3242.516148223
2025-02-03,basic,0.009174840326602884,0.05886334797159959,0.009174840326584116,0.05886334797180264,20204,240,4848960,4848960,0.021979288732481905,0,0.010611988889913087,3223.143098815,3242.516148223
2025-02-04,rev_1,0.009969869459093046,0.059654737234205,0.009969869459141235,0.05965473723424483,20206,240,4849440,4849440,0.030796187860163866,0.008816899127681962,0.01942723790984933,3223.372027438,3242.516148223
2025-02-05,rev_2,0.009969869459093046,0.059654737234205,0.009969869459141235,0.05965473723424483,20206,240,4849440,4849440,0.030796187860163866,0.008816899127681962,0.01942723790984933,3223.372027438,3242.516148223
2025-02-06,rev_2,0.009969869459093046,0.059654737234205,0.009969869459141235,0.05965473723424483,20206,240,4849440,4849440,0.030796187860163866,0.008816899127681962,0.01942723790984933,3223.372027438,3242.516148223
2025-02-07,rev_2,0.009969869459093046,0.059654737234205,0.009969869459141235,0.05965473723424483,20206,240,4849440,4849440,0.030796187860163866,0.008816899127681962,0.01942723790984933,3223.372027438,3242.516148223
2025-02-08,rev_2,0.009969869459093046,0.059654737234205,0.009969869459141235,0.05965473723424483,20206,240,4849440,4849440,0.030796187860163866,0.008816899127681962,0.01942723790984933,3223.372027438,3242.516148223
2025-02-09,rev_2,0.009969869459093046,0.059654737234205,0.009969869459141235,0.05965473723424483,20206,240,4849440,4849440,0.030796187860163866,0.008816899127681962,0.01942723790984933,3223.372027438,3242.516148223
2025-02-10,rev_2,0.009969869459093046,0.059654737234205,0.009969869459141235,0.05965473723424483,20206,240,4849440,4849440,0.030796187860163866,0.008816899127681962,0.01942723790984933,3223.372027438,3242.516148223
2025-02-11,rev_2,0.009969869459093046,0.059654737234205,0.009969869459141235,0.05965473723424483,20206,240,4849440,4849440,0.030796187860163866,0.008816899127681962,0.01942723790984933,3223.372027438,3242.516148223
2025-02-12,rev_2,0.009969869459093046,0.059654737234205,0.009969869459141235,0.05965473723424483,20206,240,4849440,4849440,0.030796187860163866,0.008816899127681962,0.01942723790984933,3223.372027438,3242.516148223
2025-02-13,rev_2,0.009969869459093046,0.059654737234205,0.009969869459141235,0.05965473723424483,20206,240,4849440,4849440,0.030796187860163866,0.008816899127681962,0.01942723790984933,3223.372027438,3242.516148223
2025-02-14,rev_2,0.009969869459093046,0.059654737234205,0.009969869459141235,0.05965473723424483,20206,240,4849440,4849440,0.030796187860163866,0.008816899127681962,0.01942723790984933,3223.372027438,3242.516148223
2025-02-15,rev_2,0.009969869459093046,0.059654737234205,0.009969869459141235,0.05965473723424483,20206,240,4849440,4849440,0.030796187860163866,0.008816899127681962,0.01942723790984933,3223.372027438,3242.516148223
2025-02-16,rev_2,0.009969869459093046,0.059654737234205,0.009969869459141235,0.05965473723424483,20206,240,4849440,4849440,0.030796187860163866,0.008816899127681962,0.01942723790984933,3223.372027438,3242.516148223
2025-02-17,rev_2,0.009969869459093046,0.059654737234205,0.009969869459141235,0.05965473723424483,20206,240,4849440,4849440,0.030796187860163866,0.008816899127681962,0.01942723790984933,3223.372027438,3242.516148223
2025-02-18,rev_2,0.009969869459093046,0.059654737234205,0.009969869459141235,0.05965473723424483,20206,240,4849440,4849440,0.030796187860163866,0.008816899127681962,0.01942723790984933,3223.372027438,3242.516148223
2025-02-19,rev_2,0.009969869459093046,0.059654737234205,0.009969869459141235,0.05965473723424483,20206,240,4849440,4849440,0.030796187860163866,0.008816899127681962,0.01942723790984933,3223.372027438,3242.516148223
2025-02-20,rev_2,0.009969869459093046,0.059654737234205,0.009969869459141235,0.05965473723424483,20206,240,4849440,4849440,0.030796187860163866,0.008816899127681962,0.01942723790984933,3223.372027438,3242.516148223
2025-02-21,rev_2,0.009969869459093046,0.059654737234205,0.009969869459141235,0.05965473723424483,20206,240,4849440,4849440,0.030796187860163866,0.008816899127681962,0.01942723790984933,3223.372027438,3242.516148223
2025-02-22,rev_2,0.009969869459093046,0.059654737234205,0.009969869459141235,0.05965473723424483,20206,240,4849440,4849440,0.030796187860163866,0.008816899127681962,0.01942723790984933,3223.372027438,3242.516148223
2025-02-23,rev_2,0.009969869459093046,0.059654737234205,0.009969869459141235,0.05965473723424483,20206,240,4849440,4849440,0.030796187860163866,0.008816899127681962,0.01942723790984933,3223.372027438,3242.516148223
2025-02-24,rev_2,0.009969869459093046,0.059654737234205,0.009969869459141235,0.05965473723424483,20206,240,4849440,4849440,0.030796187860163866,0.008816899127681962,0.01942723790984933,3223.372027438,3242.516148223
2025-02-25,rev_2,0.009969869459093046,0.059654737234205,0.009969869459141235,0.05965473723424483,20206,240,4849440,4849440,0.030796187860163866,0.008816899127681962,0.01942723790984933,3223.372027438,3242.516148223
2025-02-26,rev_2,0.009969869459093046,0.059654737234205,0.009969869459141235,0.05965473723424483,20206,240,4849440,4849440,0.030796187860163866,0.008816899127681962,0.01942723790984933,3223.372027438,3242.516148223
2025-02-27,rev_2,0.009969869459093046,0.059654737234205,0.009969869459141235,0.05965473723424483,20206,240,4849440,4849440,0.030796187860163866,0.008816899127681962,0.01942723790984933,3223.372027438,3242.516148223
2025-02-28,rev_2,0.009969869459093046,0.059654737234205,0.009969869459141235,0.05965473723424483,20206,240,4849440,4849440,0.030796187860163866,0.008816899127681962,0.01942723790984933,3223.372027438,3242.516148223
2025-03-01,rev_2,0.009969869459093046,0.059654737234205,0.009969869459141235,0.05965473723424483,20206,240,4849440,4849440,0.030796187860163866,0.008816899127681962,0.01942723790984933,3223.372027438,3242.516148223
2025-03-02,rev_2,0.009969869459093046,0.059654737234205,0.009969869459141235,0.05965473723424483,20206,240,4849440,4849440,0.030796187860163866,0.008816899127681962,0.01942723790984933,3223.372027438,3242.516148223
2025-03-03,rev_2,0.009969869459093046,0.059654737234205,0.009969869459141235,0.05965473723424483,20206,240,4849440,4849440,0.030796187860163866,0.008816899127681962,0.01942723790984933,3223.372027438,3242.516148223
2025-03-04,rev_3,0.011693522722019413,0.06137839049697238,0.011693522722051514,0.06137839049715515,20206,240,4849440,4849440,0.04556016009412442,0.023580871361642514,0.034191210143810775,3223.372027438,3242.516148223
2025-03-05,rev_3,0.011693522722019413,0.06137839049697238,0.011693522722051514,0.06137839049715515,20206,240,4849440,4849440,0.04556016009412442,0.023580871361642514,0.034191210143810775,3223.372027438,3242.516148223
2025-03-06,rev_3,0.011693522722019413,0.06137839049697238,0.011693522722051514,0.06137839049715515,20206,240,4849440,4849440,0.04556016009412442,0.023580871361642514,0.034191210143810775,3223.372027438,3242.516148223
2025-03-07,rev_4,0.012152654881089638,0.061811722554320964,0.012152654881038803,0.06181172255453412,20206,240,4849440,4849440,0.04573773419816446,0.023758445465682555,0.03444128477176282,3223.372027438,3242.516148223
2025-03-08,rev_4,0.012152654881089638,0.061811722554320964,0.012152654881038803,0.06181172255453412,20206,240,4849440,4849440,0.04573773419816446,0.023758445465682555,0.03444128477176282,3223.372027438,3242.516148223
2025-03-09,rev_4,0.012152654881089638,0.061811722554320964,0.012152654881038803,0.06181172255453412,20206,240,4849440,4849440,0.04573773419816446,0.023758445465682555,0.03444128477176282,3223.372027438,3242.516148223
2025-03-10,rev_4,0.012152654881089638,0.061811722554320964,0.012152654881038803,0.06181172255453412,20206,240,4849440,4849440,0.04573773419816446,0.023758445465682555,0.03444128477176282,3223.372027438,3242.516148223
2025-03-11,rev_4,0.012152654881089638,0.061811722554320964,0.012152654881038803,0.06181172255453412,20206,240,4849440,4849440,0.04573773419816446,0.023758445465682555,0.03444128477176282,3223.372027438,3242.516148223
2025-03-12,bnd_2025-03-12,0.017710079823350832,0.06736914749672943,0.017710079823342675,0.06736914749682174,20206,240,4849440,4849440,0.051182987177712,0.029203698445230093,0.039886537751309833,3223.372027438,3242.516148223
2025-03-13,bnd_2025-03-12,0.017710079823350832,0.06736914749672943,0.017710079823342675,0.06736914749682174,20206,240,4849440,4849440,0.051182987177712,0.029203698445230093,0.039886537751309833,3223.372027438,3242.516148223
2025-03-14,rev_5,0.017710079823350832,0.06739494759826413,0.017710079823342675,0.06739494759843458,20206,240,4849440,4849440,0.05125548770162413,0.029276198969142225,0.039886537751309833,3223.372027438,3242.516148223
2025-03-15,rev_5,0.017710079823350832,0.06739494759826413,0.017710079823342675,0.06739494759843458,20206,240,4849440,4849440,0.05125548770162413,0.029276198969142225,0.039886537751309833,3223.372027438,3242.516148223
2025-03-16,rev_5,0.017710079823350832,0.06739494759826413,0.017710079823342675,0.06739494759843458,20206,240,4849440,4849440,0.05125548770162413,0.029276198969142225,0.039886537751309833,3223.372027438,3242.516148223
2025-03-17,rev_5,0.017710079823350832,0.06739494759826413,0.017710079823342675,0.06739494759843458,20206,240,4849440,4849440,0.05125548770162413,0.029276198969142225,0.039886537751309833,3223.372027438,3242.516148223
2025-03-18,rev_5,0.017710079823350832,0.06739494759826413,0.017710079823342675,0.06739494759843458,20206,240,4849440,4849440,0.05125548770162413,0.029276198969142225,0.039886537751309833,3223.372027438,3242.516148223
2025-03-19,rev_5,0.017710079823350832,0.06739494759826413,0.017710079823342675,0.06739494759843458,20206,240,4849440,4849440,0.05125548770162413,0.029276198969142225,0.039886537751309833,3223.372027438,3242.516148223
2025-03-20,rev_5,0.017710079823350832,0.06739494759826413,0.017710079823342675,0.06739494759843458,20206,240,4849440,4849440,0.05125548770162413,0.029276198969142225,0.039886537751309833,3223.372027438,3242.516148223
2025-03-21,rev_5,0.017710079823350832,0.06739494759826413,0.017710079823342675,0.06739494759843458,20206,240,4849440,4849440,0.05125548770162413,0.029276198969142225,0.039886537751309833,3223.372027438,3242.516148223
2025-03-22,rev_5,0.017710079823350832,0.06739494759826413,0.017710079823342675,0.06739494759843458,20206,240,4849440,4849440,0.05125548770162413,0.029276198969142225,0.039886537751309833,3223.372027438,3242.516148223
2025-03-23,rev_5,0.017710079823350832,0.06739494759826413,0.017710079823342675,0.06739494759843458,20206,240,4849440,4849440,0.05125548770162413,0.029276198969142225,0.039886537751309833,3223.372027438,3242.516148223
2025-03-24,rev_5,0.017710079823350832,0.06739494759826413,0.017710079823342675,0.06739494759843458,20206,240,4849440,4849440,0.05125548770162413,0.029276198969142225,0.039886537751309833,3223.372027438,3242.516148223
2025-03-25,rev_5,0.017710079823350832,0.06739494759826413,0.017710079823342675,0.06739494759843458,20206,240,4849440,4849440,0.05125548770162413,0.029276198969142225,0.039886537751309833,3223.372027438,3242.516148223
2025-03-26,rev_5,0.017710079823350832,0.06739494759826413,0.017710079823342675,0.06739494759843458,20206,240,4849440,4849440,0.05125548770162413,0.029276198969142225,0.039886537751309833,3223.372027438,3242.516148223
2025-03-27,rev_5,0.017710079823350832,0.06739494759826413,0.017710079823342675,0.06739494759843458,20206,240,4849440,4849440,0.05125548770162413,0.029276198969142225,0.039886537751309833,3223.372027438,3242.516148223
2025-03-28,rev_5,0.017710079823350832,0.06739494759826413,0.017710079823342675,0.06739494759843458,20206,240,4849440,4849440,0.05125548770162413,0.029276198969142225,0.039886537751309833,3223.372027438,3242.516148223
2025-03-29,rev_5,0.017710079823350832,0.06739494759826413,0.017710079823342675,0.06739494759843458,20206,240,4849440,4849440,0.05125548770162413,0.029276198969142225,0.039886537751309833,3223.372027438,3242.516148223
2025-03-30,rev_5,0.017710079823350832,0.06739494759826413,0.017710079823342675,0.06739494759843458,20206,240,4849440,4849440,0.05125548770162413,0.029276198969142225,0.039886537751309833,3223.372027438,3242.516148223
2025-03-31,rev_5,0.017710079823350832,0.06739494759826413,0.017710079823342675,0.06739494759843458,20206,240,4849440,4849440,0.05125548770162413,0.029276198969142225,0.039886537751309833,3223.372027438,3242.516148223
2025-04-01,rev_5,0.017710079823350832,0.06739494759826413,0.017710079823342675,0.06739494759843458,20206,240,4849440,4849440,0.05125548770162413,0.029276198969142225,0.039886537751309833,3223.372027438,3242.516148223
2025-04-02,rev_5,0.017710079823350832,0.06739494759826413,0.017710079823342675,0.06739494759843458,20206,240,4849440,4849440,0.05125548770162413,0.029276198969142225,0.039886537751309833,3223.372027438,3242.516148223
2025-04-03,rev_6,0.01859851227639182,0.06825757994959547,0.018598512276293003,0.06825757994975208,20206,240,4849440,4849440,0.06356407391062806,0.04158478517814615,0.05226762448422584,3223.372027438,3242.516148223
2025-04-04,rev_6,0.01859851227639182,0.06825757994959547,0.018598512276293003,0.06825757994975208,20206,240,4849440,4849440,0.06356407391062806,0.04158478517814615,0.05226762448422584,3223.372027438,3242.516148223
2025-04-05,rev_7,0.10390627963617667,0.1535911474110087,0.10390627962983219,0.1535911474066484,20206,240,4849440,4849440,0.1174739723704126,0.09549468363793069,0.10610502242009578,3223.372027438,3242.516148223
2025-04-06,rev_7,0.10390627963617667,0.1535911474110087,0.10390627962983219,0.1535911474066484,20206,240,4849440,4849440,0.1174739723704126,0.09549468363793069,0.10610502242009578,3223.372027438,3242.516148223
2025-04-07,rev_7,0.10390627963617667,0.1535911474110087,0.10390627962983219,0.1535911474066484,20206,240,4849440,4849440,0.1174739723704126,0.09549468363793069,0.10610502242009578,3223.372027438,3242.516148223
2025-04-08,rev_7,0.10390627963617667,0.1535911474110087,0.10390627962983219,0.1535911474066484,20206,240,4849440,4849440,0.1174739723704126,0.09549468363793069,0.10610502242009578,3223.372027438,3242.516148223
2025-04-09,rev_8,0.10902915826661666,0.15871402604146023,0.10902915826019013,0.15871402603702034,20206,240,4849440,4849440,0.14972475249017084,0.12774546375768894,0.1383558025398542,3223.372027438,3242.516148223
2025-04-10,rev_9,0.11166607170207522,0.161350939476844,0.11166607169576344,0.16135093947258347,20206,240,4849440,4849440,0.17615007011656536,0.15417078138408347,0.16478112016624957,3223.372027438,3242.516148223
2025-04-11,rev_9,0.11166607170207522,0.161350939476844,0.11166607169576344,0.16135093947258347,20206,240,4849440,4849440,0.17615007011656536,0.15417078138408347,0.16478112016624957,3223.372027438,3242.516148223
2025-04-12,rev_9,0.11166607170207522,0.161350939476844,0.11166607169576344,0.16135093947258347,20206,240,4849440,4849440,0.17615007011656536,0.15417078138408347,0.16478112016624957,3223.372027438,3242.516148223
2025-04-13,rev_9,0.11166607170207522,0.161350939476844,0.11166607169576344,0.16135093947258347,20206,240,4849440,4849440,0.17615007011656536,0.15417078138408347,0.16478112016624957,3223.372027438,3242.516148223
2025-04-14,rev_9,0.11166607170207522,0.161350939476844,0.11166607169576344,0.16135093947258347,20206,240,4849440,4849440,0.17615007011656536,0.15417078138408347,0.16478112016624957,3223.372027438,3242.516148223
2025-04-15,rev_10,0.11166607170207522,0.16132513937533047,0.11166607169576344,0.1613251393709607,20206,240,4849440,4849440,0.17607756959265297,0.15409828086017108,0.16478112016624957,3223.372027438,3242.516148223
2025-04-16,rev_10,0.11166607170207522,0.16132513937533047,0.11166607169576344,0.1613251393709607,20206,240,4849440,4849440,0.17607756959265297,0.15409828086017108,0.16478112016624957,3223.372027438,3242.516148223
2025-04-17,rev_10,0.11166607170207522,0.16132513937533047,0.11166607169576344,0.1613251393709607,20206,240,4849440,4849440,0.17607756959265297,0.15409828086017108,0.16478112016624957,3223.372027438,3242.516148223
2025-04-18,rev_10,0.11166607170207522,0.16132513937533047,0.11166607169576344,0.1613251393709607,20206,240,4849440,4849440,0.17607756959265297,0.15409828086017108,0.16478112016624957,3223.372027438,3242.516148223
2025-04-19,rev_10,0.11166607170207522,0.16132513937533047,0.11166607169576344,0.1613251393709607,20206,240,4849440,4849440,0.17607756959265297,0.15409828086017108,0.16478112016624957,3223.372027438,3242.516148223
2025-04-20,rev_10,0.11166607170207522,0.16132513937533047,0.11166607169576344,0.1613251393709607,20206,240,4849440,4849440,0.17607756959265297,0.15409828086017108,0.16478112016624957,3223.372027438,3242.516148223
2025-04-21,rev_10,0.11166607170207522,0.16132513937533047,0.11166607169576344,0.1613251393709607,20206,240,4849440,4849440,0.17607756959265297,0.15409828086017108,0.16478112016624957,3223.372027438,3242.516148223
2025-04-22,rev_10,0.11166607170207522,0.16132513937533047,0.11166607169576344,0.1613251393709607,20206,240,4849440,4849440,0.17607756959265297,0.15409828086017108,0.16478112016624957,3223.372027438,3242.516148223
2025-04-23,rev_10,0.11166607170207522,0.16132513937533047,0.11166607169576344,0.1613251393709607,20206,240,4849440,4849440,0.17607756959265297,0.15409828086017108,0.16478112016624957,3223.372027438,3242.516148223
2025-04-24,rev_10,0.11166607170207522,0.16132513937533047,0.11166607169576344,0.1613251393709607,20206,240,4849440,4849440,0.17607756959265297,0.15409828086017108,0.16478112016624957,3223.372027438,3242.516148223
2025-04-25,rev_10,0.11166607170207522,0.16132513937533047,0.11166607169576344,0.1613251393709607,20206,240,4849440,4849440,0.17607756959265297,0.15409828086017108,0.16478112016624957,3223.372027438,3242.516148223
2025-04-26,rev_10,0.11166607170207522,0.16132513937533047,0.11166607169576344,0.1613251393709607,20206,240,4849440,4849440,0.17607756959265297,0.15409828086017108,0.16478112016624957,3223.372027438,3242.516148223
2025-04-27,rev_10,0.11166607170207522,0.16132513937533047,0.11166607169576344,0.1613251393709607,20206,240,4849440,4849440,0.17607756959265297,0.15409828086017108,0.16478112016624957,3223.372027438,3242.516148223
2025-04-28,rev_10,0.11166607170207522,0.16132513937533047,0.11166607169576344,0.1613251393709607,20206,240,4849440,4849440,0.17607756959265297,0.15409828086017108,0.16478112016624957,3223.372027438,3242.516148223
2025-04-29,rev_10,0.11166607170207522,0.16132513937533047,0.11166607169576344,0.1613251393709607,20206,240,4849440,4849440,0.17607756959265297,0.15409828086017108,0.16478112016624957,3223.372027438,3242.516148223
2025-04-30,rev_10,0.11166607170207522,0.16132513937533047,0.11166607169576344,0.1613251393709607,20206,240,4849440,4849440,0.17607756959265297,0.15409828086017108,0.16478112016624957,3223.372027438,3242.516148223
2025-05-01,rev_10,0.11166607170207522,0.16132513937533047,0.11166607169576344,0.1613251393709607,20206,240,4849440,4849440,0.17607756959265297,0.15409828086017108,0.16478112016624957,3223.372027438,3242.516148223
2025-05-02,rev_10,0.11166607170207522,0.16132513937533047,0.11166607169576344,0.1613251393709607,20206,240,4849440,4849440,0.17607756959265297,0.15409828086017108,0.16478112016624957,3223.372027438,3242.516148223
2025-05-03,rev_11,0.11345861081169666,0.16314347858679626,0.11345861080557505,0.1631434785823762,20206,240,4849440,4849440,0.17224606191679348,0.15026677318431159,0.1608771119664771,3223.372027438,3242.516148223
2025-05-04,rev_11,0.11345861081169666,0.16314347858679626,0.11345861080557505,0.1631434785823762,20206,240,4849440,4849440,0.17224606191679348,0.15026677318431159,0.1608771119664771,3223.372027438,3242.516148223
2025-05-05,rev_11,0.11345861081169666,0.16314347858679626,0.11345861080557505,0.1631434785823762,20206,240,4849440,4849440,0.17224606191679348,0.15026677318431159,0.1608771119664771,3223.372027438,3242.516148223
2025-05-06,rev_11,0.11345861081169666,0.16314347858679626,0.11345861080557505,0.1631434785823762,20206,240,4849440,4849440,0.17224606191679348,0.15026677318431159,0.1608771119664771,3223.372027438,3242.516148223
2025-05-07,rev_11,0.11345861081169666,0.16314347858679626,0.11345861080557505,0.1631434785823762,20206,240,4849440,4849440,0.17224606191679348,0.15026677318431159,0.1608771119664771,3223.372027438,3242.516148223
2025-05-08,rev_11,0.11345861081169666,0.16314347858679626,0.11345861080557505,0.1631434785823762,20206,240,4849440,4849440,0.17224606191679348,0.15026677318431159,0.1608771119664771,3223.372027438,3242.516148223
2025-05-09,rev_11,0.11345861081169666,0.16314347858679626,0.11345861080557505,0.1631434785823762,20206,240,4849440,4849440,0.17224606191679348,0.15026677318431159,0.1608771119664771,3223.372027438,3242.516148223
2025-05-10,rev_11,0.11345861081169666,0.16314347858679626,0.11345861080557505,0.1631434785823762,20206,240,4849440,4849440,0.17224606191679348,0.15026677318431159,0.1608771119664771,3223.372027438,3242.516148223
2025-05-11,rev_11,0.11345861081169666,0.16314347858679626,0.11345861080557505,0.1631434785823762,20206,240,4849440,4849440,0.17224606191679348,0.15026677318431159,0.1608771119664771,3223.372027438,3242.516148223
2025-05-12,rev_11,0.11345861081169666,0.16314347858679626,0.11345861080557505,0.1631434785823762,20206,240,4849440,4849440,0.17224606191679348,0.15026677318431159,0.1608771119664771,3223.372027438,3242.516148223
2025-05-13,rev_11,0.11345861081169666,0.16314347858679626,0.11345861080557505,0.1631434785823762,20206,240,4849440,4849440,0.17224606191679348,0.15026677318431159,0.1608771119664771,3223.372027438,3242.516148223
2025-05-14,rev_12,0.10188750156593714,0.15157236934087742,0.10188750155941108,0.151572369336292,20206,240,4849440,4849440,0.10637976222975186,0.08440047349726995,0.09501081227943446,3223.372027438,3242.516148223
2025-05-15,rev_12,0.10188750156593714,0.15157236934087742,0.10188750155941108,0.151572369336292,20206,240,4849440,4849440,0.10637976222975186,0.08440047349726995,0.09501081227943446,3223.372027438,3242.516148223
2025-05-16,rev_13,0.10188750156593714,0.15157236934087742,0.10188750155941108,0.151572369336292,20206,240,4849440,4849440,0.10637976222975186,0.08440047349726995,0.09501081227943446,3223.372027438,3242.516148223
2025-05-17,rev_13,0.10188750156593714,0.15157236934087742,0.10188750155941108,0.151572369336292,20206,240,4849440,4849440,0.10637976222975186,0.08440047349726995,0.09501081227943446,3223.372027438,3242.516148223
2025-05-18,rev_13,0.10188750156593714,0.15157236934087742,0.10188750155941108,0.151572369336292,20206,240,4849440,4849440,0.10637976222975186,0.08440047349726995,0.09501081227943446,3223.372027438,3242.516148223
2025-05-19,rev_13,0.10188750156593714,0.15157236934087742,0.10188750155941108,0.151572369336292,20206,240,4849440,4849440,0.10637976222975186,0.08440047349726995,0.09501081227943446,3223.372027438,3242.516148223
2025-05-20,rev_13,0.10188750156593714,0.15157236934087742,0.10188750155941108,0.151572369336292,20206,240,4849440,4849440,0.10637976222975186,0.08440047349726995,0.09501081227943446,3223.372027438,3242.516148223
2025-05-21,rev_13,0.10188750156593714,0.15157236934087742,0.10188750155941108,0.151572369336292,20206,240,4849440,4849440,0.10637976222975186,0.08440047349726995,0.09501081227943446,3223.372027438,3242.516148223
2025-05-22,rev_13,0.10188750156593714,0.15157236934087742,0.10188750155941108,0.151572369336292,20206,240,4849440,4849440,0.10637976222975186,0.08440047349726995,0.09501081227943446,3223.372027438,3242.516148223
2025-05-23,rev_13,0.10188750156593714,0.15157236934087742,0.10188750155941108,0.151572369336292,20206,240,4849440,4849440,0.10637976222975186,0.08440047349726995,0.09501081227943446,3223.372027438,3242.516148223
2025-05-24,rev_13,0.10188750156593714,0.15157236934087742,0.10188750155941108,0.151572369336292,20206,240,4849440,4849440,0.10637976222975186,0.08440047349726995,0.09501081227943446,3223.372027438,3242.516148223
2025-05-25,rev_13,0.10188750156593714,0.15157236934087742,0.10188750155941108,0.151572369336292,20206,240,4849440,4849440,0.10637976222975186,0.08440047349726995,0.09501081227943446,3223.372027438,3242.516148223
2025-05-26,rev_13,0.10188750156593714,0.15157236934087742,0.10188750155941108,0.151572369336292,20206,240,4849440,4849440,0.10637976222975186,0.08440047349726995,0.09501081227943446,3223.372027438,3242.516148223
2025-05-27,rev_13,0.10188750156593714,0.15157236934087742,0.10188750155941108,0.151572369336292,20206,240,4849440,4849440,0.10637976222975186,0.08440047349726995,0.09501081227943446,3223.372027438,3242.516148223
2025-05-28,rev_13,0.10188750156593714,0.15157236934087742,0.10188750155941108,0.151572369336292,20206,240,4849440,4849440,0.10637976222975186,0.08440047349726995,0.09501081227943446,3223.372027438,3242.516148223
2025-05-29,rev_13,0.10188750156593714,0.15157236934087742,0.10188750155941108,0.151572369336292,20206,240,4849440,4849440,0.10637976222975186,0.08440047349726995,0.09501081227943446,3223.372027438,3242.516148223
2025-05-30,rev_13,0.10188750156593714,0.15157236934087742,0.10188750155941108,0.151572369336292,20206,240,4849440,4849440,0.10637976222975186,0.08440047349726995,0.09501081227943446,3223.372027438,3242.516148223
2025-05-31,rev_13,0.10188750156593714,0.15157236934087742,0.10188750155941108,0.151572369336292,20206,240,4849440,4849440,0.10637976222975186,0.08440047349726995,0.09501081227943446,3223.372027438,3242.516148223
2025-06-01,bnd_2025-06-01,0.10188976084739533,0.15157462862240215,0.10188976084089446,0.15157462861777557,20206,240,4849440,4849440,0.10691991342596979,0.08494062469348788,0.09555096347565233,3223.372027438,3242.516148223
2025-06-02,bnd_2025-06-01,0.10188976084739533,0.15157462862240215,0.10188976084089446,0.15157462861777557,20206,240,4849440,4849440,0.10691991342596979,0.08494062469348788,0.09555096347565233,3223.372027438,3242.516148223
2025-06-03,bnd_2025-06-01,0.10188976084739533,0.15157462862240215,0.10188976084089446,0.15157462861777557,20206,240,4849440,4849440,0.10691991342596979,0.08494062469348788,0.09555096347565233,3223.372027438,3242.516148223
2025-06-04,rev_14,0.1163132918929798,0.16597235956623022,0.11631329188488976,0.16597235956140824,20206,240,4849440,4849440,0.11371010361681519,0.09173081488433328,0.10241365419040874,3223.372027438,3242.516148223
2025-06-05,rev_14,0.1163132918929798,0.16597235956623022,0.11631329188488976,0.16597235956140824,20206,240,4849440,4849440,0.11371010361681519,0.09173081488433328,0.10241365419040874,3223.372027438,3242.516148223
2025-06-06,rev_14,0.1163132918929798,0.16597235956623022,0.11631329188488976,0.16597235956140824,20206,240,4849440,4849440,0.11371010361681519,0.09173081488433328,0.10241365419040874,3223.372027438,3242.516148223
2025-06-07,rev_14,0.1163132918929798,0.16597235956623022,0.11631329188488976,0.16597235956140824,20206,240,4849440,4849440,0.11371010361681519,0.09173081488433328,0.10241365419040874,3223.372027438,3242.516148223
2025-06-08,rev_14,0.1163132918929798,0.16597235956623022,0.11631329188488976,0.16597235956140824,20206,240,4849440,4849440,0.11371010361681519,0.09173081488433328,0.10241365419040874,3223.372027438,3242.516148223
2025-06-09,rev_14,0.1163132918929798,0.16597235956623022,0.11631329188488976,0.16597235956140824,20206,240,4849440,4849440,0.11371010361681519,0.09173081488433328,0.10241365419040874,3223.372027438,3242.516148223
2025-06-10,rev_14,0.1163132918929798,0.16597235956623022,0.11631329188488976,0.16597235956140824,20206,240,4849440,4849440,0.11371010361681519,0.09173081488433328,0.10241365419040874,3223.372027438,3242.516148223
2025-06-11,rev_14,0.1163132918929798,0.16597235956623022,0.11631329188488976,0.16597235956140824,20206,240,4849440,4849440,0.11371010361681519,0.09173081488433328,0.10241365419040874,3223.372027438,3242.516148223
2025-06-12,rev_14,0.1163132918929798,0.16597235956623022,0.11631329188488976,0.16597235956140824,20206,240,4849440,4849440,0.11371010361681519,0.09173081488433328,0.10241365419040874,3223.372027438,3242.516148223
2025-06-13,rev_14,0.1163132918929798,0.16597235956623022,0.11631329188488976,0.16597235956140824,20206,240,4849440,4849440,0.11371010361681519,0.09173081488433328,0.10241365419040874,3223.372027438,3242.516148223
2025-06-14,rev_14,0.1163132918929798,0.16597235956623022,0.11631329188488976,0.16597235956140824,20206,240,4849440,4849440,0.11371010361681519,0.09173081488433328,0.10241365419040874,3223.372027438,3242.516148223
2025-06-15,rev_14,0.1163132918929798,0.16597235956623022,0.11631329188488976,0.16597235956140824,20206,240,4849440,4849440,0.11371010361681519,0.09173081488433328,0.10241365419040874,3223.372027438,3242.516148223
2025-06-16,rev_14,0.1163132918929798,0.16597235956623022,0.11631329188488976,0.16597235956140824,20206,240,4849440,4849440,0.11371010361681519,0.09173081488433328,0.10241365419040874,3223.372027438,3242.516148223
2025-06-17,rev_14,0.1163132918929798,0.16597235956623022,0.11631329188488976,0.16597235956140824,20206,240,4849440,4849440,0.11371010361681519,0.09173081488433328,0.10241365419040874,3223.372027438,3242.516148223
2025-06-18,rev_14,0.1163132918929798,0.16597235956623022,0.11631329188488976,0.16597235956140824,20206,240,4849440,4849440,0.11371010361681519,0.09173081488433328,0.10241365419040874,3223.372027438,3242.516148223
2025-06-19,rev_14,0.1163132918929798,0.16597235956623022,0.11631329188488976,0.16597235956140824,20206,240,4849440,4849440,0.11371010361681519,0.09173081488433328,0.10241365419040874,3223.372027438,3242.516148223
2025-06-20,rev_14,0.1163132918929798,0.16597235956623022,0.11631329188488976,0.16597235956140824,20206,240,4849440,4849440,0.11371010361681519,0.09173081488433328,0.10241365419040874,3223.372027438,3242.516148223
2025-06-21,rev_14,0.1163132918929798,0.16597235956623022,0.11631329188488976,0.16597235956140824,20206,240,4849440,4849440,0.11371010361681519,0.09173081488433328,0.10241365419040874,3223.372027438,3242.516148223
2025-06-22,rev_14,0.1163132918929798,0.16597235956623022,0.11631329188488976,0.16597235956140824,20206,240,4849440,4849440,0.11371010361681519,0.09173081488433328,0.10241365419040874,3223.372027438,3242.516148223
2025-06-23,rev_15,0.1163132918929798,0.16599815966793283,0.11631329188488976,0.16599815966302411,20206,240,4849440,4849440,0.11378260414072745,0.09180331540824554,0.10241365419040874,3223.372027438,3242.516148223
2025-06-24,rev_15,0.1163132918929798,0.16599815966793283,0.11631329188488976,0.16599815966302411,20206,240,4849440,4849440,0.11378260414072745,0.09180331540824554,0.10241365419040874,3223.372027438,3242.516148223
2025-06-25,rev_15,0.1163132918929798,0.16599815966793283,0.11631329188488976,0.16599815966302411,20206,240,4849440,4849440,0.11378260414072745,0.09180331540824554,0.10241365419040874,3223.372027438,3242.516148223
2025-06-26,rev_15,0.1163132918929798,0.16599815966793283,0.11631329188488976,0.16599815966302411,20206,240,4849440,4849440,0.11378260414072745,0.09180331540824554,0.10241365419040874,3223.372027438,3242.516148223
2025-06-27,rev_15,0.1163132918929798,0.16599815966793283,0.11631329188488976,0.16599815966302411,20206,240,4849440,4849440,0.11378260414072745,0.09180331540824554,0.10241365419040874,3223.372027438,3242.516148223
2025-06-28,rev_15,0.1163132918929798,0.16599815966793283,0.11631329188488976,0.16599815966302411,20206,240,4849440,4849440,0.11378260414072745,0.09180331540824554,0.10241365419040874,3223.372027438,3242.516148223
2025-06-29,rev_15,0.1163132918929798,0.16599815966793283,0.11631329188488976,0.16599815966302411,20206,240,4849440,4849440,0.11378260414072745,0.09180331540824554,0.10241365419040874,3223.372027438,3242.516148223
2025-06-30,rev_15,0.1163132918929798,0.16599815966793283,0.11631329188488976,0.16599815966302411,20206,240,4849440,4849440,0.11378260414072745,0.09180331540824554,0.10241365419040874,3223.372027438,3242.516148223
2025-07-01,rev_16,0.11634974604289995,0.16594020284283445,0.1163497460348701,0.16594020283793232,20242,240,4858080,4858080,0.11320213125122443,0.09122284251874252,0.10184249115473805,3221.696951079,3242.516148223
2025-07-02,rev_16,0.11634974604289995,0.16594020284283445,0.1163497460348701,0.16594020283793232,20242,240,4858080,4858080,0.11320213125122443,0.09122284251874252,0.10184249115473805,3221.696951079,3242.516148223
2025-07-03,rev_16,0.11634974604289995,0.16594020284283445,0.1163497460348701,0.16594020283793232,20242,240,4858080,4858080,0.11320213125122443,0.09122284251874252,0.10184249115473805,3221.696951079,3242.516148223
2025-07-04,rev_16,0.11634974604289995,0.16594020284283445,0.1163497460348701,0.16594020283793232,20242,240,4858080,4858080,0.11320213125122443,0.09122284251874252,0.10184249115473805,3221.696951079,3242.516148223
2025-07-05,rev_16,0.11634974604289995,0.16594020284283445,0.1163497460348701,0.16594020283793232,20242,240,4858080,4858080,0.11320213125122443,0.09122284251874252,0.10184249115473805,3221.696951079,3242.516148223
2025-07-06,rev_16,0.11634974604289995,0.16594020284283445,0.1163497460348701,0.16594020283793232,20242,240,4858080,4858080,0.11320213125122443,0.09122284251874252,0.10184249115473805,3221.696951079,3242.516148223
2025-07-07,rev_16,0.11634974604289995,0.16594020284283445,0.1163497460348701,0.16594020283793232,20242,240,4858080,4858080,0.11320213125122443,0.09122284251874252,0.10184249115473805,3221.696951079,3242.516148223
2025-07-08,rev_16,0.11634974604289995,0.16594020284283445,0.1163497460348701,0.16594020283793232,20242,240,4858080,4858080,0.11320213125122443,0.09122284251874252,0.10184249115473805,3221.696951079,3242.516148223
2025-07-09,rev_16,0.11634974604289995,0.16594020284283445,0.1163497460348701,0.16594020283793232,20242,240,4858080,4858080,0.11320213125122443,0.09122284251874252,0.10184249115473805,3221.696951079,3242.516148223
2025-07-10,rev_16,0.11634974604289995,0.16594020284283445,0.1163497460348701,0.16594020283793232,20242,240,4858080,4858080,0.11320213125122443,0.09122284251874252,0.10184249115473805,3221.696951079,3242.516148223
2025-07-11,rev_16,0.11634974604289995,0.16594020284283445,0.1163497460348701,0.16594020283793232,20242,240,4858080,4858080,0.11320213125122443,0.09122284251874252,0.10184249115473805,3221.696951079,3242.516148223
2025-07-12,rev_16,0.11634974604289995,0.16594020284283445,0.1163497460348701,0.16594020283793232,20242,240,4858080,4858080,0.11320213125122443,0.09122284251874252,0.10184249115473805,3221.696951079,3242.516148223
2025-07-13,rev_16,0.11634974604289995,0.16594020284283445,0.1163497460348701,0.16594020283793232,20242,240,4858080,4858080,0.11320213125122443,0.09122284251874252,0.10184249115473805,3221.696951079,3242.516148223
2025-07-14,rev_16,0.11634974604289995,0.16594020284283445,0.1163497460348701,0.16594020283793232,20242,240,4858080,4858080,0.11320213125122443,0.09122284251874252,0.10184249115473805,3221.696951079,3242.516148223
2025-07-15,rev_16,0.11634974604289995,0.16594020284283445,0.1163497460348701,0.16594020283793232,20242,240,4858080,4858080,0.11320213125122443,0.09122284251874252,0.10184249115473805,3221.696951079,3242.516148223
2025-07-16,rev_16,0.11634974604289995,0.16594020284283445,0.1163497460348701,0.16594020283793232,20242,240,4858080,4858080,0.11320213125122443,0.09122284251874252,0.10184249115473805,3221.696951079,3242.516148223
2025-07-17,rev_16,0.11634974604289995,0.16594020284283445,0.1163497460348701,0.16594020283793232,20242,240,4858080,4858080,0.11320213125122443,0.09122284251874252,0.10184249115473805,3221.696951079,3242.516148223
2025-07-18,rev_16,0.11634974604289995,0.16594020284283445,0.1163497460348701,0.16594020283793232,20242,240,4858080,4858080,0.11320213125122443,0.09122284251874252,0.10184249115473805,3221.696951079,3242.516148223
2025-07-19,rev_16,0.11634974604289995,0.16594020284283445,0.1163497460348701,0.16594020283793232,20242,240,4858080,4858080,0.11320213125122443,0.09122284251874252,0.10184249115473805,3221.696951079,3242.516148223
2025-07-20,rev_16,0.11634974604289995,0.16594020284283445,0.1163497460348701,0.16594020283793232,20242,240,4858080,4858080,0.11320213125122443,0.09122284251874252,0.10184249115473805,3221.696951079,3242.516148223
2025-07-21,rev_16,0.11634974604289995,0.16594020284283445,0.1163497460348701,0.16594020283793232,20242,240,4858080,4858080,0.11320213125122443,0.09122284251874252,0.10184249115473805,3221.696951079,3242.516148223
2025-07-22,rev_16,0.11634974604289995,0.16594020284283445,0.1163497460348701,0.16594020283793232,20242,240,4858080,4858080,0.11320213125122443,0.09122284251874252,0.10184249115473805,3221.696951079,3242.516148223
2025-07-23,rev_16,0.11634974604289995,0.16594020284283445,0.1163497460348701,0.16594020283793232,20242,240,4858080,4858080,0.11320213125122443,0.09122284251874252,0.10184249115473805,3221.696951079,3242.516148223
2025-07-24,rev_16,0.11634974604289995,0.16594020284283445,0.1163497460348701,0.16594020283793232,20242,240,4858080,4858080,0.11320213125122443,0.09122284251874252,0.10184249115473805,3221.696951079,3242.516148223
2025-07-25,rev_16,0.11634974604289995,0.16594020284283445,0.1163497460348701,0.16594020283793232,20242,240,4858080,4858080,0.11320213125122443,0.09122284251874252,0.10184249115473805,3221.696951079,3242.516148223
2025-07-26,rev_16,0.11634974604289995,0.16594020284283445,0.1163497460348701,0.16594020283793232,20242,240,4858080,4858080,0.11320213125122443,0.09122284251874252,0.10184249115473805,3221.696951079,3242.516148223
2025-07-27,rev_16,0.11634974604289995,0.16594020284283445,0.1163497460348701,0.16594020283793232,20242,240,4858080,4858080,0.11320213125122443,0.09122284251874252,0.10184249115473805,3221.696951079,3242.516148223
2025-07-28,rev_16,0.11634974604289995,0.16594020284283445,0.1163497460348701,0.16594020283793232,20242,240,4858080,4858080,0.11320213125122443,0.09122284251874252,0.10184249115473805,3221.696951079,3242.516148223
2025-07-29,rev_16,0.11634974604289995,0.16594020284283445,0.1163497460348701,0.16594020283793232,20242,240,4858080,4858080,0.11320213125122443,0.09122284251874252,0.10184249115473805,3221.696951079,3242.516148223
2025-07-30,rev_16,0.11634974604289995,0.16594020284283445,0.1163497460348701,0.16594020283793232,20242,240,4858080,4858080,0.11320213125122443,0.09122284251874252,0.10184249115473805,3221.696951079,3242.516148223
2025-07-31,rev_16,0.11634974604289995,0.16594020284283445,0.1163497460348701,0.16594020283793232,20242,240,4858080,4858080,0.11320213125122443,0.09122284251874252,0.10184249115473805,3221.696951079,3242.516148223
2025-08-01,rev_17,0.11847436580660527,0.16806727260680535,0.11847436579828918,0.16806727260184404,20241,240,4857840,4857840,0.11511141412489664,0.09313212539241474,0.10375177402841006,3221.696951079,3242.516148223
2025-08-02,rev_17,0.11847436580660527,0.16806727260680535,0.11847436579828918,0.16806727260184404,20241,240,4857840,4857840,0.11511141412489664,0.09313212539241474,0.10375177402841006,3221.696951079,3242.516148223
2025-08-03,rev_17,0.11847436580660527,0.16806727260680535,0.11847436579828918,0.16806727260184404,20241,240,4857840,4857840,0.11511141412489664,0.09313212539241474,0.10375177402841006,3221.696951079,3242.516148223
2025-08-04,rev_17,0.11847436580660527,0.16806727260680535,0.11847436579828918,0.16806727260184404,20241,240,4857840,4857840,0.11511141412489664,0.09313212539241474,0.10375177402841006,3221.696951079,3242.516148223
2025-08-05,rev_17,0.11847436580660527,0.16806727260680535,0.11847436579828918,0.16806727260184404,20241,240,4857840,4857840,0.11511141412489664,0.09313212539241474,0.10375177402841006,3221.696951079,3242.516148223
2025-08-06,rev_17,0.11847436580660527,0.16806727260680535,0.11847436579828918,0.16806727260184404,20241,240,4857840,4857840,0.11511141412489664,0.09313212539241474,0.10375177402841006,3221.696951079,3242.516148223
2025-08-07,rev_18,0.14110463025443545,0.19069753705472783,0.14110463025057088,0.19069753705323017,20241,240,4857840,4857840,0.13828869983841632,0.11630941110593442,0.12692905974193355,3221.696951079,3242.516148223
2025-08-08,rev_18,0.14110463025443545,0.19069753705472783,0.14110463025057088,0.19069753705323017,20241,240,4857840,4857840,0.13828869983841632,0.11630941110593442,0.12692905974193355,3221.696951079,3242.516148223
2025-08-09,rev_18,0.14110463025443545,0.19069753705472783,0.14110463025057088,0.19069753705323017,20241,240,4857840,4857840,0.13828869983841632,0.11630941110593442,0.12692905974193355,3221.696951079,3242.516148223
2025-08-10,rev_18,0.14110463025443545,0.19069753705472783,0.14110463025057088,0.19069753705323017,20241,240,4857840,4857840,0.13828869983841632,0.11630941110593442,0.12692905974193355,3221.696951079,3242.516148223
2025-08-11,rev_18,0.14110463025443545,0.19069753705472783,0.14110463025057088,0.19069753705323017,20241,240,4857840,4857840,0.13828869983841632,0.11630941110593442,0.12692905974193355,3221.696951079,3242.516148223
2025-08-12,rev_18,0.14110463025443545,0.19069753705472783,0.14110463025057088,0.19069753705323017,20241,240,4857840,4857840,0.13828869983841632,0.11630941110593442,0.12692905974193355,3221.696951079,3242.516148223
2025-08-13,rev_18,0.14110463025443545,0.19069753705472783,0.14110463025057088,0.19069753705323017,20241,240,4857840,4857840,0.13828869983841632,0.11630941110593442,0.12692905974193355,3221.696951079,3242.516148223
2025-08-14,rev_18,0.14110463025443545,0.19069753705472783,0.14110463025057088,0.19069753705323017,20241,240,4857840,4857840,0.13828869983841632,0.11630941110593442,0.12692905974193355,3221.696951079,3242.516148223
2025-08-15,rev_18,0.14110463025443545,0.19069753705472783,0.14110463025057088,0.19069753705323017,20241,240,4857840,4857840,0.13828869983841632,0.11630941110593442,0.12692905974193355,3221.696951079,3242.516148223
2025-08-16,rev_18,0.14110463025443545,0.19069753705472783,0.14110463025057088,0.19069753705323017,20241,240,4857840,4857840,0.13828869983841632,0.11630941110593442,0.12692905974193355,3221.696951079,3242.516148223
2025-08-17,rev_18,0.14110463025443545,0.19069753705472783,0.14110463025057088,0.19069753705323017,20241,240,4857840,4857840,0.13828869983841632,0.11630941110593442,0.12692905974193355,3221.696951079,3242.516148223
2025-08-18,rev_19,0.14329578314612634,0.1928886899460247,0.14329578314233085,0.19288868994478026,20241,240,4857840,4857840,0.14046368066371587,0.11848439193123396,0.1291040405672328,3221.696951079,3242.516148223
2025-08-19,rev_19,0.14329578314612634,0.1928886899460247,0.14329578314233085,0.19288868994478026,20241,240,4857840,4857840,0.14046368066371587,0.11848439193123396,0.1291040405672328,3221.696951079,3242.516148223
2025-08-20,rev_19,0.14329578314612634,0.1928886899460247,0.14329578314233085,0.19288868994478026,20241,240,4857840,4857840,0.14046368066371587,0.11848439193123396,0.1291040405672328,3221.696951079,3242.516148223
2025-08-21,rev_19,0.14329578314612634,0.1928886899460247,0.14329578314233085,0.19288868994478026,20241,240,4857840,4857840,0.14046368066371587,0.11848439193123396,0.1291040405672328,3221.696951079,3242.516148223
2025-08-22,rev_19,0.14329578314612634,0.1928886899460247,0.14329578314233085,0.19288868994478026,20241,240,4857840,4857840,0.14046368066371587,0.11848439193123396,0.1291040405672328,3221.696951079,3242.516148223
2025-08-23,rev_19,0.14329578314612634,0.1928886899460247,0.14329578314233085,0.19288868994478026,20241,240,4857840,4857840,0.14046368066371587,0.11848439193123396,0.1291040405672328,3221.696951079,3242.516148223
2025-08-24,rev_19,0.14329578314612634,0.1928886899460247,0.14329578314233085,0.19288868994478026,20241,240,4857840,4857840,0.14046368066371587,0.11848439193123396,0.1291040405672328,3221.696951079,3242.516148223
2025-08-25,rev_19,0.14329578314612634,0.1928886899460247,0.14329578314233085,0.19288868994478026,20241,240,4857840,4857840,0.14046368066371587,0.11848439193123396,0.1291040405672328,3221.696951079,3242.516148223
2025-08-26,rev_19,0.14329578314612634,0.1928886899460247,0.14329578314233085,0.19288868994478026,20241,240,4857840,4857840,0.14046368066371587,0.11848439193123396,0.1291040405672328,3221.696951079,3242.516148223
2025-08-27,rev_20,0.14413007462901323,0.19372298142931213,0.14413007462541266,0.1937229814277514,20241,240,4857840,4857840,0.1438199119466003,0.12184062321411838,0.13246027185011722,3221.696951079,3242.516148223
2025-08-28,rev_20,0.14413007462901323,0.19372298142931213,0.14413007462541266,0.1937229814277514,20241,240,4857840,4857840,0.1438199119466003,0.12184062321411838,0.13246027185011722,3221.696951079,3242.516148223
2025-08-29,rev_20,0.14413007462901323,0.19372298142931213,0.14413007462541266,0.1937229814277514,20241,240,4857840,4857840,0.1438199119466003,0.12184062321411838,0.13246027185011722,3221.696951079,3242.516148223
2025-08-30,rev_20,0.14413007462901323,0.19372298142931213,0.14413007462541266,0.1937229814277514,20241,240,4857840,4857840,0.1438199119466003,0.12184062321411838,0.13246027185011722,3221.696951079,3242.516148223
2025-08-31,rev_20,0.14413007462901323,0.19372298142931213,0.14413007462541266,0.1937229814277514,20241,240,4857840,4857840,0.1438199119466003,0.12184062321411838,0.13246027185011722,3221.696951079,3242.516148223
2025-09-01,bnd_2025-09-01,0.14413233000386833,0.19372523680400652,0.1441323300002289,0.19372523680256842,20241,240,4857840,4857840,0.1443600631428185,0.12238077441033658,0.13300042304633525,3221.696951079,3242.516148223
2025-09-02,rev_21,0.14413007462901323,0.19372298142931213,0.14413007462541266,0.1937229814277514,20241,240,4857840,4857840,0.1438199119466003,0.12184062321411838,0.13246027185011722,3221.696951079,3242.516148223
2025-09-03,rev_21,0.14413007462901323,0.19372298142931213,0.14413007462541266,0.1937229814277514,20241,240,4857840,4857840,0.1438199119466003,0.12184062321411838,0.13246027185011722,3221.696951079,3242.516148223
2025-09-04,rev_21,0.14413007462901323,0.19372298142931213,0.14413007462541266,0.1937229814277514,20241,240,4857840,4857840,0.1438199119466003,0.12184062321411838,0.13246027185011722,3221.696951079,3242.516148223
2025-09-05,rev_21,0.14413007462901323,0.19372298142931213,0.14413007462541266,0.1937229814277514,20241,240,4857840,4857840,0.1438199119466003,0.12184062321411838,0.13246027185011722,3221.696951079,3242.516148223
2025-09-06,rev_21,0.14413007462901323,0.19372298142931213,0.14413007462541266,0.1937229814277514,20241,240,4857840,4857840,0.1438199119466003,0.12184062321411838,0.13246027185011722,3221.696951079,3242.516148223
2025-09-07,rev_21,0.14413007462901323,0.19372298142931213,0.14413007462541266,0.1937229814277514,20241,240,4857840,4857840,0.1438199119466003,0.12184062321411838,0.13246027185011722,3221.696951079,3242.516148223
2025-09-08,rev_22,0.14389926133783815,0.19349216813812117,0.14389926133424816,0.19349216813660472,20241,240,4857840,4857840,0.13651073998323154,0.11453145125074964,0.1251510998867484,3221.696951079,3242.516148223
2025-09-09,rev_22,0.14389926133783815,0.19349216813812117,0.14389926133424816,0.19349216813660472,20241,240,4857840,4857840,0.13651073998323154,0.11453145125074964,0.1251510998867484,3221.696951079,3242.516148223
2025-09-10,rev_22,0.14389926133783815,0.19349216813812117,0.14389926133424816,0.19349216813660472,20241,240,4857840,4857840,0.13651073998323154,0.11453145125074964,0.1251510998867484,3221.696951079,3242.516148223
2025-09-11,rev_22,0.14389926133783815,0.19349216813812117,0.14389926133424816,0.19349216813660472,20241,240,4857840,4857840,0.13651073998323154,0.11453145125074964,0.1251510998867484,3221.696951079,3242.516148223
2025-09-12,rev_22,0.14389926133783815,0.19349216813812117,0.14389926133424816,0.19349216813660472,20241,240,4857840,4857840,0.13651073998323154,0.11453145125074964,0.1251510998867484,3221.696951079,3242.516148223
2025-09-13,rev_22,0.14389926133783815,0.19349216813812117,0.14389926133424816,0.19349216813660472,20241,240,4857840,4857840,0.13651073998323154,0.11453145125074964,0.1251510998867484,3221.696951079,3242.516148223
2025-09-14,rev_22,0.14389926133783815,0.19349216813812117,0.14389926133424816,0.19349216813660472,20241,240,4857840,4857840,0.13651073998323154,0.11453145125074964,0.1251510998867484,3221.696951079,3242.516148223
2025-09-15,rev_22,0.14389926133783815,0.19349216813812117,0.14389926133424816,0.19349216813660472,20241,240,4857840,4857840,0.13651073998323154,0.11453145125074964,0.1251510998867484,3221.696951079,3242.516148223
2025-09-16,rev_23,0.14389014248568172,0.19348304928595486,0.14389014248208132,0.19348304928444296,20241,240,4857840,4857840,0.1345651850153657,0.1125858962828838,0.12320554491888269,3221.696951079,3242.516148223
2025-09-17,rev_23,0.14389014248568172,0.19348304928595486,0.14389014248208132,0.19348304928444296,20241,240,4857840,4857840,0.1345651850153657,0.1125858962828838,0.12320554491888269,3221.696951079,3242.516148223
2025-09-18,rev_23,0.14389014248568172,0.19348304928595486,0.14389014248208132,0.19348304928444296,20241,240,4857840,4857840,0.1345651850153657,0.1125858962828838,0.12320554491888269,3221.696951079,3242.516148223
2025-09-19,rev_23,0.14389014248568172,0.19348304928595486,0.14389014248208132,0.19348304928444296,20241,240,4857840,4857840,0.1345651850153657,0.1125858962828838,0.12320554491888269,3221.696951079,3242.516148223
2025-09-20,rev_23,0.14389014248568172,0.19348304928595486,0.14389014248208132,0.19348304928444296,20241,240,4857840,4857840,0.1345651850153657,0.1125858962828838,0.12320554491888269,3221.696951079,3242.516148223
2025-09-21,rev_23,0.14389014248568172,0.19348304928595486,0.14389014248208132,0.19348304928444296,20241,240,4857840,4857840,0.1345651850153657,0.1125858962828838,0.12320554491888269,3221.696951079,3242.516148223
2025-09-22,rev_23,0.14389014248568172,0.19348304928595486,0.14389014248208132,0.19348304928444296,20241,240,4857840,4857840,0.1345651850153657,0.1125858962828838,0.12320554491888269,3221.696951079,3242.516148223
2025-09-23,rev_23,0.14389014248568172,0.19348304928595486,0.14389014248208132,0.19348304928444296,20241,240,4857840,4857840,0.1345651850153657,0.1125858962828838,0.12320554491888269,3221.696951079,3242.516148223
2025-09-24,rev_23,0.14389014248568172,0.19348304928595486,0.14389014248208132,0.19348304928444296,20241,240,4857840,4857840,0.1345651850153657,0.1125858962828838,0.12320554491888269,3221.696951079,3242.516148223
2025-09-25,rev_24,0.14271215016884334,0.19230505696899883,0.1427121501650519,0.19230505696748298,20241,240,4857840,4857840,0.12961128754589224,0.10763199881341033,0.11825164744940968,3221.696951079,3242.516148223
2025-09-26,rev_24,0.14271215016884334,0.19230505696899883,0.1427121501650519,0.19230505696748298,20241,240,4857840,4857840,0.12961128754589224,0.10763199881341033,0.11825164744940968,3221.696951079,3242.516148223
2025-09-27,rev_24,0.14271215016884334,0.19230505696899883,0.1427121501650519,0.19230505696748298,20241,240,4857840,4857840,0.12961128754589224,0.10763199881341033,0.11825164744940968,3221.696951079,3242.516148223
2025-09-28,rev_24,0.14271215016884334,0.19230505696899883,0.1427121501650519,0.19230505696748298,20241,240,4857840,4857840,0.12961128754589224,0.10763199881341033,0.11825164744940968,3221.696951079,3242.516148223
2025-09-29,rev_24,0.14271215016884334,0.19230505696899883,0.1427121501650519,0.19230505696748298,20241,240,4857840,4857840,0.12961128754589224,0.10763199881341033,0.11825164744940968,3221.696951079,3242.516148223
2025-09-30,rev_24,0.14271215016884334,0.19230505696899883,0.1427121501650519,0.19230505696748298,20241,240,4857840,4857840,0.12961128754589224,0.10763199881341033,0.11825164744940968,3221.696951079,3242.516148223
2025-10-01,rev_24,0.14271215016884334,0.19230505696899883,0.1427121501650519,0.19230505696748298,20241,240,4857840,4857840,0.12961128754589224,0.10763199881341033,0.11825164744940968,3221.696951079,3242.516148223
2025-10-02,rev_24,0.14271215016884334,0.19230505696899883,0.1427121501650519,0.19230505696748298,20241,240,4857840,4857840,0.12961128754589224,0.10763199881341033,0.11825164744940968,3221.696951079,3242.516148223
2025-10-03,rev_24,0.14271215016884334,0.19230505696899883,0.1427121501650519,0.19230505696748298,20241,240,4857840,4857840,0.12961128754589224,0.10763199881341033,0.11825164744940968,3221.696951079,3242.516148223
2025-10-04,rev_24,0.14271215016884334,0.19230505696899883,0.1427121501650519,0.19230505696748298,20241,240,4857840,4857840,0.12961128754589224,0.10763199881341033,0.11825164744940968,3221.696951079,3242.516148223
2025-10-05,rev_24,0.14271215016884334,0.19230505696899883,0.1427121501650519,0.19230505696748298,20241,240,4857840,4857840,0.12961128754589224,0.10763199881341033,0.11825164744940968,3221.696951079,3242.516148223
2025-10-06,rev_24,0.14271215016884334,0.19230505696899883,0.1427121501650519,0.19230505696748298,20241,240,4857840,4857840,0.12961128754589224,0.10763199881341033,0.11825164744940968,3221.696951079,3242.516148223
2025-10-07,rev_24,0.14271215016884334,0.19230505696899883,0.1427121501650519,0.19230505696748298,20241,240,4857840,4857840,0.12961128754589224,0.10763199881341033,0.11825164744940968,3221.696951079,3242.516148223
2025-10-08,rev_24,0.14271215016884334,0.19230505696899883,0.1427121501650519,0.19230505696748298,20241,240,4857840,4857840,0.12961128754589224,0.10763199881341033,0.11825164744940968,3221.696951079,3242.516148223
2025-10-09,rev_24,0.14271215016884334,0.19230505696899883,0.1427121501650519,0.19230505696748298,20241,240,4857840,4857840,0.12961128754589224,0.10763199881341033,0.11825164744940968,3221.696951079,3242.516148223
2025-10-10,rev_24,0.14271215016884334,0.19230505696899883,0.1427121501650519,0.19230505696748298,20241,240,4857840,4857840,0.12961128754589224,0.10763199881341033,0.11825164744940968,3221.696951079,3242.516148223
2025-10-11,rev_24,0.14271215016884334,0.19230505696899883,0.1427121501650519,0.19230505696748298,20241,240,4857840,4857840,0.12961128754589224,0.10763199881341033,0.11825164744940968,3221.696951079,3242.516148223
2025-10-12,rev_24,0.14271215016884334,0.19230505696899883,0.1427121501650519,0.19230505696748298,20241,240,4857840,4857840,0.12961128754589224,0.10763199881341033,0.11825164744940968,3221.696951079,3242.516148223
2025-10-13,rev_24,0.14271215016884334,0.19230505696899883,0.1427121501650519,0.19230505696748298,20241,240,4857840,4857840,0.12961128754589224,0.10763199881341033,0.11825164744940968,3221.696951079,3242.516148223
2025-10-14,rev_25,0.14515603581456643,0.19474894261494743,0.1451560358109192,0.19474894261327785,20241,240,4857840,4857840,0.13041824331491106,0.10843895458242915,0.11905860321842852,3221.696951079,3242.516148223
2025-10-15,rev_25,0.14515603581456643,0.19474894261494743,0.1451560358109192,0.19474894261327785,20241,240,4857840,4857840,0.13041824331491106,0.10843895458242915,0.11905860321842852,3221.696951079,3242.516148223
2025-10-16,rev_25,0.14515603581456643,0.19474894261494743,0.1451560358109192,0.19474894261327785,20241,240,4857840,4857840,0.13041824331491106,0.10843895458242915,0.11905860321842852,3221.696951079,3242.516148223
2025-10-17,rev_25,0.14515603581456643,0.19474894261494743,0.1451560358109192,0.19474894261327785,20241,240,4857840,4857840,0.13041824331491106,0.10843895458242915,0.11905860321842852,3221.696951079,3242.516148223
2025-10-18,rev_25,0.14515603581456643,0.19474894261494743,0.1451560358109192,0.19474894261327785,20241,240,4857840,4857840,0.13041824331491106,0.10843895458242915,0.11905860321842852,3221.696951079,3242.516148223
2025-10-19,rev_25,0.14515603581456643,0.19474894261494743,0.1451560358109192,0.19474894261327785,20241,240,4857840,4857840,0.13041824331491106,0.10843895458242915,0.11905860321842852,3221.696951079,3242.516148223
2025-10-20,rev_25,0.14515603581456643,0.19474894261494743,0.1451560358109192,0.19474894261327785,20241,240,4857840,4857840,0.13041824331491106,0.10843895458242915,0.11905860321842852,3221.696951079,3242.516148223
2025-10-21,rev_25,0.14515603581456643,0.19474894261494743,0.1451560358109192,0.19474894261327785,20241,240,4857840,4857840,0.13041824331491106,0.10843895458242915,0.11905860321842852,3221.696951079,3242.516148223
2025-10-22,rev_25,0.14515603581456643,0.19474894261494743,0.1451560358109192,0.19474894261327785,20241,240,4857840,4857840,0.13041824331491106,0.10843895458242915,0.11905860321842852,3221.696951079,3242.516148223
2025-10-23,rev_25,0.14515603581456643,0.19474894261494743,0.1451560358109192,0.19474894261327785,20241,240,4857840,4857840,0.13041824331491106,0.10843895458242915,0.11905860321842852,3221.696951079,3242.516148223
2025-10-24,rev_25,0.14515603581456643,0.19474894261494743,0.1451560358109192,0.19474894261327785,20241,240,4857840,4857840,0.13041824331491106,0.10843895458242915,0.11905860321842852,3221.696951079,3242.516148223
2025-10-25,rev_25,0.14515603581456643,0.19474894261494743,0.1451560358109192,0.19474894261327785,20241,240,4857840,4857840,0.13041824331491106,0.10843895458242915,0.11905860321842852,3221.696951079,3242.516148223
2025-10-26,rev_25,0.14515603581456643,0.19474894261494743,0.1451560358109192,0.19474894261327785,20241,240,4857840,4857840,0.13041824331491106,0.10843895458242915,0.11905860321842852,3221.696951079,3242.516148223
2025-10-27,rev_25,0.14515603581456643,0.19474894261494743,0.1451560358109192,0.19474894261327785,20241,240,4857840,4857840,0.13041824331491106,0.10843895458242915,0.11905860321842852,3221.696951079,3242.516148223
2025-10-28,rev_25,0.14515603581456643,0.19474894261494743,0.1451560358109192,0.19474894261327785,20241,240,4857840,4857840,0.13041824331491106,0.10843895458242915,0.11905860321842852,3221.696951079,3242.516148223
2025-10-29,rev_25,0.14515603581456643,0.19474894261494743,0.1451560358109192,0.19474894261327785,20241,240,4857840,4857840,0.13041824331491106,0.10843895458242915,0.11905860321842852,3221.696951079,3242.516148223
2025-10-30,rev_25,0.14515603581456643,0.19474894261494743,0.1451560358109192,0.19474894261327785,20241,240,4857840,4857840,0.13041824331491106,0.10843895458242915,0.11905860321842852,3221.696951079,3242.516148223
2025-10-31,rev_25,0.14515603581456643,0.19474894261494743,0.1451560358109192,0.19474894261327785,20241,240,4857840,4857840,0.13041824331491106,0.10843895458242915,0.11905860321842852,3221.696951079,3242.516148223
2025-11-01,rev_26,0.1456282865141827,0.19522119331427565,0.1456282865104979,0.1952211933127627,20241,240,4857840,4857840,0.1315155566729915,0.1095362679405096,0.12015591657650966,3221.696951079,3242.516148223
2025-11-02,rev_26,0.1456282865141827,0.19522119331427565,0.1456282865104979,0.1952211933127627,20241,240,4857840,4857840,0.1315155566729915,0.1095362679405096,0.12015591657650966,3221.696951079,3242.516148223
2025-11-03,rev_26,0.1456282865141827,0.19522119331427565,0.1456282865104979,0.1952211933127627,20241,240,4857840,4857840,0.1315155566729915,0.1095362679405096,0.12015591657650966,3221.696951079,3242.516148223
2025-11-04,rev_26,0.1456282865141827,0.19522119331427565,0.1456282865104979,0.1952211933127627,20241,240,4857840,4857840,0.1315155566729915,0.1095362679405096,0.12015591657650966,3221.696951079,3242.516148223
2025-11-05,rev_26,0.1456282865141827,0.19522119331427565,0.1456282865104979,0.1952211933127627,20241,240,4857840,4857840,0.1315155566729915,0.1095362679405096,0.12015591657650966,3221.696951079,3242.516148223
2025-11-06,rev_26,0.1456282865141827,0.19522119331427565,0.1456282865104979,0.1952211933127627,20241,240,4857840,4857840,0.1315155566729915,0.1095362679405096,0.12015591657650966,3221.696951079,3242.516148223
2025-11-07,rev_26,0.1456282865141827,0.19522119331427565,0.1456282865104979,0.1952211933127627,20241,240,4857840,4857840,0.1315155566729915,0.1095362679405096,0.12015591657650966,3221.696951079,3242.516148223
2025-11-08,rev_26,0.1456282865141827,0.19522119331427565,0.1456282865104979,0.1952211933127627,20241,240,4857840,4857840,0.1315155566729915,0.1095362679405096,0.12015591657650966,3221.696951079,3242.516148223
2025-11-09,rev_27,0.14485723265655379,0.19445013945674608,0.14485723265296233,0.19445013945504494,20241,240,4857840,4857840,0.12282285172436475,0.10084356299188284,0.11146321162788216,3221.696951079,3242.516148223
2025-11-10,rev_28,0.1448547624228352,0.19444766922312418,0.14485476241927822,0.19444766922136084,20241,240,4857840,4857840,0.12271179610758783,0.10073250737510592,0.11135215601110525,3221.696951079,3242.516148223
2025-11-11,rev_28,0.1448547624228352,0.19444766922312418,0.14485476241927822,0.19444766922136084,20241,240,4857840,4857840,0.12271179610758783,0.10073250737510592,0.11135215601110525,3221.696951079,3242.516148223
2025-11-12,rev_28,0.1448547624228352,0.19444766922312418,0.14485476241927822,0.19444766922136084,20241,240,4857840,4857840,0.12271179610758783,0.10073250737510592,0.11135215601110525,3221.696951079,3242.516148223
2025-11-13,rev_29,0.14219769001962645,0.19179059681985491,0.14219769001596258,0.19179059681819424,20241,240,4857840,4857840,0.12023631774169016,0.09825702900920825,0.10887667764520711,3221.696951079,3242.516148223
2025-11-14,bnd_2025-11-14,0.14111524420092578,0.1907081510012442,0.1411152441971061,0.19070815099934055,20241,240,4857840,4857840,0.1192632068792218,0.0972839181467399,0.10790356678273873,3221.696951079,3242.516148223
2025-11-15,bnd_2025-11-14,0.14111524420092578,0.1907081510012442,0.1411152441971061,0.19070815099934055,20241,240,4857840,4857840,0.1192632068792218,0.0972839181467399,0.10790356678273873,3221.696951079,3242.516148223
2025-11-16,bnd_2025-11-14,0.14111524420092578,0.1907081510012442,0.1411152441971061,0.19070815099934055,20241,240,4857840,4857840,0.1192632068792218,0.0972839181467399,0.10790356678273873,3221.696951079,3242.516148223
2025-11-17,bnd_2025-11-14,0.14111524420092578,0.1907081510012442,0.1411152441971061,0.19070815099934055,20241,240,4857840,4857840,0.1192632068792218,0.0972839181467399,0.10790356678273873,3221.696951079,3242.516148223
2025-11-18,bnd_2025-11-14,0.14111524420092578,0.1907081510012442,0.1411152441971061,0.19070815099934055,20241,240,4857840,4857840,0.1192632068792218,0.0972839181467399,0.10790356678273873,3221.696951079,3242.516148223
2025-11-19,bnd_2025-11-14,0.14111524420092578,0.1907081510012442,0.1411152441971061,0.19070815099934055,20241,240,4857840,4857840,0.1192632068792218,0.0972839181467399,0.10790356678273873,3221.696951079,3242.516148223
2025-11-20,bnd_2025-11-14,0.14111524420092578,0.1907081510012442,0.1411152441971061,0.19070815099934055,20241,240,4857840,4857840,0.1192632068792218,0.0972839181467399,0.10790356678273873,3221.696951079,3242.516148223
2025-11-21,rev_30,0.1411151515672198,0.19070805836748755,0.14111515156334295,0.1907080583655774,20241,240,4857840,4857840,0.11926315563239914,0.09728386689991723,0.10790351553591607,3221.696951079,3242.516148223
2025-11-22,rev_30,0.1411151515672198,0.19070805836748755,0.14111515156334295,0.1907080583655774,20241,240,4857840,4857840,0.11926315563239914,0.09728386689991723,0.10790351553591607,3221.696951079,3242.516148223
2025-11-23,rev_30,0.1411151515672198,0.19070805836748755,0.14111515156334295,0.1907080583655774,20241,240,4857840,4857840,0.11926315563239914,0.09728386689991723,0.10790351553591607,3221.696951079,3242.516148223
2025-11-24,rev_30,0.1411151515672198,0.19070805836748755,0.14111515156334295,0.1907080583655774,20241,240,4857840,4857840,0.11926315563239914,0.09728386689991723,0.10790351553591607,3221.696951079,3242.516148223
2025-11-25,rev_30,0.1411151515672198,0.19070805836748755,0.14111515156334295,0.1907080583655774,20241,240,4857840,4857840,0.11926315563239914,0.09728386689991723,0.10790351553591607,3221.696951079,3242.516148223
2025-11-26,rev_30,0.1411151515672198,0.19070805836748755,0.14111515156334295,0.1907080583655774,20241,240,4857840,4857840,0.11926315563239914,0.09728386689991723,0.10790351553591607,3221.696951079,3242.516148223
2025-11-27,rev_30,0.1411151515672198,0.19070805836748755,0.14111515156334295,0.1907080583655774,20241,240,4857840,4857840,0.11926315563239914,0.09728386689991723,0.10790351553591607,3221.696951079,3242.516148223
2025-11-28,rev_30,0.1411151515672198,0.19070805836748755,0.14111515156334295,0.1907080583655774,20241,240,4857840,4857840,0.11926315563239914,0.09728386689991723,0.10790351553591607,3221.696951079,3242.516148223
2025-11-29,rev_30,0.1411151515672198,0.19070805836748755,0.14111515156334295,0.1907080583655774,20241,240,4857840,4857840,0.11926315563239914,0.09728386689991723,0.10790351553591607,3221.696951079,3242.516148223
2025-11-30,rev_31,0.1411151515672198,0.19070805836748755,0.14111515156334295,0.1907080583655774,20241,240,4857840,4857840,0.11926315563239914,0.09728386689991723,0.10790351553591607,3221.696951079,3242.516148223
2025-12-01,rev_31,0.1411151515672198,0.19070805836748755,0.14111515156334295,0.1907080583655774,20241,240,4857840,4857840,0.11926315563239914,0.09728386689991723,0.10790351553591607,3221.696951079,3242.516148223
2025-12-02,rev_31,0.1411151515672198,0.19070805836748755,0.14111515156334295,0.1907080583655774,20241,240,4857840,4857840,0.11926315563239914,0.09728386689991723,0.10790351553591607,3221.696951079,3242.516148223
2025-12-03,rev_31,0.1411151515672198,0.19070805836748755,0.14111515156334295,0.1907080583655774,20241,240,4857840,4857840,0.11926315563239914,0.09728386689991723,0.10790351553591607,3221.696951079,3242.516148223
2025-12-04,rev_31,0.1411151515672198,0.19070805836748755,0.14111515156334295,0.1907080583655774,20241,240,4857840,4857840,0.11926315563239914,0.09728386689991723,0.10790351553591607,3221.696951079,3242.516148223
2025-12-05,rev_32,0.14108444295440448,0.19067734975453798,0.1410844429505157,0.19067734975275202,20241,240,4857840,4857840,0.11748644326358104,0.09550715453109913,0.1061268031670979,3221.696951079,3242.516148223
2025-12-06,rev_32,0.14108444295440448,0.19067734975453798,0.1410844429505157,0.19067734975275202,20241,240,4857840,4857840,0.11748644326358104,0.09550715453109913,0.1061268031670979,3221.696951079,3242.516148223
2025-12-07,rev_32,0.14108444295440448,0.19067734975453798,0.1410844429505157,0.19067734975275202,20241,240,4857840,4857840,0.11748644326358104,0.09550715453109913,0.1061268031670979,3221.696951079,3242.516148223
2025-12-08,rev_32,0.14108444295440448,0.19067734975453798,0.1410844429505157,0.19067734975275202,20241,240,4857840,4857840,0.11748644326358104,0.09550715453109913,0.1061268031670979,3221.696951079,3242.516148223
2025-12-09,rev_32,0.14108444295440448,0.19067734975453798,0.1410844429505157,0.19067734975275202,20241,240,4857840,4857840,0.11748644326358104,0.09550715453109913,0.1061268031670979,3221.696951079,3242.516148223
2025-12-10,rev_32,0.14108444295440448,0.19067734975453798,0.1410844429505157,0.19067734975275202,20241,240,4857840,4857840,0.11748644326358104,0.09550715453109913,0.1061268031670979,3221.696951079,3242.516148223
2025-12-11,rev_32,0.14108444295440448,0.19067734975453798,0.1410844429505157,0.19067734975275202,20241,240,4857840,4857840,0.11748644326358104,0.09550715453109913,0.1061268031670979,3221.696951079,3242.516148223
2025-12-12,rev_32,0.14108444295440448,0.19067734975453798,0.1410844429505157,0.19067734975275202,20241,240,4857840,4857840,0.11748644326358104,0.09550715453109913,0.1061268031670979,3221.696951079,3242.516148223
2025-12-13,rev_32,0.14108444295440448,0.19067734975453798,0.1410844429505157,0.19067734975275202,20241,240,4857840,4857840,0.11748644326358104,0.09550715453109913,0.1061268031670979,3221.696951079,3242.516148223
2025-12-14,rev_32,0.14108444295440448,0.19067734975453798,0.1410844429505157,0.19067734975275202,20241,240,4857840,4857840,0.11748644326358104,0.09550715453109913,0.1061268031670979,3221.696951079,3242.516148223
2025-12-15,rev_32,0.14108444295440448,0.19067734975453798,0.1410844429505157,0.19067734975275202,20241,240,4857840,4857840,0.11748644326358104,0.09550715453109913,0.1061268031670979,3221.696951079,3242.516148223
2025-12-16,rev_32,0.14108444295440448,0.19067734975453798,0.1410844429505157,0.19067734975275202,20241,240,4857840,4857840,0.11748644326358104,0.09550715453109913,0.1061268031670979,3221.696951079,3242.516148223
2025-12-17,rev_32,0.14108444295440448,0.19067734975453798,0.1410844429505157,0.19067734975275202,20241,240,4857840,4857840,0.11748644326358104,0.09550715453109913,0.1061268031670979,3221.696951079,3242.516148223
2025-12-18,rev_32,0.14108444295440448,0.19067734975453798,0.1410844429505157,0.19067734975275202,20241,240,4857840,4857840,0.11748644326358104,0.09550715453109913,0.1061268031670979,3221.696951079,3242.516148223
2025-12-19,rev_32,0.14108444295440448,0.19067734975453798,0.1410844429505157,0.19067734975275202,20241,240,4857840,4857840,0.11748644326358104,0.09550715453109913,0.1061268031670979,3221.696951079,3242.516148223
2025-12-20,rev_32,0.14108444295440448,0.19067734975453798,0.1410844429505157,0.19067734975275202,20241,240,4857840,4857840,0.11748644326358104,0.09550715453109913,0.1061268031670979,3221.696951079,3242.516148223
2025-12-21,rev_32,0.14108444295440448,0.19067734975453798,0.1410844429505157,0.19067734975275202,20241,240,4857840,4857840,0.11748644326358104,0.09550715453109913,0.1061268031670979,3221.696951079,3242.516148223
2025-12-22,rev_32,0.14108444295440448,0.19067734975453798,0.1410844429505157,0.19067734975275202,20241,240,4857840,4857840,0.11748644326358104,0.09550715453109913,0.1061268031670979,3221.696951079,3242.516148223
2025-12-23,rev_32,0.14108444295440448,0.19067734975453798,0.1410844429505157,0.19067734975275202,20241,240,4857840,4857840,0.11748644326358104,0.09550715453109913,0.1061268031670979,3221.696951079,3242.516148223
2025-12-24,rev_32,0.14108444295440448,0.19067734975453798,0.1410844429505157,0.19067734975275202,20241,240,4857840,4857840,0.11748644326358104,0.09550715453109913,0.1061268031670979,3221.696951079,3242.516148223
2025-12-25,rev_32,0.14108444295440448,0.19067734975453798,0.1410844429505157,0.19067734975275202,20241,240,4857840,4857840,0.11748644326358104,0.09550715453109913,0.1061268031670979,3221.696951079,3242.516148223
2025-12-26,rev_32,0.14108444295440448,0.19067734975453798,0.1410844429505157,0.19067734975275202,20241,240,4857840,4857840,0.11748644326358104,0.09550715453109913,0.1061268031670979,3221.696951079,3242.516148223
2025-12-27,rev_32,0.14108444295440448,0.19067734975453798,0.1410844429505157,0.19067734975275202,20241,240,4857840,4857840,0.11748644326358104,0.09550715453109913,0.1061268031670979,3221.696951079,3242.516148223
2025-12-28,rev_32,0.14108444295440448,0.19067734975453798,0.1410844429505157,0.19067734975275202,20241,240,4857840,4857840,0.11748644326358104,0.09550715453109913,0.1061268031670979,3221.696951079,3242.516148223
2025-12-29,rev_32,0.14108444295440448,0.19067734975453798,0.1410844429505157,0.19067734975275202,20241,240,4857840,4857840,0.11748644326358104,0.09550715453109913,0.1061268031670979,3221.696951079,3242.516148223
2025-12-30,rev_32,0.14108444295440448,0.19067734975453798,0.1410844429505157,0.19067734975275202,20241,240,4857840,4857840,0.11748644326358104,0.09550715453109913,0.1061268031670979,3221.696951079,3242.516148223
2025-12-31,rev_32,0.14108444295440448,0.19067734975453798,0.1410844429505157,0.19067734975275202,20241,240,4857840,4857840,0.11748644326358104,0.09550715453109913,0.1061268031670979,3221.696951079,3242.516148223
2026-01-01,2026_basic,0.14101043853296139,0.1906033453331969,0.14101043852925366,0.19060334533148995,20241,240,4857840,4857840,0.11838768173245377,0.09640839299997186,0.1070280416359705,3221.696951079,3242.516148223
2026-01-02,2026_basic,0.14101043853296139,0.1906033453331969,0.14101043852925366,0.19060334533148995,20241,240,4857840,4857840,0.11838768173245377,0.09640839299997186,0.1070280416359705,3221.696951079,3242.516148223
2026-01-03,2026_basic,0.14101043853296139,0.1906033453331969,0.14101043852925366,0.19060334533148995,20241,240,4857840,4857840,0.11838768173245377,0.09640839299997186,0.1070280416359705,3221.696951079,3242.516148223
2026-01-04,2026_basic,0.14101043853296139,0.1906033453331969,0.14101043852925366,0.19060334533148995,20241,240,4857840,4857840,0.11838768173245377,0.09640839299997186,0.1070280416359705,3221.696951079,3242.516148223
2026-01-05,2026_basic,0.14101043853296139,0.1906033453331969,0.14101043852925366,0.19060334533148995,20241,240,4857840,4857840,0.11838768173245377,0.09640839299997186,0.1070280416359705,3221.696951079,3242.516148223
2026-01-06,2026_basic,0.14101043853296139,0.1906033453331969,0.14101043852925366,0.19060334533148995,20241,240,4857840,4857840,0.11838768173245377,0.09640839299997186,0.1070280416359705,3221.696951079,3242.516148223
2026-01-07,2026_basic,0.14101043853296139,0.1906033453331969,0.14101043852925366,0.19060334533148995,20241,240,4857840,4857840,0.11838768173245377,0.09640839299997186,0.1070280416359705,3221.696951079,3242.516148223
2026-01-08,2026_basic,0.14101043853296139,0.1906033453331969,0.14101043852925366,0.19060334533148995,20241,240,4857840,4857840,0.11838768173245377,0.09640839299997186,0.1070280416359705,3221.696951079,3242.516148223
2026-01-09,2026_basic,0.14101043853296139,0.1906033453331969,0.14101043852925366,0.19060334533148995,20241,240,4857840,4857840,0.11838768173245377,0.09640839299997186,0.1070280416359705,3221.696951079,3242.516148223
2026-01-10,2026_basic,0.14101043853296139,0.1906033453331969,0.14101043852925366,0.19060334533148995,20241,240,4857840,4857840,0.11838768173245377,0.09640839299997186,0.1070280416359705,3221.696951079,3242.516148223
2026-01-11,2026_basic,0.14101043853296139,0.1906033453331969,0.14101043852925366,0.19060334533148995,20241,240,4857840,4857840,0.11838768173245377,0.09640839299997186,0.1070280416359705,3221.696951079,3242.516148223
2026-01-12,2026_basic,0.14101043853296139,0.1906033453331969,0.14101043852925366,0.19060334533148995,20241,240,4857840,4857840,0.11838768173245377,0.09640839299997186,0.1070280416359705,3221.696951079,3242.516148223
2026-01-13,2026_basic,0.14101043853296139,0.1906033453331969,0.14101043852925366,0.19060334533148995,20241,240,4857840,4857840,0.11838768173245377,0.09640839299997186,0.1070280416359705,3221.696951079,3242.516148223
2026-01-14,2026_basic,0.14101043853296139,0.1906033453331969,0.14101043852925366,0.19060334533148995,20241,240,4857840,4857840,0.11838768173245377,0.09640839299997186,0.1070280416359705,3221.696951079,3242.516148223
2026-01-15,2026_rev_1,0.14102129972933491,0.19061420652939146,0.14102129972550329,0.1906142065277396,20241,240,4857840,4857840,0.11920467618105766,0.09722538744857576,0.10784503608457432,3221.696951079,3242.516148223
2026-01-16,2026_rev_1,0.14102129972933491,0.19061420652939146,0.14102129972550329,0.1906142065277396,20241,240,4857840,4857840,0.11920467618105766,0.09722538744857576,0.10784503608457432,3221.696951079,3242.516148223
2026-01-17,2026_rev_1,0.14102129972933491,0.19061420652939146,0.14102129972550329,0.1906142065277396,20241,240,4857840,4857840,0.11920467618105766,0.09722538744857576,0.10784503608457432,3221.696951079,3242.516148223
2026-01-18,2026_rev_1,0.14102129972933491,0.19061420652939146,0.14102129972550329,0.1906142065277396,20241,240,4857840,4857840,0.11920467618105766,0.09722538744857576,0.10784503608457432,3221.696951079,3242.516148223
2026-01-19,2026_rev_1,0.14102129972933491,0.19061420652939146,0.14102129972550329,0.1906142065277396,20241,240,4857840,4857840,0.11920467618105766,0.09722538744857576,0.10784503608457432,3221.696951079,3242.516148223
2026-01-20,2026_rev_1,0.14102129972933491,0.19061420652939146,0.14102129972550329,0.1906142065277396,20241,240,4857840,4857840,0.11920467618105766,0.09722538744857576,0.10784503608457432,3221.696951079,3242.516148223
2026-01-21,2026_rev_1,0.14102129972933491,0.19061420652939146,0.14102129972550329,0.1906142065277396,20241,240,4857840,4857840,0.11920467618105766,0.09722538744857576,0.10784503608457432,3221.696951079,3242.516148223
2026-01-22,2026_rev_1,0.14102129972933491,0.19061420652939146,0.14102129972550329,0.1906142065277396,20241,240,4857840,4857840,0.11920467618105766,0.09722538744857576,0.10784503608457432,3221.696951079,3242.516148223
2026-01-23,2026_rev_1,0.14102129972933491,0.19061420652939146,0.14102129972550329,0.1906142065277396,20241,240,4857840,4857840,0.11920467618105766,0.09722538744857576,0.10784503608457432,3221.696951079,3242.516148223
2026-01-24,2026_rev_1,0.14102129972933491,0.19061420652939146,0.14102129972550329,0.1906142065277396,20241,240,4857840,4857840,0.11920467618105766,0.09722538744857576,0.10784503608457432,3221.696951079,3242.516148223
2026-01-25,2026_rev_1,0.14102129972933491,0.19061420652939146,0.14102129972550329,0.1906142065277396,20241,240,4857840,4857840,0.11920467618105766,0.09722538744857576,0.10784503608457432,3221.696951079,3242.516148223
2026-01-26,2026_rev_1,0.14102129972933491,0.19061420652939146,0.14102129972550329,0.1906142065277396,20241,240,4857840,4857840,0.11920467618105766,0.09722538744857576,0.10784503608457432,3221.696951079,3242.516148223
2026-01-27,2026_rev_1,0.14102129972933491,0.19061420652939146,0.14102129972550329,0.1906142065277396,20241,240,4857840,4857840,0.11920467618105766,0.09722538744857576,0.10784503608457432,3221.696951079,3242.516148223
2026-01-28,2026_rev_1,0.14102129972933491,0.19061420652939146,0.14102129972550329,0.1906142065277396,20241,240,4857840,4857840,0.11920467618105766,0.09722538744857576,0.10784503608457432,3221.696951079,3242.516148223
2026-01-29,2026_rev_1,0.14102129972933491,0.19061420652939146,0.14102129972550329,0.1906142065277396,20241,240,4857840,4857840,0.11920467618105766,0.09722538744857576,0.10784503608457432,3221.696951079,3242.516148223
2026-01-30,2026_rev_1,0.14102129972933491,0.19061420652939146,0.14102129972550329,0.1906142065277396,20241,240,4857840,4857840,0.11920467618105766,0.09722538744857576,0.10784503608457432,3221.696951079,3242.516148223
2026-01-31,2026_rev_1,0.14102129972933491,0.19061420652939146,0.14102129972550329,0.1906142065277396,20241,240,4857840,4857840,0.11920467618105766,0.09722538744857576,0.10784503608457432,3221.696951079,3242.516148223
2026-02-01,2026_rev_2,0.14076069083573664,0.19031353856432268,0.14076069083182527,0.19031353856264735,20328,240,4878720,4878720,0.11581398967506432,0.09383470094258241,0.10486467789257632,3126.134902096,3242.516148223
2026-02-02,2026_rev_2,0.14076069083573664,0.19031353856432268,0.14076069083182527,0.19031353856264735,20328,240,4878720,4878720,0.11581398967506432,0.09383470094258241,0.10486467789257632,3126.134902096,3242.516148223
2026-02-03,2026_rev_2,0.14076069083573664,0.19031353856432268,0.14076069083182527,0.19031353856264735,20328,240,4878720,4878720,0.11581398967506432,0.09383470094258241,0.10486467789257632,3126.134902096,3242.516148223
2026-02-04,2026_rev_2,0.14076069083573664,0.19031353856432268,0.14076069083182527,0.19031353856264735,20328,240,4878720,4878720,0.11581398967506432,0.09383470094258241,0.10486467789257632,3126.134902096,3242.516148223
2026-02-05,2026_rev_2,0.14076069083573664,0.19031353856432268,0.14076069083182527,0.19031353856264735,20328,240,4878720,4878720,0.11581398967506432,0.09383470094258241,0.10486467789257632,3126.134902096,3242.516148223
2026-02-06,2026_rev_2,0.14076069083573664,0.19031353856432268,0.14076069083182527,0.19031353856264735,20328,240,4878720,4878720,0.11581398967506432,0.09383470094258241,0.10486467789257632,3126.134902096,3242.516148223
2026-02-07,2026_rev_3,0.13994100744164442,0.1894914176255809,0.1399410074378201,0.18949141762390992,20329,240,4878960,4878960,0.11255717251610876,0.09057788378362686,0.10160786073362076,3126.724932197,3242.516148223
2026-02-08,2026_rev_3,0.13994100744164442,0.1894914176255809,0.1399410074378201,0.18949141762390992,20329,240,4878960,4878960,0.11255717251610876,0.09057788378362686,0.10160786073362076,3126.724932197,3242.516148223
2026-02-09,2026_rev_3,0.13994100744164442,0.1894914176255809,0.1399410074378201,0.18949141762390992,20329,240,4878960,4878960,0.11255717251610876,0.09057788378362686,0.10160786073362076,3126.724932197,3242.516148223
2026-02-10,2026_rev_3,0.13994100744164442,0.1894914176255809,0.1399410074378201,0.18949141762390992,20329,240,4878960,4878960,0.11255717251610876,0.09057788378362686,0.10160786073362076,3126.724932197,3242.516148223
2026-02-11,2026_rev_3,0.13994100744164442,0.1894914176255809,0.1399410074378201,0.18949141762390992,20329,240,4878960,4878960,0.11255717251610876,0.09057788378362686,0.10160786073362076,3126.724932197,3242.516148223
2026-02-12,2026_rev_3,0.13994100744164442,0.1894914176255809,0.1399410074378201,0.18949141762390992,20329,240,4878960,4878960,0.11255717251610876,0.09057788378362686,0.10160786073362076,3126.724932197,3242.516148223
2026-02-13,2026_rev_3,0.13994100744164442,0.1894914176255809,0.1399410074378201,0.18949141762390992,20329,240,4878960,4878960,0.11255717251610876,0.09057788378362686,0.10160786073362076,3126.724932197,3242.516148223
2026-02-14,2026_rev_3,0.13994100744164442,0.1894914176255809,0.1399410074378201,0.18949141762390992,20329,240,4878960,4878960,0.11255717251610876,0.09057788378362686,0.10160786073362076,3126.724932197,3242.516148223
2026-02-15,2026_rev_3,0.13994100744164442,0.1894914176255809,0.1399410074378201,0.18949141762390992,20329,240,4878960,4878960,0.11255717251610876,0.09057788378362686,0.10160786073362076,3126.724932197,3242.516148223
2026-02-16,2026_rev_3,0.13994100744164442,0.1894914176255809,0.1399410074378201,0.18949141762390992,20329,240,4878960,4878960,0.11255717251610876,0.09057788378362686,0.10160786073362076,3126.724932197,3242.516148223
2026-02-17,2026_rev_3,0.13994100744164442,0.1894914176255809,0.1399410074378201,0.18949141762390992,20329,240,4878960,4878960,0.11255717251610876,0.09057788378362686,0.10160786073362076,3126.724932197,3242.516148223
2026-02-18,2026_rev_3,0.13994100744164442,0.1894914176255809,0.1399410074378201,0.18949141762390992,20329,240,4878960,4878960,0.11255717251610876,0.09057788378362686,0.10160786073362076,3126.724932197,3242.516148223
2026-02-19,2026_rev_3,0.13994100744164442,0.1894914176255809,0.1399410074378201,0.18949141762390992,20329,240,4878960,4878960,0.11255717251610876,0.09057788378362686,0.10160786073362076,3126.724932197,3242.516148223
2026-02-20,bnd_2026-02-20,0.04021125531446767,0.08976166549852314,0.04021125531453646,0.08976166549841737,20329,240,4878960,4878960,0.057332046568034936,0.03535275783555303,0.046382734785549,3126.724932197,3242.516148223
2026-02-21,bnd_2026-02-20,0.04021125531446767,0.08976166549852314,0.04021125531453646,0.08976166549841737,20329,240,4878960,4878960,0.057332046568034936,0.03535275783555303,0.046382734785549,3126.724932197,3242.516148223
2026-02-22,bnd_2026-02-20,0.04021125531446767,0.08976166549852314,0.04021125531453646,0.08976166549841737,20329,240,4878960,4878960,0.057332046568034936,0.03535275783555303,0.046382734785549,3126.724932197,3242.516148223
2026-02-23,bnd_2026-02-20,0.04021125531446767,0.08976166549852314,0.04021125531453646,0.08976166549841737,20329,240,4878960,4878960,0.057332046568034936,0.03535275783555303,0.046382734785549,3126.724932197,3242.516148223
2026-02-24,2026_rev_4,0.11800340687214919,0.16755381705616806,0.11800340686434407,0.1675538170517354,20329,240,4878960,4878960,0.08716894968890064,0.06518966095641873,0.07621963790641272,3126.724932197,3242.516148223
2026-02-25,2026_rev_4,0.11800340687214919,0.16755381705616806,0.11800340686434407,0.1675538170517354,20329,240,4878960,4878960,0.08716894968890064,0.06518966095641873,0.07621963790641272,3126.724932197,3242.516148223
2026-02-26,2026_rev_4,0.11800340687214919,0.16755381705616806,0.11800340686434407,0.1675538170517354,20329,240,4878960,4878960,0.08716894968890064,0.06518966095641873,0.07621963790641272,3126.724932197,3242.516148223
2026-02-27,2026_rev_4,0.11800340687214919,0.16755381705616806,0.11800340686434407,0.1675538170517354,20329,240,4878960,4878960,0.08716894968890064,0.06518966095641873,0.07621963790641272,3126.724932197,3242.516148223
2026-02-28,2026_rev_4,0.11800340687214919,0.16755381705616806,0.11800340686434407,0.1675538170517354,20329,240,4878960,4878960,0.08716894968890064,0.06518966095641873,0.07621963790641272,3126.724932197,3242.516148223
2026-03-01,2026_rev_4,0.11800340687214919,0.16755381705616806,0.11800340686434407,0.1675538170517354,20329,240,4878960,4878960,0.08716894968890064,0.06518966095641873,0.07621963790641272,3126.724932197,3242.516148223
2026-03-02,2026_rev_4,0.11800340687214919,0.16755381705616806,0.11800340686434407,0.1675538170517354,20329,240,4878960,4878960,0.08716894968890064,0.06518966095641873,0.07621963790641272,3126.724932197,3242.516148223
2026-03-03,2026_rev_4,0.11800340687214919,0.16755381705616806,0.11800340686434407,0.1675538170517354,20329,240,4878960,4878960,0.08716894968890064,0.06518966095641873,0.07621963790641272,3126.724932197,3242.516148223
2026-03-04,2026_rev_4,0.11800340687214919,0.16755381705616806,0.11800340686434407,0.1675538170517354,20329,240,4878960,4878960,0.08716894968890064,0.06518966095641873,0.07621963790641272,3126.724932197,3242.516148223
2026-03-05,2026_rev_4,0.11800340687214919,0.16755381705616806,0.11800340686434407,0.1675538170517354,20329,240,4878960,4878960,0.08716894968890064,0.06518966095641873,0.07621963790641272,3126.724932197,3242.516148223
2026-03-06,2026_rev_4,0.11800340687214919,0.16755381705616806,0.11800340686434407,0.1675538170517354,20329,240,4878960,4878960,0.08716894968890064,0.06518966095641873,0.07621963790641272,3126.724932197,3242.516148223
2026-03-07,2026_rev_4,0.11800340687214919,0.16755381705616806,0.11800340686434407,0.1675538170517354,20329,240,4878960,4878960,0.08716894968890064,0.06518966095641873,0.07621963790641272,3126.724932197,3242.516148223
2026-03-08,2026_rev_4,0.11800340687214919,0.16755381705616806,0.11800340686434407,0.1675538170517354,20329,240,4878960,4878960,0.08716894968890064,0.06518966095641873,0.07621963790641272,3126.724932197,3242.516148223
2026-03-09,2026_rev_4,0.11800340687214919,0.16755381705616806,0.11800340686434407,0.1675538170517354,20329,240,4878960,4878960,0.08716894968890064,0.06518966095641873,0.07621963790641272,3126.724932197,3242.516148223
2026-03-10,2026_rev_4,0.11800340687214919,0.16755381705616806,0.11800340686434407,0.1675538170517354,20329,240,4878960,4878960,0.08716894968890064,0.06518966095641873,0.07621963790641272,3126.724932197,3242.516148223
2026-03-11,2026_rev_4,0.11800340687214919,0.16755381705616806,0.11800340686434407,0.1675538170517354,20329,240,4878960,4878960,0.08716894968890064,0.06518966095641873,0.07621963790641272,3126.724932197,3242.516148223
2026-03-12,2026_rev_4,0.11800340687214919,0.16755381705616806,0.11800340686434407,0.1675538170517354,20329,240,4878960,4878960,0.08716894968890064,0.06518966095641873,0.07621963790641272,3126.724932197,3242.516148223
2026-03-13,2026_rev_4,0.11800340687214919,0.16755381705616806,0.11800340686434407,0.1675538170517354,20329,240,4878960,4878960,0.08716894968890064,0.06518966095641873,0.07621963790641272,3126.724932197,3242.516148223
2026-03-14,2026_rev_4,0.11800340687214919,0.16755381705616806,0.11800340686434407,0.1675538170517354,20329,240,4878960,4878960,0.08716894968890064,0.06518966095641873,0.07621963790641272,3126.724932197,3242.516148223
2026-03-15,2026_rev_4,0.11800340687214919,0.16755381705616806,0.11800340686434407,0.1675538170517354,20329,240,4878960,4878960,0.08716894968890064,0.06518966095641873,0.07621963790641272,3126.724932197,3242.516148223
2026-03-16,2026_rev_4,0.11800340687214919,0.16755381705616806,0.11800340686434407,0.1675538170517354,20329,240,4878960,4878960,0.08716894968890064,0.06518966095641873,0.07621963790641272,3126.724932197,3242.516148223
2026-03-17,2026_rev_4,0.11800340687214919,0.16755381705616806,0.11800340686434407,0.1675538170517354,20329,240,4878960,4878960,0.08716894968890064,0.06518966095641873,0.07621963790641272,3126.724932197,3242.516148223
2026-03-18,2026_rev_4,0.11800340687214919,0.16755381705616806,0.11800340686434407,0.1675538170517354,20329,240,4878960,4878960,0.08716894968890064,0.06518966095641873,0.07621963790641272,3126.724932197,3242.516148223
2026-03-19,2026_rev_4,0.11800340687214919,0.16755381705616806,0.11800340686434407,0.1675538170517354,20329,240,4878960,4878960,0.08716894968890064,0.06518966095641873,0.07621963790641272,3126.724932197,3242.516148223
2026-03-20,2026_rev_4,0.11800340687214919,0.16755381705616806,0.11800340686434407,0.1675538170517354,20329,240,4878960,4878960,0.08716894968890064,0.06518966095641873,0.07621963790641272,3126.724932197,3242.516148223
2026-03-21,2026_rev_4,0.11800340687214919,0.16755381705616806,0.11800340686434407,0.1675538170517354,20329,240,4878960,4878960,0.08716894968890064,0.06518966095641873,0.07621963790641272,3126.724932197,3242.516148223
2026-03-22,2026_rev_4,0.11800340687214919,0.16755381705616806,0.11800340686434407,0.1675538170517354,20329,240,4878960,4878960,0.08716894968890064,0.06518966095641873,0.07621963790641272,3126.724932197,3242.516148223
2026-03-23,2026_rev_4,0.11800340687214919,0.16755381705616806,0.11800340686434407,0.1675538170517354,20329,240,4878960,4878960,0.08716894968890064,0.06518966095641873,0.07621963790641272,3126.724932197,3242.516148223
2026-03-24,2026_rev_4,0.11800340687214919,0.16755381705616806,0.11800340686434407,0.1675538170517354,20329,240,4878960,4878960,0.08716894968890064,0.06518966095641873,0.07621963790641272,3126.724932197,3242.516148223
2026-03-25,2026_rev_4,0.11800340687214919,0.16755381705616806,0.11800340686434407,0.1675538170517354,20329,240,4878960,4878960,0.08716894968890064,0.06518966095641873,0.07621963790641272,3126.724932197,3242.516148223
2026-03-26,2026_rev_4,0.11800340687214919,0.16755381705616806,0.11800340686434407,0.1675538170517354,20329,240,4878960,4878960,0.08716894968890064,0.06518966095641873,0.07621963790641272,3126.724932197,3242.516148223
2026-03-27,2026_rev_4,0.11800340687214919,0.16755381705616806,0.11800340686434407,0.1675538170517354,20329,240,4878960,4878960,0.08716894968890064,0.06518966095641873,0.07621963790641272,3126.724932197,3242.516148223
2026-03-28,2026_rev_4,0.11800340687214919,0.16755381705616806,0.11800340686434407,0.1675538170517354,20329,240,4878960,4878960,0.08716894968890064,0.06518966095641873,0.07621963790641272,3126.724932197,3242.516148223
2026-03-29,2026_rev_4,0.11800340687214919,0.16755381705616806,0.11800340686434407,0.1675538170517354,20329,240,4878960,4878960,0.08716894968890064,0.06518966095641873,0.07621963790641272,3126.724932197,3242.516148223
2026-03-30,2026_rev_4,0.11800340687214919,0.16755381705616806,0.11800340686434407,0.1675538170517354,20329,240,4878960,4878960,0.08716894968890064,0.06518966095641873,0.07621963790641272,3126.724932197,3242.516148223
2026-03-31,2026_rev_4,0.11800340687214919,0.16755381705616806,0.11800340686434407,0.1675538170517354,20329,240,4878960,4878960,0.08716894968890064,0.06518966095641873,0.07621963790641272,3126.724932197,3242.516148223
2026-04-01,bnd_2026-04-01,0.11800340687214919,0.16755381705616806,0.11800340686434407,0.1675538170517354,20329,240,4878960,4878960,0.08716894968890064,0.06518966095641873,0.07621963790641272,3126.724932197,3242.516148223
2026-04-02,bnd_2026-04-01,0.11800340687214919,0.16755381705616806,0.11800340686434407,0.1675538170517354,20329,240,4878960,4878960,0.08716894968890064,0.06518966095641873,0.07621963790641272,3126.724932197,3242.516148223
2026-04-03,bnd_2026-04-01,0.11800340687214919,0.16755381705616806,0.11800340686434407,0.1675538170517354,20329,240,4878960,4878960,0.08716894968890064,0.06518966095641873,0.07621963790641272,3126.724932197,3242.516148223
2026-04-04,bnd_2026-04-01,0.11800340687214919,0.16755381705616806,0.11800340686434407,0.1675538170517354,20329,240,4878960,4878960,0.08716894968890064,0.06518966095641873,0.07621963790641272,3126.724932197,3242.516148223
2026-04-05,bnd_2026-04-01,0.11800340687214919,0.16755381705616806,0.11800340686434407,0.1675538170517354,20329,240,4878960,4878960,0.08716894968890064,0.06518966095641873,0.07621963790641272,3126.724932197,3242.516148223
2026-04-06,2026_rev_5,0.12076427509417248,0.17031468527817267,0.12076427508625973,0.17031468527383667,20329,240,4878960,4878960,0.09447046264709417,0.07249117391461227,0.08352115086460513,3126.724932197,3242.516148223
2026-04-07,2026_rev_5,0.12076427509417248,0.17031468527817267,0.12076427508625973,0.17031468527383667,20329,240,4878960,4878960,0.09447046264709417,0.07249117391461227,0.08352115086460513,3126.724932197,3242.516148223
2026-04-08,2026_rev_5,0.12076427509417248,0.17031468527817267,0.12076427508625973,0.17031468527383667,20329,240,4878960,4878960,0.09447046264709417,0.07249117391461227,0.08352115086460513,3126.724932197,3242.516148223
2026-04-09,2026_rev_5,0.12076427509417248,0.17031468527817267,0.12076427508625973,0.17031468527383667,20329,240,4878960,4878960,0.09447046264709417,0.07249117391461227,0.08352115086460513,3126.724932197,3242.516148223
2026-04-10,2026_rev_5,0.12076427509417248,0.17031468527817267,0.12076427508625973,0.17031468527383667,20329,240,4878960,4878960,0.09447046264709417,0.07249117391461227,0.08352115086460513,3126.724932197,3242.516148223
2026-04-11,2026_rev_5,0.12076427509417248,0.17031468527817267,0.12076427508625973,0.17031468527383667,20329,240,4878960,4878960,0.09447046264709417,0.07249117391461227,0.08352115086460513,3126.724932197,3242.516148223
2026-04-12,2026_rev_5,0.12076427509417248,0.17031468527817267,0.12076427508625973,0.17031468527383667,20329,240,4878960,4878960,0.09447046264709417,0.07249117391461227,0.08352115086460513,3126.724932197,3242.516148223
2026-04-13,2026_rev_5,0.12076427509417248,0.17031468527817267,0.12076427508625973,0.17031468527383667,20329,240,4878960,4878960,0.09447046264709417,0.07249117391461227,0.08352115086460513,3126.724932197,3242.516148223
2026-04-14,2026_rev_5,0.12076427509417248,0.17031468527817267,0.12076427508625973,0.17031468527383667,20329,240,4878960,4878960,0.09447046264709417,0.07249117391461227,0.08352115086460513,3126.724932197,3242.516148223
2026-04-15,2026_rev_5,0.12076427509417248,0.17031468527817267,0.12076427508625973,0.17031468527383667,20329,240,4878960,4878960,0.09447046264709417,0.07249117391461227,0.08352115086460513,3126.724932197,3242.516148223
2026-04-16,2026_rev_5,0.12076427509417248,0.17031468527817267,0.12076427508625973,0.17031468527383667,20329,240,4878960,4878960,0.09447046264709417,0.07249117391461227,0.08352115086460513,3126.724932197,3242.516148223
2026-04-17,2026_rev_5,0.12076427509417248,0.17031468527817267,0.12076427508625973,0.17031468527383667,20329,240,4878960,4878960,0.09447046264709417,0.07249117391461227,0.08352115086460513,3126.724932197,3242.516148223
2026-04-18,2026_rev_5,0.12076427509417248,0.17031468527817267,0.12076427508625973,0.17031468527383667,20329,240,4878960,4878960,0.09447046264709417,0.07249117391461227,0.08352115086460513,3126.724932197,3242.516148223
2026-04-19,2026_rev_5,0.12076427509417248,0.17031468527817267,0.12076427508625973,0.17031468527383667,20329,240,4878960,4878960,0.09447046264709417,0.07249117391461227,0.08352115086460513,3126.724932197,3242.516148223
2026-04-20,2026_rev_5,0.12076427509417248,0.17031468527817267,0.12076427508625973,0.17031468527383667,20329,240,4878960,4878960,0.09447046264709417,0.07249117391461227,0.08352115086460513,3126.724932197,3242.516148223
2026-04-21,2026_rev_5,0.12076427509417248,0.17031468527817267,0.12076427508625973,0.17031468527383667,20329,240,4878960,4878960,0.09447046264709417,0.07249117391461227,0.08352115086460513,3126.724932197,3242.516148223
2026-04-22,2026_rev_5,0.12076427509417248,0.17031468527817267,0.12076427508625973,0.17031468527383667,20329,240,4878960,4878960,0.09447046264709417,0.07249117391461227,0.08352115086460513,3126.724932197,3242.516148223
2026-04-23,2026_rev_6,0.12076427509417248,0.17031468527817267,0.12076427508625973,0.17031468527383667,20329,240,4878960,4878960,0.09447046264709417,0.07249117391461227,0.08352115086460513,3126.724932197,3242.516148223
2026-04-24,2026_rev_6,0.12076427509417248,0.17031468527817267,0.12076427508625973,0.17031468527383667,20329,240,4878960,4878960,0.09447046264709417,0.07249117391461227,0.08352115086460513,3126.724932197,3242.516148223
2026-04-25,2026_rev_6,0.12076427509417248,0.17031468527817267,0.12076427508625973,0.17031468527383667,20329,240,4878960,4878960,0.09447046264709417,0.07249117391461227,0.08352115086460513,3126.724932197,3242.516148223
2026-04-26,2026_rev_6,0.12076427509417248,0.17031468527817267,0.12076427508625973,0.17031468527383667,20329,240,4878960,4878960,0.09447046264709417,0.07249117391461227,0.08352115086460513,3126.724932197,3242.516148223
2026-04-27,2026_rev_6,0.12076427509417248,0.17031468527817267,0.12076427508625973,0.17031468527383667,20329,240,4878960,4878960,0.09447046264709417,0.07249117391461227,0.08352115086460513,3126.724932197,3242.516148223
2026-04-28,2026_rev_6,0.12076427509417248,0.17031468527817267,0.12076427508625973,0.17031468527383667,20329,240,4878960,4878960,0.09447046264709417,0.07249117391461227,0.08352115086460513,3126.724932197,3242.516148223
2026-04-29,2026_rev_7,0.12076427509417248,0.17031468527817267,0.12076427508625973,0.17031468527383667,20329,240,4878960,4878960,0.09447046264709417,0.07249117391461227,0.08352115086460513,3126.724932197,3242.516148223
2026-04-30,2026_rev_7,0.12076427509417248,0.17031468527817267,0.12076427508625973,0.17031468527383667,20329,240,4878960,4878960,0.09447046264709417,0.07249117391461227,0.08352115086460513,3126.724932197,3242.516148223
2026-05-01,2026_rev_9,0.12074259479735015,0.1702673609823965,0.1207425947893887,0.17026736097808487,20329,240,4878960,4878960,0.09424346564639098,0.07226417691390907,0.0833666543878142,3126.724932197,3242.516148223
2026-05-02,2026_rev_9,0.12074259479735015,0.1702673609823965,0.1207425947893887,0.17026736097808487,20329,240,4878960,4878960,0.09424346564639098,0.07226417691390907,0.0833666543878142,3126.724932197,3242.516148223
2026-05-03,2026_rev_9,0.12074259479735015,0.1702673609823965,0.1207425947893887,0.17026736097808487,20329,240,4878960,4878960,0.09424346564639098,0.07226417691390907,0.0833666543878142,3126.724932197,3242.516148223
2026-05-04,2026_rev_9,0.12074259479735015,0.1702673609823965,0.1207425947893887,0.17026736097808487,20329,240,4878960,4878960,0.09424346564639098,0.07226417691390907,0.0833666543878142,3126.724932197,3242.516148223
2026-05-05,2026_rev_9,0.12074259479735015,0.1702673609823965,0.1207425947893887,0.17026736097808487,20329,240,4878960,4878960,0.09424346564639098,0.07226417691390907,0.0833666543878142,3126.724932197,3242.516148223
2026-05-06,2026_rev_9,0.12074259479735015,0.1702673609823965,0.1207425947893887,0.17026736097808487,20329,240,4878960,4878960,0.09424346564639098,0.07226417691390907,0.0833666543878142,3126.724932197,3242.516148223
2026-05-07,2026_rev_9,0.12074259479735015,0.1702673609823965,0.1207425947893887,0.17026736097808487,20329,240,4878960,4878960,0.09424346564639098,0.07226417691390907,0.0833666543878142,3126.724932197,3242.516148223
2026-05-08,2026_rev_9,0.12074259479735015,0.1702673609823965,0.1207425947893887,0.17026736097808487,20329,240,4878960,4878960,0.09424346564639098,0.07226417691390907,0.0833666543878142,3126.724932197,3242.516148223
2026-05-09,2026_rev_9,0.12074259479735015,0.1702673609823965,0.1207425947893887,0.17026736097808487,20329,240,4878960,4878960,0.09424346564639098,0.07226417691390907,0.0833666543878142,3126.724932197,3242.516148223
2026-05-10,2026_rev_9,0.12074259479735015,0.1702673609823965,0.1207425947893887,0.17026736097808487,20329,240,4878960,4878960,0.09424346564639098,0.07226417691390907,0.0833666543878142,3126.724932197,3242.516148223
2026-05-11,2026_rev_9,0.12074259479735015,0.1702673609823965,0.1207425947893887,0.17026736097808487,20329,240,4878960,4878960,0.09424346564639098,0.07226417691390907,0.0833666543878142,3126.724932197,3242.516148223
2026-05-12,2026_rev_9,0.12074259479735015,0.1702673609823965,0.1207425947893887,0.17026736097808487,20329,240,4878960,4878960,0.09424346564639098,0.07226417691390907,0.0833666543878142,3126.724932197,3242.516148223
2026-05-13,2026_rev_9,0.12074259479735015,0.1702673609823965,0.1207425947893887,0.17026736097808487,20329,240,4878960,4878960,0.09424346564639098,0.07226417691390907,0.0833666543878142,3126.724932197,3242.516148223
2026-05-14,2026_rev_9,0.12074259479735015,0.1702673609823965,0.1207425947893887,0.17026736097808487,20329,240,4878960,4878960,0.09424346564639098,0.07226417691390907,0.0833666543878142,3126.724932197,3242.516148223
2026-05-15,2026_rev_9,0.12074259479735015,0.1702673609823965,0.1207425947893887,0.17026736097808487,20329,240,4878960,4878960,0.09424346564639098,0.07226417691390907,0.0833666543878142,3126.724932197,3242.516148223
2026-05-16,2026_rev_9,0.12074259479735015,0.1702673609823965,0.1207425947893887,0.17026736097808487,20329,240,4878960,4878960,0.09424346564639098,0.07226417691390907,0.0833666543878142,3126.724932197,3242.516148223
2026-05-17,2026_rev_9,0.12074259479735015,0.1702673609823965,0.1207425947893887,0.17026736097808487,20329,240,4878960,4878960,0.09424346564639098,0.07226417691390907,0.0833666543878142,3126.724932197,3242.516148223
2026-05-18,2026_rev_9,0.12074259479735015,0.1702673609823965,0.1207425947893887,0.17026736097808487,20329,240,4878960,4878960,0.09424346564639098,0.07226417691390907,0.0833666543878142,3126.724932197,3242.516148223
2026-05-19,2026_rev_9,0.12074259479735015,0.1702673609823965,0.1207425947893887,0.17026736097808487,20329,240,4878960,4878960,0.09424346564639098,0.07226417691390907,0.0833666543878142,3126.724932197,3242.516148223
2026-05-20,2026_rev_9,0.12074259479735015,0.1702673609823965,0.1207425947893887,0.17026736097808487,20329,240,4878960,4878960,0.09424346564639098,0.07226417691390907,0.0833666543878142,3126.724932197,3242.516148223
2026-05-21,2026_rev_9,0.12074259479735015,0.1702673609823965,0.1207425947893887,0.17026736097808487,20329,240,4878960,4878960,0.09424346564639098,0.07226417691390907,0.0833666543878142,3126.724932197,3242.516148223
2026-05-22,2026_rev_9,0.12074259479735015,0.1702673609823965,0.1207425947893887,0.17026736097808487,20329,240,4878960,4878960,0.09424346564639098,0.07226417691390907,0.0833666543878142,3126.724932197,3242.516148223
2026-05-23,2026_rev_9,0.12074259479735015,0.1702673609823965,0.1207425947893887,0.17026736097808487,20329,240,4878960,4878960,0.09424346564639098,0.07226417691390907,0.0833666543878142,3126.724932197,3242.516148223
2026-05-24,2026_rev_9,0.12074259479735015,0.1702673609823965,0.1207425947893887,0.17026736097808487,20329,240,4878960,4878960,0.09424346564639098,0.07226417691390907,0.0833666543878142,3126.724932197,3242.516148223
2026-05-25,2026_rev_9,0.12074259479735015,0.1702673609823965,0.1207425947893887,0.17026736097808487,20329,240,4878960,4878960,0.09424346564639098,0.07226417691390907,0.0833666543878142,3126.724932197,3242.516148223
2026-05-26,2026_rev_9,0.12074259479735015,0.1702673609823965,0.1207425947893887,0.17026736097808487,20329,240,4878960,4878960,0.09424346564639098,0.07226417691390907,0.0833666543878142,3126.724932197,3242.516148223
2026-05-27,2026_rev_9,0.12074259479735015,0.1702673609823965,0.1207425947893887,0.17026736097808487,20329,240,4878960,4878960,0.09424346564639098,0.07226417691390907,0.0833666543878142,3126.724932197,3242.516148223
2026-05-28,2026_rev_9,0.12074259479735015,0.1702673609823965,0.1207425947893887,0.17026736097808487,20329,240,4878960,4878960,0.09424346564639098,0.07226417691390907,0.0833666543878142,3126.724932197,3242.516148223
2026-05-29,2026_rev_9,0.12074259479735015,0.1702673609823965,0.1207425947893887,0.17026736097808487,20329,240,4878960,4878960,0.09424346564639098,0.07226417691390907,0.0833666543878142,3126.724932197,3242.516148223
2026-05-30,2026_rev_9,0.12074259479735015,0.1702673609823965,0.1207425947893887,0.17026736097808487,20329,240,4878960,4878960,0.09424346564639098,0.07226417691390907,0.0833666543878142,3126.724932197,3242.516148223
2026-05-31,2026_rev_9,0.12074259479735015,0.1702673609823965,0.1207425947893887,0.17026736097808487,20329,240,4878960,4878960,0.09424346564639098,0.07226417691390907,0.0833666543878142,3126.724932197,3242.516148223
2026-06-01,2026_rev_9,0.12074259479735015,0.1702673609823965,0.1207425947893887,0.17026736097808487,20329,240,4878960,4878960,0.09424346564639098,0.07226417691390907,0.0833666543878142,3126.724932197,3242.516148223
2026-06-02,2026_rev_9,0.12074259479735015,0.1702673609823965,0.1207425947893887,0.17026736097808487,20329,240,4878960,4878960,0.09424346564639098,0.07226417691390907,0.0833666543878142,3126.724932197,3242.516148223
2026-06-03,2026_rev_9,0.12074259479735015,0.1702673609823965,0.1207425947893887,0.17026736097808487,20329,240,4878960,4878960,0.09424346564639098,0.07226417691390907,0.0833666543878142,3126.724932197,3242.516148223
2026-06-04,2026_rev_9,0.12074259479735015,0.1702673609823965,0.1207425947893887,0.17026736097808487,20329,240,4878960,4878960,0.09424346564639098,0.07226417691390907,0.0833666543878142,3126.724932197,3242.516148223
2026-06-05,2026_rev_9,0.12074259479735015,0.1702673609823965,0.1207425947893887,0.17026736097808487,20329,240,4878960,4878960,0.09424346564639098,0.07226417691390907,0.0833666543878142,3126.724932197,3242.516148223
2026-06-06,2026_rev_9,0.12074259479735015,0.1702673609823965,0.1207425947893887,0.17026736097808487,20329,240,4878960,4878960,0.09424346564639098,0.07226417691390907,0.0833666543878142,3126.724932197,3242.516148223
2026-06-07,2026_rev_9,0.12074259479735015,0.1702673609823965,0.1207425947893887,0.17026736097808487,20329,240,4878960,4878960,0.09424346564639098,0.07226417691390907,0.0833666543878142,3126.724932197,3242.516148223
2026-06-08,2026_rev_10,0.12032049402157656,0.16987090420549752,0.12032049401368347,0.16987090420127302,20329,240,4878960,4878960,0.09361012066784449,0.07163083193536258,0.08266080888535622,3126.724932197,3242.516148223
2026-06-09,2026_rev_10,0.12032049402157656,0.16987090420549752,0.12032049401368347,0.16987090420127302,20329,240,4878960,4878960,0.09361012066784449,0.07163083193536258,0.08266080888535622,3126.724932197,3242.516148223
2026-06-10,2026_rev_10,0.12032049402157656,0.16987090420549752,0.12032049401368347,0.16987090420127302,20329,240,4878960,4878960,0.09361012066784449,0.07163083193536258,0.08266080888535622,3126.724932197,3242.516148223
2026-06-11,2026_rev_10,0.12032049402157656,0.16987090420549752,0.12032049401368347,0.16987090420127302,20329,240,4878960,4878960,0.09361012066784449,0.07163083193536258,0.08266080888535622,3126.724932197,3242.516148223
2026-06-12,2026_rev_10,0.12032049402157656,0.16987090420549752,0.12032049401368347,0.16987090420127302,20329,240,4878960,4878960,0.09361012066784449,0.07163083193536258,0.08266080888535622,3126.724932197,3242.516148223
2026-06-13,2026_rev_10,0.12032049402157656,0.16987090420549752,0.12032049401368347,0.16987090420127302,20329,240,4878960,4878960,0.09361012066784449,0.07163083193536258,0.08266080888535622,3126.724932197,3242.516148223
2026-06-14,2026_rev_10,0.12032049402157656,0.16987090420549752,0.12032049401368347,0.16987090420127302,20329,240,4878960,4878960,0.09361012066784449,0.07163083193536258,0.08266080888535622,3126.724932197,3242.516148223
2026-06-15,2026_rev_10,0.12032049402157656,0.16987090420549752,0.12032049401368347,0.16987090420127302,20329,240,4878960,4878960,0.09361012066784449,0.07163083193536258,0.08266080888535622,3126.724932197,3242.516148223
2026-06-16,2026_rev_10,0.12032049402157656,0.16987090420549752,0.12032049401368347,0.16987090420127302,20329,240,4878960,4878960,0.09361012066784449,0.07163083193536258,0.08266080888535622,3126.724932197,3242.516148223
2026-06-17,2026_rev_10,0.12032049402157656,0.16987090420549752,0.12032049401368347,0.16987090420127302,20329,240,4878960,4878960,0.09361012066784449,0.07163083193536258,0.08266080888535622,3126.724932197,3242.516148223
2026-06-18,2026_rev_10,0.12032049402157656,0.16987090420549752,0.12032049401368347,0.16987090420127302,20329,240,4878960,4878960,0.09361012066784449,0.07163083193536258,0.08266080888535622,3126.724932197,3242.516148223
2026-06-19,2026_rev_10,0.12032049402157656,0.16987090420549752,0.12032049401368347,0.16987090420127302,20329,240,4878960,4878960,0.09361012066784449,0.07163083193536258,0.08266080888535622,3126.724932197,3242.516148223
2026-06-20,2026_rev_10,0.12032049402157656,0.16987090420549752,0.12032049401368347,0.16987090420127302,20329,240,4878960,4878960,0.09361012066784449,0.07163083193536258,0.08266080888535622,3126.724932197,3242.516148223
2026-06-21,2026_rev_10,0.12032049402157656,0.16987090420549752,0.12032049401368347,0.16987090420127302,20329,240,4878960,4878960,0.09361012066784449,0.07163083193536258,0.08266080888535622,3126.724932197,3242.516148223
2026-06-22,2026_rev_10,0.12032049402157656,0.16987090420549752,0.12032049401368347,0.16987090420127302,20329,240,4878960,4878960,0.09361012066784449,0.07163083193536258,0.08266080888535622,3126.724932197,3242.516148223
2026-06-23,2026_rev_10,0.12032049402157656,0.16987090420549752,0.12032049401368347,0.16987090420127302,20329,240,4878960,4878960,0.09361012066784449,0.07163083193536258,0.08266080888535622,3126.724932197,3242.516148223
2026-06-24,2026_rev_10,0.12032049402157656,0.16987090420549752,0.12032049401368347,0.16987090420127302,20329,240,4878960,4878960,0.09361012066784449,0.07163083193536258,0.08266080888535622,3126.724932197,3242.516148223
2026-06-25,2026_rev_10,0.12032049402157656,0.16987090420549752,0.12032049401368347,0.16987090420127302,20329,240,4878960,4878960,0.09361012066784449,0.07163083193536258,0.08266080888535622,3126.724932197,3242.516148223
2026-06-26,2026_rev_10,0.12032049402157656,0.16987090420549752,0.12032049401368347,0.16987090420127302,20329,240,4878960,4878960,0.09361012066784449,0.07163083193536258,0.08266080888535622,3126.724932197,3242.516148223
2026-06-27,2026_rev_10,0.12032049402157656,0.16987090420549752,0.12032049401368347,0.16987090420127302,20329,240,4878960,4878960,0.09361012066784449,0.07163083193536258,0.08266080888535622,3126.724932197,3242.516148223
2026-06-28,2026_rev_10,0.12032049402157656,0.16987090420549752,0.12032049401368347,0.16987090420127302,20329,240,4878960,4878960,0.09361012066784449,0.07163083193536258,0.08266080888535622,3126.724932197,3242.516148223
2026-06-29,2026_rev_10,0.12032049402157656,0.16987090420549752,0.12032049401368347,0.16987090420127302,20329,240,4878960,4878960,0.09361012066784449,0.07163083193536258,0.08266080888535622,3126.724932197,3242.516148223
2026-06-30,2026_rev_10,0.12032049402157656,0.16987090420549752,0.12032049401368347,0.16987090420127302,20329,240,4878960,4878960,0.09361012066784449,0.07163083193536258,0.08266080888535622,3126.724932197,3242.516148223
2026-07-01,2026_rev_11,0.12012007071611083,0.16952900320599376,0.12012007070819578,0.16952900320173125,20422,240,4901280,4901280,0.09166148915537765,0.06968220042289575,0.08098020822000619,3078.898383758,3242.516148223
2026-07-02,2026_rev_11,0.12012007071611083,0.16952900320599376,0.12012007070819578,0.16952900320173125,20422,240,4901280,4901280,0.09166148915537765,0.06968220042289575,0.08098020822000619,3078.898383758,3242.516148223
2026-07-03,2026_rev_11,0.12012007071611083,0.16952900320599376,0.12012007070819578,0.16952900320173125,20422,240,4901280,4901280,0.09166148915537765,0.06968220042289575,0.08098020822000619,3078.898383758,3242.516148223
2026-07-04,2026_rev_11,0.12012007071611083,0.16952900320599376,0.12012007070819578,0.16952900320173125,20422,240,4901280,4901280,0.09166148915537765,0.06968220042289575,0.08098020822000619,3078.898383758,3242.516148223
2026-07-05,2026_rev_11,0.12012007071611083,0.16952900320599376,0.12012007070819578,0.16952900320173125,20422,240,4901280,4901280,0.09166148915537765,0.06968220042289575,0.08098020822000619,3078.898383758,3242.516148223
2026-07-06,2026_rev_11,0.12012007071611083,0.16952900320599376,0.12012007070819578,0.16952900320173125,20422,240,4901280,4901280,0.09166148915537765,0.06968220042289575,0.08098020822000619,3078.898383758,3242.516148223
2026-07-07,2026_rev_11,0.12012007071611083,0.16952900320599376,0.12012007070819578,0.16952900320173125,20422,240,4901280,4901280,0.09166148915537765,0.06968220042289575,0.08098020822000619,3078.898383758,3242.516148223
2026-07-08,2026_rev_11,0.12012007071611083,0.16952900320599376,0.12012007070819578,0.16952900320173125,20422,240,4901280,4901280,0.09166148915537765,0.06968220042289575,0.08098020822000619,3078.898383758,3242.516148223
2026-07-09,2026_rev_11,0.12012007071611083,0.16952900320599376,0.12012007070819578,0.16952900320173125,20422,240,4901280,4901280,0.09166148915537765,0.06968220042289575,0.08098020822000619,3078.898383758,3242.516148223
2026-07-10,2026_rev_11,0.12012007071611083,0.16952900320599376,0.12012007070819578,0.16952900320173125,20422,240,4901280,4901280,0.09166148915537765,0.06968220042289575,0.08098020822000619,3078.898383758,3242.516148223
2026-07-11,2026_rev_11,0.12012007071611083,0.16952900320599376,0.12012007070819578,0.16952900320173125,20422,240,4901280,4901280,0.09166148915537765,0.06968220042289575,0.08098020822000619,3078.898383758,3242.516148223
2026-07-12,2026_rev_11,0.12012007071611083,0.16952900320599376,0.12012007070819578,0.16952900320173125,20422,240,4901280,4901280,0.09166148915537765,0.06968220042289575,0.08098020822000619,3078.898383758,3242.516148223
2026-07-13,2026_rev_11,0.12012007071611083,0.16952900320599376,0.12012007070819578,0.16952900320173125,20422,240,4901280,4901280,0.09166148915537765,0.06968220042289575,0.08098020822000619,3078.898383758,3242.516148223
2026-07-14,2026_rev_11,0.12012007071611083,0.16952900320599376,0.12012007070819578,0.16952900320173125,20422,240,4901280,4901280,0.09166148915537765,0.06968220042289575,0.08098020822000619,3078.898383758,3242.516148223
2026-07-15,2026_rev_11,0.12012007071611083,0.16952900320599376,0.12012007070819578,0.16952900320173125,20422,240,4901280,4901280,0.09166148915537765,0.06968220042289575,0.08098020822000619,3078.898383758,3242.516148223
2026-07-16,2026_rev_11,0.12012007071611083,0.16952900320599376,0.12012007070819578,0.16952900320173125,20422,240,4901280,4901280,0.09166148915537765,0.06968220042289575,0.08098020822000619,3078.898383758,3242.516148223
2026-07-17,2026_rev_11,0.12012007071611083,0.16952900320599376,0.12012007070819578,0.16952900320173125,20422,240,4901280,4901280,0.09166148915537765,0.06968220042289575,0.08098020822000619,3078.898383758,3242.516148223
2026-07-18,2026_rev_11,0.12012007071611083,0.16952900320599376,0.12012007070819578,0.16952900320173125,20422,240,4901280,4901280,0.09166148915537765,0.06968220042289575,0.08098020822000619,3078.898383758,3242.516148223
2026-07-19,2026_rev_11,0.12012007071611083,0.16952900320599376,0.12012007070819578,0.16952900320173125,20422,240,4901280,4901280,0.09166148915537765,0.06968220042289575,0.08098020822000619,3078.898383758,3242.516148223
2026-07-20,2026_rev_11,0.12012007071611083,0.16952900320599376,0.12012007070819578,0.16952900320173125,20422,240,4901280,4901280,0.09166148915537765,0.06968220042289575,0.08098020822000619,3078.898383758,3242.516148223
2026-07-21,2026_rev_12,0.12012007071611083,0.16952900320599376,0.12012007070819578,0.16952900320173125,20422,240,4901280,4901280,0.09166148915537765,0.06968220042289575,0.08098020822000619,3078.898383758,3242.516148223
2026-07-22,bnd_2026-07-22,0.12086316231665568,0.17027209480660718,0.1208631623086319,0.17027209480225633,20422,240,4901280,4901280,0.09218778914695543,0.07020850041447352,0.08150650821158356,3078.898383758,3242.516148223
2026-07-23,bnd_2026-07-22,0.12086316231665568,0.17027209480660718,0.1208631623086319,0.17027209480225633,20422,240,4901280,4901280,0.09218778914695543,0.07020850041447352,0.08150650821158356,3078.898383758,3242.516148223
2026-07-24,bnd_2026-07-24,0.0704754726993765,0.11988440518905283,0.07047547269935832,0.11988440518866311,20422,240,4901280,4901280,0.0895136877566095,0.0675343990241276,0.07883240682123908,3078.898383758,3242.516148223
2026-07-25,bnd_2026-07-24,0.0704754726993765,0.11988440518905283,0.07047547269935832,0.11988440518866311,20422,240,4901280,4901280,0.0895136877566095,0.0675343990241276,0.07883240682123908,3078.898383758,3242.516148223
2026-07-26,bnd_2026-07-24,0.0704754726993765,0.11988440518905283,0.07047547269935832,0.11988440518866311,20422,240,4901280,4901280,0.0895136877566095,0.0675343990241276,0.07883240682123908,3078.898383758,3242.516148223
2026-07-27,bnd_2026-07-24,0.0704754726993765,0.11988440518905283,0.07047547269935832,0.11988440518866311,20422,240,4901280,4901280,0.0895136877566095,0.0675343990241276,0.07883240682123908,3078.898383758,3242.516148223
2026-07-28,bnd_2026-07-24,0.0704754726993765,0.11988440518905283,0.07047547269935832,0.11988440518866311,20422,240,4901280,4901280,0.0895136877566095,0.0675343990241276,0.07883240682123908,3078.898383758,3242.516148223
2026-07-29,bnd_2026-07-24,0.0704754726993765,0.11988440518905283,0.07047547269935832,0.11988440518866311,20422,240,4901280,4901280,0.0895136877566095,0.0675343990241276,0.07883240682123908,3078.898383758,3242.516148223
2026-07-30,bnd_2026-07-24,0.0704754726993765,0.11988440518905283,0.07047547269935832,0.11988440518866311,20422,240,4901280,4901280,0.0895136877566095,0.0675343990241276,0.07883240682123908,3078.898383758,3242.516148223
2026-07-31,bnd_2026-07-31,0.07044085539900846,0.11984978788909857,0.07044085539966417,0.11984978788897074,20422,240,4901280,4901280,0.08947202859090324,0.06749273985842133,0.07879074765553273,3078.898383758,3242.516148223
2026-08-01,bnd_2026-07-31,0.07044085539900846,0.11984978788909857,0.07044085539966417,0.11984978788897074,20422,240,4901280,4901280,0.08947202859090324,0.06749273985842133,0.07879074765553273,3078.898383758,3242.516148223
2026-08-02,bnd_2026-07-31,0.07044085539900846,0.11984978788909857,0.07044085539966417,0.11984978788897074,20422,240,4901280,4901280,0.08947202859090324,0.06749273985842133,0.07879074765553273,3078.898383758,3242.516148223
2026-08-03,bnd_2026-07-31,0.07044085539900846,0.11984978788909857,0.07044085539966417,0.11984978788897074,20422,240,4901280,4901280,0.08947202859090324,0.06749273985842133,0.07879074765553273,3078.898383758,3242.516148223
2026-08-04,bnd_2026-07-31,0.07044085539900846,0.11984978788909857,0.07044085539966417,0.11984978788897074,20422,240,4901280,4901280,0.08947202859090324,0.06749273985842133,0.07879074765553273,3078.898383758,3242.516148223
2026-08-05,bnd_2026-07-31,0.07044085539900846,0.11984978788909857,0.07044085539966417,0.11984978788897074,20422,240,4901280,4901280,0.08947202859090324,0.06749273985842133,0.07879074765553273,3078.898383758,3242.516148223
2026-08-06,bnd_2026-07-31,0.07044085539900846,0.11984978788909857,0.07044085539966417,0.11984978788897074,20422,240,4901280,4901280,0.08947202859090324,0.06749273985842133,0.07879074765553273,3078.898383758,3242.516148223
2026-08-07,bnd_2026-07-31,0.07044085539900846,0.11984978788909857,0.07044085539966417,0.11984978788897074,20422,240,4901280,4901280,0.08947202859090324,0.06749273985842133,0.07879074765553273,3078.898383758,3242.516148223
2026-08-08,bnd_2026-07-31,0.07044085539900846,0.11984978788909857,0.07044085539966417,0.11984978788897074,20422,240,4901280,4901280,0.08947202859090324,0.06749273985842133,0.07879074765553273,3078.898383758,3242.516148223
2026-08-09,bnd_2026-07-31,0.07044085539900846,0.11984978788909857,0.07044085539966417,0.11984978788897074,20422,240,4901280,4901280,0.08947202859090324,0.06749273985842133,0.07879074765553273,3078.898383758,3242.516148223
2026-08-10,bnd_2026-07-31,0.07044085539900846,0.11984978788909857,0.07044085539966417,0.11984978788897074,20422,240,4901280,4901280,0.08947202859090324,0.06749273985842133,0.07879074765553273,3078.898383758,3242.516148223
2026-08-11,bnd_2026-07-31,0.07044085539900846,0.11984978788909857,0.07044085539966417,0.11984978788897074,20422,240,4901280,4901280,0.08947202859090324,0.06749273985842133,0.07879074765553273,3078.898383758,3242.516148223
2026-08-12,bnd_2026-07-31,0.07044085539900846,0.11984978788909857,0.07044085539966417,0.11984978788897074,20422,240,4901280,4901280,0.08947202859090324,0.06749273985842133,0.07879074765553273,3078.898383758,3242.516148223
2026-08-13,bnd_2026-07-31,0.07044085539900846,0.11984978788909857,0.07044085539966417,0.11984978788897074,20422,240,4901280,4901280,0.08947202859090324,0.06749273985842133,0.07879074765553273,3078.898383758,3242.516148223
2026-08-14,bnd_2026-07-31,0.07044085539900846,0.11984978788909857,0.07044085539966417,0.11984978788897074,20422,240,4901280,4901280,0.08947202859090324,0.06749273985842133,0.07879074765553273,3078.898383758,3242.516148223
2026-08-15,bnd_2026-07-31,0.07044085539900846,0.11984978788909857,0.07044085539966417,0.11984978788897074,20422,240,4901280,4901280,0.08947202859090324,0.06749273985842133,0.07879074765553273,3078.898383758,3242.516148223
2026-08-16,bnd_2026-07-31,0.07044085539900846,0.11984978788909857,0.07044085539966417,0.11984978788897074,20422,240,4901280,4901280,0.08947202859090324,0.06749273985842133,0.07879074765553273,3078.898383758,3242.516148223
2026-08-17,bnd_2026-07-31,0.07044085539900846,0.11984978788909857,0.07044085539966417,0.11984978788897074,20422,240,4901280,4901280,0.08947202859090324,0.06749273985842133,0.07879074765553273,3078.898383758,3242.516148223
2026-08-18,bnd_2026-07-31,0.07044085539900846,0.11984978788909857,0.07044085539966417,0.11984978788897074,20422,240,4901280,4901280,0.08947202859090324,0.06749273985842133,0.07879074765553273,3078.898383758,3242.516148223
2026-08-19,bnd_2026-08-19,0.07056147549798542,0.11997040798802414,0.07056147549857689,0.11997040798788135,20422,240,4901280,4901280,0.09211194737419341,0.0701326586417115,0.08143066643882242,3078.898383758,3242.516148223
2026-08-20,bnd_2026-08-19,0.07056147549798542,0.11997040798802414,0.07056147549857689,0.11997040798788135,20422,240,4901280,4901280,0.09211194737419341,0.0701326586417115,0.08143066643882242,3078.898383758,3242.516148223
2026-08-21,bnd_2026-08-19,0.07056147549798542,0.11997040798802414,0.07056147549857689,0.11997040798788135,20422,240,4901280,4901280,0.09211194737419341,0.0701326586417115,0.08143066643882242,3078.898383758,3242.516148223
2026-08-22,bnd_2026-08-19,0.07056147549798542,0.11997040798802414,0.07056147549857689,0.11997040798788135,20422,240,4901280,4901280,0.09211194737419341,0.0701326586417115,0.08143066643882242,3078.898383758,3242.516148223
2026-08-23,bnd_2026-08-19,0.07056147549798542,0.11997040798802414,0.07056147549857689,0.11997040798788135,20422,240,4901280,4901280,0.09211194737419341,0.0701326586417115,0.08143066643882242,3078.898383758,3242.516148223
2026-08-24,bnd_2026-08-19,0.07056147549798542,0.11997040798802414,0.07056147549857689,0.11997040798788135,20422,240,4901280,4901280,0.09211194737419341,0.0701326586417115,0.08143066643882242,3078.898383758,3242.516148223
2026-08-25,bnd_2026-08-19,0.07056147549798542,0.11997040798802414,0.07056147549857689,0.11997040798788135,20422,240,4901280,4901280,0.09211194737419341,0.0701326586417115,0.08143066643882242,3078.898383758,3242.516148223
2026-08-26,bnd_2026-08-19,0.07056147549798542,0.11997040798802414,0.07056147549857689,0.11997040798788135,20422,240,4901280,4901280,0.09211194737419341,0.0701326586417115,0.08143066643882242,3078.898383758,3242.516148223
2026-08-27,bnd_2026-08-19,0.07056147549798542,0.11997040798802414,0.07056147549857689,0.11997040798788135,20422,240,4901280,4901280,0.09211194737419341,0.0701326586417115,0.08143066643882242,3078.898383758,3242.516148223
2026-08-28,bnd_2026-08-19,0.07056147549798542,0.11997040798802414,0.07056147549857689,0.11997040798788135,20422,240,4901280,4901280,0.09211194737419341,0.0701326586417115,0.08143066643882242,3078.898383758,3242.516148223
2026-08-29,bnd_2026-08-19,0.07056147549798542,0.11997040798802414,0.07056147549857689,0.11997040798788135,20422,240,4901280,4901280,0.09211194737419341,0.0701326586417115,0.08143066643882242,3078.898383758,3242.516148223
2026-08-30,bnd_2026-08-19,0.07056147549798542,0.11997040798802414,0.07056147549857689,0.11997040798788135,20422,240,4901280,4901280,0.09211194737419341,0.0701326586417115,0.08143066643882242,3078.898383758,3242.516148223
2026-08-31,bnd_2026-08-19,0.07056147549798542,0.11997040798802414,0.07056147549857689,0.11997040798788135,20422,240,4901280,4901280,0.09211194737419341,0.0701326586417115,0.08143066643882242,3078.898383758,3242.516148223
2026-09-01,bnd_2026-08-19,0.07056147549798542,0.11997040798802414,0.07056147549857689,0.11997040798788135,20422,240,4901280,4901280,0.09211194737419341,0.0701326586417115,0.08143066643882242,3078.898383758,3242.516148223
2026-09-02,bnd_2026-08-19,0.07056147549798542,0.11997040798802414,0.07056147549857689,0.11997040798788135,20422,240,4901280,4901280,0.09211194737419341,0.0701326586417115,0.08143066643882242,3078.898383758,3242.516148223
2026-09-03,bnd_2026-08-19,0.07056147549798542,0.11997040798802414,0.07056147549857689,0.11997040798788135,20422,240,4901280,4901280,0.09211194737419341,0.0701326586417115,0.08143066643882242,3078.898383758,3242.516148223
2026-09-04,bnd_2026-08-19,0.07056147549798542,0.11997040798802414,0.07056147549857689,0.11997040798788135,20422,240,4901280,4901280,0.09211194737419341,0.0701326586417115,0.08143066643882242,3078.898383758,3242.516148223
2026-09-05,bnd_2026-08-19,0.07056147549798542,0.11997040798802414,0.07056147549857689,0.11997040798788135,20422,240,4901280,4901280,0.09211194737419341,0.0701326586417115,0.08143066643882242,3078.898383758,3242.516148223
2026-09-06,bnd_2026-08-19,0.07056147549798542,0.11997040798802414,0.07056147549857689,0.11997040798788135,20422,240,4901280,4901280,0.09211194737419341,0.0701326586417115,0.08143066643882242,3078.898383758,3242.516148223
2026-09-07,bnd_2026-08-19,0.07056147549798542,0.11997040798802414,0.07056147549857689,0.11997040798788135,20422,240,4901280,4901280,0.09211194737419341,0.0701326586417115,0.08143066643882242,3078.898383758,3242.516148223
2026-09-08,bnd_2026-08-19,0.07056147549798542,0.11997040798802414,0.07056147549857689,0.11997040798788135,20422,240,4901280,4901280,0.09211194737419341,0.0701326586417115,0.08143066643882242,3078.898383758,3242.516148223
2026-09-09,bnd_2026-08-19,0.07056147549798542,0.11997040798802414,0.07056147549857689,0.11997040798788135,20422,240,4901280,4901280,0.09211194737419341,0.0701326586417115,0.08143066643882242,3078.898383758,3242.516148223
2026-09-10,bnd_2026-08-19,0.07056147549798542,0.11997040798802414,0.07056147549857689,0.11997040798788135,20422,240,4901280,4901280,0.09211194737419341,0.0701326586417115,0.08143066643882242,3078.898383758,3242.516148223
2026-09-11,bnd_2026-08-19,0.07056147549798542,0.11997040798802414,0.07056147549857689,0.11997040798788135,20422,240,4901280,4901280,0.09211194737419341,0.0701326586417115,0.08143066643882242,3078.898383758,3242.516148223
2026-09-12,bnd_2026-08-19,0.07056147549798542,0.11997040798802414,0.07056147549857689,0.11997040798788135,20422,240,4901280,4901280,0.09211194737419341,0.0701326586417115,0.08143066643882242,3078.898383758,3242.516148223
2026-09-13,bnd_2026-08-19,0.07056147549798542,0.11997040798802414,0.07056147549857689,0.11997040798788135,20422,240,4901280,4901280,0.09211194737419341,0.0701326586417115,0.08143066643882242,3078.898383758,3242.516148223
2026-09-14,bnd_2026-08-19,0.07056147549798542,0.11997040798802414,0.07056147549857689,0.11997040798788135,20422,240,4901280,4901280,0.09211194737419341,0.0701326586417115,0.08143066643882242,3078.898383758,3242.516148223
2026-09-15,bnd_2026-08-19,0.07056147549798542,0.11997040798802414,0.07056147549857689,0.11997040798788135,20422,240,4901280,4901280,0.09211194737419341,0.0701326586417115,0.08143066643882242,3078.898383758,3242.516148223
2026-09-16,bnd_2026-08-19,0.07056147549798542,0.11997040798802414,0.07056147549857689,0.11997040798788135,20422,240,4901280,4901280,0.09211194737419341,0.0701326586417115,0.08143066643882242,3078.898383758,3242.516148223
2026-09-17,bnd_2026-08-19,0.07056147549798542,0.11997040798802414,0.07056147549857689,0.11997040798788135,20422,240,4901280,4901280,0.09211194737419341,0.0701326586417115,0.08143066643882242,3078.898383758,3242.516148223
2026-09-18,bnd_2026-08-19,0.07056147549798542,0.11997040798802414,0.07056147549857689,0.11997040798788135,20422,240,4901280,4901280,0.09211194737419341,0.0701326586417115,0.08143066643882242,3078.898383758,3242.516148223
2026-09-19,bnd_2026-08-19,0.07056147549798542,0.11997040798802414,0.07056147549857689,0.11997040798788135,20422,240,4901280,4901280,0.09211194737419341,0.0701326586417115,0.08143066643882242,3078.898383758,3242.516148223
2026-09-20,bnd_2026-08-19,0.07056147549798542,0.11997040798802414,0.07056147549857689,0.11997040798788135,20422,240,4901280,4901280,0.09211194737419341,0.0701326586417115,0.08143066643882242,3078.898383758,3242.516148223
2026-09-21,bnd_2026-08-19,0.07056147549798542,0.11997040798802414,0.07056147549857689,0.11997040798788135,20422,240,4901280,4901280,0.09211194737419341,0.0701326586417115,0.08143066643882242,3078.898383758,3242.516148223
2026-09-22,bnd_2026-08-19,0.07056147549798542,0.11997040798802414,0.07056147549857689,0.11997040798788135,20422,240,4901280,4901280,0.09211194737419341,0.0701326586417115,0.08143066643882242,3078.898383758,3242.516148223
2026-09-23,bnd_2026-08-19,0.07056147549798542,0.11997040798802414,0.07056147549857689,0.11997040798788135,20422,240,4901280,4901280,0.09211194737419341,0.0701326586417115,0.08143066643882242,3078.898383758,3242.516148223
2026-09-24,bnd_2026-08-19,0.07056147549798542,0.11997040798802414,0.07056147549857689,0.11997040798788135,20422,240,4901280,4901280,0.09211194737419341,0.0701326586417115,0.08143066643882242,3078.898383758,3242.516148223
2026-09-25,bnd_2026-08-19,0.07056147549798542,0.11997040798802414,0.07056147549857689,0.11997040798788135,20422,240,4901280,4901280,0.09211194737419341,0.0701326586417115,0.08143066643882242,3078.898383758,3242.516148223
2026-09-26,bnd_2026-08-19,0.07056147549798542,0.11997040798802414,0.07056147549857689,0.11997040798788135,20422,240,4901280,4901280,0.09211194737419341,0.0701326586417115,0.08143066643882242,3078.898383758,3242.516148223
2026-09-27,bnd_2026-08-19,0.07056147549798542,0.11997040798802414,0.07056147549857689,0.11997040798788135,20422,240,4901280,4901280,0.09211194737419341,0.0701326586417115,0.08143066643882242,3078.898383758,3242.516148223
2026-09-28,bnd_2026-08-19,0.07056147549798542,0.11997040798802414,0.07056147549857689,0.11997040798788135,20422,240,4901280,4901280,0.09211194737419341,0.0701326586417115,0.08143066643882242,3078.898383758,3242.516148223
2026-09-29,bnd_2026-09-29,0.07297490217874425,0.12238383466857299,0.07297490217895707,0.12238383466813693,20422,240,4901280,4901280,0.09511877073809111,0.0731394820056092,0.08443748980271913,3078.898383758,3242.516148223
2026-09-30,bnd_2026-09-29,0.07297490217874425,0.12238383466857299,0.07297490217895707,0.12238383466813693,20422,240,4901280,4901280,0.09511877073809111,0.0731394820056092,0.08443748980271913,3078.898383758,3242.516148223
2026-10-01,bnd_2026-09-29,0.07297490217874425,0.12238383466857299,0.07297490217895707,0.12238383466813693,20422,240,4901280,4901280,0.09511877073809111,0.0731394820056092,0.08443748980271913,3078.898383758,3242.516148223
2026-10-02,bnd_2026-09-29,0.07297490217874425,0.12238383466857299,0.07297490217895707,0.12238383466813693,20422,240,4901280,4901280,0.09511877073809111,0.0731394820056092,0.08443748980271913,3078.898383758,3242.516148223
2026-10-03,bnd_2026-09-29,0.07297490217874425,0.12238383466857299,0.07297490217895707,0.12238383466813693,20422,240,4901280,4901280,0.09511877073809111,0.0731394820056092,0.08443748980271913,3078.898383758,3242.516148223
2026-10-04,bnd_2026-09-29,0.07297490217874425,0.12238383466857299,0.07297490217895707,0.12238383466813693,20422,240,4901280,4901280,0.09511877073809111,0.0731394820056092,0.08443748980271913,3078.898383758,3242.516148223
2026-10-05,bnd_2026-09-29,0.07297490217874425,0.12238383466857299,0.07297490217895707,0.12238383466813693,20422,240,4901280,4901280,0.09511877073809111,0.0731394820056092,0.08443748980271913,3078.898383758,3242.516148223
2026-10-06,bnd_2026-09-29,0.07297490217874425,0.12238383466857299,0.07297490217895707,0.12238383466813693,20422,240,4901280,4901280,0.09511877073809111,0.0731394820056092,0.08443748980271913,3078.898383758,3242.516148223
2026-10-07,bnd_2026-09-29,0.07297490217874425,0.12238383466857299,0.07297490217895707,0.12238383466813693,20422,240,4901280,4901280,0.09511877073809111,0.0731394820056092,0.08443748980271913,3078.898383758,3242.516148223
2026-10-08,bnd_2026-09-29,0.07297490217874425,0.12238383466857299,0.07297490217895707,0.12238383466813693,20422,240,4901280,4901280,0.09511877073809111,0.0731394820056092,0.08443748980271913,3078.898383758,3242.516148223
2026-10-09,bnd_2026-09-29,0.07297490217874425,0.12238383466857299,0.07297490217895707,0.12238383466813693,20422,240,4901280,4901280,0.09511877073809111,0.0731394820056092,0.08443748980271913,3078.898383758,3242.516148223
2026-10-10,bnd_2026-09-29,0.07297490217874425,0.12238383466857299,0.07297490217895707,0.12238383466813693,20422,240,4901280,4901280,0.09511877073809111,0.0731394820056092,0.08443748980271913,3078.898383758,3242.516148223
2026-10-11,bnd_2026-09-29,0.07297490217874425,0.12238383466857299,0.07297490217895707,0.12238383466813693,20422,240,4901280,4901280,0.09511877073809111,0.0731394820056092,0.08443748980271913,3078.898383758,3242.516148223
2026-10-12,bnd_2026-09-29,0.07297490217874425,0.12238383466857299,0.07297490217895707,0.12238383466813693,20422,240,4901280,4901280,0.09511877073809111,0.0731394820056092,0.08443748980271913,3078.898383758,3242.516148223
2026-10-13,bnd_2026-09-29,0.07297490217874425,0.12238383466857299,0.07297490217895707,0.12238383466813693,20422,240,4901280,4901280,0.09511877073809111,0.0731394820056092,0.08443748980271913,3078.898383758,3242.516148223
2026-10-14,bnd_2026-09-29,0.07297490217874425,0.12238383466857299,0.07297490217895707,0.12238383466813693,20422,240,4901280,4901280,0.09511877073809111,0.0731394820056092,0.08443748980271913,3078.898383758,3242.516148223
2026-10-15,bnd_2026-09-29,0.07297490217874425,0.12238383466857299,0.07297490217895707,0.12238383466813693,20422,240,4901280,4901280,0.09511877073809111,0.0731394820056092,0.08443748980271913,3078.898383758,3242.516148223
2026-10-16,bnd_2026-09-29,0.07297490217874425,0.12238383466857299,0.07297490217895707,0.12238383466813693,20422,240,4901280,4901280,0.09511877073809111,0.0731394820056092,0.08443748980271913,3078.898383758,3242.516148223
2026-10-17,bnd_2026-09-29,0.07297490217874425,0.12238383466857299,0.07297490217895707,0.12238383466813693,20422,240,4901280,4901280,0.09511877073809111,0.0731394820056092,0.08443748980271913,3078.898383758,3242.516148223
2026-10-18,bnd_2026-09-29,0.07297490217874425,0.12238383466857299,0.07297490217895707,0.12238383466813693,20422,240,4901280,4901280,0.09511877073809111,0.0731394820056092,0.08443748980271913,3078.898383758,3242.516148223
2026-10-19,bnd_2026-09-29,0.07297490217874425,0.12238383466857299,0.07297490217895707,0.12238383466813693,20422,240,4901280,4901280,0.09511877073809111,0.0731394820056092,0.08443748980271913,3078.898383758,3242.516148223
2026-10-20,bnd_2026-09-29,0.07297490217874425,0.12238383466857299,0.07297490217895707,0.12238383466813693,20422,240,4901280,4901280,0.09511877073809111,0.0731394820056092,0.08443748980271913,3078.898383758,3242.516148223
2026-10-21,bnd_2026-09-29,0.07297490217874425,0.12238383466857299,0.07297490217895707,0.12238383466813693,20422,240,4901280,4901280,0.09511877073809111,0.0731394820056092,0.08443748980271913,3078.898383758,3242.516148223
2026-10-22,bnd_2026-09-29,0.07297490217874425,0.12238383466857299,0.07297490217895707,0.12238383466813693,20422,240,4901280,4901280,0.09511877073809111,0.0731394820056092,0.08443748980271913,3078.898383758,3242.516148223
2026-10-23,bnd_2026-09-29,0.07297490217874425,0.12238383466857299,0.07297490217895707,0.12238383466813693,20422,240,4901280,4901280,0.09511877073809111,0.0731394820056092,0.08443748980271913,3078.898383758,3242.516148223
2026-10-24,bnd_2026-09-29,0.07297490217874425,0.12238383466857299,0.07297490217895707,0.12238383466813693,20422,240,4901280,4901280,0.09511877073809111,0.0731394820056092,0.08443748980271913,3078.898383758,3242.516148223
2026-10-25,bnd_2026-09-29,0.07297490217874425,0.12238383466857299,0.07297490217895707,0.12238383466813693,20422,240,4901280,4901280,0.09511877073809111,0.0731394820056092,0.08443748980271913,3078.898383758,3242.516148223
2026-10-26,bnd_2026-09-29,0.07297490217874425,0.12238383466857299,0.07297490217895707,0.12238383466813693,20422,240,4901280,4901280,0.09511877073809111,0.0731394820056092,0.08443748980271913,3078.898383758,3242.516148223
2026-10-27,bnd_2026-09-29,0.07297490217874425,0.12238383466857299,0.07297490217895707,0.12238383466813693,20422,240,4901280,4901280,0.09511877073809111,0.0731394820056092,0.08443748980271913,3078.898383758,3242.516148223
2026-10-28,bnd_2026-09-29,0.07297490217874425,0.12238383466857299,0.07297490217895707,0.12238383466813693,20422,240,4901280,4901280,0.09511877073809111,0.0731394820056092,0.08443748980271913,3078.898383758,3242.516148223
2026-10-29,bnd_2026-09-29,0.07297490217874425,0.12238383466857299,0.07297490217895707,0.12238383466813693,20422,240,4901280,4901280,0.09511877073809111,0.0731394820056092,0.08443748980271913,3078.898383758,3242.516148223
2026-10-30,bnd_2026-09-29,0.07297490217874425,0.12238383466857299,0.07297490217895707,0.12238383466813693,20422,240,4901280,4901280,0.09511877073809111,0.0731394820056092,0.08443748980271913,3078.898383758,3242.516148223
2026-10-31,bnd_2026-09-29,0.07297490217874425,0.12238383466857299,0.07297490217895707,0.12238383466813693,20422,240,4901280,4901280,0.09511877073809111,0.0731394820056092,0.08443748980271913,3078.898383758,3242.516148223
2026-11-01,bnd_2026-09-29,0.07297490217874425,0.12238383466857299,0.07297490217895707,0.12238383466813693,20422,240,4901280,4901280,0.09511877073809111,0.0731394820056092,0.08443748980271913,3078.898383758,3242.516148223
2026-11-02,bnd_2026-09-29,0.07297490217874425,0.12238383466857299,0.07297490217895707,0.12238383466813693,20422,240,4901280,4901280,0.09511877073809111,0.0731394820056092,0.08443748980271913,3078.898383758,3242.516148223
2026-11-03,bnd_2026-09-29,0.07297490217874425,0.12238383466857299,0.07297490217895707,0.12238383466813693,20422,240,4901280,4901280,0.09511877073809111,0.0731394820056092,0.08443748980271913,3078.898383758,3242.516148223
2026-11-04,bnd_2026-09-29,0.07297490217874425,0.12238383466857299,0.07297490217895707,0.12238383466813693,20422,240,4901280,4901280,0.09511877073809111,0.0731394820056092,0.08443748980271913,3078.898383758,3242.516148223
2026-11-05,bnd_2026-09-29,0.07297490217874425,0.12238383466857299,0.07297490217895707,0.12238383466813693,20422,240,4901280,4901280,0.09511877073809111,0.0731394820056092,0.08443748980271913,3078.898383758,3242.516148223
2026-11-06,bnd_2026-09-29,0.07297490217874425,0.12238383466857299,0.07297490217895707,0.12238383466813693,20422,240,4901280,4901280,0.09511877073809111,0.0731394820056092,0.08443748980271913,3078.898383758,3242.516148223
2026-11-07,bnd_2026-09-29,0.07297490217874425,0.12238383466857299,0.07297490217895707,0.12238383466813693,20422,240,4901280,4901280,0.09511877073809111,0.0731394820056092,0.08443748980271913,3078.898383758,3242.516148223
2026-11-08,bnd_2026-09-29,0.07297490217874425,0.12238383466857299,0.07297490217895707,0.12238383466813693,20422,240,4901280,4901280,0.09511877073809111,0.0731394820056092,0.08443748980271913,3078.898383758,3242.516148223
2026-11-09,bnd_2026-09-29,0.07297490217874425,0.12238383466857299,0.07297490217895707,0.12238383466813693,20422,240,4901280,4901280,0.09511877073809111,0.0731394820056092,0.08443748980271913,3078.898383758,3242.516148223
2026-11-10,bnd_2026-11-10,0.07297955734036134,0.12238848983009123,0.07297955734046599,0.12238848982964577,20422,240,4901280,4901280,0.09581585713992329,0.07383656840744138,0.08513457620455114,3078.898383758,3242.516148223
2026-11-11,bnd_2026-11-10,0.07297955734036134,0.12238848983009123,0.07297955734046599,0.12238848982964577,20422,240,4901280,4901280,0.09581585713992329,0.07383656840744138,0.08513457620455114,3078.898383758,3242.516148223
2026-11-12,bnd_2026-11-10,0.07297955734036134,0.12238848983009123,0.07297955734046599,0.12238848982964577,20422,240,4901280,4901280,0.09581585713992329,0.07383656840744138,0.08513457620455114,3078.898383758,3242.516148223
2026-11-13,bnd_2026-11-10,0.07297955734036134,0.12238848983009123,0.07297955734046599,0.12238848982964577,20422,240,4901280,4901280,0.09581585713992329,0.07383656840744138,0.08513457620455114,3078.898383758,3242.516148223
2026-11-14,bnd_2026-11-10,0.07297955734036134,0.12238848983009123,0.07297955734046599,0.12238848982964577,20422,240,4901280,4901280,0.09581585713992329,0.07383656840744138,0.08513457620455114,3078.898383758,3242.516148223
2026-11-15,bnd_2026-11-10,0.07297955734036134,0.12238848983009123,0.07297955734046599,0.12238848982964577,20422,240,4901280,4901280,0.09581585713992329,0.07383656840744138,0.08513457620455114,3078.898383758,3242.516148223
2026-11-16,bnd_2026-11-10,0.07297955734036134,0.12238848983009123,0.07297955734046599,0.12238848982964577,20422,240,4901280,4901280,0.09581585713992329,0.07383656840744138,0.08513457620455114,3078.898383758,3242.516148223
2026-11-17,bnd_2026-11-10,0.07297955734036134,0.12238848983009123,0.07297955734046599,0.12238848982964577,20422,240,4901280,4901280,0.09581585713992329,0.07383656840744138,0.08513457620455114,3078.898383758,3242.516148223
2026-11-18,bnd_2026-11-10,0.07297955734036134,0.12238848983009123,0.07297955734046599,0.12238848982964577,20422,240,4901280,4901280,0.09581585713992329,0.07383656840744138,0.08513457620455114,3078.898383758,3242.516148223
2026-11-19,bnd_2026-11-10,0.07297955734036134,0.12238848983009123,0.07297955734046599,0.12238848982964577,20422,240,4901280,4901280,0.09581585713992329,0.07383656840744138,0.08513457620455114,3078.898383758,3242.516148223
2026-11-20,bnd_2026-11-10,0.07297955734036134,0.12238848983009123,0.07297955734046599,0.12238848982964577,20422,240,4901280,4901280,0.09581585713992329,0.07383656840744138,0.08513457620455114,3078.898383758,3242.516148223
2026-11-21,bnd_2026-11-10,0.07297955734036134,0.12238848983009123,0.07297955734046599,0.12238848982964577,20422,240,4901280,4901280,0.09581585713992329,0.07383656840744138,0.08513457620455114,3078.898383758,3242.516148223
2026-11-22,bnd_2026-11-10,0.07297955734036134,0.12238848983009123,0.07297955734046599,0.12238848982964577,20422,240,4901280,4901280,0.09581585713992329,0.07383656840744138,0.08513457620455114,3078.898383758,3242.516148223
2026-11-23,bnd_2026-11-10,0.07297955734036134,0.12238848983009123,0.07297955734046599,0.12238848982964577,20422,240,4901280,4901280,0.09581585713992329,0.07383656840744138,0.08513457620455114,3078.898383758,3242.516148223
2026-11-24,bnd_2026-11-10,0.07297955734036134,0.12238848983009123,0.07297955734046599,0.12238848982964577,20422,240,4901280,4901280,0.09581585713992329,0.07383656840744138,0.08513457620455114,3078.898383758,3242.516148223
2026-11-25,bnd_2026-11-10,0.07297955734036134,0.12238848983009123,0.07297955734046599,0.12238848982964577,20422,240,4901280,4901280,0.09581585713992329,0.07383656840744138,0.08513457620455114,3078.898383758,3242.516148223
2026-11-26,bnd_2026-11-10,0.07297955734036134,0.12238848983009123,0.07297955734046599,0.12238848982964577,20422,240,4901280,4901280,0.09581585713992329,0.07383656840744138,0.08513457620455114,3078.898383758,3242.516148223
2026-11-27,bnd_2026-11-10,0.07297955734036134,0.12238848983009123,0.07297955734046599,0.12238848982964577,20422,240,4901280,4901280,0.09581585713992329,0.07383656840744138,0.08513457620455114,3078.898383758,3242.516148223
2026-11-28,bnd_2026-11-10,0.07297955734036134,0.12238848983009123,0.07297955734046599,0.12238848982964577,20422,240,4901280,4901280,0.09581585713992329,0.07383656840744138,0.08513457620455114,3078.898383758,3242.516148223
2026-11-29,bnd_2026-11-10,0.07297955734036134,0.12238848983009123,0.07297955734046599,0.12238848982964577,20422,240,4901280,4901280,0.09581585713992329,0.07383656840744138,0.08513457620455114,3078.898383758,3242.516148223
2026-11-30,bnd_2026-11-10,0.07297955734036134,0.12238848983009123,0.07297955734046599,0.12238848982964577,20422,240,4901280,4901280,0.09581585713992329,0.07383656840744138,0.08513457620455114,3078.898383758,3242.516148223
2026-12-01,bnd_2026-11-10,0.07297955734036134,0.12238848983009123,0.07297955734046599,0.12238848982964577,20422,240,4901280,4901280,0.09581585713992329,0.07383656840744138,0.08513457620455114,3078.898383758,3242.516148223
2026-12-02,bnd_2026-11-10,0.07297955734036134,0.12238848983009123,0.07297955734046599,0.12238848982964577,20422,240,4901280,4901280,0.09581585713992329,0.07383656840744138,0.08513457620455114,3078.898383758,3242.516148223
2026-12-03,bnd_2026-11-10,0.07297955734036134,0.12238848983009123,0.07297955734046599,0.12238848982964577,20422,240,4901280,4901280,0.09581585713992329,0.07383656840744138,0.08513457620455114,3078.898383758,3242.516148223
2026-12-04,bnd_2026-11-10,0.07297955734036134,0.12238848983009123,0.07297955734046599,0.12238848982964577,20422,240,4901280,4901280,0.09581585713992329,0.07383656840744138,0.08513457620455114,3078.898383758,3242.516148223
2026-12-05,bnd_2026-11-10,0.07297955734036134,0.12238848983009123,0.07297955734046599,0.12238848982964577,20422,240,4901280,4901280,0.09581585713992329,0.07383656840744138,0.08513457620455114,3078.898383758,3242.516148223
2026-12-06,bnd_2026-11-10,0.07297955734036134,0.12238848983009123,0.07297955734046599,0.12238848982964577,20422,240,4901280,4901280,0.09581585713992329,0.07383656840744138,0.08513457620455114,3078.898383758,3242.516148223
2026-12-07,bnd_2026-11-10,0.07297955734036134,0.12238848983009123,0.07297955734046599,0.12238848982964577,20422,240,4901280,4901280,0.09581585713992329,0.07383656840744138,0.08513457620455114,3078.898383758,3242.516148223
2026-12-08,bnd_2026-11-10,0.07297955734036134,0.12238848983009123,0.07297955734046599,0.12238848982964577,20422,240,4901280,4901280,0.09581585713992329,0.07383656840744138,0.08513457620455114,3078.898383758,3242.516148223
2026-12-09,bnd_2026-11-10,0.07297955734036134,0.12238848983009123,0.07297955734046599,0.12238848982964577,20422,240,4901280,4901280,0.09581585713992329,0.07383656840744138,0.08513457620455114,3078.898383758,3242.516148223
2026-12-10,bnd_2026-11-10,0.07297955734036134,0.12238848983009123,0.07297955734046599,0.12238848982964577,20422,240,4901280,4901280,0.09581585713992329,0.07383656840744138,0.08513457620455114,3078.898383758,3242.516148223
2026-12-11,bnd_2026-11-10,0.07297955734036134,0.12238848983009123,0.07297955734046599,0.12238848982964577,20422,240,4901280,4901280,0.09581585713992329,0.07383656840744138,0.08513457620455114,3078.898383758,3242.516148223
2026-12-12,bnd_2026-11-10,0.07297955734036134,0.12238848983009123,0.07297955734046599,0.12238848982964577,20422,240,4901280,4901280,0.09581585713992329,0.07383656840744138,0.08513457620455114,3078.898383758,3242.516148223
2026-12-13,bnd_2026-11-10,0.07297955734036134,0.12238848983009123,0.07297955734046599,0.12238848982964577,20422,240,4901280,4901280,0.09581585713992329,0.07383656840744138,0.08513457620455114,3078.898383758,3242.516148223
2026-12-14,bnd_2026-11-10,0.07297955734036134,0.12238848983009123,0.07297955734046599,0.12238848982964577,20422,240,4901280,4901280,0.09581585713992329,0.07383656840744138,0.08513457620455114,3078.898383758,3242.516148223
2026-12-15,bnd_2026-11-10,0.07297955734036134,0.12238848983009123,0.07297955734046599,0.12238848982964577,20422,240,4901280,4901280,0.09581585713992329,0.07383656840744138,0.08513457620455114,3078.898383758,3242.516148223
2026-12-16,bnd_2026-11-10,0.07297955734036134,0.12238848983009123,0.07297955734046599,0.12238848982964577,20422,240,4901280,4901280,0.09581585713992329,0.07383656840744138,0.08513457620455114,3078.898383758,3242.516148223
2026-12-17,bnd_2026-11-10,0.07297955734036134,0.12238848983009123,0.07297955734046599,0.12238848982964577,20422,240,4901280,4901280,0.09581585713992329,0.07383656840744138,0.08513457620455114,3078.898383758,3242.516148223
2026-12-18,bnd_2026-11-10,0.07297955734036134,0.12238848983009123,0.07297955734046599,0.12238848982964577,20422,240,4901280,4901280,0.09581585713992329,0.07383656840744138,0.08513457620455114,3078.898383758,3242.516148223
2026-12-19,bnd_2026-11-10,0.07297955734036134,0.12238848983009123,0.07297955734046599,0.12238848982964577,20422,240,4901280,4901280,0.09581585713992329,0.07383656840744138,0.08513457620455114,3078.898383758,3242.516148223
2026-12-20,bnd_2026-11-10,0.07297955734036134,0.12238848983009123,0.07297955734046599,0.12238848982964577,20422,240,4901280,4901280,0.09581585713992329,0.07383656840744138,0.08513457620455114,3078.898383758,3242.516148223
2026-12-21,bnd_2026-11-10,0.07297955734036134,0.12238848983009123,0.07297955734046599,0.12238848982964577,20422,240,4901280,4901280,0.09581585713992329,0.07383656840744138,0.08513457620455114,3078.898383758,3242.516148223
2026-12-22,bnd_2026-11-10,0.07297955734036134,0.12238848983009123,0.07297955734046599,0.12238848982964577,20422,240,4901280,4901280,0.09581585713992329,0.07383656840744138,0.08513457620455114,3078.898383758,3242.516148223
2026-12-23,bnd_2026-11-10,0.07297955734036134,0.12238848983009123,0.07297955734046599,0.12238848982964577,20422,240,4901280,4901280,0.09581585713992329,0.07383656840744138,0.08513457620455114,3078.898383758,3242.516148223
2026-12-24,bnd_2026-11-10,0.07297955734036134,0.12238848983009123,0.07297955734046599,0.12238848982964577,20422,240,4901280,4901280,0.09581585713992329,0.07383656840744138,0.08513457620455114,3078.898383758,3242.516148223
2026-12-25,bnd_2026-11-10,0.07297955734036134,0.12238848983009123,0.07297955734046599,0.12238848982964577,20422,240,4901280,4901280,0.09581585713992329,0.07383656840744138,0.08513457620455114,3078.898383758,3242.516148223
2026-12-26,bnd_2026-11-10,0.07297955734036134,0.12238848983009123,0.07297955734046599,0.12238848982964577,20422,240,4901280,4901280,0.09581585713992329,0.07383656840744138,0.08513457620455114,3078.898383758,3242.516148223
2026-12-27,bnd_2026-11-10,0.07297955734036134,0.12238848983009123,0.07297955734046599,0.12238848982964577,20422,240,4901280,4901280,0.09581585713992329,0.07383656840744138,0.08513457620455114,3078.898383758,3242.516148223
2026-12-28,bnd_2026-11-10,0.07297955734036134,0.12238848983009123,0.07297955734046599,0.12238848982964577,20422,240,4901280,4901280,0.09581585713992329,0.07383656840744138,0.08513457620455114,3078.898383758,3242.516148223
2026-12-29,bnd_2026-11-10,0.07297955734036134,0.12238848983009123,0.07297955734046599,0.12238848982964577,20422,240,4901280,4901280,0.09581585713992329,0.07383656840744138,0.08513457620455114,3078.898383758,3242.516148223
2026-12-30,bnd_2026-11-10,0.07297955734036134,0.12238848983009123,0.07297955734046599,0.12238848982964577,20422,240,4901280,4901280,0.09581585713992329,0.07383656840744138,0.08513457620455114,3078.898383758,3242.516148223
2026-12-31,bnd_2026-11-10,0.07297955734036134,0.12238848983009123,0.07297955734046599,0.12238848982964577,20422,240,4901280,4901280,0.09581585713992329,0.07383656840744138,0.08513457620455114,3078.898383758,3242.516148223
