date,revision,mean_additional_exposed,mean_total_exposed,mean_additional_all_pairs,mean_total_all_pairs,n_products,n_countries,n_pairs,n_all_pairs,weighted_etr,weighted_etr_new,weighted_etr_additional,matched_imports_b,total_imports_b
2025-01-01,basic,0.009174840326602884,0.05886334797159959,0.009174840326584116,0.05886334797180264,20204,240,4848960,4848960,0.026569895613140042,0,0.014328513619845731,3072.674764805,3119.318645214
2025-01-02,basic,0.009174840326602884,0.05886334797159959,0.009174840326584116,0.05886334797180264,20204,240,4848960,4848960,0.026569895613140042,0,0.014328513619845731,3072.674764805,3119.318645214
2025-01-03,basic,0.009174840326602884,0.05886334797159959,0.009174840326584116,0.05886334797180264,20204,240,4848960,4848960,0.026569895613140042,0,0.014328513619845731,3072.674764805,3119.318645214
2025-01-04,basic,0.009174840326602884,0.05886334797159959,0.009174840326584116,0.05886334797180264,20204,240,4848960,4848960,0.026569895613140042,0,0.014328513619845731,3072.674764805,3119.318645214
2025-01-05,basic,0.009174840326602884,0.05886334797159959,0.009174840326584116,0.05886334797180264,20204,240,4848960,4848960,0.026569895613140042,0,0.014328513619845731,3072.674764805,3119.318645214
2025-01-06,basic,0.009174840326602884,0.05886334797159959,0.009174840326584116,0.05886334797180264,20204,240,4848960,4848960,0.026569895613140042,0,0.014328513619845731,3072.674764805,3119.318645214
2025-01-07,basic,0.009174840326602884,0.05886334797159959,0.009174840326584116,0.05886334797180264,20204,240,4848960,4848960,0.026569895613140042,0,0.014328513619845731,3072.674764805,3119.318645214
2025-01-08,basic,0.009174840326602884,0.05886334797159959,0.009174840326584116,0.05886334797180264,20204,240,4848960,4848960,0.026569895613140042,0,0.014328513619845731,3072.674764805,3119.318645214
2025-01-09,basic,0.009174840326602884,0.05886334797159959,0.009174840326584116,0.05886334797180264,20204,240,4848960,4848960,0.026569895613140042,0,0.014328513619845731,3072.674764805,3119.318645214
2025-01-10,basic,0.009174840326602884,0.05886334797159959,0.009174840326584116,0.05886334797180264,20204,240,4848960,4848960,0.026569895613140042,0,0.014328513619845731,3072.674764805,3119.318645214
2025-01-11,basic,0.009174840326602884,0.05886334797159959,0.009174840326584116,0.05886334797180264,20204,240,4848960,4848960,0.026569895613140042,0,0.014328513619845731,3072.674764805,3119.318645214
2025-01-12,basic,0.009174840326602884,0.05886334797159959,0.009174840326584116,0.05886334797180264,20204,240,4848960,4848960,0.026569895613140042,0,0.014328513619845731,3072.674764805,3119.318645214
2025-01-13,basic,0.009174840326602884,0.05886334797159959,0.009174840326584116,0.05886334797180264,20204,240,4848960,4848960,0.026569895613140042,0,0.014328513619845731,3072.674764805,3119.318645214
2025-01-14,basic,0.009174840326602884,0.05886334797159959,0.009174840326584116,0.05886334797180264,20204,240,4848960,4848960,0.026569895613140042,0,0.014328513619845731,3072.674764805,3119.318645214
2025-01-15,basic,0.009174840326602884,0.05886334797159959,0.009174840326584116,0.05886334797180264,20204,240,4848960,4848960,0.026569895613140042,0,0.014328513619845731,3072.674764805,3119.318645214
2025-01-16,basic,0.009174840326602884,0.05886334797159959,0.009174840326584116,0.05886334797180264,20204,240,4848960,4848960,0.026569895613140042,0,0.014328513619845731,3072.674764805,3119.318645214
2025-01-17,basic,0.009174840326602884,0.05886334797159959,0.009174840326584116,0.05886334797180264,20204,240,4848960,4848960,0.026569895613140042,0,0.014328513619845731,3072.674764805,3119.318645214
2025-01-18,basic,0.009174840326602884,0.05886334797159959,0.009174840326584116,0.05886334797180264,20204,240,4848960,4848960,0.026569895613140042,0,0.014328513619845731,3072.674764805,3119.318645214
2025-01-19,basic,0.009174840326602884,0.05886334797159959,0.009174840326584116,0.05886334797180264,20204,240,4848960,4848960,0.026569895613140042,0,0.014328513619845731,3072.674764805,3119.318645214
2025-01-20,basic,0.009174840326602884,0.05886334797159959,0.009174840326584116,0.05886334797180264,20204,240,4848960,4848960,0.026569895613140042,0,0.014328513619845731,3072.674764805,3119.318645214
2025-01-21,basic,0.009174840326602884,0.05886334797159959,0.009174840326584116,0.05886334797180264,20204,240,4848960,4848960,0.026569895613140042,0,0.014328513619845731,3072.674764805,3119.318645214
2025-01-22,basic,0.009174840326602884,0.05886334797159959,0.009174840326584116,0.05886334797180264,20204,240,4848960,4848960,0.026569895613140042,0,0.014328513619845731,3072.674764805,3119.318645214
2025-01-23,basic,0.009174840326602884,0.05886334797159959,0.009174840326584116,0.05886334797180264,20204,240,4848960,4848960,0.026569895613140042,0,0.014328513619845731,3072.674764805,3119.318645214
2025-01-24,basic,0.009174840326602884,0.05886334797159959,0.009174840326584116,0.05886334797180264,20204,240,4848960,4848960,0.026569895613140042,0,0.014328513619845731,3072.674764805,3119.318645214
2025-01-25,basic,0.009174840326602884,0.05886334797159959,0.009174840326584116,0.05886334797180264,20204,240,4848960,4848960,0.026569895613140042,0,0.014328513619845731,3072.674764805,3119.318645214
2025-01-26,basic,0.009174840326602884,0.05886334797159959,0.009174840326584116,0.05886334797180264,20204,240,4848960,4848960,0.026569895613140042,0,0.014328513619845731,3072.674764805,3119.318645214
2025-01-27,basic,0.009174840326602884,0.05886334797159959,0.009174840326584116,0.05886334797180264,20204,240,4848960,4848960,0.026569895613140042,0,0.014328513619845731,3072.674764805,3119.318645214
2025-01-28,basic,0.009174840326602884,0.05886334797159959,0.009174840326584116,0.05886334797180264,20204,240,4848960,4848960,0.026569895613140042,0,0.014328513619845731,3072.674764805,3119.318645214
2025-01-29,basic,0.009174840326602884,0.05886334797159959,0.009174840326584116,0.05886334797180264,20204,240,4848960,4848960,0.026569895613140042,0,0.014328513619845731,3072.674764805,3119.318645214
2025-01-30,basic,0.009174840326602884,0.05886334797159959,0.009174840326584116,0.05886334797180264,20204,240,4848960,4848960,0.026569895613140042,0,0.014328513619845731,3072.674764805,3119.318645214
2025-01-31,basic,0.009174840326602884,0.05886334797159959,0.009174840326584116,0.05886334797180264,20204,240,4848960,4848960,0.026569895613140042,0,0.014328513619845731,3072.674764805,3119.318645214
2025-02-01,basic,0.009174840326602884,0.05886334797159959,0.009174840326584116,0.05886334797180264,20204,240,4848960,4848960,0.026569895613140042,0,0.014328513619845731,3072.674764805,3119.318645214
2025-02-02,basic,0.009174840326602884,0.05886334797159959,0.009174840326584116,0.05886334797180264,20204,240,4848960,4848960,0.026569895613140042,0,0.014328513619845731,3072.674764805,3119.318645214
2025-02-03,basic,0.009174840326602884,0.05886334797159959,0.009174840326584116,0.05886334797180264,20204,240,4848960,4848960,0.026569895613140042,0,0.014328513619845731,3072.674764805,3119.318645214
2025-02-04,rev_1,0.009969869459093046,0.059654737234205,0.009969869459141235,0.05965473723424483,20206,240,4849440,4849440,0.040008720560197455,0.013438824947057414,0.027765028045826902,3072.960906649,3119.318645214
2025-02-05,rev_2,0.009969869459093046,0.059654737234205,0.009969869459141235,0.05965473723424483,20206,240,4849440,4849440,0.040008720560197455,0.013438824947057414,0.027765028045826902,3072.960906649,3119.318645214
2025-02-06,rev_2,0.009969869459093046,0.059654737234205,0.009969869459141235,0.05965473723424483,20206,240,4849440,4849440,0.040008720560197455,0.013438824947057414,0.027765028045826902,3072.960906649,3119.318645214
2025-02-07,rev_2,0.009969869459093046,0.059654737234205,0.009969869459141235,0.05965473723424483,20206,240,4849440,4849440,0.040008720560197455,0.013438824947057414,0.027765028045826902,3072.960906649,3119.318645214
2025-02-08,rev_2,0.009969869459093046,0.059654737234205,0.009969869459141235,0.05965473723424483,20206,240,4849440,4849440,0.040008720560197455,0.013438824947057414,0.027765028045826902,3072.960906649,3119.318645214
2025-02-09,rev_2,0.009969869459093046,0.059654737234205,0.009969869459141235,0.05965473723424483,20206,240,4849440,4849440,0.040008720560197455,0.013438824947057414,0.027765028045826902,3072.960906649,3119.318645214
2025-02-10,rev_2,0.009969869459093046,0.059654737234205,0.009969869459141235,0.05965473723424483,20206,240,4849440,4849440,0.040008720560197455,0.013438824947057414,0.027765028045826902,3072.960906649,3119.318645214
2025-02-11,rev_2,0.009969869459093046,0.059654737234205,0.009969869459141235,0.05965473723424483,20206,240,4849440,4849440,0.040008720560197455,0.013438824947057414,0.027765028045826902,3072.960906649,3119.318645214
2025-02-12,rev_2,0.009969869459093046,0.059654737234205,0.009969869459141235,0.05965473723424483,20206,240,4849440,4849440,0.040008720560197455,0.013438824947057414,0.027765028045826902,3072.960906649,3119.318645214
2025-02-13,rev_2,0.009969869459093046,0.059654737234205,0.009969869459141235,0.05965473723424483,20206,240,4849440,4849440,0.040008720560197455,0.013438824947057414,0.027765028045826902,3072.960906649,3119.318645214
2025-02-14,rev_2,0.009969869459093046,0.059654737234205,0.009969869459141235,0.05965473723424483,20206,240,4849440,4849440,0.040008720560197455,0.013438824947057414,0.027765028045826902,3072.960906649,3119.318645214
2025-02-15,rev_2,0.009969869459093046,0.059654737234205,0.009969869459141235,0.05965473723424483,20206,240,4849440,4849440,0.040008720560197455,0.013438824947057414,0.027765028045826902,3072.960906649,3119.318645214
2025-02-16,rev_2,0.009969869459093046,0.059654737234205,0.009969869459141235,0.05965473723424483,20206,240,4849440,4849440,0.040008720560197455,0.013438824947057414,0.027765028045826902,3072.960906649,3119.318645214
2025-02-17,rev_2,0.009969869459093046,0.059654737234205,0.009969869459141235,0.05965473723424483,20206,240,4849440,4849440,0.040008720560197455,0.013438824947057414,0.027765028045826902,3072.960906649,3119.318645214
2025-02-18,rev_2,0.009969869459093046,0.059654737234205,0.009969869459141235,0.05965473723424483,20206,240,4849440,4849440,0.040008720560197455,0.013438824947057414,0.027765028045826902,3072.960906649,3119.318645214
2025-02-19,rev_2,0.009969869459093046,0.059654737234205,0.009969869459141235,0.05965473723424483,20206,240,4849440,4849440,0.040008720560197455,0.013438824947057414,0.027765028045826902,3072.960906649,3119.318645214
2025-02-20,rev_2,0.009969869459093046,0.059654737234205,0.009969869459141235,0.05965473723424483,20206,240,4849440,4849440,0.040008720560197455,0.013438824947057414,0.027765028045826902,3072.960906649,3119.318645214
2025-02-21,rev_2,0.009969869459093046,0.059654737234205,0.009969869459141235,0.05965473723424483,20206,240,4849440,4849440,0.040008720560197455,0.013438824947057414,0.027765028045826902,3072.960906649,3119.318645214
2025-02-22,rev_2,0.009969869459093046,0.059654737234205,0.009969869459141235,0.05965473723424483,20206,240,4849440,4849440,0.040008720560197455,0.013438824947057414,0.027765028045826902,3072.960906649,3119.318645214
2025-02-23,rev_2,0.009969869459093046,0.059654737234205,0.009969869459141235,0.05965473723424483,20206,240,4849440,4849440,0.040008720560197455,0.013438824947057414,0.027765028045826902,3072.960906649,3119.318645214
2025-02-24,rev_2,0.009969869459093046,0.059654737234205,0.009969869459141235,0.05965473723424483,20206,240,4849440,4849440,0.040008720560197455,0.013438824947057414,0.027765028045826902,3072.960906649,3119.318645214
2025-02-25,rev_2,0.009969869459093046,0.059654737234205,0.009969869459141235,0.05965473723424483,20206,240,4849440,4849440,0.040008720560197455,0.013438824947057414,0.027765028045826902,3072.960906649,3119.318645214
2025-02-26,rev_2,0.009969869459093046,0.059654737234205,0.009969869459141235,0.05965473723424483,20206,240,4849440,4849440,0.040008720560197455,0.013438824947057414,0.027765028045826902,3072.960906649,3119.318645214
2025-02-27,rev_2,0.009969869459093046,0.059654737234205,0.009969869459141235,0.05965473723424483,20206,240,4849440,4849440,0.040008720560197455,0.013438824947057414,0.027765028045826902,3072.960906649,3119.318645214
2025-02-28,rev_2,0.009969869459093046,0.059654737234205,0.009969869459141235,0.05965473723424483,20206,240,4849440,4849440,0.040008720560197455,0.013438824947057414,0.027765028045826902,3072.960906649,3119.318645214
2025-03-01,rev_2,0.009969869459093046,0.059654737234205,0.009969869459141235,0.05965473723424483,20206,240,4849440,4849440,0.040008720560197455,0.013438824947057414,0.027765028045826902,3072.960906649,3119.318645214
2025-03-02,rev_2,0.009969869459093046,0.059654737234205,0.009969869459141235,0.05965473723424483,20206,240,4849440,4849440,0.040008720560197455,0.013438824947057414,0.027765028045826902,3072.960906649,3119.318645214
2025-03-03,rev_2,0.009969869459093046,0.059654737234205,0.009969869459141235,0.05965473723424483,20206,240,4849440,4849440,0.040008720560197455,0.013438824947057414,0.027765028045826902,3072.960906649,3119.318645214
2025-03-04,rev_3,0.011693522722019413,0.06137839049697238,0.011693522722051514,0.06137839049715515,20206,240,4849440,4849440,0.059817581412829134,0.03324768579968909,0.04757388889845869,3072.960906649,3119.318645214
2025-03-05,rev_3,0.011693522722019413,0.06137839049697238,0.011693522722051514,0.06137839049715515,20206,240,4849440,4849440,0.059817581412829134,0.03324768579968909,0.04757388889845869,3072.960906649,3119.318645214
2025-03-06,rev_3,0.011693522722019413,0.06137839049697238,0.011693522722051514,0.06137839049715515,20206,240,4849440,4849440,0.059817581412829134,0.03324768579968909,0.04757388889845869,3072.960906649,3119.318645214
2025-03-07,rev_4,0.012152654881089638,0.061811722554320964,0.012152654881038803,0.06181172255453412,20206,240,4849440,4849440,0.05996411449285193,0.03339421887971189,0.04779810278164507,3072.960906649,3119.318645214
2025-03-08,rev_4,0.012152654881089638,0.061811722554320964,0.012152654881038803,0.06181172255453412,20206,240,4849440,4849440,0.05996411449285193,0.03339421887971189,0.04779810278164507,3072.960906649,3119.318645214
2025-03-09,rev_4,0.012152654881089638,0.061811722554320964,0.012152654881038803,0.06181172255453412,20206,240,4849440,4849440,0.05996411449285193,0.03339421887971189,0.04779810278164507,3072.960906649,3119.318645214
2025-03-10,rev_4,0.012152654881089638,0.061811722554320964,0.012152654881038803,0.06181172255453412,20206,240,4849440,4849440,0.05996411449285193,0.03339421887971189,0.04779810278164507,3072.960906649,3119.318645214
2025-03-11,rev_4,0.012152654881089638,0.061811722554320964,0.012152654881038803,0.06181172255453412,20206,240,4849440,4849440,0.05996411449285193,0.03339421887971189,0.04779810278164507,3072.960906649,3119.318645214
2025-03-12,bnd_2025-03-12,0.017710079823350832,0.06736914749672943,0.017710079823342675,0.06736914749682174,20206,240,4849440,4849440,0.0670763075883354,0.040506411975195354,0.05491029587712839,3072.960906649,3119.318645214
2025-03-13,bnd_2025-03-12,0.017710079823350832,0.06736914749672943,0.017710079823342675,0.06736914749682174,20206,240,4849440,4849440,0.0670763075883354,0.040506411975195354,0.05491029587712839,3072.960906649,3119.318645214
2025-03-14,rev_5,0.017710079823350832,0.06739494759826413,0.017710079823342675,0.06739494759843458,20206,240,4849440,4849440,0.06715398839149898,0.04058409277835894,0.05491029587712839,3072.960906649,3119.318645214
2025-03-15,rev_5,0.017710079823350832,0.06739494759826413,0.017710079823342675,0.06739494759843458,20206,240,4849440,4849440,0.06715398839149898,0.04058409277835894,0.05491029587712839,3072.960906649,3119.318645214
2025-03-16,rev_5,0.017710079823350832,0.06739494759826413,0.017710079823342675,0.06739494759843458,20206,240,4849440,4849440,0.06715398839149898,0.04058409277835894,0.05491029587712839,3072.960906649,3119.318645214
2025-03-17,rev_5,0.017710079823350832,0.06739494759826413,0.017710079823342675,0.06739494759843458,20206,240,4849440,4849440,0.06715398839149898,0.04058409277835894,0.05491029587712839,3072.960906649,3119.318645214
2025-03-18,rev_5,0.017710079823350832,0.06739494759826413,0.017710079823342675,0.06739494759843458,20206,240,4849440,4849440,0.06715398839149898,0.04058409277835894,0.05491029587712839,3072.960906649,3119.318645214
2025-03-19,rev_5,0.017710079823350832,0.06739494759826413,0.017710079823342675,0.06739494759843458,20206,240,4849440,4849440,0.06715398839149898,0.04058409277835894,0.05491029587712839,3072.960906649,3119.318645214
2025-03-20,rev_5,0.017710079823350832,0.06739494759826413,0.017710079823342675,0.06739494759843458,20206,240,4849440,4849440,0.06715398839149898,0.04058409277835894,0.05491029587712839,3072.960906649,3119.318645214
2025-03-21,rev_5,0.017710079823350832,0.06739494759826413,0.017710079823342675,0.06739494759843458,20206,240,4849440,4849440,0.06715398839149898,0.04058409277835894,0.05491029587712839,3072.960906649,3119.318645214
2025-03-22,rev_5,0.017710079823350832,0.06739494759826413,0.017710079823342675,0.06739494759843458,20206,240,4849440,4849440,0.06715398839149898,0.04058409277835894,0.05491029587712839,3072.960906649,3119.318645214
2025-03-23,rev_5,0.017710079823350832,0.06739494759826413,0.017710079823342675,0.06739494759843458,20206,240,4849440,4849440,0.06715398839149898,0.04058409277835894,0.05491029587712839,3072.960906649,3119.318645214
2025-03-24,rev_5,0.017710079823350832,0.06739494759826413,0.017710079823342675,0.06739494759843458,20206,240,4849440,4849440,0.06715398839149898,0.04058409277835894,0.05491029587712839,3072.960906649,3119.318645214
2025-03-25,rev_5,0.017710079823350832,0.06739494759826413,0.017710079823342675,0.06739494759843458,20206,240,4849440,4849440,0.06715398839149898,0.04058409277835894,0.05491029587712839,3072.960906649,3119.318645214
2025-03-26,rev_5,0.017710079823350832,0.06739494759826413,0.017710079823342675,0.06739494759843458,20206,240,4849440,4849440,0.06715398839149898,0.04058409277835894,0.05491029587712839,3072.960906649,3119.318645214
2025-03-27,rev_5,0.017710079823350832,0.06739494759826413,0.017710079823342675,0.06739494759843458,20206,240,4849440,4849440,0.06715398839149898,0.04058409277835894,0.05491029587712839,3072.960906649,3119.318645214
2025-03-28,rev_5,0.017710079823350832,0.06739494759826413,0.017710079823342675,0.06739494759843458,20206,240,4849440,4849440,0.06715398839149898,0.04058409277835894,0.05491029587712839,3072.960906649,3119.318645214
2025-03-29,rev_5,0.017710079823350832,0.06739494759826413,0.017710079823342675,0.06739494759843458,20206,240,4849440,4849440,0.06715398839149898,0.04058409277835894,0.05491029587712839,3072.960906649,3119.318645214
2025-03-30,rev_5,0.017710079823350832,0.06739494759826413,0.017710079823342675,0.06739494759843458,20206,240,4849440,4849440,0.06715398839149898,0.04058409277835894,0.05491029587712839,3072.960906649,3119.318645214
2025-03-31,rev_5,0.017710079823350832,0.06739494759826413,0.017710079823342675,0.06739494759843458,20206,240,4849440,4849440,0.06715398839149898,0.04058409277835894,0.05491029587712839,3072.960906649,3119.318645214
2025-04-01,rev_5,0.017710079823350832,0.06739494759826413,0.017710079823342675,0.06739494759843458,20206,240,4849440,4849440,0.06715398839149898,0.04058409277835894,0.05491029587712839,3072.960906649,3119.318645214
2025-04-02,rev_5,0.017710079823350832,0.06739494759826413,0.017710079823342675,0.06739494759843458,20206,240,4849440,4849440,0.06715398839149898,0.04058409277835894,0.05491029587712839,3072.960906649,3119.318645214
2025-04-03,rev_6,0.01859851227639182,0.06825757994959547,0.018598512276293003,0.06825757994975208,20206,240,4849440,4849440,0.0828818321874904,0.05631193657435036,0.07071582047628323,3072.960906649,3119.318645214
2025-04-04,rev_6,0.01859851227639182,0.06825757994959547,0.018598512276293003,0.06825757994975208,20206,240,4849440,4849440,0.0828818321874904,0.05631193657435036,0.07071582047628323,3072.960906649,3119.318645214
2025-04-05,rev_7,0.10390627963617667,0.1535911474110087,0.10390627962983219,0.1535911474066484,20206,240,4849440,4849440,0.14502155472529285,0.1184516591121528,0.13277786221092272,3072.960906649,3119.318645214
2025-04-06,rev_7,0.10390627963617667,0.1535911474110087,0.10390627962983219,0.1535911474066484,20206,240,4849440,4849440,0.14502155472529285,0.1184516591121528,0.13277786221092272,3072.960906649,3119.318645214
2025-04-07,rev_7,0.10390627963617667,0.1535911474110087,0.10390627962983219,0.1535911474066484,20206,240,4849440,4849440,0.14502155472529285,0.1184516591121528,0.13277786221092272,3072.960906649,3119.318645214
2025-04-08,rev_7,0.10390627963617667,0.1535911474110087,0.10390627962983219,0.1535911474066484,20206,240,4849440,4849440,0.14502155472529285,0.1184516591121528,0.13277786221092272,3072.960906649,3119.318645214
2025-04-09,rev_8,0.10902915826661666,0.15871402604146023,0.10902915826019013,0.15871402603702034,20206,240,4849440,4849440,0.19064491732358133,0.16407502171044128,0.17840122480921572,3072.960906649,3119.318645214
2025-04-10,rev_9,0.11166607170207522,0.161350939476844,0.11166607169576344,0.16135093947258347,20206,240,4849440,4849440,0.22802302872699876,0.2014531331138587,0.21577933621263154,3072.960906649,3119.318645214
2025-04-11,rev_9,0.11166607170207522,0.161350939476844,0.11166607169576344,0.16135093947258347,20206,240,4849440,4849440,0.22802302872699876,0.2014531331138587,0.21577933621263154,3072.960906649,3119.318645214
2025-04-12,rev_9,0.11166607170207522,0.161350939476844,0.11166607169576344,0.16135093947258347,20206,240,4849440,4849440,0.22802302872699876,0.2014531331138587,0.21577933621263154,3072.960906649,3119.318645214
2025-04-13,rev_9,0.11166607170207522,0.161350939476844,0.11166607169576344,0.16135093947258347,20206,240,4849440,4849440,0.22802302872699876,0.2014531331138587,0.21577933621263154,3072.960906649,3119.318645214
2025-04-14,rev_9,0.11166607170207522,0.161350939476844,0.11166607169576344,0.16135093947258347,20206,240,4849440,4849440,0.22802302872699876,0.2014531331138587,0.21577933621263154,3072.960906649,3119.318645214
2025-04-15,rev_10,0.11166607170207522,0.16132513937533047,0.11166607169576344,0.1613251393709607,20206,240,4849440,4849440,0.2279453479238352,0.20137545231069515,0.21577933621263154,3072.960906649,3119.318645214
2025-04-16,rev_10,0.11166607170207522,0.16132513937533047,0.11166607169576344,0.1613251393709607,20206,240,4849440,4849440,0.2279453479238352,0.20137545231069515,0.21577933621263154,3072.960906649,3119.318645214
2025-04-17,rev_10,0.11166607170207522,0.16132513937533047,0.11166607169576344,0.1613251393709607,20206,240,4849440,4849440,0.2279453479238352,0.20137545231069515,0.21577933621263154,3072.960906649,3119.318645214
2025-04-18,rev_10,0.11166607170207522,0.16132513937533047,0.11166607169576344,0.1613251393709607,20206,240,4849440,4849440,0.2279453479238352,0.20137545231069515,0.21577933621263154,3072.960906649,3119.318645214
2025-04-19,rev_10,0.11166607170207522,0.16132513937533047,0.11166607169576344,0.1613251393709607,20206,240,4849440,4849440,0.2279453479238352,0.20137545231069515,0.21577933621263154,3072.960906649,3119.318645214
2025-04-20,rev_10,0.11166607170207522,0.16132513937533047,0.11166607169576344,0.1613251393709607,20206,240,4849440,4849440,0.2279453479238352,0.20137545231069515,0.21577933621263154,3072.960906649,3119.318645214
2025-04-21,rev_10,0.11166607170207522,0.16132513937533047,0.11166607169576344,0.1613251393709607,20206,240,4849440,4849440,0.2279453479238352,0.20137545231069515,0.21577933621263154,3072.960906649,3119.318645214
2025-04-22,rev_10,0.11166607170207522,0.16132513937533047,0.11166607169576344,0.1613251393709607,20206,240,4849440,4849440,0.2279453479238352,0.20137545231069515,0.21577933621263154,3072.960906649,3119.318645214
2025-04-23,rev_10,0.11166607170207522,0.16132513937533047,0.11166607169576344,0.1613251393709607,20206,240,4849440,4849440,0.2279453479238352,0.20137545231069515,0.21577933621263154,3072.960906649,3119.318645214
2025-04-24,rev_10,0.11166607170207522,0.16132513937533047,0.11166607169576344,0.1613251393709607,20206,240,4849440,4849440,0.2279453479238352,0.20137545231069515,0.21577933621263154,3072.960906649,3119.318645214
2025-04-25,rev_10,0.11166607170207522,0.16132513937533047,0.11166607169576344,0.1613251393709607,20206,240,4849440,4849440,0.2279453479238352,0.20137545231069515,0.21577933621263154,3072.960906649,3119.318645214
2025-04-26,rev_10,0.11166607170207522,0.16132513937533047,0.11166607169576344,0.1613251393709607,20206,240,4849440,4849440,0.2279453479238352,0.20137545231069515,0.21577933621263154,3072.960906649,3119.318645214
2025-04-27,rev_10,0.11166607170207522,0.16132513937533047,0.11166607169576344,0.1613251393709607,20206,240,4849440,4849440,0.2279453479238352,0.20137545231069515,0.21577933621263154,3072.960906649,3119.318645214
2025-04-28,rev_10,0.11166607170207522,0.16132513937533047,0.11166607169576344,0.1613251393709607,20206,240,4849440,4849440,0.2279453479238352,0.20137545231069515,0.21577933621263154,3072.960906649,3119.318645214
2025-04-29,rev_10,0.11166607170207522,0.16132513937533047,0.11166607169576344,0.1613251393709607,20206,240,4849440,4849440,0.2279453479238352,0.20137545231069515,0.21577933621263154,3072.960906649,3119.318645214
2025-04-30,rev_10,0.11166607170207522,0.16132513937533047,0.11166607169576344,0.1613251393709607,20206,240,4849440,4849440,0.2279453479238352,0.20137545231069515,0.21577933621263154,3072.960906649,3119.318645214
2025-05-01,rev_10,0.11166607170207522,0.16132513937533047,0.11166607169576344,0.1613251393709607,20206,240,4849440,4849440,0.2279453479238352,0.20137545231069515,0.21577933621263154,3072.960906649,3119.318645214
2025-05-02,rev_10,0.11166607170207522,0.16132513937533047,0.11166607169576344,0.1613251393709607,20206,240,4849440,4849440,0.2279453479238352,0.20137545231069515,0.21577933621263154,3072.960906649,3119.318645214
2025-05-03,rev_11,0.11345861081169666,0.16314347858679626,0.11345861080557505,0.1631434785823762,20206,240,4849440,4849440,0.22147088324381523,0.19490098763067518,0.2092271907294488,3072.960906649,3119.318645214
2025-05-04,rev_11,0.11345861081169666,0.16314347858679626,0.11345861080557505,0.1631434785823762,20206,240,4849440,4849440,0.22147088324381523,0.19490098763067518,0.2092271907294488,3072.960906649,3119.318645214
2025-05-05,rev_11,0.11345861081169666,0.16314347858679626,0.11345861080557505,0.1631434785823762,20206,240,4849440,4849440,0.22147088324381523,0.19490098763067518,0.2092271907294488,3072.960906649,3119.318645214
2025-05-06,rev_11,0.11345861081169666,0.16314347858679626,0.11345861080557505,0.1631434785823762,20206,240,4849440,4849440,0.22147088324381523,0.19490098763067518,0.2092271907294488,3072.960906649,3119.318645214
2025-05-07,rev_11,0.11345861081169666,0.16314347858679626,0.11345861080557505,0.1631434785823762,20206,240,4849440,4849440,0.22147088324381523,0.19490098763067518,0.2092271907294488,3072.960906649,3119.318645214
2025-05-08,rev_11,0.11345861081169666,0.16314347858679626,0.11345861080557505,0.1631434785823762,20206,240,4849440,4849440,0.22147088324381523,0.19490098763067518,0.2092271907294488,3072.960906649,3119.318645214
2025-05-09,rev_11,0.11345861081169666,0.16314347858679626,0.11345861080557505,0.1631434785823762,20206,240,4849440,4849440,0.22147088324381523,0.19490098763067518,0.2092271907294488,3072.960906649,3119.318645214
2025-05-10,rev_11,0.11345861081169666,0.16314347858679626,0.11345861080557505,0.1631434785823762,20206,240,4849440,4849440,0.22147088324381523,0.19490098763067518,0.2092271907294488,3072.960906649,3119.318645214
2025-05-11,rev_11,0.11345861081169666,0.16314347858679626,0.11345861080557505,0.1631434785823762,20206,240,4849440,4849440,0.22147088324381523,0.19490098763067518,0.2092271907294488,3072.960906649,3119.318645214
2025-05-12,rev_11,0.11345861081169666,0.16314347858679626,0.11345861080557505,0.1631434785823762,20206,240,4849440,4849440,0.22147088324381523,0.19490098763067518,0.2092271907294488,3072.960906649,3119.318645214
2025-05-13,rev_11,0.11345861081169666,0.16314347858679626,0.11345861080557505,0.1631434785823762,20206,240,4849440,4849440,0.22147088324381523,0.19490098763067518,0.2092271907294488,3072.960906649,3119.318645214
2025-05-14,rev_12,0.10188750156593714,0.15157236934087742,0.10188750155941108,0.151572369336292,20206,240,4849440,4849440,0.12780499733481746,0.1012351017216774,0.11556130482044755,3072.960906649,3119.318645214
2025-05-15,rev_12,0.10188750156593714,0.15157236934087742,0.10188750155941108,0.151572369336292,20206,240,4849440,4849440,0.12780499733481746,0.1012351017216774,0.11556130482044755,3072.960906649,3119.318645214
2025-05-16,rev_13,0.10188750156593714,0.15157236934087742,0.10188750155941108,0.151572369336292,20206,240,4849440,4849440,0.12780499733481746,0.1012351017216774,0.11556130482044755,3072.960906649,3119.318645214
2025-05-17,rev_13,0.10188750156593714,0.15157236934087742,0.10188750155941108,0.151572369336292,20206,240,4849440,4849440,0.12780499733481746,0.1012351017216774,0.11556130482044755,3072.960906649,3119.318645214
2025-05-18,rev_13,0.10188750156593714,0.15157236934087742,0.10188750155941108,0.151572369336292,20206,240,4849440,4849440,0.12780499733481746,0.1012351017216774,0.11556130482044755,3072.960906649,3119.318645214
2025-05-19,rev_13,0.10188750156593714,0.15157236934087742,0.10188750155941108,0.151572369336292,20206,240,4849440,4849440,0.12780499733481746,0.1012351017216774,0.11556130482044755,3072.960906649,3119.318645214
2025-05-20,rev_13,0.10188750156593714,0.15157236934087742,0.10188750155941108,0.151572369336292,20206,240,4849440,4849440,0.12780499733481746,0.1012351017216774,0.11556130482044755,3072.960906649,3119.318645214
2025-05-21,rev_13,0.10188750156593714,0.15157236934087742,0.10188750155941108,0.151572369336292,20206,240,4849440,4849440,0.12780499733481746,0.1012351017216774,0.11556130482044755,3072.960906649,3119.318645214
2025-05-22,rev_13,0.10188750156593714,0.15157236934087742,0.10188750155941108,0.151572369336292,20206,240,4849440,4849440,0.12780499733481746,0.1012351017216774,0.11556130482044755,3072.960906649,3119.318645214
2025-05-23,rev_13,0.10188750156593714,0.15157236934087742,0.10188750155941108,0.151572369336292,20206,240,4849440,4849440,0.12780499733481746,0.1012351017216774,0.11556130482044755,3072.960906649,3119.318645214
2025-05-24,rev_13,0.10188750156593714,0.15157236934087742,0.10188750155941108,0.151572369336292,20206,240,4849440,4849440,0.12780499733481746,0.1012351017216774,0.11556130482044755,3072.960906649,3119.318645214
2025-05-25,rev_13,0.10188750156593714,0.15157236934087742,0.10188750155941108,0.151572369336292,20206,240,4849440,4849440,0.12780499733481746,0.1012351017216774,0.11556130482044755,3072.960906649,3119.318645214
2025-05-26,rev_13,0.10188750156593714,0.15157236934087742,0.10188750155941108,0.151572369336292,20206,240,4849440,4849440,0.12780499733481746,0.1012351017216774,0.11556130482044755,3072.960906649,3119.318645214
2025-05-27,rev_13,0.10188750156593714,0.15157236934087742,0.10188750155941108,0.151572369336292,20206,240,4849440,4849440,0.12780499733481746,0.1012351017216774,0.11556130482044755,3072.960906649,3119.318645214
2025-05-28,rev_13,0.10188750156593714,0.15157236934087742,0.10188750155941108,0.151572369336292,20206,240,4849440,4849440,0.12780499733481746,0.1012351017216774,0.11556130482044755,3072.960906649,3119.318645214
2025-05-29,rev_13,0.10188750156593714,0.15157236934087742,0.10188750155941108,0.151572369336292,20206,240,4849440,4849440,0.12780499733481746,0.1012351017216774,0.11556130482044755,3072.960906649,3119.318645214
2025-05-30,rev_13,0.10188750156593714,0.15157236934087742,0.10188750155941108,0.151572369336292,20206,240,4849440,4849440,0.12780499733481746,0.1012351017216774,0.11556130482044755,3072.960906649,3119.318645214
2025-05-31,rev_13,0.10188750156593714,0.15157236934087742,0.10188750155941108,0.151572369336292,20206,240,4849440,4849440,0.12780499733481746,0.1012351017216774,0.11556130482044755,3072.960906649,3119.318645214
2025-06-01,bnd_2025-06-01,0.10188976084739533,0.15157462862240215,0.10188976084089446,0.15157462861777557,20206,240,4849440,4849440,0.1284936296473845,0.10192373403424446,0.11624993713301465,3072.960906649,3119.318645214
2025-06-02,bnd_2025-06-01,0.10188976084739533,0.15157462862240215,0.10188976084089446,0.15157462861777557,20206,240,4849440,4849440,0.1284936296473845,0.10192373403424446,0.11624993713301465,3072.960906649,3119.318645214
2025-06-03,bnd_2025-06-01,0.10188976084739533,0.15157462862240215,0.10188976084089446,0.15157462861777557,20206,240,4849440,4849440,0.1284936296473845,0.10192373403424446,0.11624993713301465,3072.960906649,3119.318645214
2025-06-04,rev_14,0.1163132918929798,0.16597235956623022,0.11631329188488976,0.16597235956140824,20206,240,4849440,4849440,0.13690049186907066,0.11033059625593061,0.12473448015786527,3072.960906649,3119.318645214
2025-06-05,rev_14,0.1163132918929798,0.16597235956623022,0.11631329188488976,0.16597235956140824,20206,240,4849440,4849440,0.13690049186907066,0.11033059625593061,0.12473448015786527,3072.960906649,3119.318645214
2025-06-06,rev_14,0.1163132918929798,0.16597235956623022,0.11631329188488976,0.16597235956140824,20206,240,4849440,4849440,0.13690049186907066,0.11033059625593061,0.12473448015786527,3072.960906649,3119.318645214
2025-06-07,rev_14,0.1163132918929798,0.16597235956623022,0.11631329188488976,0.16597235956140824,20206,240,4849440,4849440,0.13690049186907066,0.11033059625593061,0.12473448015786527,3072.960906649,3119.318645214
2025-06-08,rev_14,0.1163132918929798,0.16597235956623022,0.11631329188488976,0.16597235956140824,20206,240,4849440,4849440,0.13690049186907066,0.11033059625593061,0.12473448015786527,3072.960906649,3119.318645214
2025-06-09,rev_14,0.1163132918929798,0.16597235956623022,0.11631329188488976,0.16597235956140824,20206,240,4849440,4849440,0.13690049186907066,0.11033059625593061,0.12473448015786527,3072.960906649,3119.318645214
2025-06-10,rev_14,0.1163132918929798,0.16597235956623022,0.11631329188488976,0.16597235956140824,20206,240,4849440,4849440,0.13690049186907066,0.11033059625593061,0.12473448015786527,3072.960906649,3119.318645214
2025-06-11,rev_14,0.1163132918929798,0.16597235956623022,0.11631329188488976,0.16597235956140824,20206,240,4849440,4849440,0.13690049186907066,0.11033059625593061,0.12473448015786527,3072.960906649,3119.318645214
2025-06-12,rev_14,0.1163132918929798,0.16597235956623022,0.11631329188488976,0.16597235956140824,20206,240,4849440,4849440,0.13690049186907066,0.11033059625593061,0.12473448015786527,3072.960906649,3119.318645214
2025-06-13,rev_14,0.1163132918929798,0.16597235956623022,0.11631329188488976,0.16597235956140824,20206,240,4849440,4849440,0.13690049186907066,0.11033059625593061,0.12473448015786527,3072.960906649,3119.318645214
2025-06-14,rev_14,0.1163132918929798,0.16597235956623022,0.11631329188488976,0.16597235956140824,20206,240,4849440,4849440,0.13690049186907066,0.11033059625593061,0.12473448015786527,3072.960906649,3119.318645214
2025-06-15,rev_14,0.1163132918929798,0.16597235956623022,0.11631329188488976,0.16597235956140824,20206,240,4849440,4849440,0.13690049186907066,0.11033059625593061,0.12473448015786527,3072.960906649,3119.318645214
2025-06-16,rev_14,0.1163132918929798,0.16597235956623022,0.11631329188488976,0.16597235956140824,20206,240,4849440,4849440,0.13690049186907066,0.11033059625593061,0.12473448015786527,3072.960906649,3119.318645214
2025-06-17,rev_14,0.1163132918929798,0.16597235956623022,0.11631329188488976,0.16597235956140824,20206,240,4849440,4849440,0.13690049186907066,0.11033059625593061,0.12473448015786527,3072.960906649,3119.318645214
2025-06-18,rev_14,0.1163132918929798,0.16597235956623022,0.11631329188488976,0.16597235956140824,20206,240,4849440,4849440,0.13690049186907066,0.11033059625593061,0.12473448015786527,3072.960906649,3119.318645214
2025-06-19,rev_14,0.1163132918929798,0.16597235956623022,0.11631329188488976,0.16597235956140824,20206,240,4849440,4849440,0.13690049186907066,0.11033059625593061,0.12473448015786527,3072.960906649,3119.318645214
2025-06-20,rev_14,0.1163132918929798,0.16597235956623022,0.11631329188488976,0.16597235956140824,20206,240,4849440,4849440,0.13690049186907066,0.11033059625593061,0.12473448015786527,3072.960906649,3119.318645214
2025-06-21,rev_14,0.1163132918929798,0.16597235956623022,0.11631329188488976,0.16597235956140824,20206,240,4849440,4849440,0.13690049186907066,0.11033059625593061,0.12473448015786527,3072.960906649,3119.318645214
2025-06-22,rev_14,0.1163132918929798,0.16597235956623022,0.11631329188488976,0.16597235956140824,20206,240,4849440,4849440,0.13690049186907066,0.11033059625593061,0.12473448015786527,3072.960906649,3119.318645214
2025-06-23,rev_15,0.1163132918929798,0.16599815966793283,0.11631329188488976,0.16599815966302411,20206,240,4849440,4849440,0.1369781726722342,0.11040827705909415,0.12473448015786527,3072.960906649,3119.318645214
2025-06-24,rev_15,0.1163132918929798,0.16599815966793283,0.11631329188488976,0.16599815966302411,20206,240,4849440,4849440,0.1369781726722342,0.11040827705909415,0.12473448015786527,3072.960906649,3119.318645214
2025-06-25,rev_15,0.1163132918929798,0.16599815966793283,0.11631329188488976,0.16599815966302411,20206,240,4849440,4849440,0.1369781726722342,0.11040827705909415,0.12473448015786527,3072.960906649,3119.318645214
2025-06-26,rev_15,0.1163132918929798,0.16599815966793283,0.11631329188488976,0.16599815966302411,20206,240,4849440,4849440,0.1369781726722342,0.11040827705909415,0.12473448015786527,3072.960906649,3119.318645214
2025-06-27,rev_15,0.1163132918929798,0.16599815966793283,0.11631329188488976,0.16599815966302411,20206,240,4849440,4849440,0.1369781726722342,0.11040827705909415,0.12473448015786527,3072.960906649,3119.318645214
2025-06-28,rev_15,0.1163132918929798,0.16599815966793283,0.11631329188488976,0.16599815966302411,20206,240,4849440,4849440,0.1369781726722342,0.11040827705909415,0.12473448015786527,3072.960906649,3119.318645214
2025-06-29,rev_15,0.1163132918929798,0.16599815966793283,0.11631329188488976,0.16599815966302411,20206,240,4849440,4849440,0.1369781726722342,0.11040827705909415,0.12473448015786527,3072.960906649,3119.318645214
2025-06-30,rev_15,0.1163132918929798,0.16599815966793283,0.11631329188488976,0.16599815966302411,20206,240,4849440,4849440,0.1369781726722342,0.11040827705909415,0.12473448015786527,3072.960906649,3119.318645214
2025-07-01,rev_16,0.11634974604289995,0.16594020284283445,0.1163497460348701,0.16594020283793232,20242,240,4858080,4858080,0.13493655374547972,0.10836665813233967,0.12283920775629724,3045.953869527,3119.318645214
2025-07-02,rev_16,0.11634974604289995,0.16594020284283445,0.1163497460348701,0.16594020283793232,20242,240,4858080,4858080,0.13493655374547972,0.10836665813233967,0.12283920775629724,3045.953869527,3119.318645214
2025-07-03,rev_16,0.11634974604289995,0.16594020284283445,0.1163497460348701,0.16594020283793232,20242,240,4858080,4858080,0.13493655374547972,0.10836665813233967,0.12283920775629724,3045.953869527,3119.318645214
2025-07-04,rev_16,0.11634974604289995,0.16594020284283445,0.1163497460348701,0.16594020283793232,20242,240,4858080,4858080,0.13493655374547972,0.10836665813233967,0.12283920775629724,3045.953869527,3119.318645214
2025-07-05,rev_16,0.11634974604289995,0.16594020284283445,0.1163497460348701,0.16594020283793232,20242,240,4858080,4858080,0.13493655374547972,0.10836665813233967,0.12283920775629724,3045.953869527,3119.318645214
2025-07-06,rev_16,0.11634974604289995,0.16594020284283445,0.1163497460348701,0.16594020283793232,20242,240,4858080,4858080,0.13493655374547972,0.10836665813233967,0.12283920775629724,3045.953869527,3119.318645214
2025-07-07,rev_16,0.11634974604289995,0.16594020284283445,0.1163497460348701,0.16594020283793232,20242,240,4858080,4858080,0.13493655374547972,0.10836665813233967,0.12283920775629724,3045.953869527,3119.318645214
2025-07-08,rev_16,0.11634974604289995,0.16594020284283445,0.1163497460348701,0.16594020283793232,20242,240,4858080,4858080,0.13493655374547972,0.10836665813233967,0.12283920775629724,3045.953869527,3119.318645214
2025-07-09,rev_16,0.11634974604289995,0.16594020284283445,0.1163497460348701,0.16594020283793232,20242,240,4858080,4858080,0.13493655374547972,0.10836665813233967,0.12283920775629724,3045.953869527,3119.318645214
2025-07-10,rev_16,0.11634974604289995,0.16594020284283445,0.1163497460348701,0.16594020283793232,20242,240,4858080,4858080,0.13493655374547972,0.10836665813233967,0.12283920775629724,3045.953869527,3119.318645214
2025-07-11,rev_16,0.11634974604289995,0.16594020284283445,0.1163497460348701,0.16594020283793232,20242,240,4858080,4858080,0.13493655374547972,0.10836665813233967,0.12283920775629724,3045.953869527,3119.318645214
2025-07-12,rev_16,0.11634974604289995,0.16594020284283445,0.1163497460348701,0.16594020283793232,20242,240,4858080,4858080,0.13493655374547972,0.10836665813233967,0.12283920775629724,3045.953869527,3119.318645214
2025-07-13,rev_16,0.11634974604289995,0.16594020284283445,0.1163497460348701,0.16594020283793232,20242,240,4858080,4858080,0.13493655374547972,0.10836665813233967,0.12283920775629724,3045.953869527,3119.318645214
2025-07-14,rev_16,0.11634974604289995,0.16594020284283445,0.1163497460348701,0.16594020283793232,20242,240,4858080,4858080,0.13493655374547972,0.10836665813233967,0.12283920775629724,3045.953869527,3119.318645214
2025-07-15,rev_16,0.11634974604289995,0.16594020284283445,0.1163497460348701,0.16594020283793232,20242,240,4858080,4858080,0.13493655374547972,0.10836665813233967,0.12283920775629724,3045.953869527,3119.318645214
2025-07-16,rev_16,0.11634974604289995,0.16594020284283445,0.1163497460348701,0.16594020283793232,20242,240,4858080,4858080,0.13493655374547972,0.10836665813233967,0.12283920775629724,3045.953869527,3119.318645214
2025-07-17,rev_16,0.11634974604289995,0.16594020284283445,0.1163497460348701,0.16594020283793232,20242,240,4858080,4858080,0.13493655374547972,0.10836665813233967,0.12283920775629724,3045.953869527,3119.318645214
2025-07-18,rev_16,0.11634974604289995,0.16594020284283445,0.1163497460348701,0.16594020283793232,20242,240,4858080,4858080,0.13493655374547972,0.10836665813233967,0.12283920775629724,3045.953869527,3119.318645214
2025-07-19,rev_16,0.11634974604289995,0.16594020284283445,0.1163497460348701,0.16594020283793232,20242,240,4858080,4858080,0.13493655374547972,0.10836665813233967,0.12283920775629724,3045.953869527,3119.318645214
2025-07-20,rev_16,0.11634974604289995,0.16594020284283445,0.1163497460348701,0.16594020283793232,20242,240,4858080,4858080,0.13493655374547972,0.10836665813233967,0.12283920775629724,3045.953869527,3119.318645214
2025-07-21,rev_16,0.11634974604289995,0.16594020284283445,0.1163497460348701,0.16594020283793232,20242,240,4858080,4858080,0.13493655374547972,0.10836665813233967,0.12283920775629724,3045.953869527,3119.318645214
2025-07-22,rev_16,0.11634974604289995,0.16594020284283445,0.1163497460348701,0.16594020283793232,20242,240,4858080,4858080,0.13493655374547972,0.10836665813233967,0.12283920775629724,3045.953869527,3119.318645214
2025-07-23,rev_16,0.11634974604289995,0.16594020284283445,0.1163497460348701,0.16594020283793232,20242,240,4858080,4858080,0.13493655374547972,0.10836665813233967,0.12283920775629724,3045.953869527,3119.318645214
2025-07-24,rev_16,0.11634974604289995,0.16594020284283445,0.1163497460348701,0.16594020283793232,20242,240,4858080,4858080,0.13493655374547972,0.10836665813233967,0.12283920775629724,3045.953869527,3119.318645214
2025-07-25,rev_16,0.11634974604289995,0.16594020284283445,0.1163497460348701,0.16594020283793232,20242,240,4858080,4858080,0.13493655374547972,0.10836665813233967,0.12283920775629724,3045.953869527,3119.318645214
2025-07-26,rev_16,0.11634974604289995,0.16594020284283445,0.1163497460348701,0.16594020283793232,20242,240,4858080,4858080,0.13493655374547972,0.10836665813233967,0.12283920775629724,3045.953869527,3119.318645214
2025-07-27,rev_16,0.11634974604289995,0.16594020284283445,0.1163497460348701,0.16594020283793232,20242,240,4858080,4858080,0.13493655374547972,0.10836665813233967,0.12283920775629724,3045.953869527,3119.318645214
2025-07-28,rev_16,0.11634974604289995,0.16594020284283445,0.1163497460348701,0.16594020283793232,20242,240,4858080,4858080,0.13493655374547972,0.10836665813233967,0.12283920775629724,3045.953869527,3119.318645214
2025-07-29,rev_16,0.11634974604289995,0.16594020284283445,0.1163497460348701,0.16594020283793232,20242,240,4858080,4858080,0.13493655374547972,0.10836665813233967,0.12283920775629724,3045.953869527,3119.318645214
2025-07-30,rev_16,0.11634974604289995,0.16594020284283445,0.1163497460348701,0.16594020283793232,20242,240,4858080,4858080,0.13493655374547972,0.10836665813233967,0.12283920775629724,3045.953869527,3119.318645214
2025-07-31,rev_16,0.11634974604289995,0.16594020284283445,0.1163497460348701,0.16594020283793232,20242,240,4858080,4858080,0.13493655374547972,0.10836665813233967,0.12283920775629724,3045.953869527,3119.318645214
2025-08-01,rev_17,0.11847436580660527,0.16806727260680535,0.11847436579828918,0.16806727260184404,20241,240,4857840,4857840,0.13696574673281403,0.11039585111967398,0.12486840074363181,3045.953869527,3119.318645214
2025-08-02,rev_17,0.11847436580660527,0.16806727260680535,0.11847436579828918,0.16806727260184404,20241,240,4857840,4857840,0.13696574673281403,0.11039585111967398,0.12486840074363181,3045.953869527,3119.318645214
2025-08-03,rev_17,0.11847436580660527,0.16806727260680535,0.11847436579828918,0.16806727260184404,20241,240,4857840,4857840,0.13696574673281403,0.11039585111967398,0.12486840074363181,3045.953869527,3119.318645214
2025-08-04,rev_17,0.11847436580660527,0.16806727260680535,0.11847436579828918,0.16806727260184404,20241,240,4857840,4857840,0.13696574673281403,0.11039585111967398,0.12486840074363181,3045.953869527,3119.318645214
2025-08-05,rev_17,0.11847436580660527,0.16806727260680535,0.11847436579828918,0.16806727260184404,20241,240,4857840,4857840,0.13696574673281403,0.11039585111967398,0.12486840074363181,3045.953869527,3119.318645214
2025-08-06,rev_17,0.11847436580660527,0.16806727260680535,0.11847436579828918,0.16806727260184404,20241,240,4857840,4857840,0.13696574673281403,0.11039585111967398,0.12486840074363181,3045.953869527,3119.318645214
2025-08-07,rev_18,0.14110463025443545,0.19069753705472783,0.14110463025057088,0.19069753705323017,20241,240,4857840,4857840,0.15680742041289283,0.13023752479975279,0.14471007442370776,3045.953869527,3119.318645214
2025-08-08,rev_18,0.14110463025443545,0.19069753705472783,0.14110463025057088,0.19069753705323017,20241,240,4857840,4857840,0.15680742041289283,0.13023752479975279,0.14471007442370776,3045.953869527,3119.318645214
2025-08-09,rev_18,0.14110463025443545,0.19069753705472783,0.14110463025057088,0.19069753705323017,20241,240,4857840,4857840,0.15680742041289283,0.13023752479975279,0.14471007442370776,3045.953869527,3119.318645214
2025-08-10,rev_18,0.14110463025443545,0.19069753705472783,0.14110463025057088,0.19069753705323017,20241,240,4857840,4857840,0.15680742041289283,0.13023752479975279,0.14471007442370776,3045.953869527,3119.318645214
2025-08-11,rev_18,0.14110463025443545,0.19069753705472783,0.14110463025057088,0.19069753705323017,20241,240,4857840,4857840,0.15680742041289283,0.13023752479975279,0.14471007442370776,3045.953869527,3119.318645214
2025-08-12,rev_18,0.14110463025443545,0.19069753705472783,0.14110463025057088,0.19069753705323017,20241,240,4857840,4857840,0.15680742041289283,0.13023752479975279,0.14471007442370776,3045.953869527,3119.318645214
2025-08-13,rev_18,0.14110463025443545,0.19069753705472783,0.14110463025057088,0.19069753705323017,20241,240,4857840,4857840,0.15680742041289283,0.13023752479975279,0.14471007442370776,3045.953869527,3119.318645214
2025-08-14,rev_18,0.14110463025443545,0.19069753705472783,0.14110463025057088,0.19069753705323017,20241,240,4857840,4857840,0.15680742041289283,0.13023752479975279,0.14471007442370776,3045.953869527,3119.318645214
2025-08-15,rev_18,0.14110463025443545,0.19069753705472783,0.14110463025057088,0.19069753705323017,20241,240,4857840,4857840,0.15680742041289283,0.13023752479975279,0.14471007442370776,3045.953869527,3119.318645214
2025-08-16,rev_18,0.14110463025443545,0.19069753705472783,0.14110463025057088,0.19069753705323017,20241,240,4857840,4857840,0.15680742041289283,0.13023752479975279,0.14471007442370776,3045.953869527,3119.318645214
2025-08-17,rev_18,0.14110463025443545,0.19069753705472783,0.14110463025057088,0.19069753705323017,20241,240,4857840,4857840,0.15680742041289283,0.13023752479975279,0.14471007442370776,3045.953869527,3119.318645214
2025-08-18,rev_19,0.14329578314612634,0.1928886899460247,0.14329578314233085,0.19288868994478026,20241,240,4857840,4857840,0.15908491768945418,0.13251502207631413,0.14698757170026794,3045.953869527,3119.318645214
2025-08-19,rev_19,0.14329578314612634,0.1928886899460247,0.14329578314233085,0.19288868994478026,20241,240,4857840,4857840,0.15908491768945418,0.13251502207631413,0.14698757170026794,3045.953869527,3119.318645214
2025-08-20,rev_19,0.14329578314612634,0.1928886899460247,0.14329578314233085,0.19288868994478026,20241,240,4857840,4857840,0.15908491768945418,0.13251502207631413,0.14698757170026794,3045.953869527,3119.318645214
2025-08-21,rev_19,0.14329578314612634,0.1928886899460247,0.14329578314233085,0.19288868994478026,20241,240,4857840,4857840,0.15908491768945418,0.13251502207631413,0.14698757170026794,3045.953869527,3119.318645214
2025-08-22,rev_19,0.14329578314612634,0.1928886899460247,0.14329578314233085,0.19288868994478026,20241,240,4857840,4857840,0.15908491768945418,0.13251502207631413,0.14698757170026794,3045.953869527,3119.318645214
2025-08-23,rev_19,0.14329578314612634,0.1928886899460247,0.14329578314233085,0.19288868994478026,20241,240,4857840,4857840,0.15908491768945418,0.13251502207631413,0.14698757170026794,3045.953869527,3119.318645214
2025-08-24,rev_19,0.14329578314612634,0.1928886899460247,0.14329578314233085,0.19288868994478026,20241,240,4857840,4857840,0.15908491768945418,0.13251502207631413,0.14698757170026794,3045.953869527,3119.318645214
2025-08-25,rev_19,0.14329578314612634,0.1928886899460247,0.14329578314233085,0.19288868994478026,20241,240,4857840,4857840,0.15908491768945418,0.13251502207631413,0.14698757170026794,3045.953869527,3119.318645214
2025-08-26,rev_19,0.14329578314612634,0.1928886899460247,0.14329578314233085,0.19288868994478026,20241,240,4857840,4857840,0.15908491768945418,0.13251502207631413,0.14698757170026794,3045.953869527,3119.318645214
2025-08-27,rev_20,0.14413007462901323,0.19372298142931213,0.14413007462541266,0.1937229814277514,20241,240,4857840,4857840,0.16291576454520584,0.1363458689320658,0.15081841855602007,3045.953869527,3119.318645214
2025-08-28,rev_20,0.14413007462901323,0.19372298142931213,0.14413007462541266,0.1937229814277514,20241,240,4857840,4857840,0.16291576454520584,0.1363458689320658,0.15081841855602007,3045.953869527,3119.318645214
2025-08-29,rev_20,0.14413007462901323,0.19372298142931213,0.14413007462541266,0.1937229814277514,20241,240,4857840,4857840,0.16291576454520584,0.1363458689320658,0.15081841855602007,3045.953869527,3119.318645214
2025-08-30,rev_20,0.14413007462901323,0.19372298142931213,0.14413007462541266,0.1937229814277514,20241,240,4857840,4857840,0.16291576454520584,0.1363458689320658,0.15081841855602007,3045.953869527,3119.318645214
2025-08-31,rev_20,0.14413007462901323,0.19372298142931213,0.14413007462541266,0.1937229814277514,20241,240,4857840,4857840,0.16291576454520584,0.1363458689320658,0.15081841855602007,3045.953869527,3119.318645214
2025-09-01,bnd_2025-09-01,0.14413233000386833,0.19372523680400652,0.1441323300002289,0.19372523680256842,20241,240,4857840,4857840,0.16360439685777287,0.13703450124463282,0.1515070508685871,3045.953869527,3119.318645214
2025-09-02,rev_21,0.14413007462901323,0.19372298142931213,0.14413007462541266,0.1937229814277514,20241,240,4857840,4857840,0.16291576454520584,0.1363458689320658,0.15081841855602007,3045.953869527,3119.318645214
2025-09-03,rev_21,0.14413007462901323,0.19372298142931213,0.14413007462541266,0.1937229814277514,20241,240,4857840,4857840,0.16291576454520584,0.1363458689320658,0.15081841855602007,3045.953869527,3119.318645214
2025-09-04,rev_21,0.14413007462901323,0.19372298142931213,0.14413007462541266,0.1937229814277514,20241,240,4857840,4857840,0.16291576454520584,0.1363458689320658,0.15081841855602007,3045.953869527,3119.318645214
2025-09-05,rev_21,0.14413007462901323,0.19372298142931213,0.14413007462541266,0.1937229814277514,20241,240,4857840,4857840,0.16291576454520584,0.1363458689320658,0.15081841855602007,3045.953869527,3119.318645214
2025-09-06,rev_21,0.14413007462901323,0.19372298142931213,0.14413007462541266,0.1937229814277514,20241,240,4857840,4857840,0.16291576454520584,0.1363458689320658,0.15081841855602007,3045.953869527,3119.318645214
2025-09-07,rev_21,0.14413007462901323,0.19372298142931213,0.14413007462541266,0.1937229814277514,20241,240,4857840,4857840,0.16291576454520584,0.1363458689320658,0.15081841855602007,3045.953869527,3119.318645214
2025-09-08,rev_22,0.14389926133783815,0.19349216813812117,0.14389926133424816,0.19349216813660472,20241,240,4857840,4857840,0.16100179720110305,0.134431901587963,0.1489044512119168,3045.953869527,3119.318645214
2025-09-09,rev_22,0.14389926133783815,0.19349216813812117,0.14389926133424816,0.19349216813660472,20241,240,4857840,4857840,0.16100179720110305,0.134431901587963,0.1489044512119168,3045.953869527,3119.318645214
2025-09-10,rev_22,0.14389926133783815,0.19349216813812117,0.14389926133424816,0.19349216813660472,20241,240,4857840,4857840,0.16100179720110305,0.134431901587963,0.1489044512119168,3045.953869527,3119.318645214
2025-09-11,rev_22,0.14389926133783815,0.19349216813812117,0.14389926133424816,0.19349216813660472,20241,240,4857840,4857840,0.16100179720110305,0.134431901587963,0.1489044512119168,3045.953869527,3119.318645214
2025-09-12,rev_22,0.14389926133783815,0.19349216813812117,0.14389926133424816,0.19349216813660472,20241,240,4857840,4857840,0.16100179720110305,0.134431901587963,0.1489044512119168,3045.953869527,3119.318645214
2025-09-13,rev_22,0.14389926133783815,0.19349216813812117,0.14389926133424816,0.19349216813660472,20241,240,4857840,4857840,0.16100179720110305,0.134431901587963,0.1489044512119168,3045.953869527,3119.318645214
2025-09-14,rev_22,0.14389926133783815,0.19349216813812117,0.14389926133424816,0.19349216813660472,20241,240,4857840,4857840,0.16100179720110305,0.134431901587963,0.1489044512119168,3045.953869527,3119.318645214
2025-09-15,rev_22,0.14389926133783815,0.19349216813812117,0.14389926133424816,0.19349216813660472,20241,240,4857840,4857840,0.16100179720110305,0.134431901587963,0.1489044512119168,3045.953869527,3119.318645214
2025-09-16,rev_23,0.14389014248568172,0.19348304928595486,0.14389014248208132,0.19348304928444296,20241,240,4857840,4857840,0.15883562428359535,0.1322657286704553,0.14673827829440889,3045.953869527,3119.318645214
2025-09-17,rev_23,0.14389014248568172,0.19348304928595486,0.14389014248208132,0.19348304928444296,20241,240,4857840,4857840,0.15883562428359535,0.1322657286704553,0.14673827829440889,3045.953869527,3119.318645214
2025-09-18,rev_23,0.14389014248568172,0.19348304928595486,0.14389014248208132,0.19348304928444296,20241,240,4857840,4857840,0.15883562428359535,0.1322657286704553,0.14673827829440889,3045.953869527,3119.318645214
2025-09-19,rev_23,0.14389014248568172,0.19348304928595486,0.14389014248208132,0.19348304928444296,20241,240,4857840,4857840,0.15883562428359535,0.1322657286704553,0.14673827829440889,3045.953869527,3119.318645214
2025-09-20,rev_23,0.14389014248568172,0.19348304928595486,0.14389014248208132,0.19348304928444296,20241,240,4857840,4857840,0.15883562428359535,0.1322657286704553,0.14673827829440889,3045.953869527,3119.318645214
2025-09-21,rev_23,0.14389014248568172,0.19348304928595486,0.14389014248208132,0.19348304928444296,20241,240,4857840,4857840,0.15883562428359535,0.1322657286704553,0.14673827829440889,3045.953869527,3119.318645214
2025-09-22,rev_23,0.14389014248568172,0.19348304928595486,0.14389014248208132,0.19348304928444296,20241,240,4857840,4857840,0.15883562428359535,0.1322657286704553,0.14673827829440889,3045.953869527,3119.318645214
2025-09-23,rev_23,0.14389014248568172,0.19348304928595486,0.14389014248208132,0.19348304928444296,20241,240,4857840,4857840,0.15883562428359535,0.1322657286704553,0.14673827829440889,3045.953869527,3119.318645214
2025-09-24,rev_23,0.14389014248568172,0.19348304928595486,0.14389014248208132,0.19348304928444296,20241,240,4857840,4857840,0.15883562428359535,0.1322657286704553,0.14673827829440889,3045.953869527,3119.318645214
2025-09-25,rev_24,0.14271215016884334,0.19230505696899883,0.1427121501650519,0.19230505696748298,20241,240,4857840,4857840,0.15299056560292876,0.1264206699897887,0.14089321961374365,3045.953869527,3119.318645214
2025-09-26,rev_24,0.14271215016884334,0.19230505696899883,0.1427121501650519,0.19230505696748298,20241,240,4857840,4857840,0.15299056560292876,0.1264206699897887,0.14089321961374365,3045.953869527,3119.318645214
2025-09-27,rev_24,0.14271215016884334,0.19230505696899883,0.1427121501650519,0.19230505696748298,20241,240,4857840,4857840,0.15299056560292876,0.1264206699897887,0.14089321961374365,3045.953869527,3119.318645214
2025-09-28,rev_24,0.14271215016884334,0.19230505696899883,0.1427121501650519,0.19230505696748298,20241,240,4857840,4857840,0.15299056560292876,0.1264206699897887,0.14089321961374365,3045.953869527,3119.318645214
2025-09-29,rev_24,0.14271215016884334,0.19230505696899883,0.1427121501650519,0.19230505696748298,20241,240,4857840,4857840,0.15299056560292876,0.1264206699897887,0.14089321961374365,3045.953869527,3119.318645214
2025-09-30,rev_24,0.14271215016884334,0.19230505696899883,0.1427121501650519,0.19230505696748298,20241,240,4857840,4857840,0.15299056560292876,0.1264206699897887,0.14089321961374365,3045.953869527,3119.318645214
2025-10-01,rev_24,0.14271215016884334,0.19230505696899883,0.1427121501650519,0.19230505696748298,20241,240,4857840,4857840,0.15299056560292876,0.1264206699897887,0.14089321961374365,3045.953869527,3119.318645214
2025-10-02,rev_24,0.14271215016884334,0.19230505696899883,0.1427121501650519,0.19230505696748298,20241,240,4857840,4857840,0.15299056560292876,0.1264206699897887,0.14089321961374365,3045.953869527,3119.318645214
2025-10-03,rev_24,0.14271215016884334,0.19230505696899883,0.1427121501650519,0.19230505696748298,20241,240,4857840,4857840,0.15299056560292876,0.1264206699897887,0.14089321961374365,3045.953869527,3119.318645214
2025-10-04,rev_24,0.14271215016884334,0.19230505696899883,0.1427121501650519,0.19230505696748298,20241,240,4857840,4857840,0.15299056560292876,0.1264206699897887,0.14089321961374365,3045.953869527,3119.318645214
2025-10-05,rev_24,0.14271215016884334,0.19230505696899883,0.1427121501650519,0.19230505696748298,20241,240,4857840,4857840,0.15299056560292876,0.1264206699897887,0.14089321961374365,3045.953869527,3119.318645214
2025-10-06,rev_24,0.14271215016884334,0.19230505696899883,0.1427121501650519,0.19230505696748298,20241,240,4857840,4857840,0.15299056560292876,0.1264206699897887,0.14089321961374365,3045.953869527,3119.318645214
2025-10-07,rev_24,0.14271215016884334,0.19230505696899883,0.1427121501650519,0.19230505696748298,20241,240,4857840,4857840,0.15299056560292876,0.1264206699897887,0.14089321961374365,3045.953869527,3119.318645214
2025-10-08,rev_24,0.14271215016884334,0.19230505696899883,0.1427121501650519,0.19230505696748298,20241,240,4857840,4857840,0.15299056560292876,0.1264206699897887,0.14089321961374365,3045.953869527,3119.318645214
2025-10-09,rev_24,0.14271215016884334,0.19230505696899883,0.1427121501650519,0.19230505696748298,20241,240,4857840,4857840,0.15299056560292876,0.1264206699897887,0.14089321961374365,3045.953869527,3119.318645214
2025-10-10,rev_24,0.14271215016884334,0.19230505696899883,0.1427121501650519,0.19230505696748298,20241,240,4857840,4857840,0.15299056560292876,0.1264206699897887,0.14089321961374365,3045.953869527,3119.318645214
2025-10-11,rev_24,0.14271215016884334,0.19230505696899883,0.1427121501650519,0.19230505696748298,20241,240,4857840,4857840,0.15299056560292876,0.1264206699897887,0.14089321961374365,3045.953869527,3119.318645214
2025-10-12,rev_24,0.14271215016884334,0.19230505696899883,0.1427121501650519,0.19230505696748298,20241,240,4857840,4857840,0.15299056560292876,0.1264206699897887,0.14089321961374365,3045.953869527,3119.318645214
2025-10-13,rev_24,0.14271215016884334,0.19230505696899883,0.1427121501650519,0.19230505696748298,20241,240,4857840,4857840,0.15299056560292876,0.1264206699897887,0.14089321961374365,3045.953869527,3119.318645214
2025-10-14,rev_25,0.14515603581456643,0.19474894261494743,0.1451560358109192,0.19474894261327785,20241,240,4857840,4857840,0.153780715356139,0.12721081974299894,0.14168336936695347,3045.953869527,3119.318645214
2025-10-15,rev_25,0.14515603581456643,0.19474894261494743,0.1451560358109192,0.19474894261327785,20241,240,4857840,4857840,0.153780715356139,0.12721081974299894,0.14168336936695347,3045.953869527,3119.318645214
2025-10-16,rev_25,0.14515603581456643,0.19474894261494743,0.1451560358109192,0.19474894261327785,20241,240,4857840,4857840,0.153780715356139,0.12721081974299894,0.14168336936695347,3045.953869527,3119.318645214
2025-10-17,rev_25,0.14515603581456643,0.19474894261494743,0.1451560358109192,0.19474894261327785,20241,240,4857840,4857840,0.153780715356139,0.12721081974299894,0.14168336936695347,3045.953869527,3119.318645214
2025-10-18,rev_25,0.14515603581456643,0.19474894261494743,0.1451560358109192,0.19474894261327785,20241,240,4857840,4857840,0.153780715356139,0.12721081974299894,0.14168336936695347,3045.953869527,3119.318645214
2025-10-19,rev_25,0.14515603581456643,0.19474894261494743,0.1451560358109192,0.19474894261327785,20241,240,4857840,4857840,0.153780715356139,0.12721081974299894,0.14168336936695347,3045.953869527,3119.318645214
2025-10-20,rev_25,0.14515603581456643,0.19474894261494743,0.1451560358109192,0.19474894261327785,20241,240,4857840,4857840,0.153780715356139,0.12721081974299894,0.14168336936695347,3045.953869527,3119.318645214
2025-10-21,rev_25,0.14515603581456643,0.19474894261494743,0.1451560358109192,0.19474894261327785,20241,240,4857840,4857840,0.153780715356139,0.12721081974299894,0.14168336936695347,3045.953869527,3119.318645214
2025-10-22,rev_25,0.14515603581456643,0.19474894261494743,0.1451560358109192,0.19474894261327785,20241,240,4857840,4857840,0.153780715356139,0.12721081974299894,0.14168336936695347,3045.953869527,3119.318645214
2025-10-23,rev_25,0.14515603581456643,0.19474894261494743,0.1451560358109192,0.19474894261327785,20241,240,4857840,4857840,0.153780715356139,0.12721081974299894,0.14168336936695347,3045.953869527,3119.318645214
2025-10-24,rev_25,0.14515603581456643,0.19474894261494743,0.1451560358109192,0.19474894261327785,20241,240,4857840,4857840,0.153780715356139,0.12721081974299894,0.14168336936695347,3045.953869527,3119.318645214
2025-10-25,rev_25,0.14515603581456643,0.19474894261494743,0.1451560358109192,0.19474894261327785,20241,240,4857840,4857840,0.153780715356139,0.12721081974299894,0.14168336936695347,3045.953869527,3119.318645214
2025-10-26,rev_25,0.14515603581456643,0.19474894261494743,0.1451560358109192,0.19474894261327785,20241,240,4857840,4857840,0.153780715356139,0.12721081974299894,0.14168336936695347,3045.953869527,3119.318645214
2025-10-27,rev_25,0.14515603581456643,0.19474894261494743,0.1451560358109192,0.19474894261327785,20241,240,4857840,4857840,0.153780715356139,0.12721081974299894,0.14168336936695347,3045.953869527,3119.318645214
2025-10-28,rev_25,0.14515603581456643,0.19474894261494743,0.1451560358109192,0.19474894261327785,20241,240,4857840,4857840,0.153780715356139,0.12721081974299894,0.14168336936695347,3045.953869527,3119.318645214
2025-10-29,rev_25,0.14515603581456643,0.19474894261494743,0.1451560358109192,0.19474894261327785,20241,240,4857840,4857840,0.153780715356139,0.12721081974299894,0.14168336936695347,3045.953869527,3119.318645214
2025-10-30,rev_25,0.14515603581456643,0.19474894261494743,0.1451560358109192,0.19474894261327785,20241,240,4857840,4857840,0.153780715356139,0.12721081974299894,0.14168336936695347,3045.953869527,3119.318645214
2025-10-31,rev_25,0.14515603581456643,0.19474894261494743,0.1451560358109192,0.19474894261327785,20241,240,4857840,4857840,0.153780715356139,0.12721081974299894,0.14168336936695347,3045.953869527,3119.318645214
2025-11-01,rev_26,0.1456282865141827,0.19522119331427565,0.1456282865104979,0.1952211933127627,20241,240,4857840,4857840,0.15502907326610404,0.128459177652964,0.14293172727691855,3045.953869527,3119.318645214
2025-11-02,rev_26,0.1456282865141827,0.19522119331427565,0.1456282865104979,0.1952211933127627,20241,240,4857840,4857840,0.15502907326610404,0.128459177652964,0.14293172727691855,3045.953869527,3119.318645214
2025-11-03,rev_26,0.1456282865141827,0.19522119331427565,0.1456282865104979,0.1952211933127627,20241,240,4857840,4857840,0.15502907326610404,0.128459177652964,0.14293172727691855,3045.953869527,3119.318645214
2025-11-04,rev_26,0.1456282865141827,0.19522119331427565,0.1456282865104979,0.1952211933127627,20241,240,4857840,4857840,0.15502907326610404,0.128459177652964,0.14293172727691855,3045.953869527,3119.318645214
2025-11-05,rev_26,0.1456282865141827,0.19522119331427565,0.1456282865104979,0.1952211933127627,20241,240,4857840,4857840,0.15502907326610404,0.128459177652964,0.14293172727691855,3045.953869527,3119.318645214
2025-11-06,rev_26,0.1456282865141827,0.19522119331427565,0.1456282865104979,0.1952211933127627,20241,240,4857840,4857840,0.15502907326610404,0.128459177652964,0.14293172727691855,3045.953869527,3119.318645214
2025-11-07,rev_26,0.1456282865141827,0.19522119331427565,0.1456282865104979,0.1952211933127627,20241,240,4857840,4857840,0.15502907326610404,0.128459177652964,0.14293172727691855,3045.953869527,3119.318645214
2025-11-08,rev_26,0.1456282865141827,0.19522119331427565,0.1456282865104979,0.1952211933127627,20241,240,4857840,4857840,0.15502907326610404,0.128459177652964,0.14293172727691855,3045.953869527,3119.318645214
2025-11-09,rev_27,0.14485723265655379,0.19445013945674608,0.14485723265296233,0.19445013945504494,20241,240,4857840,4857840,0.1418160893156421,0.11524619370250205,0.12971874332645633,3045.953869527,3119.318645214
2025-11-10,rev_28,0.1448547624228352,0.19444766922312418,0.14485476241927822,0.19444766922136084,20241,240,4857840,4857840,0.1416525035598127,0.11508260794667266,0.12955515757062694,3045.953869527,3119.318645214
2025-11-11,rev_28,0.1448547624228352,0.19444766922312418,0.14485476241927822,0.19444766922136084,20241,240,4857840,4857840,0.1416525035598127,0.11508260794667266,0.12955515757062694,3045.953869527,3119.318645214
2025-11-12,rev_28,0.1448547624228352,0.19444766922312418,0.14485476241927822,0.19444766922136084,20241,240,4857840,4857840,0.1416525035598127,0.11508260794667266,0.12955515757062694,3045.953869527,3119.318645214
2025-11-13,rev_29,0.14219769001962645,0.19179059681985491,0.14219769001596258,0.19179059681819424,20241,240,4857840,4857840,0.13978443911774233,0.11321454350460228,0.12768709312855708,3045.953869527,3119.318645214
2025-11-14,bnd_2025-11-14,0.14111524420092578,0.1907081510012442,0.1411152441971061,0.19070815099934055,20241,240,4857840,4857840,0.1386633402081759,0.11209344459503584,0.12656599421899054,3045.953869527,3119.318645214
2025-11-15,bnd_2025-11-14,0.14111524420092578,0.1907081510012442,0.1411152441971061,0.19070815099934055,20241,240,4857840,4857840,0.1386633402081759,0.11209344459503584,0.12656599421899054,3045.953869527,3119.318645214
2025-11-16,bnd_2025-11-14,0.14111524420092578,0.1907081510012442,0.1411152441971061,0.19070815099934055,20241,240,4857840,4857840,0.1386633402081759,0.11209344459503584,0.12656599421899054,3045.953869527,3119.318645214
2025-11-17,bnd_2025-11-14,0.14111524420092578,0.1907081510012442,0.1411152441971061,0.19070815099934055,20241,240,4857840,4857840,0.1386633402081759,0.11209344459503584,0.12656599421899054,3045.953869527,3119.318645214
2025-11-18,bnd_2025-11-14,0.14111524420092578,0.1907081510012442,0.1411152441971061,0.19070815099934055,20241,240,4857840,4857840,0.1386633402081759,0.11209344459503584,0.12656599421899054,3045.953869527,3119.318645214
2025-11-19,bnd_2025-11-14,0.14111524420092578,0.1907081510012442,0.1411152441971061,0.19070815099934055,20241,240,4857840,4857840,0.1386633402081759,0.11209344459503584,0.12656599421899054,3045.953869527,3119.318645214
2025-11-20,bnd_2025-11-14,0.14111524420092578,0.1907081510012442,0.1411152441971061,0.19070815099934055,20241,240,4857840,4857840,0.1386633402081759,0.11209344459503584,0.12656599421899054,3045.953869527,3119.318645214
2025-11-21,rev_30,0.1411151515672198,0.19070805836748755,0.14111515156334295,0.1907080583655774,20241,240,4857840,4857840,0.1386632187010158,0.11209332308787576,0.12656587271183045,3045.953869527,3119.318645214
2025-11-22,rev_30,0.1411151515672198,0.19070805836748755,0.14111515156334295,0.1907080583655774,20241,240,4857840,4857840,0.1386632187010158,0.11209332308787576,0.12656587271183045,3045.953869527,3119.318645214
2025-11-23,rev_30,0.1411151515672198,0.19070805836748755,0.14111515156334295,0.1907080583655774,20241,240,4857840,4857840,0.1386632187010158,0.11209332308787576,0.12656587271183045,3045.953869527,3119.318645214
2025-11-24,rev_30,0.1411151515672198,0.19070805836748755,0.14111515156334295,0.1907080583655774,20241,240,4857840,4857840,0.1386632187010158,0.11209332308787576,0.12656587271183045,3045.953869527,3119.318645214
2025-11-25,rev_30,0.1411151515672198,0.19070805836748755,0.14111515156334295,0.1907080583655774,20241,240,4857840,4857840,0.1386632187010158,0.11209332308787576,0.12656587271183045,3045.953869527,3119.318645214
2025-11-26,rev_30,0.1411151515672198,0.19070805836748755,0.14111515156334295,0.1907080583655774,20241,240,4857840,4857840,0.1386632187010158,0.11209332308787576,0.12656587271183045,3045.953869527,3119.318645214
2025-11-27,rev_30,0.1411151515672198,0.19070805836748755,0.14111515156334295,0.1907080583655774,20241,240,4857840,4857840,0.1386632187010158,0.11209332308787576,0.12656587271183045,3045.953869527,3119.318645214
2025-11-28,rev_30,0.1411151515672198,0.19070805836748755,0.14111515156334295,0.1907080583655774,20241,240,4857840,4857840,0.1386632187010158,0.11209332308787576,0.12656587271183045,3045.953869527,3119.318645214
2025-11-29,rev_30,0.1411151515672198,0.19070805836748755,0.14111515156334295,0.1907080583655774,20241,240,4857840,4857840,0.1386632187010158,0.11209332308787576,0.12656587271183045,3045.953869527,3119.318645214
2025-11-30,rev_31,0.1411151515672198,0.19070805836748755,0.14111515156334295,0.1907080583655774,20241,240,4857840,4857840,0.1386632187010158,0.11209332308787576,0.12656587271183045,3045.953869527,3119.318645214
2025-12-01,rev_31,0.1411151515672198,0.19070805836748755,0.14111515156334295,0.1907080583655774,20241,240,4857840,4857840,0.1386632187010158,0.11209332308787576,0.12656587271183045,3045.953869527,3119.318645214
2025-12-02,rev_31,0.1411151515672198,0.19070805836748755,0.14111515156334295,0.1907080583655774,20241,240,4857840,4857840,0.1386632187010158,0.11209332308787576,0.12656587271183045,3045.953869527,3119.318645214
2025-12-03,rev_31,0.1411151515672198,0.19070805836748755,0.14111515156334295,0.1907080583655774,20241,240,4857840,4857840,0.1386632187010158,0.11209332308787576,0.12656587271183045,3045.953869527,3119.318645214
2025-12-04,rev_31,0.1411151515672198,0.19070805836748755,0.14111515156334295,0.1907080583655774,20241,240,4857840,4857840,0.1386632187010158,0.11209332308787576,0.12656587271183045,3045.953869527,3119.318645214
2025-12-05,rev_32,0.14108444295440448,0.19067734975453798,0.1410844429505157,0.19067734975275202,20241,240,4857840,4857840,0.13656337826467294,0.10999348265153289,0.1244660322754878,3045.953869527,3119.318645214
2025-12-06,rev_32,0.14108444295440448,0.19067734975453798,0.1410844429505157,0.19067734975275202,20241,240,4857840,4857840,0.13656337826467294,0.10999348265153289,0.1244660322754878,3045.953869527,3119.318645214
2025-12-07,rev_32,0.14108444295440448,0.19067734975453798,0.1410844429505157,0.19067734975275202,20241,240,4857840,4857840,0.13656337826467294,0.10999348265153289,0.1244660322754878,3045.953869527,3119.318645214
2025-12-08,rev_32,0.14108444295440448,0.19067734975453798,0.1410844429505157,0.19067734975275202,20241,240,4857840,4857840,0.13656337826467294,0.10999348265153289,0.1244660322754878,3045.953869527,3119.318645214
2025-12-09,rev_32,0.14108444295440448,0.19067734975453798,0.1410844429505157,0.19067734975275202,20241,240,4857840,4857840,0.13656337826467294,0.10999348265153289,0.1244660322754878,3045.953869527,3119.318645214
2025-12-10,rev_32,0.14108444295440448,0.19067734975453798,0.1410844429505157,0.19067734975275202,20241,240,4857840,4857840,0.13656337826467294,0.10999348265153289,0.1244660322754878,3045.953869527,3119.318645214
2025-12-11,rev_32,0.14108444295440448,0.19067734975453798,0.1410844429505157,0.19067734975275202,20241,240,4857840,4857840,0.13656337826467294,0.10999348265153289,0.1244660322754878,3045.953869527,3119.318645214
2025-12-12,rev_32,0.14108444295440448,0.19067734975453798,0.1410844429505157,0.19067734975275202,20241,240,4857840,4857840,0.13656337826467294,0.10999348265153289,0.1244660322754878,3045.953869527,3119.318645214
2025-12-13,rev_32,0.14108444295440448,0.19067734975453798,0.1410844429505157,0.19067734975275202,20241,240,4857840,4857840,0.13656337826467294,0.10999348265153289,0.1244660322754878,3045.953869527,3119.318645214
2025-12-14,rev_32,0.14108444295440448,0.19067734975453798,0.1410844429505157,0.19067734975275202,20241,240,4857840,4857840,0.13656337826467294,0.10999348265153289,0.1244660322754878,3045.953869527,3119.318645214
2025-12-15,rev_32,0.14108444295440448,0.19067734975453798,0.1410844429505157,0.19067734975275202,20241,240,4857840,4857840,0.13656337826467294,0.10999348265153289,0.1244660322754878,3045.953869527,3119.318645214
2025-12-16,rev_32,0.14108444295440448,0.19067734975453798,0.1410844429505157,0.19067734975275202,20241,240,4857840,4857840,0.13656337826467294,0.10999348265153289,0.1244660322754878,3045.953869527,3119.318645214
2025-12-17,rev_32,0.14108444295440448,0.19067734975453798,0.1410844429505157,0.19067734975275202,20241,240,4857840,4857840,0.13656337826467294,0.10999348265153289,0.1244660322754878,3045.953869527,3119.318645214
2025-12-18,rev_32,0.14108444295440448,0.19067734975453798,0.1410844429505157,0.19067734975275202,20241,240,4857840,4857840,0.13656337826467294,0.10999348265153289,0.1244660322754878,3045.953869527,3119.318645214
2025-12-19,rev_32,0.14108444295440448,0.19067734975453798,0.1410844429505157,0.19067734975275202,20241,240,4857840,4857840,0.13656337826467294,0.10999348265153289,0.1244660322754878,3045.953869527,3119.318645214
2025-12-20,rev_32,0.14108444295440448,0.19067734975453798,0.1410844429505157,0.19067734975275202,20241,240,4857840,4857840,0.13656337826467294,0.10999348265153289,0.1244660322754878,3045.953869527,3119.318645214
2025-12-21,rev_32,0.14108444295440448,0.19067734975453798,0.1410844429505157,0.19067734975275202,20241,240,4857840,4857840,0.13656337826467294,0.10999348265153289,0.1244660322754878,3045.953869527,3119.318645214
2025-12-22,rev_32,0.14108444295440448,0.19067734975453798,0.1410844429505157,0.19067734975275202,20241,240,4857840,4857840,0.13656337826467294,0.10999348265153289,0.1244660322754878,3045.953869527,3119.318645214
2025-12-23,rev_32,0.14108444295440448,0.19067734975453798,0.1410844429505157,0.19067734975275202,20241,240,4857840,4857840,0.13656337826467294,0.10999348265153289,0.1244660322754878,3045.953869527,3119.318645214
2025-12-24,rev_32,0.14108444295440448,0.19067734975453798,0.1410844429505157,0.19067734975275202,20241,240,4857840,4857840,0.13656337826467294,0.10999348265153289,0.1244660322754878,3045.953869527,3119.318645214
2025-12-25,rev_32,0.14108444295440448,0.19067734975453798,0.1410844429505157,0.19067734975275202,20241,240,4857840,4857840,0.13656337826467294,0.10999348265153289,0.1244660322754878,3045.953869527,3119.318645214
2025-12-26,rev_32,0.14108444295440448,0.19067734975453798,0.1410844429505157,0.19067734975275202,20241,240,4857840,4857840,0.13656337826467294,0.10999348265153289,0.1244660322754878,3045.953869527,3119.318645214
2025-12-27,rev_32,0.14108444295440448,0.19067734975453798,0.1410844429505157,0.19067734975275202,20241,240,4857840,4857840,0.13656337826467294,0.10999348265153289,0.1244660322754878,3045.953869527,3119.318645214
2025-12-28,rev_32,0.14108444295440448,0.19067734975453798,0.1410844429505157,0.19067734975275202,20241,240,4857840,4857840,0.13656337826467294,0.10999348265153289,0.1244660322754878,3045.953869527,3119.318645214
2025-12-29,rev_32,0.14108444295440448,0.19067734975453798,0.1410844429505157,0.19067734975275202,20241,240,4857840,4857840,0.13656337826467294,0.10999348265153289,0.1244660322754878,3045.953869527,3119.318645214
2025-12-30,rev_32,0.14108444295440448,0.19067734975453798,0.1410844429505157,0.19067734975275202,20241,240,4857840,4857840,0.13656337826467294,0.10999348265153289,0.1244660322754878,3045.953869527,3119.318645214
2025-12-31,rev_32,0.14108444295440448,0.19067734975453798,0.1410844429505157,0.19067734975275202,20241,240,4857840,4857840,0.13656337826467294,0.10999348265153289,0.1244660322754878,3045.953869527,3119.318645214
2026-01-01,2026_basic,0.14101043853296139,0.1906033453331969,0.14101043852925366,0.19060334533148995,20241,240,4857840,4857840,0.13805360587597035,0.1114837102628303,0.12595625988678522,3045.953869527,3119.318645214
2026-01-02,2026_basic,0.14101043853296139,0.1906033453331969,0.14101043852925366,0.19060334533148995,20241,240,4857840,4857840,0.13805360587597035,0.1114837102628303,0.12595625988678522,3045.953869527,3119.318645214
2026-01-03,2026_basic,0.14101043853296139,0.1906033453331969,0.14101043852925366,0.19060334533148995,20241,240,4857840,4857840,0.13805360587597035,0.1114837102628303,0.12595625988678522,3045.953869527,3119.318645214
2026-01-04,2026_basic,0.14101043853296139,0.1906033453331969,0.14101043852925366,0.19060334533148995,20241,240,4857840,4857840,0.13805360587597035,0.1114837102628303,0.12595625988678522,3045.953869527,3119.318645214
2026-01-05,2026_basic,0.14101043853296139,0.1906033453331969,0.14101043852925366,0.19060334533148995,20241,240,4857840,4857840,0.13805360587597035,0.1114837102628303,0.12595625988678522,3045.953869527,3119.318645214
2026-01-06,2026_basic,0.14101043853296139,0.1906033453331969,0.14101043852925366,0.19060334533148995,20241,240,4857840,4857840,0.13805360587597035,0.1114837102628303,0.12595625988678522,3045.953869527,3119.318645214
2026-01-07,2026_basic,0.14101043853296139,0.1906033453331969,0.14101043852925366,0.19060334533148995,20241,240,4857840,4857840,0.13805360587597035,0.1114837102628303,0.12595625988678522,3045.953869527,3119.318645214
2026-01-08,2026_basic,0.14101043853296139,0.1906033453331969,0.14101043852925366,0.19060334533148995,20241,240,4857840,4857840,0.13805360587597035,0.1114837102628303,0.12595625988678522,3045.953869527,3119.318645214
2026-01-09,2026_basic,0.14101043853296139,0.1906033453331969,0.14101043852925366,0.19060334533148995,20241,240,4857840,4857840,0.13805360587597035,0.1114837102628303,0.12595625988678522,3045.953869527,3119.318645214
2026-01-10,2026_basic,0.14101043853296139,0.1906033453331969,0.14101043852925366,0.19060334533148995,20241,240,4857840,4857840,0.13805360587597035,0.1114837102628303,0.12595625988678522,3045.953869527,3119.318645214
2026-01-11,2026_basic,0.14101043853296139,0.1906033453331969,0.14101043852925366,0.19060334533148995,20241,240,4857840,4857840,0.13805360587597035,0.1114837102628303,0.12595625988678522,3045.953869527,3119.318645214
2026-01-12,2026_basic,0.14101043853296139,0.1906033453331969,0.14101043852925366,0.19060334533148995,20241,240,4857840,4857840,0.13805360587597035,0.1114837102628303,0.12595625988678522,3045.953869527,3119.318645214
2026-01-13,2026_basic,0.14101043853296139,0.1906033453331969,0.14101043852925366,0.19060334533148995,20241,240,4857840,4857840,0.13805360587597035,0.1114837102628303,0.12595625988678522,3045.953869527,3119.318645214
2026-01-14,2026_basic,0.14101043853296139,0.1906033453331969,0.14101043852925366,0.19060334533148995,20241,240,4857840,4857840,0.13805360587597035,0.1114837102628303,0.12595625988678522,3045.953869527,3119.318645214
2026-01-15,2026_rev_1,0.14102129972933491,0.19061420652939146,0.14102129972550329,0.1906142065277396,20241,240,4857840,4857840,0.13862379685452994,0.11205390124138989,0.12652645086534486,3045.953869527,3119.318645214
2026-01-16,2026_rev_1,0.14102129972933491,0.19061420652939146,0.14102129972550329,0.1906142065277396,20241,240,4857840,4857840,0.13862379685452994,0.11205390124138989,0.12652645086534486,3045.953869527,3119.318645214
2026-01-17,2026_rev_1,0.14102129972933491,0.19061420652939146,0.14102129972550329,0.1906142065277396,20241,240,4857840,4857840,0.13862379685452994,0.11205390124138989,0.12652645086534486,3045.953869527,3119.318645214
2026-01-18,2026_rev_1,0.14102129972933491,0.19061420652939146,0.14102129972550329,0.1906142065277396,20241,240,4857840,4857840,0.13862379685452994,0.11205390124138989,0.12652645086534486,3045.953869527,3119.318645214
2026-01-19,2026_rev_1,0.14102129972933491,0.19061420652939146,0.14102129972550329,0.1906142065277396,20241,240,4857840,4857840,0.13862379685452994,0.11205390124138989,0.12652645086534486,3045.953869527,3119.318645214
2026-01-20,2026_rev_1,0.14102129972933491,0.19061420652939146,0.14102129972550329,0.1906142065277396,20241,240,4857840,4857840,0.13862379685452994,0.11205390124138989,0.12652645086534486,3045.953869527,3119.318645214
2026-01-21,2026_rev_1,0.14102129972933491,0.19061420652939146,0.14102129972550329,0.1906142065277396,20241,240,4857840,4857840,0.13862379685452994,0.11205390124138989,0.12652645086534486,3045.953869527,3119.318645214
2026-01-22,2026_rev_1,0.14102129972933491,0.19061420652939146,0.14102129972550329,0.1906142065277396,20241,240,4857840,4857840,0.13862379685452994,0.11205390124138989,0.12652645086534486,3045.953869527,3119.318645214
2026-01-23,2026_rev_1,0.14102129972933491,0.19061420652939146,0.14102129972550329,0.1906142065277396,20241,240,4857840,4857840,0.13862379685452994,0.11205390124138989,0.12652645086534486,3045.953869527,3119.318645214
2026-01-24,2026_rev_1,0.14102129972933491,0.19061420652939146,0.14102129972550329,0.1906142065277396,20241,240,4857840,4857840,0.13862379685452994,0.11205390124138989,0.12652645086534486,3045.953869527,3119.318645214
2026-01-25,2026_rev_1,0.14102129972933491,0.19061420652939146,0.14102129972550329,0.1906142065277396,20241,240,4857840,4857840,0.13862379685452994,0.11205390124138989,0.12652645086534486,3045.953869527,3119.318645214
2026-01-26,2026_rev_1,0.14102129972933491,0.19061420652939146,0.14102129972550329,0.1906142065277396,20241,240,4857840,4857840,0.13862379685452994,0.11205390124138989,0.12652645086534486,3045.953869527,3119.318645214
2026-01-27,2026_rev_1,0.14102129972933491,0.19061420652939146,0.14102129972550329,0.1906142065277396,20241,240,4857840,4857840,0.13862379685452994,0.11205390124138989,0.12652645086534486,3045.953869527,3119.318645214
2026-01-28,2026_rev_1,0.14102129972933491,0.19061420652939146,0.14102129972550329,0.1906142065277396,20241,240,4857840,4857840,0.13862379685452994,0.11205390124138989,0.12652645086534486,3045.953869527,3119.318645214
2026-01-29,2026_rev_1,0.14102129972933491,0.19061420652939146,0.14102129972550329,0.1906142065277396,20241,240,4857840,4857840,0.13862379685452994,0.11205390124138989,0.12652645086534486,3045.953869527,3119.318645214
2026-01-30,2026_rev_1,0.14102129972933491,0.19061420652939146,0.14102129972550329,0.1906142065277396,20241,240,4857840,4857840,0.13862379685452994,0.11205390124138989,0.12652645086534486,3045.953869527,3119.318645214
2026-01-31,2026_rev_1,0.14102129972933491,0.19061420652939146,0.14102129972550329,0.1906142065277396,20241,240,4857840,4857840,0.13862379685452994,0.11205390124138989,0.12652645086534486,3045.953869527,3119.318645214
2026-02-01,2026_rev_2,0.14076069083573664,0.19031353856432268,0.14076069083182527,0.19031353856264735,20328,240,4878720,4878720,0.13470160541725865,0.1081317098041186,0.12293221501132416,2954.972194261,3119.318645214
2026-02-02,2026_rev_2,0.14076069083573664,0.19031353856432268,0.14076069083182527,0.19031353856264735,20328,240,4878720,4878720,0.13470160541725865,0.1081317098041186,0.12293221501132416,2954.972194261,3119.318645214
2026-02-03,2026_rev_2,0.14076069083573664,0.19031353856432268,0.14076069083182527,0.19031353856264735,20328,240,4878720,4878720,0.13470160541725865,0.1081317098041186,0.12293221501132416,2954.972194261,3119.318645214
2026-02-04,2026_rev_2,0.14076069083573664,0.19031353856432268,0.14076069083182527,0.19031353856264735,20328,240,4878720,4878720,0.13470160541725865,0.1081317098041186,0.12293221501132416,2954.972194261,3119.318645214
2026-02-05,2026_rev_2,0.14076069083573664,0.19031353856432268,0.14076069083182527,0.19031353856264735,20328,240,4878720,4878720,0.13470160541725865,0.1081317098041186,0.12293221501132416,2954.972194261,3119.318645214
2026-02-06,2026_rev_2,0.14076069083573664,0.19031353856432268,0.14076069083182527,0.19031353856264735,20328,240,4878720,4878720,0.13470160541725865,0.1081317098041186,0.12293221501132416,2954.972194261,3119.318645214
2026-02-07,2026_rev_3,0.13994100744164442,0.1894914176255809,0.1399410074378201,0.18949141762390992,20329,240,4878960,4878960,0.13095473697849191,0.10438484136535187,0.11918534657255699,2955.3423325,3119.318645214
2026-02-08,2026_rev_3,0.13994100744164442,0.1894914176255809,0.1399410074378201,0.18949141762390992,20329,240,4878960,4878960,0.13095473697849191,0.10438484136535187,0.11918534657255699,2955.3423325,3119.318645214
2026-02-09,2026_rev_3,0.13994100744164442,0.1894914176255809,0.1399410074378201,0.18949141762390992,20329,240,4878960,4878960,0.13095473697849191,0.10438484136535187,0.11918534657255699,2955.3423325,3119.318645214
2026-02-10,2026_rev_3,0.13994100744164442,0.1894914176255809,0.1399410074378201,0.18949141762390992,20329,240,4878960,4878960,0.13095473697849191,0.10438484136535187,0.11918534657255699,2955.3423325,3119.318645214
2026-02-11,2026_rev_3,0.13994100744164442,0.1894914176255809,0.1399410074378201,0.18949141762390992,20329,240,4878960,4878960,0.13095473697849191,0.10438484136535187,0.11918534657255699,2955.3423325,3119.318645214
2026-02-12,2026_rev_3,0.13994100744164442,0.1894914176255809,0.1399410074378201,0.18949141762390992,20329,240,4878960,4878960,0.13095473697849191,0.10438484136535187,0.11918534657255699,2955.3423325,3119.318645214
2026-02-13,2026_rev_3,0.13994100744164442,0.1894914176255809,0.1399410074378201,0.18949141762390992,20329,240,4878960,4878960,0.13095473697849191,0.10438484136535187,0.11918534657255699,2955.3423325,3119.318645214
2026-02-14,2026_rev_3,0.13994100744164442,0.1894914176255809,0.1399410074378201,0.18949141762390992,20329,240,4878960,4878960,0.13095473697849191,0.10438484136535187,0.11918534657255699,2955.3423325,3119.318645214
2026-02-15,2026_rev_3,0.13994100744164442,0.1894914176255809,0.1399410074378201,0.18949141762390992,20329,240,4878960,4878960,0.13095473697849191,0.10438484136535187,0.11918534657255699,2955.3423325,3119.318645214
2026-02-16,2026_rev_3,0.13994100744164442,0.1894914176255809,0.1399410074378201,0.18949141762390992,20329,240,4878960,4878960,0.13095473697849191,0.10438484136535187,0.11918534657255699,2955.3423325,3119.318645214
2026-02-17,2026_rev_3,0.13994100744164442,0.1894914176255809,0.1399410074378201,0.18949141762390992,20329,240,4878960,4878960,0.13095473697849191,0.10438484136535187,0.11918534657255699,2955.3423325,3119.318645214
2026-02-18,2026_rev_3,0.13994100744164442,0.1894914176255809,0.1399410074378201,0.18949141762390992,20329,240,4878960,4878960,0.13095473697849191,0.10438484136535187,0.11918534657255699,2955.3423325,3119.318645214
2026-02-19,2026_rev_3,0.13994100744164442,0.1894914176255809,0.1399410074378201,0.18949141762390992,20329,240,4878960,4878960,0.13095473697849191,0.10438484136535187,0.11918534657255699,2955.3423325,3119.318645214
2026-02-20,bnd_2026-02-20,0.04021125531446767,0.08976166549852314,0.04021125531453646,0.08976166549841737,20329,240,4878960,4878960,0.06793224541350329,0.04136234980036325,0.05616285500756866,2955.3423325,3119.318645214
2026-02-21,bnd_2026-02-20,0.04021125531446767,0.08976166549852314,0.04021125531453646,0.08976166549841737,20329,240,4878960,4878960,0.06793224541350329,0.04136234980036325,0.05616285500756866,2955.3423325,3119.318645214
2026-02-22,bnd_2026-02-20,0.04021125531446767,0.08976166549852314,0.04021125531453646,0.08976166549841737,20329,240,4878960,4878960,0.06793224541350329,0.04136234980036325,0.05616285500756866,2955.3423325,3119.318645214
2026-02-23,bnd_2026-02-20,0.04021125531446767,0.08976166549852314,0.04021125531453646,0.08976166549841737,20329,240,4878960,4878960,0.06793224541350329,0.04136234980036325,0.05616285500756866,2955.3423325,3119.318645214
2026-02-24,2026_rev_4,0.11800340687214919,0.16755381705616806,0.11800340686434407,0.1675538170517354,20329,240,4878960,4878960,0.10095179758296872,0.07438190196982869,0.08918240717703557,2955.3423325,3119.318645214
2026-02-25,2026_rev_4,0.11800340687214919,0.16755381705616806,0.11800340686434407,0.1675538170517354,20329,240,4878960,4878960,0.10095179758296872,0.07438190196982869,0.08918240717703557,2955.3423325,3119.318645214
2026-02-26,2026_rev_4,0.11800340687214919,0.16755381705616806,0.11800340686434407,0.1675538170517354,20329,240,4878960,4878960,0.10095179758296872,0.07438190196982869,0.08918240717703557,2955.3423325,3119.318645214
2026-02-27,2026_rev_4,0.11800340687214919,0.16755381705616806,0.11800340686434407,0.1675538170517354,20329,240,4878960,4878960,0.10095179758296872,0.07438190196982869,0.08918240717703557,2955.3423325,3119.318645214
2026-02-28,2026_rev_4,0.11800340687214919,0.16755381705616806,0.11800340686434407,0.1675538170517354,20329,240,4878960,4878960,0.10095179758296872,0.07438190196982869,0.08918240717703557,2955.3423325,3119.318645214
2026-03-01,2026_rev_4,0.11800340687214919,0.16755381705616806,0.11800340686434407,0.1675538170517354,20329,240,4878960,4878960,0.10095179758296872,0.07438190196982869,0.08918240717703557,2955.3423325,3119.318645214
2026-03-02,2026_rev_4,0.11800340687214919,0.16755381705616806,0.11800340686434407,0.1675538170517354,20329,240,4878960,4878960,0.10095179758296872,0.07438190196982869,0.08918240717703557,2955.3423325,3119.318645214
2026-03-03,2026_rev_4,0.11800340687214919,0.16755381705616806,0.11800340686434407,0.1675538170517354,20329,240,4878960,4878960,0.10095179758296872,0.07438190196982869,0.08918240717703557,2955.3423325,3119.318645214
2026-03-04,2026_rev_4,0.11800340687214919,0.16755381705616806,0.11800340686434407,0.1675538170517354,20329,240,4878960,4878960,0.10095179758296872,0.07438190196982869,0.08918240717703557,2955.3423325,3119.318645214
2026-03-05,2026_rev_4,0.11800340687214919,0.16755381705616806,0.11800340686434407,0.1675538170517354,20329,240,4878960,4878960,0.10095179758296872,0.07438190196982869,0.08918240717703557,2955.3423325,3119.318645214
2026-03-06,2026_rev_4,0.11800340687214919,0.16755381705616806,0.11800340686434407,0.1675538170517354,20329,240,4878960,4878960,0.10095179758296872,0.07438190196982869,0.08918240717703557,2955.3423325,3119.318645214
2026-03-07,2026_rev_4,0.11800340687214919,0.16755381705616806,0.11800340686434407,0.1675538170517354,20329,240,4878960,4878960,0.10095179758296872,0.07438190196982869,0.08918240717703557,2955.3423325,3119.318645214
2026-03-08,2026_rev_4,0.11800340687214919,0.16755381705616806,0.11800340686434407,0.1675538170517354,20329,240,4878960,4878960,0.10095179758296872,0.07438190196982869,0.08918240717703557,2955.3423325,3119.318645214
2026-03-09,2026_rev_4,0.11800340687214919,0.16755381705616806,0.11800340686434407,0.1675538170517354,20329,240,4878960,4878960,0.10095179758296872,0.07438190196982869,0.08918240717703557,2955.3423325,3119.318645214
2026-03-10,2026_rev_4,0.11800340687214919,0.16755381705616806,0.11800340686434407,0.1675538170517354,20329,240,4878960,4878960,0.10095179758296872,0.07438190196982869,0.08918240717703557,2955.3423325,3119.318645214
2026-03-11,2026_rev_4,0.11800340687214919,0.16755381705616806,0.11800340686434407,0.1675538170517354,20329,240,4878960,4878960,0.10095179758296872,0.07438190196982869,0.08918240717703557,2955.3423325,3119.318645214
2026-03-12,2026_rev_4,0.11800340687214919,0.16755381705616806,0.11800340686434407,0.1675538170517354,20329,240,4878960,4878960,0.10095179758296872,0.07438190196982869,0.08918240717703557,2955.3423325,3119.318645214
2026-03-13,2026_rev_4,0.11800340687214919,0.16755381705616806,0.11800340686434407,0.1675538170517354,20329,240,4878960,4878960,0.10095179758296872,0.07438190196982869,0.08918240717703557,2955.3423325,3119.318645214
2026-03-14,2026_rev_4,0.11800340687214919,0.16755381705616806,0.11800340686434407,0.1675538170517354,20329,240,4878960,4878960,0.10095179758296872,0.07438190196982869,0.08918240717703557,2955.3423325,3119.318645214
2026-03-15,2026_rev_4,0.11800340687214919,0.16755381705616806,0.11800340686434407,0.1675538170517354,20329,240,4878960,4878960,0.10095179758296872,0.07438190196982869,0.08918240717703557,2955.3423325,3119.318645214
2026-03-16,2026_rev_4,0.11800340687214919,0.16755381705616806,0.11800340686434407,0.1675538170517354,20329,240,4878960,4878960,0.10095179758296872,0.07438190196982869,0.08918240717703557,2955.3423325,3119.318645214
2026-03-17,2026_rev_4,0.11800340687214919,0.16755381705616806,0.11800340686434407,0.1675538170517354,20329,240,4878960,4878960,0.10095179758296872,0.07438190196982869,0.08918240717703557,2955.3423325,3119.318645214
2026-03-18,2026_rev_4,0.11800340687214919,0.16755381705616806,0.11800340686434407,0.1675538170517354,20329,240,4878960,4878960,0.10095179758296872,0.07438190196982869,0.08918240717703557,2955.3423325,3119.318645214
2026-03-19,2026_rev_4,0.11800340687214919,0.16755381705616806,0.11800340686434407,0.1675538170517354,20329,240,4878960,4878960,0.10095179758296872,0.07438190196982869,0.08918240717703557,2955.3423325,3119.318645214
2026-03-20,2026_rev_4,0.11800340687214919,0.16755381705616806,0.11800340686434407,0.1675538170517354,20329,240,4878960,4878960,0.10095179758296872,0.07438190196982869,0.08918240717703557,2955.3423325,3119.318645214
2026-03-21,2026_rev_4,0.11800340687214919,0.16755381705616806,0.11800340686434407,0.1675538170517354,20329,240,4878960,4878960,0.10095179758296872,0.07438190196982869,0.08918240717703557,2955.3423325,3119.318645214
2026-03-22,2026_rev_4,0.11800340687214919,0.16755381705616806,0.11800340686434407,0.1675538170517354,20329,240,4878960,4878960,0.10095179758296872,0.07438190196982869,0.08918240717703557,2955.3423325,3119.318645214
2026-03-23,2026_rev_4,0.11800340687214919,0.16755381705616806,0.11800340686434407,0.1675538170517354,20329,240,4878960,4878960,0.10095179758296872,0.07438190196982869,0.08918240717703557,2955.3423325,3119.318645214
2026-03-24,2026_rev_4,0.11800340687214919,0.16755381705616806,0.11800340686434407,0.1675538170517354,20329,240,4878960,4878960,0.10095179758296872,0.07438190196982869,0.08918240717703557,2955.3423325,3119.318645214
2026-03-25,2026_rev_4,0.11800340687214919,0.16755381705616806,0.11800340686434407,0.1675538170517354,20329,240,4878960,4878960,0.10095179758296872,0.07438190196982869,0.08918240717703557,2955.3423325,3119.318645214
2026-03-26,2026_rev_4,0.11800340687214919,0.16755381705616806,0.11800340686434407,0.1675538170517354,20329,240,4878960,4878960,0.10095179758296872,0.07438190196982869,0.08918240717703557,2955.3423325,3119.318645214
2026-03-27,2026_rev_4,0.11800340687214919,0.16755381705616806,0.11800340686434407,0.1675538170517354,20329,240,4878960,4878960,0.10095179758296872,0.07438190196982869,0.08918240717703557,2955.3423325,3119.318645214
2026-03-28,2026_rev_4,0.11800340687214919,0.16755381705616806,0.11800340686434407,0.1675538170517354,20329,240,4878960,4878960,0.10095179758296872,0.07438190196982869,0.08918240717703557,2955.3423325,3119.318645214
2026-03-29,2026_rev_4,0.11800340687214919,0.16755381705616806,0.11800340686434407,0.1675538170517354,20329,240,4878960,4878960,0.10095179758296872,0.07438190196982869,0.08918240717703557,2955.3423325,3119.318645214
2026-03-30,2026_rev_4,0.11800340687214919,0.16755381705616806,0.11800340686434407,0.1675538170517354,20329,240,4878960,4878960,0.10095179758296872,0.07438190196982869,0.08918240717703557,2955.3423325,3119.318645214
2026-03-31,2026_rev_4,0.11800340687214919,0.16755381705616806,0.11800340686434407,0.1675538170517354,20329,240,4878960,4878960,0.10095179758296872,0.07438190196982869,0.08918240717703557,2955.3423325,3119.318645214
2026-04-01,bnd_2026-04-01,0.11800340687214919,0.16755381705616806,0.11800340686434407,0.1675538170517354,20329,240,4878960,4878960,0.10095179758296872,0.07438190196982869,0.08918240717703557,2955.3423325,3119.318645214
2026-04-02,bnd_2026-04-01,0.11800340687214919,0.16755381705616806,0.11800340686434407,0.1675538170517354,20329,240,4878960,4878960,0.10095179758296872,0.07438190196982869,0.08918240717703557,2955.3423325,3119.318645214
2026-04-03,bnd_2026-04-01,0.11800340687214919,0.16755381705616806,0.11800340686434407,0.1675538170517354,20329,240,4878960,4878960,0.10095179758296872,0.07438190196982869,0.08918240717703557,2955.3423325,3119.318645214
2026-04-04,bnd_2026-04-01,0.11800340687214919,0.16755381705616806,0.11800340686434407,0.1675538170517354,20329,240,4878960,4878960,0.10095179758296872,0.07438190196982869,0.08918240717703557,2955.3423325,3119.318645214
2026-04-05,bnd_2026-04-01,0.11800340687214919,0.16755381705616806,0.11800340686434407,0.1675538170517354,20329,240,4878960,4878960,0.10095179758296872,0.07438190196982869,0.08918240717703557,2955.3423325,3119.318645214
2026-04-06,2026_rev_5,0.12076427509417248,0.17031468527817267,0.12076427508625973,0.17031468527383667,20329,240,4878960,4878960,0.10798436223326699,0.08141446662012694,0.09621497182733386,2955.3423325,3119.318645214
2026-04-07,2026_rev_5,0.12076427509417248,0.17031468527817267,0.12076427508625973,0.17031468527383667,20329,240,4878960,4878960,0.10798436223326699,0.08141446662012694,0.09621497182733386,2955.3423325,3119.318645214
2026-04-08,2026_rev_5,0.12076427509417248,0.17031468527817267,0.12076427508625973,0.17031468527383667,20329,240,4878960,4878960,0.10798436223326699,0.08141446662012694,0.09621497182733386,2955.3423325,3119.318645214
2026-04-09,2026_rev_5,0.12076427509417248,0.17031468527817267,0.12076427508625973,0.17031468527383667,20329,240,4878960,4878960,0.10798436223326699,0.08141446662012694,0.09621497182733386,2955.3423325,3119.318645214
2026-04-10,2026_rev_5,0.12076427509417248,0.17031468527817267,0.12076427508625973,0.17031468527383667,20329,240,4878960,4878960,0.10798436223326699,0.08141446662012694,0.09621497182733386,2955.3423325,3119.318645214
2026-04-11,2026_rev_5,0.12076427509417248,0.17031468527817267,0.12076427508625973,0.17031468527383667,20329,240,4878960,4878960,0.10798436223326699,0.08141446662012694,0.09621497182733386,2955.3423325,3119.318645214
2026-04-12,2026_rev_5,0.12076427509417248,0.17031468527817267,0.12076427508625973,0.17031468527383667,20329,240,4878960,4878960,0.10798436223326699,0.08141446662012694,0.09621497182733386,2955.3423325,3119.318645214
2026-04-13,2026_rev_5,0.12076427509417248,0.17031468527817267,0.12076427508625973,0.17031468527383667,20329,240,4878960,4878960,0.10798436223326699,0.08141446662012694,0.09621497182733386,2955.3423325,3119.318645214
2026-04-14,2026_rev_5,0.12076427509417248,0.17031468527817267,0.12076427508625973,0.17031468527383667,20329,240,4878960,4878960,0.10798436223326699,0.08141446662012694,0.09621497182733386,2955.3423325,3119.318645214
2026-04-15,2026_rev_5,0.12076427509417248,0.17031468527817267,0.12076427508625973,0.17031468527383667,20329,240,4878960,4878960,0.10798436223326699,0.08141446662012694,0.09621497182733386,2955.3423325,3119.318645214
2026-04-16,2026_rev_5,0.12076427509417248,0.17031468527817267,0.12076427508625973,0.17031468527383667,20329,240,4878960,4878960,0.10798436223326699,0.08141446662012694,0.09621497182733386,2955.3423325,3119.318645214
2026-04-17,2026_rev_5,0.12076427509417248,0.17031468527817267,0.12076427508625973,0.17031468527383667,20329,240,4878960,4878960,0.10798436223326699,0.08141446662012694,0.09621497182733386,2955.3423325,3119.318645214
2026-04-18,2026_rev_5,0.12076427509417248,0.17031468527817267,0.12076427508625973,0.17031468527383667,20329,240,4878960,4878960,0.10798436223326699,0.08141446662012694,0.09621497182733386,2955.3423325,3119.318645214
2026-04-19,2026_rev_5,0.12076427509417248,0.17031468527817267,0.12076427508625973,0.17031468527383667,20329,240,4878960,4878960,0.10798436223326699,0.08141446662012694,0.09621497182733386,2955.3423325,3119.318645214
2026-04-20,2026_rev_5,0.12076427509417248,0.17031468527817267,0.12076427508625973,0.17031468527383667,20329,240,4878960,4878960,0.10798436223326699,0.08141446662012694,0.09621497182733386,2955.3423325,3119.318645214
2026-04-21,2026_rev_5,0.12076427509417248,0.17031468527817267,0.12076427508625973,0.17031468527383667,20329,240,4878960,4878960,0.10798436223326699,0.08141446662012694,0.09621497182733386,2955.3423325,3119.318645214
2026-04-22,2026_rev_5,0.12076427509417248,0.17031468527817267,0.12076427508625973,0.17031468527383667,20329,240,4878960,4878960,0.10798436223326699,0.08141446662012694,0.09621497182733386,2955.3423325,3119.318645214
2026-04-23,2026_rev_6,0.12076427509417248,0.17031468527817267,0.12076427508625973,0.17031468527383667,20329,240,4878960,4878960,0.10798436223326699,0.08141446662012694,0.09621497182733386,2955.3423325,3119.318645214
2026-04-24,2026_rev_6,0.12076427509417248,0.17031468527817267,0.12076427508625973,0.17031468527383667,20329,240,4878960,4878960,0.10798436223326699,0.08141446662012694,0.09621497182733386,2955.3423325,3119.318645214
2026-04-25,2026_rev_6,0.12076427509417248,0.17031468527817267,0.12076427508625973,0.17031468527383667,20329,240,4878960,4878960,0.10798436223326699,0.08141446662012694,0.09621497182733386,2955.3423325,3119.318645214
2026-04-26,2026_rev_6,0.12076427509417248,0.17031468527817267,0.12076427508625973,0.17031468527383667,20329,240,4878960,4878960,0.10798436223326699,0.08141446662012694,0.09621497182733386,2955.3423325,3119.318645214
2026-04-27,2026_rev_6,0.12076427509417248,0.17031468527817267,0.12076427508625973,0.17031468527383667,20329,240,4878960,4878960,0.10798436223326699,0.08141446662012694,0.09621497182733386,2955.3423325,3119.318645214
2026-04-28,2026_rev_6,0.12076427509417248,0.17031468527817267,0.12076427508625973,0.17031468527383667,20329,240,4878960,4878960,0.10798436223326699,0.08141446662012694,0.09621497182733386,2955.3423325,3119.318645214
2026-04-29,2026_rev_7,0.12076427509417248,0.17031468527817267,0.12076427508625973,0.17031468527383667,20329,240,4878960,4878960,0.10798436223326699,0.08141446662012694,0.09621497182733386,2955.3423325,3119.318645214
2026-04-30,2026_rev_7,0.12076427509417248,0.17031468527817267,0.12076427508625973,0.17031468527383667,20329,240,4878960,4878960,0.10798436223326699,0.08141446662012694,0.09621497182733386,2955.3423325,3119.318645214
2026-05-01,2026_rev_9,0.12074259479735015,0.1702673609823965,0.1207425947893887,0.17026736097808487,20329,240,4878960,4878960,0.1077383514595573,0.08116845584641727,0.09604664185678774,2955.3423325,3119.318645214
2026-05-02,2026_rev_9,0.12074259479735015,0.1702673609823965,0.1207425947893887,0.17026736097808487,20329,240,4878960,4878960,0.1077383514595573,0.08116845584641727,0.09604664185678774,2955.3423325,3119.318645214
2026-05-03,2026_rev_9,0.12074259479735015,0.1702673609823965,0.1207425947893887,0.17026736097808487,20329,240,4878960,4878960,0.1077383514595573,0.08116845584641727,0.09604664185678774,2955.3423325,3119.318645214
2026-05-04,2026_rev_9,0.12074259479735015,0.1702673609823965,0.1207425947893887,0.17026736097808487,20329,240,4878960,4878960,0.1077383514595573,0.08116845584641727,0.09604664185678774,2955.3423325,3119.318645214
2026-05-05,2026_rev_9,0.12074259479735015,0.1702673609823965,0.1207425947893887,0.17026736097808487,20329,240,4878960,4878960,0.1077383514595573,0.08116845584641727,0.09604664185678774,2955.3423325,3119.318645214
2026-05-06,2026_rev_9,0.12074259479735015,0.1702673609823965,0.1207425947893887,0.17026736097808487,20329,240,4878960,4878960,0.1077383514595573,0.08116845584641727,0.09604664185678774,2955.3423325,3119.318645214
2026-05-07,2026_rev_9,0.12074259479735015,0.1702673609823965,0.1207425947893887,0.17026736097808487,20329,240,4878960,4878960,0.1077383514595573,0.08116845584641727,0.09604664185678774,2955.3423325,3119.318645214
2026-05-08,2026_rev_9,0.12074259479735015,0.1702673609823965,0.1207425947893887,0.17026736097808487,20329,240,4878960,4878960,0.1077383514595573,0.08116845584641727,0.09604664185678774,2955.3423325,3119.318645214
2026-05-09,2026_rev_9,0.12074259479735015,0.1702673609823965,0.1207425947893887,0.17026736097808487,20329,240,4878960,4878960,0.1077383514595573,0.08116845584641727,0.09604664185678774,2955.3423325,3119.318645214
2026-05-10,2026_rev_9,0.12074259479735015,0.1702673609823965,0.1207425947893887,0.17026736097808487,20329,240,4878960,4878960,0.1077383514595573,0.08116845584641727,0.09604664185678774,2955.3423325,3119.318645214
2026-05-11,2026_rev_9,0.12074259479735015,0.1702673609823965,0.1207425947893887,0.17026736097808487,20329,240,4878960,4878960,0.1077383514595573,0.08116845584641727,0.09604664185678774,2955.3423325,3119.318645214
2026-05-12,2026_rev_9,0.12074259479735015,0.1702673609823965,0.1207425947893887,0.17026736097808487,20329,240,4878960,4878960,0.1077383514595573,0.08116845584641727,0.09604664185678774,2955.3423325,3119.318645214
2026-05-13,2026_rev_9,0.12074259479735015,0.1702673609823965,0.1207425947893887,0.17026736097808487,20329,240,4878960,4878960,0.1077383514595573,0.08116845584641727,0.09604664185678774,2955.3423325,3119.318645214
2026-05-14,2026_rev_9,0.12074259479735015,0.1702673609823965,0.1207425947893887,0.17026736097808487,20329,240,4878960,4878960,0.1077383514595573,0.08116845584641727,0.09604664185678774,2955.3423325,3119.318645214
2026-05-15,2026_rev_9,0.12074259479735015,0.1702673609823965,0.1207425947893887,0.17026736097808487,20329,240,4878960,4878960,0.1077383514595573,0.08116845584641727,0.09604664185678774,2955.3423325,3119.318645214
2026-05-16,2026_rev_9,0.12074259479735015,0.1702673609823965,0.1207425947893887,0.17026736097808487,20329,240,4878960,4878960,0.1077383514595573,0.08116845584641727,0.09604664185678774,2955.3423325,3119.318645214
2026-05-17,2026_rev_9,0.12074259479735015,0.1702673609823965,0.1207425947893887,0.17026736097808487,20329,240,4878960,4878960,0.1077383514595573,0.08116845584641727,0.09604664185678774,2955.3423325,3119.318645214
2026-05-18,2026_rev_9,0.12074259479735015,0.1702673609823965,0.1207425947893887,0.17026736097808487,20329,240,4878960,4878960,0.1077383514595573,0.08116845584641727,0.09604664185678774,2955.3423325,3119.318645214
2026-05-19,2026_rev_9,0.12074259479735015,0.1702673609823965,0.1207425947893887,0.17026736097808487,20329,240,4878960,4878960,0.1077383514595573,0.08116845584641727,0.09604664185678774,2955.3423325,3119.318645214
2026-05-20,2026_rev_9,0.12074259479735015,0.1702673609823965,0.1207425947893887,0.17026736097808487,20329,240,4878960,4878960,0.1077383514595573,0.08116845584641727,0.09604664185678774,2955.3423325,3119.318645214
2026-05-21,2026_rev_9,0.12074259479735015,0.1702673609823965,0.1207425947893887,0.17026736097808487,20329,240,4878960,4878960,0.1077383514595573,0.08116845584641727,0.09604664185678774,2955.3423325,3119.318645214
2026-05-22,2026_rev_9,0.12074259479735015,0.1702673609823965,0.1207425947893887,0.17026736097808487,20329,240,4878960,4878960,0.1077383514595573,0.08116845584641727,0.09604664185678774,2955.3423325,3119.318645214
2026-05-23,2026_rev_9,0.12074259479735015,0.1702673609823965,0.1207425947893887,0.17026736097808487,20329,240,4878960,4878960,0.1077383514595573,0.08116845584641727,0.09604664185678774,2955.3423325,3119.318645214
2026-05-24,2026_rev_9,0.12074259479735015,0.1702673609823965,0.1207425947893887,0.17026736097808487,20329,240,4878960,4878960,0.1077383514595573,0.08116845584641727,0.09604664185678774,2955.3423325,3119.318645214
2026-05-25,2026_rev_9,0.12074259479735015,0.1702673609823965,0.1207425947893887,0.17026736097808487,20329,240,4878960,4878960,0.1077383514595573,0.08116845584641727,0.09604664185678774,2955.3423325,3119.318645214
2026-05-26,2026_rev_9,0.12074259479735015,0.1702673609823965,0.1207425947893887,0.17026736097808487,20329,240,4878960,4878960,0.1077383514595573,0.08116845584641727,0.09604664185678774,2955.3423325,3119.318645214
2026-05-27,2026_rev_9,0.12074259479735015,0.1702673609823965,0.1207425947893887,0.17026736097808487,20329,240,4878960,4878960,0.1077383514595573,0.08116845584641727,0.09604664185678774,2955.3423325,3119.318645214
2026-05-28,2026_rev_9,0.12074259479735015,0.1702673609823965,0.1207425947893887,0.17026736097808487,20329,240,4878960,4878960,0.1077383514595573,0.08116845584641727,0.09604664185678774,2955.3423325,3119.318645214
2026-05-29,2026_rev_9,0.12074259479735015,0.1702673609823965,0.1207425947893887,0.17026736097808487,20329,240,4878960,4878960,0.1077383514595573,0.08116845584641727,0.09604664185678774,2955.3423325,3119.318645214
2026-05-30,2026_rev_9,0.12074259479735015,0.1702673609823965,0.1207425947893887,0.17026736097808487,20329,240,4878960,4878960,0.1077383514595573,0.08116845584641727,0.09604664185678774,2955.3423325,3119.318645214
2026-05-31,2026_rev_9,0.12074259479735015,0.1702673609823965,0.1207425947893887,0.17026736097808487,20329,240,4878960,4878960,0.1077383514595573,0.08116845584641727,0.09604664185678774,2955.3423325,3119.318645214
2026-06-01,2026_rev_9,0.12074259479735015,0.1702673609823965,0.1207425947893887,0.17026736097808487,20329,240,4878960,4878960,0.1077383514595573,0.08116845584641727,0.09604664185678774,2955.3423325,3119.318645214
2026-06-02,2026_rev_9,0.12074259479735015,0.1702673609823965,0.1207425947893887,0.17026736097808487,20329,240,4878960,4878960,0.1077383514595573,0.08116845584641727,0.09604664185678774,2955.3423325,3119.318645214
2026-06-03,2026_rev_9,0.12074259479735015,0.1702673609823965,0.1207425947893887,0.17026736097808487,20329,240,4878960,4878960,0.1077383514595573,0.08116845584641727,0.09604664185678774,2955.3423325,3119.318645214
2026-06-04,2026_rev_9,0.12074259479735015,0.1702673609823965,0.1207425947893887,0.17026736097808487,20329,240,4878960,4878960,0.1077383514595573,0.08116845584641727,0.09604664185678774,2955.3423325,3119.318645214
2026-06-05,2026_rev_9,0.12074259479735015,0.1702673609823965,0.1207425947893887,0.17026736097808487,20329,240,4878960,4878960,0.1077383514595573,0.08116845584641727,0.09604664185678774,2955.3423325,3119.318645214
2026-06-06,2026_rev_9,0.12074259479735015,0.1702673609823965,0.1207425947893887,0.17026736097808487,20329,240,4878960,4878960,0.1077383514595573,0.08116845584641727,0.09604664185678774,2955.3423325,3119.318645214
2026-06-07,2026_rev_9,0.12074259479735015,0.1702673609823965,0.1207425947893887,0.17026736097808487,20329,240,4878960,4878960,0.1077383514595573,0.08116845584641727,0.09604664185678774,2955.3423325,3119.318645214
2026-06-08,2026_rev_10,0.12032049402157656,0.16987090420549752,0.12032049401368347,0.16987090420127302,20329,240,4878960,4878960,0.10682189127075851,0.08025199565761848,0.09505250086482492,2955.3423325,3119.318645214
2026-06-09,2026_rev_10,0.12032049402157656,0.16987090420549752,0.12032049401368347,0.16987090420127302,20329,240,4878960,4878960,0.10682189127075851,0.08025199565761848,0.09505250086482492,2955.3423325,3119.318645214
2026-06-10,2026_rev_10,0.12032049402157656,0.16987090420549752,0.12032049401368347,0.16987090420127302,20329,240,4878960,4878960,0.10682189127075851,0.08025199565761848,0.09505250086482492,2955.3423325,3119.318645214
2026-06-11,2026_rev_10,0.12032049402157656,0.16987090420549752,0.12032049401368347,0.16987090420127302,20329,240,4878960,4878960,0.10682189127075851,0.08025199565761848,0.09505250086482492,2955.3423325,3119.318645214
2026-06-12,2026_rev_10,0.12032049402157656,0.16987090420549752,0.12032049401368347,0.16987090420127302,20329,240,4878960,4878960,0.10682189127075851,0.08025199565761848,0.09505250086482492,2955.3423325,3119.318645214
2026-06-13,2026_rev_10,0.12032049402157656,0.16987090420549752,0.12032049401368347,0.16987090420127302,20329,240,4878960,4878960,0.10682189127075851,0.08025199565761848,0.09505250086482492,2955.3423325,3119.318645214
2026-06-14,2026_rev_10,0.12032049402157656,0.16987090420549752,0.12032049401368347,0.16987090420127302,20329,240,4878960,4878960,0.10682189127075851,0.08025199565761848,0.09505250086482492,2955.3423325,3119.318645214
2026-06-15,2026_rev_10,0.12032049402157656,0.16987090420549752,0.12032049401368347,0.16987090420127302,20329,240,4878960,4878960,0.10682189127075851,0.08025199565761848,0.09505250086482492,2955.3423325,3119.318645214
2026-06-16,2026_rev_10,0.12032049402157656,0.16987090420549752,0.12032049401368347,0.16987090420127302,20329,240,4878960,4878960,0.10682189127075851,0.08025199565761848,0.09505250086482492,2955.3423325,3119.318645214
2026-06-17,2026_rev_10,0.12032049402157656,0.16987090420549752,0.12032049401368347,0.16987090420127302,20329,240,4878960,4878960,0.10682189127075851,0.08025199565761848,0.09505250086482492,2955.3423325,3119.318645214
2026-06-18,2026_rev_10,0.12032049402157656,0.16987090420549752,0.12032049401368347,0.16987090420127302,20329,240,4878960,4878960,0.10682189127075851,0.08025199565761848,0.09505250086482492,2955.3423325,3119.318645214
2026-06-19,2026_rev_10,0.12032049402157656,0.16987090420549752,0.12032049401368347,0.16987090420127302,20329,240,4878960,4878960,0.10682189127075851,0.08025199565761848,0.09505250086482492,2955.3423325,3119.318645214
2026-06-20,2026_rev_10,0.12032049402157656,0.16987090420549752,0.12032049401368347,0.16987090420127302,20329,240,4878960,4878960,0.10682189127075851,0.08025199565761848,0.09505250086482492,2955.3423325,3119.318645214
2026-06-21,2026_rev_10,0.12032049402157656,0.16987090420549752,0.12032049401368347,0.16987090420127302,20329,240,4878960,4878960,0.10682189127075851,0.08025199565761848,0.09505250086482492,2955.3423325,3119.318645214
2026-06-22,2026_rev_10,0.12032049402157656,0.16987090420549752,0.12032049401368347,0.16987090420127302,20329,240,4878960,4878960,0.10682189127075851,0.08025199565761848,0.09505250086482492,2955.3423325,3119.318645214
2026-06-23,2026_rev_10,0.12032049402157656,0.16987090420549752,0.12032049401368347,0.16987090420127302,20329,240,4878960,4878960,0.10682189127075851,0.08025199565761848,0.09505250086482492,2955.3423325,3119.318645214
2026-06-24,2026_rev_10,0.12032049402157656,0.16987090420549752,0.12032049401368347,0.16987090420127302,20329,240,4878960,4878960,0.10682189127075851,0.08025199565761848,0.09505250086482492,2955.3423325,3119.318645214
2026-06-25,2026_rev_10,0.12032049402157656,0.16987090420549752,0.12032049401368347,0.16987090420127302,20329,240,4878960,4878960,0.10682189127075851,0.08025199565761848,0.09505250086482492,2955.3423325,3119.318645214
2026-06-26,2026_rev_10,0.12032049402157656,0.16987090420549752,0.12032049401368347,0.16987090420127302,20329,240,4878960,4878960,0.10682189127075851,0.08025199565761848,0.09505250086482492,2955.3423325,3119.318645214
2026-06-27,2026_rev_10,0.12032049402157656,0.16987090420549752,0.12032049401368347,0.16987090420127302,20329,240,4878960,4878960,0.10682189127075851,0.08025199565761848,0.09505250086482492,2955.3423325,3119.318645214
2026-06-28,2026_rev_10,0.12032049402157656,0.16987090420549752,0.12032049401368347,0.16987090420127302,20329,240,4878960,4878960,0.10682189127075851,0.08025199565761848,0.09505250086482492,2955.3423325,3119.318645214
2026-06-29,2026_rev_10,0.12032049402157656,0.16987090420549752,0.12032049401368347,0.16987090420127302,20329,240,4878960,4878960,0.10682189127075851,0.08025199565761848,0.09505250086482492,2955.3423325,3119.318645214
2026-06-30,2026_rev_10,0.12032049402157656,0.16987090420549752,0.12032049401368347,0.16987090420127302,20329,240,4878960,4878960,0.10682189127075851,0.08025199565761848,0.09505250086482492,2955.3423325,3119.318645214
2026-07-01,2026_rev_11,0.12012007071611083,0.16952900320599376,0.12012007070819578,0.16952900320173125,20422,240,4901280,4901280,0.10466131578233519,0.07809142016919515,0.0931700475465828,2900.788673954,3119.318645214
2026-07-02,2026_rev_11,0.12012007071611083,0.16952900320599376,0.12012007070819578,0.16952900320173125,20422,240,4901280,4901280,0.10466131578233519,0.07809142016919515,0.0931700475465828,2900.788673954,3119.318645214
2026-07-03,2026_rev_11,0.12012007071611083,0.16952900320599376,0.12012007070819578,0.16952900320173125,20422,240,4901280,4901280,0.10466131578233519,0.07809142016919515,0.0931700475465828,2900.788673954,3119.318645214
2026-07-04,2026_rev_11,0.12012007071611083,0.16952900320599376,0.12012007070819578,0.16952900320173125,20422,240,4901280,4901280,0.10466131578233519,0.07809142016919515,0.0931700475465828,2900.788673954,3119.318645214
2026-07-05,2026_rev_11,0.12012007071611083,0.16952900320599376,0.12012007070819578,0.16952900320173125,20422,240,4901280,4901280,0.10466131578233519,0.07809142016919515,0.0931700475465828,2900.788673954,3119.318645214
2026-07-06,2026_rev_11,0.12012007071611083,0.16952900320599376,0.12012007070819578,0.16952900320173125,20422,240,4901280,4901280,0.10466131578233519,0.07809142016919515,0.0931700475465828,2900.788673954,3119.318645214
2026-07-07,2026_rev_11,0.12012007071611083,0.16952900320599376,0.12012007070819578,0.16952900320173125,20422,240,4901280,4901280,0.10466131578233519,0.07809142016919515,0.0931700475465828,2900.788673954,3119.318645214
2026-07-08,2026_rev_11,0.12012007071611083,0.16952900320599376,0.12012007070819578,0.16952900320173125,20422,240,4901280,4901280,0.10466131578233519,0.07809142016919515,0.0931700475465828,2900.788673954,3119.318645214
2026-07-09,2026_rev_11,0.12012007071611083,0.16952900320599376,0.12012007070819578,0.16952900320173125,20422,240,4901280,4901280,0.10466131578233519,0.07809142016919515,0.0931700475465828,2900.788673954,3119.318645214
2026-07-10,2026_rev_11,0.12012007071611083,0.16952900320599376,0.12012007070819578,0.16952900320173125,20422,240,4901280,4901280,0.10466131578233519,0.07809142016919515,0.0931700475465828,2900.788673954,3119.318645214
2026-07-11,2026_rev_11,0.12012007071611083,0.16952900320599376,0.12012007070819578,0.16952900320173125,20422,240,4901280,4901280,0.10466131578233519,0.07809142016919515,0.0931700475465828,2900.788673954,3119.318645214
2026-07-12,2026_rev_11,0.12012007071611083,0.16952900320599376,0.12012007070819578,0.16952900320173125,20422,240,4901280,4901280,0.10466131578233519,0.07809142016919515,0.0931700475465828,2900.788673954,3119.318645214
2026-07-13,2026_rev_11,0.12012007071611083,0.16952900320599376,0.12012007070819578,0.16952900320173125,20422,240,4901280,4901280,0.10466131578233519,0.07809142016919515,0.0931700475465828,2900.788673954,3119.318645214
2026-07-14,2026_rev_11,0.12012007071611083,0.16952900320599376,0.12012007070819578,0.16952900320173125,20422,240,4901280,4901280,0.10466131578233519,0.07809142016919515,0.0931700475465828,2900.788673954,3119.318645214
2026-07-15,2026_rev_11,0.12012007071611083,0.16952900320599376,0.12012007070819578,0.16952900320173125,20422,240,4901280,4901280,0.10466131578233519,0.07809142016919515,0.0931700475465828,2900.788673954,3119.318645214
2026-07-16,2026_rev_11,0.12012007071611083,0.16952900320599376,0.12012007070819578,0.16952900320173125,20422,240,4901280,4901280,0.10466131578233519,0.07809142016919515,0.0931700475465828,2900.788673954,3119.318645214
2026-07-17,2026_rev_11,0.12012007071611083,0.16952900320599376,0.12012007070819578,0.16952900320173125,20422,240,4901280,4901280,0.10466131578233519,0.07809142016919515,0.0931700475465828,2900.788673954,3119.318645214
2026-07-18,2026_rev_11,0.12012007071611083,0.16952900320599376,0.12012007070819578,0.16952900320173125,20422,240,4901280,4901280,0.10466131578233519,0.07809142016919515,0.0931700475465828,2900.788673954,3119.318645214
2026-07-19,2026_rev_11,0.12012007071611083,0.16952900320599376,0.12012007070819578,0.16952900320173125,20422,240,4901280,4901280,0.10466131578233519,0.07809142016919515,0.0931700475465828,2900.788673954,3119.318645214
2026-07-20,2026_rev_11,0.12012007071611083,0.16952900320599376,0.12012007070819578,0.16952900320173125,20422,240,4901280,4901280,0.10466131578233519,0.07809142016919515,0.0931700475465828,2900.788673954,3119.318645214
2026-07-21,2026_rev_12,0.12012007071611083,0.16952900320599376,0.12012007070819578,0.16952900320173125,20422,240,4901280,4901280,0.10466131578233519,0.07809142016919515,0.0931700475465828,2900.788673954,3119.318645214
2026-07-22,bnd_2026-07-22,0.12086316231665568,0.17027209480660718,0.1208631623086319,0.17027209480225633,20422,240,4901280,4901280,0.1053754170165958,0.07880552140345576,0.09388414878084392,2900.788673954,3119.318645214
2026-07-23,bnd_2026-07-22,0.12086316231665568,0.17027209480660718,0.1208631623086319,0.17027209480225633,20422,240,4901280,4901280,0.1053754170165958,0.07880552140345576,0.09388414878084392,2900.788673954,3119.318645214
2026-07-24,bnd_2026-07-24,0.0704754726993765,0.11988440518905283,0.07047547269935832,0.11988440518866311,20422,240,4901280,4901280,0.10290680505977576,0.07633690944663571,0.0914155368240216,2900.788673954,3119.318645214
2026-07-25,bnd_2026-07-24,0.0704754726993765,0.11988440518905283,0.07047547269935832,0.11988440518866311,20422,240,4901280,4901280,0.10290680505977576,0.07633690944663571,0.0914155368240216,2900.788673954,3119.318645214
2026-07-26,bnd_2026-07-24,0.0704754726993765,0.11988440518905283,0.07047547269935832,0.11988440518866311,20422,240,4901280,4901280,0.10290680505977576,0.07633690944663571,0.0914155368240216,2900.788673954,3119.318645214
2026-07-27,bnd_2026-07-24,0.0704754726993765,0.11988440518905283,0.07047547269935832,0.11988440518866311,20422,240,4901280,4901280,0.10290680505977576,0.07633690944663571,0.0914155368240216,2900.788673954,3119.318645214
2026-07-28,bnd_2026-07-24,0.0704754726993765,0.11988440518905283,0.07047547269935832,0.11988440518866311,20422,240,4901280,4901280,0.10290680505977576,0.07633690944663571,0.0914155368240216,2900.788673954,3119.318645214
2026-07-29,bnd_2026-07-24,0.0704754726993765,0.11988440518905283,0.07047547269935832,0.11988440518866311,20422,240,4901280,4901280,0.10290680505977576,0.07633690944663571,0.0914155368240216,2900.788673954,3119.318645214
2026-07-30,bnd_2026-07-24,0.0704754726993765,0.11988440518905283,0.07047547269935832,0.11988440518866311,20422,240,4901280,4901280,0.10290680505977576,0.07633690944663571,0.0914155368240216,2900.788673954,3119.318645214
2026-07-31,bnd_2026-07-31,0.07044085539900846,0.11984978788909857,0.07044085539966417,0.11984978788897074,20422,240,4901280,4901280,0.10284401772099104,0.076274122107851,0.09135274948523697,2900.788673954,3119.318645214
2026-08-01,bnd_2026-07-31,0.07044085539900846,0.11984978788909857,0.07044085539966417,0.11984978788897074,20422,240,4901280,4901280,0.10284401772099104,0.076274122107851,0.09135274948523697,2900.788673954,3119.318645214
2026-08-02,bnd_2026-07-31,0.07044085539900846,0.11984978788909857,0.07044085539966417,0.11984978788897074,20422,240,4901280,4901280,0.10284401772099104,0.076274122107851,0.09135274948523697,2900.788673954,3119.318645214
2026-08-03,bnd_2026-07-31,0.07044085539900846,0.11984978788909857,0.07044085539966417,0.11984978788897074,20422,240,4901280,4901280,0.10284401772099104,0.076274122107851,0.09135274948523697,2900.788673954,3119.318645214
2026-08-04,bnd_2026-07-31,0.07044085539900846,0.11984978788909857,0.07044085539966417,0.11984978788897074,20422,240,4901280,4901280,0.10284401772099104,0.076274122107851,0.09135274948523697,2900.788673954,3119.318645214
2026-08-05,bnd_2026-07-31,0.07044085539900846,0.11984978788909857,0.07044085539966417,0.11984978788897074,20422,240,4901280,4901280,0.10284401772099104,0.076274122107851,0.09135274948523697,2900.788673954,3119.318645214
2026-08-06,bnd_2026-07-31,0.07044085539900846,0.11984978788909857,0.07044085539966417,0.11984978788897074,20422,240,4901280,4901280,0.10284401772099104,0.076274122107851,0.09135274948523697,2900.788673954,3119.318645214
2026-08-07,bnd_2026-07-31,0.07044085539900846,0.11984978788909857,0.07044085539966417,0.11984978788897074,20422,240,4901280,4901280,0.10284401772099104,0.076274122107851,0.09135274948523697,2900.788673954,3119.318645214
2026-08-08,bnd_2026-07-31,0.07044085539900846,0.11984978788909857,0.07044085539966417,0.11984978788897074,20422,240,4901280,4901280,0.10284401772099104,0.076274122107851,0.09135274948523697,2900.788673954,3119.318645214
2026-08-09,bnd_2026-07-31,0.07044085539900846,0.11984978788909857,0.07044085539966417,0.11984978788897074,20422,240,4901280,4901280,0.10284401772099104,0.076274122107851,0.09135274948523697,2900.788673954,3119.318645214
2026-08-10,bnd_2026-07-31,0.07044085539900846,0.11984978788909857,0.07044085539966417,0.11984978788897074,20422,240,4901280,4901280,0.10284401772099104,0.076274122107851,0.09135274948523697,2900.788673954,3119.318645214
2026-08-11,bnd_2026-07-31,0.07044085539900846,0.11984978788909857,0.07044085539966417,0.11984978788897074,20422,240,4901280,4901280,0.10284401772099104,0.076274122107851,0.09135274948523697,2900.788673954,3119.318645214
2026-08-12,bnd_2026-07-31,0.07044085539900846,0.11984978788909857,0.07044085539966417,0.11984978788897074,20422,240,4901280,4901280,0.10284401772099104,0.076274122107851,0.09135274948523697,2900.788673954,3119.318645214
2026-08-13,bnd_2026-07-31,0.07044085539900846,0.11984978788909857,0.07044085539966417,0.11984978788897074,20422,240,4901280,4901280,0.10284401772099104,0.076274122107851,0.09135274948523697,2900.788673954,3119.318645214
2026-08-14,bnd_2026-07-31,0.07044085539900846,0.11984978788909857,0.07044085539966417,0.11984978788897074,20422,240,4901280,4901280,0.10284401772099104,0.076274122107851,0.09135274948523697,2900.788673954,3119.318645214
2026-08-15,bnd_2026-07-31,0.07044085539900846,0.11984978788909857,0.07044085539966417,0.11984978788897074,20422,240,4901280,4901280,0.10284401772099104,0.076274122107851,0.09135274948523697,2900.788673954,3119.318645214
2026-08-16,bnd_2026-07-31,0.07044085539900846,0.11984978788909857,0.07044085539966417,0.11984978788897074,20422,240,4901280,4901280,0.10284401772099104,0.076274122107851,0.09135274948523697,2900.788673954,3119.318645214
2026-08-17,bnd_2026-07-31,0.07044085539900846,0.11984978788909857,0.07044085539966417,0.11984978788897074,20422,240,4901280,4901280,0.10284401772099104,0.076274122107851,0.09135274948523697,2900.788673954,3119.318645214
2026-08-18,bnd_2026-07-31,0.07044085539900846,0.11984978788909857,0.07044085539966417,0.11984978788897074,20422,240,4901280,4901280,0.10284401772099104,0.076274122107851,0.09135274948523697,2900.788673954,3119.318645214
2026-08-19,bnd_2026-08-19,0.07056147549798542,0.11997040798802414,0.07056147549857689,0.11997040798788135,20422,240,4901280,4901280,0.10557468264215922,0.07900478702901917,0.09408341440640611,2900.788673954,3119.318645214
2026-08-20,bnd_2026-08-19,0.07056147549798542,0.11997040798802414,0.07056147549857689,0.11997040798788135,20422,240,4901280,4901280,0.10557468264215922,0.07900478702901917,0.09408341440640611,2900.788673954,3119.318645214
2026-08-21,bnd_2026-08-19,0.07056147549798542,0.11997040798802414,0.07056147549857689,0.11997040798788135,20422,240,4901280,4901280,0.10557468264215922,0.07900478702901917,0.09408341440640611,2900.788673954,3119.318645214
2026-08-22,bnd_2026-08-19,0.07056147549798542,0.11997040798802414,0.07056147549857689,0.11997040798788135,20422,240,4901280,4901280,0.10557468264215922,0.07900478702901917,0.09408341440640611,2900.788673954,3119.318645214
2026-08-23,bnd_2026-08-19,0.07056147549798542,0.11997040798802414,0.07056147549857689,0.11997040798788135,20422,240,4901280,4901280,0.10557468264215922,0.07900478702901917,0.09408341440640611,2900.788673954,3119.318645214
2026-08-24,bnd_2026-08-19,0.07056147549798542,0.11997040798802414,0.07056147549857689,0.11997040798788135,20422,240,4901280,4901280,0.10557468264215922,0.07900478702901917,0.09408341440640611,2900.788673954,3119.318645214
2026-08-25,bnd_2026-08-19,0.07056147549798542,0.11997040798802414,0.07056147549857689,0.11997040798788135,20422,240,4901280,4901280,0.10557468264215922,0.07900478702901917,0.09408341440640611,2900.788673954,3119.318645214
2026-08-26,bnd_2026-08-19,0.07056147549798542,0.11997040798802414,0.07056147549857689,0.11997040798788135,20422,240,4901280,4901280,0.10557468264215922,0.07900478702901917,0.09408341440640611,2900.788673954,3119.318645214
2026-08-27,bnd_2026-08-19,0.07056147549798542,0.11997040798802414,0.07056147549857689,0.11997040798788135,20422,240,4901280,4901280,0.10557468264215922,0.07900478702901917,0.09408341440640611,2900.788673954,3119.318645214
2026-08-28,bnd_2026-08-19,0.07056147549798542,0.11997040798802414,0.07056147549857689,0.11997040798788135,20422,240,4901280,4901280,0.10557468264215922,0.07900478702901917,0.09408341440640611,2900.788673954,3119.318645214
2026-08-29,bnd_2026-08-19,0.07056147549798542,0.11997040798802414,0.07056147549857689,0.11997040798788135,20422,240,4901280,4901280,0.10557468264215922,0.07900478702901917,0.09408341440640611,2900.788673954,3119.318645214
2026-08-30,bnd_2026-08-19,0.07056147549798542,0.11997040798802414,0.07056147549857689,0.11997040798788135,20422,240,4901280,4901280,0.10557468264215922,0.07900478702901917,0.09408341440640611,2900.788673954,3119.318645214
2026-08-31,bnd_2026-08-19,0.07056147549798542,0.11997040798802414,0.07056147549857689,0.11997040798788135,20422,240,4901280,4901280,0.10557468264215922,0.07900478702901917,0.09408341440640611,2900.788673954,3119.318645214
2026-09-01,bnd_2026-08-19,0.07056147549798542,0.11997040798802414,0.07056147549857689,0.11997040798788135,20422,240,4901280,4901280,0.10557468264215922,0.07900478702901917,0.09408341440640611,2900.788673954,3119.318645214
2026-09-02,bnd_2026-08-19,0.07056147549798542,0.11997040798802414,0.07056147549857689,0.11997040798788135,20422,240,4901280,4901280,0.10557468264215922,0.07900478702901917,0.09408341440640611,2900.788673954,3119.318645214
2026-09-03,bnd_2026-08-19,0.07056147549798542,0.11997040798802414,0.07056147549857689,0.11997040798788135,20422,240,4901280,4901280,0.10557468264215922,0.07900478702901917,0.09408341440640611,2900.788673954,3119.318645214
2026-09-04,bnd_2026-08-19,0.07056147549798542,0.11997040798802414,0.07056147549857689,0.11997040798788135,20422,240,4901280,4901280,0.10557468264215922,0.07900478702901917,0.09408341440640611,2900.788673954,3119.318645214
2026-09-05,bnd_2026-08-19,0.07056147549798542,0.11997040798802414,0.07056147549857689,0.11997040798788135,20422,240,4901280,4901280,0.10557468264215922,0.07900478702901917,0.09408341440640611,2900.788673954,3119.318645214
2026-09-06,bnd_2026-08-19,0.07056147549798542,0.11997040798802414,0.07056147549857689,0.11997040798788135,20422,240,4901280,4901280,0.10557468264215922,0.07900478702901917,0.09408341440640611,2900.788673954,3119.318645214
2026-09-07,bnd_2026-08-19,0.07056147549798542,0.11997040798802414,0.07056147549857689,0.11997040798788135,20422,240,4901280,4901280,0.10557468264215922,0.07900478702901917,0.09408341440640611,2900.788673954,3119.318645214
2026-09-08,bnd_2026-08-19,0.07056147549798542,0.11997040798802414,0.07056147549857689,0.11997040798788135,20422,240,4901280,4901280,0.10557468264215922,0.07900478702901917,0.09408341440640611,2900.788673954,3119.318645214
2026-09-09,bnd_2026-08-19,0.07056147549798542,0.11997040798802414,0.07056147549857689,0.11997040798788135,20422,240,4901280,4901280,0.10557468264215922,0.07900478702901917,0.09408341440640611,2900.788673954,3119.318645214
2026-09-10,bnd_2026-08-19,0.07056147549798542,0.11997040798802414,0.07056147549857689,0.11997040798788135,20422,240,4901280,4901280,0.10557468264215922,0.07900478702901917,0.09408341440640611,2900.788673954,3119.318645214
2026-09-11,bnd_2026-08-19,0.07056147549798542,0.11997040798802414,0.07056147549857689,0.11997040798788135,20422,240,4901280,4901280,0.10557468264215922,0.07900478702901917,0.09408341440640611,2900.788673954,3119.318645214
2026-09-12,bnd_2026-08-19,0.07056147549798542,0.11997040798802414,0.07056147549857689,0.11997040798788135,20422,240,4901280,4901280,0.10557468264215922,0.07900478702901917,0.09408341440640611,2900.788673954,3119.318645214
2026-09-13,bnd_2026-08-19,0.07056147549798542,0.11997040798802414,0.07056147549857689,0.11997040798788135,20422,240,4901280,4901280,0.10557468264215922,0.07900478702901917,0.09408341440640611,2900.788673954,3119.318645214
2026-09-14,bnd_2026-08-19,0.07056147549798542,0.11997040798802414,0.07056147549857689,0.11997040798788135,20422,240,4901280,4901280,0.10557468264215922,0.07900478702901917,0.09408341440640611,2900.788673954,3119.318645214
2026-09-15,bnd_2026-08-19,0.07056147549798542,0.11997040798802414,0.07056147549857689,0.11997040798788135,20422,240,4901280,4901280,0.10557468264215922,0.07900478702901917,0.09408341440640611,2900.788673954,3119.318645214
2026-09-16,bnd_2026-08-19,0.07056147549798542,0.11997040798802414,0.07056147549857689,0.11997040798788135,20422,240,4901280,4901280,0.10557468264215922,0.07900478702901917,0.09408341440640611,2900.788673954,3119.318645214
2026-09-17,bnd_2026-08-19,0.07056147549798542,0.11997040798802414,0.07056147549857689,0.11997040798788135,20422,240,4901280,4901280,0.10557468264215922,0.07900478702901917,0.09408341440640611,2900.788673954,3119.318645214
2026-09-18,bnd_2026-08-19,0.07056147549798542,0.11997040798802414,0.07056147549857689,0.11997040798788135,20422,240,4901280,4901280,0.10557468264215922,0.07900478702901917,0.09408341440640611,2900.788673954,3119.318645214
2026-09-19,bnd_2026-08-19,0.07056147549798542,0.11997040798802414,0.07056147549857689,0.11997040798788135,20422,240,4901280,4901280,0.10557468264215922,0.07900478702901917,0.09408341440640611,2900.788673954,3119.318645214
2026-09-20,bnd_2026-08-19,0.07056147549798542,0.11997040798802414,0.07056147549857689,0.11997040798788135,20422,240,4901280,4901280,0.10557468264215922,0.07900478702901917,0.09408341440640611,2900.788673954,3119.318645214
2026-09-21,bnd_2026-08-19,0.07056147549798542,0.11997040798802414,0.07056147549857689,0.11997040798788135,20422,240,4901280,4901280,0.10557468264215922,0.07900478702901917,0.09408341440640611,2900.788673954,3119.318645214
2026-09-22,bnd_2026-08-19,0.07056147549798542,0.11997040798802414,0.07056147549857689,0.11997040798788135,20422,240,4901280,4901280,0.10557468264215922,0.07900478702901917,0.09408341440640611,2900.788673954,3119.318645214
2026-09-23,bnd_2026-08-19,0.07056147549798542,0.11997040798802414,0.07056147549857689,0.11997040798788135,20422,240,4901280,4901280,0.10557468264215922,0.07900478702901917,0.09408341440640611,2900.788673954,3119.318645214
2026-09-24,bnd_2026-08-19,0.07056147549798542,0.11997040798802414,0.07056147549857689,0.11997040798788135,20422,240,4901280,4901280,0.10557468264215922,0.07900478702901917,0.09408341440640611,2900.788673954,3119.318645214
2026-09-25,bnd_2026-08-19,0.07056147549798542,0.11997040798802414,0.07056147549857689,0.11997040798788135,20422,240,4901280,4901280,0.10557468264215922,0.07900478702901917,0.09408341440640611,2900.788673954,3119.318645214
2026-09-26,bnd_2026-08-19,0.07056147549798542,0.11997040798802414,0.07056147549857689,0.11997040798788135,20422,240,4901280,4901280,0.10557468264215922,0.07900478702901917,0.09408341440640611,2900.788673954,3119.318645214
2026-09-27,bnd_2026-08-19,0.07056147549798542,0.11997040798802414,0.07056147549857689,0.11997040798788135,20422,240,4901280,4901280,0.10557468264215922,0.07900478702901917,0.09408341440640611,2900.788673954,3119.318645214
2026-09-28,bnd_2026-08-19,0.07056147549798542,0.11997040798802414,0.07056147549857689,0.11997040798788135,20422,240,4901280,4901280,0.10557468264215922,0.07900478702901917,0.09408341440640611,2900.788673954,3119.318645214
2026-09-29,bnd_2026-09-29,0.07297490217874425,0.12238383466857299,0.07297490217895707,0.12238383466813693,20422,240,4901280,4901280,0.10941116958453553,0.08284127397139548,0.09791990134878172,2900.788673954,3119.318645214
2026-09-30,bnd_2026-09-29,0.07297490217874425,0.12238383466857299,0.07297490217895707,0.12238383466813693,20422,240,4901280,4901280,0.10941116958453553,0.08284127397139548,0.09791990134878172,2900.788673954,3119.318645214
2026-10-01,bnd_2026-09-29,0.07297490217874425,0.12238383466857299,0.07297490217895707,0.12238383466813693,20422,240,4901280,4901280,0.10941116958453553,0.08284127397139548,0.09791990134878172,2900.788673954,3119.318645214
2026-10-02,bnd_2026-09-29,0.07297490217874425,0.12238383466857299,0.07297490217895707,0.12238383466813693,20422,240,4901280,4901280,0.10941116958453553,0.08284127397139548,0.09791990134878172,2900.788673954,3119.318645214
2026-10-03,bnd_2026-09-29,0.07297490217874425,0.12238383466857299,0.07297490217895707,0.12238383466813693,20422,240,4901280,4901280,0.10941116958453553,0.08284127397139548,0.09791990134878172,2900.788673954,3119.318645214
2026-10-04,bnd_2026-09-29,0.07297490217874425,0.12238383466857299,0.07297490217895707,0.12238383466813693,20422,240,4901280,4901280,0.10941116958453553,0.08284127397139548,0.09791990134878172,2900.788673954,3119.318645214
2026-10-05,bnd_2026-09-29,0.07297490217874425,0.12238383466857299,0.07297490217895707,0.12238383466813693,20422,240,4901280,4901280,0.10941116958453553,0.08284127397139548,0.09791990134878172,2900.788673954,3119.318645214
2026-10-06,bnd_2026-09-29,0.07297490217874425,0.12238383466857299,0.07297490217895707,0.12238383466813693,20422,240,4901280,4901280,0.10941116958453553,0.08284127397139548,0.09791990134878172,2900.788673954,3119.318645214
2026-10-07,bnd_2026-09-29,0.07297490217874425,0.12238383466857299,0.07297490217895707,0.12238383466813693,20422,240,4901280,4901280,0.10941116958453553,0.08284127397139548,0.09791990134878172,2900.788673954,3119.318645214
2026-10-08,bnd_2026-09-29,0.07297490217874425,0.12238383466857299,0.07297490217895707,0.12238383466813693,20422,240,4901280,4901280,0.10941116958453553,0.08284127397139548,0.09791990134878172,2900.788673954,3119.318645214
2026-10-09,bnd_2026-09-29,0.07297490217874425,0.12238383466857299,0.07297490217895707,0.12238383466813693,20422,240,4901280,4901280,0.10941116958453553,0.08284127397139548,0.09791990134878172,2900.788673954,3119.318645214
2026-10-10,bnd_2026-09-29,0.07297490217874425,0.12238383466857299,0.07297490217895707,0.12238383466813693,20422,240,4901280,4901280,0.10941116958453553,0.08284127397139548,0.09791990134878172,2900.788673954,3119.318645214
2026-10-11,bnd_2026-09-29,0.07297490217874425,0.12238383466857299,0.07297490217895707,0.12238383466813693,20422,240,4901280,4901280,0.10941116958453553,0.08284127397139548,0.09791990134878172,2900.788673954,3119.318645214
2026-10-12,bnd_2026-09-29,0.07297490217874425,0.12238383466857299,0.07297490217895707,0.12238383466813693,20422,240,4901280,4901280,0.10941116958453553,0.08284127397139548,0.09791990134878172,2900.788673954,3119.318645214
2026-10-13,bnd_2026-09-29,0.07297490217874425,0.12238383466857299,0.07297490217895707,0.12238383466813693,20422,240,4901280,4901280,0.10941116958453553,0.08284127397139548,0.09791990134878172,2900.788673954,3119.318645214
2026-10-14,bnd_2026-09-29,0.07297490217874425,0.12238383466857299,0.07297490217895707,0.12238383466813693,20422,240,4901280,4901280,0.10941116958453553,0.08284127397139548,0.09791990134878172,2900.788673954,3119.318645214
2026-10-15,bnd_2026-09-29,0.07297490217874425,0.12238383466857299,0.07297490217895707,0.12238383466813693,20422,240,4901280,4901280,0.10941116958453553,0.08284127397139548,0.09791990134878172,2900.788673954,3119.318645214
2026-10-16,bnd_2026-09-29,0.07297490217874425,0.12238383466857299,0.07297490217895707,0.12238383466813693,20422,240,4901280,4901280,0.10941116958453553,0.08284127397139548,0.09791990134878172,2900.788673954,3119.318645214
2026-10-17,bnd_2026-09-29,0.07297490217874425,0.12238383466857299,0.07297490217895707,0.12238383466813693,20422,240,4901280,4901280,0.10941116958453553,0.08284127397139548,0.09791990134878172,2900.788673954,3119.318645214
2026-10-18,bnd_2026-09-29,0.07297490217874425,0.12238383466857299,0.07297490217895707,0.12238383466813693,20422,240,4901280,4901280,0.10941116958453553,0.08284127397139548,0.09791990134878172,2900.788673954,3119.318645214
2026-10-19,bnd_2026-09-29,0.07297490217874425,0.12238383466857299,0.07297490217895707,0.12238383466813693,20422,240,4901280,4901280,0.10941116958453553,0.08284127397139548,0.09791990134878172,2900.788673954,3119.318645214
2026-10-20,bnd_2026-09-29,0.07297490217874425,0.12238383466857299,0.07297490217895707,0.12238383466813693,20422,240,4901280,4901280,0.10941116958453553,0.08284127397139548,0.09791990134878172,2900.788673954,3119.318645214
2026-10-21,bnd_2026-09-29,0.07297490217874425,0.12238383466857299,0.07297490217895707,0.12238383466813693,20422,240,4901280,4901280,0.10941116958453553,0.08284127397139548,0.09791990134878172,2900.788673954,3119.318645214
2026-10-22,bnd_2026-09-29,0.07297490217874425,0.12238383466857299,0.07297490217895707,0.12238383466813693,20422,240,4901280,4901280,0.10941116958453553,0.08284127397139548,0.09791990134878172,2900.788673954,3119.318645214
2026-10-23,bnd_2026-09-29,0.07297490217874425,0.12238383466857299,0.07297490217895707,0.12238383466813693,20422,240,4901280,4901280,0.10941116958453553,0.08284127397139548,0.09791990134878172,2900.788673954,3119.318645214
2026-10-24,bnd_2026-09-29,0.07297490217874425,0.12238383466857299,0.07297490217895707,0.12238383466813693,20422,240,4901280,4901280,0.10941116958453553,0.08284127397139548,0.09791990134878172,2900.788673954,3119.318645214
2026-10-25,bnd_2026-09-29,0.07297490217874425,0.12238383466857299,0.07297490217895707,0.12238383466813693,20422,240,4901280,4901280,0.10941116958453553,0.08284127397139548,0.09791990134878172,2900.788673954,3119.318645214
2026-10-26,bnd_2026-09-29,0.07297490217874425,0.12238383466857299,0.07297490217895707,0.12238383466813693,20422,240,4901280,4901280,0.10941116958453553,0.08284127397139548,0.09791990134878172,2900.788673954,3119.318645214
2026-10-27,bnd_2026-09-29,0.07297490217874425,0.12238383466857299,0.07297490217895707,0.12238383466813693,20422,240,4901280,4901280,0.10941116958453553,0.08284127397139548,0.09791990134878172,2900.788673954,3119.318645214
2026-10-28,bnd_2026-09-29,0.07297490217874425,0.12238383466857299,0.07297490217895707,0.12238383466813693,20422,240,4901280,4901280,0.10941116958453553,0.08284127397139548,0.09791990134878172,2900.788673954,3119.318645214
2026-10-29,bnd_2026-09-29,0.07297490217874425,0.12238383466857299,0.07297490217895707,0.12238383466813693,20422,240,4901280,4901280,0.10941116958453553,0.08284127397139548,0.09791990134878172,2900.788673954,3119.318645214
2026-10-30,bnd_2026-09-29,0.07297490217874425,0.12238383466857299,0.07297490217895707,0.12238383466813693,20422,240,4901280,4901280,0.10941116958453553,0.08284127397139548,0.09791990134878172,2900.788673954,3119.318645214
2026-10-31,bnd_2026-09-29,0.07297490217874425,0.12238383466857299,0.07297490217895707,0.12238383466813693,20422,240,4901280,4901280,0.10941116958453553,0.08284127397139548,0.09791990134878172,2900.788673954,3119.318645214
2026-11-01,bnd_2026-09-29,0.07297490217874425,0.12238383466857299,0.07297490217895707,0.12238383466813693,20422,240,4901280,4901280,0.10941116958453553,0.08284127397139548,0.09791990134878172,2900.788673954,3119.318645214
2026-11-02,bnd_2026-09-29,0.07297490217874425,0.12238383466857299,0.07297490217895707,0.12238383466813693,20422,240,4901280,4901280,0.10941116958453553,0.08284127397139548,0.09791990134878172,2900.788673954,3119.318645214
2026-11-03,bnd_2026-09-29,0.07297490217874425,0.12238383466857299,0.07297490217895707,0.12238383466813693,20422,240,4901280,4901280,0.10941116958453553,0.08284127397139548,0.09791990134878172,2900.788673954,3119.318645214
2026-11-04,bnd_2026-09-29,0.07297490217874425,0.12238383466857299,0.07297490217895707,0.12238383466813693,20422,240,4901280,4901280,0.10941116958453553,0.08284127397139548,0.09791990134878172,2900.788673954,3119.318645214
2026-11-05,bnd_2026-09-29,0.07297490217874425,0.12238383466857299,0.07297490217895707,0.12238383466813693,20422,240,4901280,4901280,0.10941116958453553,0.08284127397139548,0.09791990134878172,2900.788673954,3119.318645214
2026-11-06,bnd_2026-09-29,0.07297490217874425,0.12238383466857299,0.07297490217895707,0.12238383466813693,20422,240,4901280,4901280,0.10941116958453553,0.08284127397139548,0.09791990134878172,2900.788673954,3119.318645214
2026-11-07,bnd_2026-09-29,0.07297490217874425,0.12238383466857299,0.07297490217895707,0.12238383466813693,20422,240,4901280,4901280,0.10941116958453553,0.08284127397139548,0.09791990134878172,2900.788673954,3119.318645214
2026-11-08,bnd_2026-09-29,0.07297490217874425,0.12238383466857299,0.07297490217895707,0.12238383466813693,20422,240,4901280,4901280,0.10941116958453553,0.08284127397139548,0.09791990134878172,2900.788673954,3119.318645214
2026-11-09,bnd_2026-09-29,0.07297490217874425,0.12238383466857299,0.07297490217895707,0.12238383466813693,20422,240,4901280,4901280,0.10941116958453553,0.08284127397139548,0.09791990134878172,2900.788673954,3119.318645214
2026-11-10,bnd_2026-11-10,0.07297955734036134,0.12238848983009123,0.07297955734046599,0.12238848982964577,20422,240,4901280,4901280,0.11033524543610575,0.08376534982296571,0.09884397720035197,2900.788673954,3119.318645214
2026-11-11,bnd_2026-11-10,0.07297955734036134,0.12238848983009123,0.07297955734046599,0.12238848982964577,20422,240,4901280,4901280,0.11033524543610575,0.08376534982296571,0.09884397720035197,2900.788673954,3119.318645214
2026-11-12,bnd_2026-11-10,0.07297955734036134,0.12238848983009123,0.07297955734046599,0.12238848982964577,20422,240,4901280,4901280,0.11033524543610575,0.08376534982296571,0.09884397720035197,2900.788673954,3119.318645214
2026-11-13,bnd_2026-11-10,0.07297955734036134,0.12238848983009123,0.07297955734046599,0.12238848982964577,20422,240,4901280,4901280,0.11033524543610575,0.08376534982296571,0.09884397720035197,2900.788673954,3119.318645214
2026-11-14,bnd_2026-11-10,0.07297955734036134,0.12238848983009123,0.07297955734046599,0.12238848982964577,20422,240,4901280,4901280,0.11033524543610575,0.08376534982296571,0.09884397720035197,2900.788673954,3119.318645214
2026-11-15,bnd_2026-11-10,0.07297955734036134,0.12238848983009123,0.07297955734046599,0.12238848982964577,20422,240,4901280,4901280,0.11033524543610575,0.08376534982296571,0.09884397720035197,2900.788673954,3119.318645214
2026-11-16,bnd_2026-11-10,0.07297955734036134,0.12238848983009123,0.07297955734046599,0.12238848982964577,20422,240,4901280,4901280,0.11033524543610575,0.08376534982296571,0.09884397720035197,2900.788673954,3119.318645214
2026-11-17,bnd_2026-11-10,0.07297955734036134,0.12238848983009123,0.07297955734046599,0.12238848982964577,20422,240,4901280,4901280,0.11033524543610575,0.08376534982296571,0.09884397720035197,2900.788673954,3119.318645214
2026-11-18,bnd_2026-11-10,0.07297955734036134,0.12238848983009123,0.07297955734046599,0.12238848982964577,20422,240,4901280,4901280,0.11033524543610575,0.08376534982296571,0.09884397720035197,2900.788673954,3119.318645214
2026-11-19,bnd_2026-11-10,0.07297955734036134,0.12238848983009123,0.07297955734046599,0.12238848982964577,20422,240,4901280,4901280,0.11033524543610575,0.08376534982296571,0.09884397720035197,2900.788673954,3119.318645214
2026-11-20,bnd_2026-11-10,0.07297955734036134,0.12238848983009123,0.07297955734046599,0.12238848982964577,20422,240,4901280,4901280,0.11033524543610575,0.08376534982296571,0.09884397720035197,2900.788673954,3119.318645214
2026-11-21,bnd_2026-11-10,0.07297955734036134,0.12238848983009123,0.07297955734046599,0.12238848982964577,20422,240,4901280,4901280,0.11033524543610575,0.08376534982296571,0.09884397720035197,2900.788673954,3119.318645214
2026-11-22,bnd_2026-11-10,0.07297955734036134,0.12238848983009123,0.07297955734046599,0.12238848982964577,20422,240,4901280,4901280,0.11033524543610575,0.08376534982296571,0.09884397720035197,2900.788673954,3119.318645214
2026-11-23,bnd_2026-11-10,0.07297955734036134,0.12238848983009123,0.07297955734046599,0.12238848982964577,20422,240,4901280,4901280,0.11033524543610575,0.08376534982296571,0.09884397720035197,2900.788673954,3119.318645214
2026-11-24,bnd_2026-11-10,0.07297955734036134,0.12238848983009123,0.07297955734046599,0.12238848982964577,20422,240,4901280,4901280,0.11033524543610575,0.08376534982296571,0.09884397720035197,2900.788673954,3119.318645214
2026-11-25,bnd_2026-11-10,0.07297955734036134,0.12238848983009123,0.07297955734046599,0.12238848982964577,20422,240,4901280,4901280,0.11033524543610575,0.08376534982296571,0.09884397720035197,2900.788673954,3119.318645214
2026-11-26,bnd_2026-11-10,0.07297955734036134,0.12238848983009123,0.07297955734046599,0.12238848982964577,20422,240,4901280,4901280,0.11033524543610575,0.08376534982296571,0.09884397720035197,2900.788673954,3119.318645214
2026-11-27,bnd_2026-11-10,0.07297955734036134,0.12238848983009123,0.07297955734046599,0.12238848982964577,20422,240,4901280,4901280,0.11033524543610575,0.08376534982296571,0.09884397720035197,2900.788673954,3119.318645214
2026-11-28,bnd_2026-11-10,0.07297955734036134,0.12238848983009123,0.07297955734046599,0.12238848982964577,20422,240,4901280,4901280,0.11033524543610575,0.08376534982296571,0.09884397720035197,2900.788673954,3119.318645214
2026-11-29,bnd_2026-11-10,0.07297955734036134,0.12238848983009123,0.07297955734046599,0.12238848982964577,20422,240,4901280,4901280,0.11033524543610575,0.08376534982296571,0.09884397720035197,2900.788673954,3119.318645214
2026-11-30,bnd_2026-11-10,0.07297955734036134,0.12238848983009123,0.07297955734046599,0.12238848982964577,20422,240,4901280,4901280,0.11033524543610575,0.08376534982296571,0.09884397720035197,2900.788673954,3119.318645214
2026-12-01,bnd_2026-11-10,0.07297955734036134,0.12238848983009123,0.07297955734046599,0.12238848982964577,20422,240,4901280,4901280,0.11033524543610575,0.08376534982296571,0.09884397720035197,2900.788673954,3119.318645214
2026-12-02,bnd_2026-11-10,0.07297955734036134,0.12238848983009123,0.07297955734046599,0.12238848982964577,20422,240,4901280,4901280,0.11033524543610575,0.08376534982296571,0.09884397720035197,2900.788673954,3119.318645214
2026-12-03,bnd_2026-11-10,0.07297955734036134,0.12238848983009123,0.07297955734046599,0.12238848982964577,20422,240,4901280,4901280,0.11033524543610575,0.08376534982296571,0.09884397720035197,2900.788673954,3119.318645214
2026-12-04,bnd_2026-11-10,0.07297955734036134,0.12238848983009123,0.07297955734046599,0.12238848982964577,20422,240,4901280,4901280,0.11033524543610575,0.08376534982296571,0.09884397720035197,2900.788673954,3119.318645214
2026-12-05,bnd_2026-11-10,0.07297955734036134,0.12238848983009123,0.07297955734046599,0.12238848982964577,20422,240,4901280,4901280,0.11033524543610575,0.08376534982296571,0.09884397720035197,2900.788673954,3119.318645214
2026-12-06,bnd_2026-11-10,0.07297955734036134,0.12238848983009123,0.07297955734046599,0.12238848982964577,20422,240,4901280,4901280,0.11033524543610575,0.08376534982296571,0.09884397720035197,2900.788673954,3119.318645214
2026-12-07,bnd_2026-11-10,0.07297955734036134,0.12238848983009123,0.07297955734046599,0.12238848982964577,20422,240,4901280,4901280,0.11033524543610575,0.08376534982296571,0.09884397720035197,2900.788673954,3119.318645214
2026-12-08,bnd_2026-11-10,0.07297955734036134,0.12238848983009123,0.07297955734046599,0.12238848982964577,20422,240,4901280,4901280,0.11033524543610575,0.08376534982296571,0.09884397720035197,2900.788673954,3119.318645214
2026-12-09,bnd_2026-11-10,0.07297955734036134,0.12238848983009123,0.07297955734046599,0.12238848982964577,20422,240,4901280,4901280,0.11033524543610575,0.08376534982296571,0.09884397720035197,2900.788673954,3119.318645214
2026-12-10,bnd_2026-11-10,0.07297955734036134,0.12238848983009123,0.07297955734046599,0.12238848982964577,20422,240,4901280,4901280,0.11033524543610575,0.08376534982296571,0.09884397720035197,2900.788673954,3119.318645214
2026-12-11,bnd_2026-11-10,0.07297955734036134,0.12238848983009123,0.07297955734046599,0.12238848982964577,20422,240,4901280,4901280,0.11033524543610575,0.08376534982296571,0.09884397720035197,2900.788673954,3119.318645214
2026-12-12,bnd_2026-11-10,0.07297955734036134,0.12238848983009123,0.07297955734046599,0.12238848982964577,20422,240,4901280,4901280,0.11033524543610575,0.08376534982296571,0.09884397720035197,2900.788673954,3119.318645214
2026-12-13,bnd_2026-11-10,0.07297955734036134,0.12238848983009123,0.07297955734046599,0.12238848982964577,20422,240,4901280,4901280,0.11033524543610575,0.08376534982296571,0.09884397720035197,2900.788673954,3119.318645214
2026-12-14,bnd_2026-11-10,0.07297955734036134,0.12238848983009123,0.07297955734046599,0.12238848982964577,20422,240,4901280,4901280,0.11033524543610575,0.08376534982296571,0.09884397720035197,2900.788673954,3119.318645214
2026-12-15,bnd_2026-11-10,0.07297955734036134,0.12238848983009123,0.07297955734046599,0.12238848982964577,20422,240,4901280,4901280,0.11033524543610575,0.08376534982296571,0.09884397720035197,2900.788673954,3119.318645214
2026-12-16,bnd_2026-11-10,0.07297955734036134,0.12238848983009123,0.07297955734046599,0.12238848982964577,20422,240,4901280,4901280,0.11033524543610575,0.08376534982296571,0.09884397720035197,2900.788673954,3119.318645214
2026-12-17,bnd_2026-11-10,0.07297955734036134,0.12238848983009123,0.07297955734046599,0.12238848982964577,20422,240,4901280,4901280,0.11033524543610575,0.08376534982296571,0.09884397720035197,2900.788673954,3119.318645214
2026-12-18,bnd_2026-11-10,0.07297955734036134,0.12238848983009123,0.07297955734046599,0.12238848982964577,20422,240,4901280,4901280,0.11033524543610575,0.08376534982296571,0.09884397720035197,2900.788673954,3119.318645214
2026-12-19,bnd_2026-11-10,0.07297955734036134,0.12238848983009123,0.07297955734046599,0.12238848982964577,20422,240,4901280,4901280,0.11033524543610575,0.08376534982296571,0.09884397720035197,2900.788673954,3119.318645214
2026-12-20,bnd_2026-11-10,0.07297955734036134,0.12238848983009123,0.07297955734046599,0.12238848982964577,20422,240,4901280,4901280,0.11033524543610575,0.08376534982296571,0.09884397720035197,2900.788673954,3119.318645214
2026-12-21,bnd_2026-11-10,0.07297955734036134,0.12238848983009123,0.07297955734046599,0.12238848982964577,20422,240,4901280,4901280,0.11033524543610575,0.08376534982296571,0.09884397720035197,2900.788673954,3119.318645214
2026-12-22,bnd_2026-11-10,0.07297955734036134,0.12238848983009123,0.07297955734046599,0.12238848982964577,20422,240,4901280,4901280,0.11033524543610575,0.08376534982296571,0.09884397720035197,2900.788673954,3119.318645214
2026-12-23,bnd_2026-11-10,0.07297955734036134,0.12238848983009123,0.07297955734046599,0.12238848982964577,20422,240,4901280,4901280,0.11033524543610575,0.08376534982296571,0.09884397720035197,2900.788673954,3119.318645214
2026-12-24,bnd_2026-11-10,0.07297955734036134,0.12238848983009123,0.07297955734046599,0.12238848982964577,20422,240,4901280,4901280,0.11033524543610575,0.08376534982296571,0.09884397720035197,2900.788673954,3119.318645214
2026-12-25,bnd_2026-11-10,0.07297955734036134,0.12238848983009123,0.07297955734046599,0.12238848982964577,20422,240,4901280,4901280,0.11033524543610575,0.08376534982296571,0.09884397720035197,2900.788673954,3119.318645214
2026-12-26,bnd_2026-11-10,0.07297955734036134,0.12238848983009123,0.07297955734046599,0.12238848982964577,20422,240,4901280,4901280,0.11033524543610575,0.08376534982296571,0.09884397720035197,2900.788673954,3119.318645214
2026-12-27,bnd_2026-11-10,0.07297955734036134,0.12238848983009123,0.07297955734046599,0.12238848982964577,20422,240,4901280,4901280,0.11033524543610575,0.08376534982296571,0.09884397720035197,2900.788673954,3119.318645214
2026-12-28,bnd_2026-11-10,0.07297955734036134,0.12238848983009123,0.07297955734046599,0.12238848982964577,20422,240,4901280,4901280,0.11033524543610575,0.08376534982296571,0.09884397720035197,2900.788673954,3119.318645214
2026-12-29,bnd_2026-11-10,0.07297955734036134,0.12238848983009123,0.07297955734046599,0.12238848982964577,20422,240,4901280,4901280,0.11033524543610575,0.08376534982296571,0.09884397720035197,2900.788673954,3119.318645214
2026-12-30,bnd_2026-11-10,0.07297955734036134,0.12238848983009123,0.07297955734046599,0.12238848982964577,20422,240,4901280,4901280,0.11033524543610575,0.08376534982296571,0.09884397720035197,2900.788673954,3119.318645214
2026-12-31,bnd_2026-11-10,0.07297955734036134,0.12238848983009123,0.07297955734046599,0.12238848982964577,20422,240,4901280,4901280,0.11033524543610575,0.08376534982296571,0.09884397720035197,2900.788673954,3119.318645214
