event_slug,source_row_id,measure_key,title,classification,measure_type,fy,year,tax_head,source_table,source_column,obr_value_gbp,obr_value_gbp_decimal,pe_value_gbp,gap_gbp,pe_to_obr_ratio,ratio_bin,status,reason,construction_note,missing_legs,head_variables,artifact,artifact_sha256,axes,decomposition_status,valued_components,unsized_axes,residual_gbp,residual_label,explained_share,explained_share_withheld,diagnosis
spring_budget_2024,obr_pmd_nov2025:22583:85eaa40e53cc716d,spring_budget_2024__additional_500m_for_the_final_local_government_settlement_1037e8ec,Additional £500m for the final Local Government Settlement,out_of_household_scope,scope,2023-24,2023,PSCE in RDEL,Spending Measures (Policy measures database),2023-24,0.0,0.0,,,,not_available,not_computed,Source head is outside household tax-benefit scope; retained for event accounting.,"Business, departmental, local-authority, financing or block-grant accounts; no household tax/benefit counterpart for these source heads.","[""Business, departmental, local-authority, financing or block-grant accounts; no household tax/benefit counterpart for these source heads.""]",[],,,"[""baseline_vintage"",""behavioural_adjustment"",""cy_proxies_fy"",""head_scope"",""population_vintage""]",not_available,[],"[""baseline_vintage"",""behavioural_adjustment"",""cy_proxies_fy"",""head_scope"",""population_vintage""]",,residual_plus_unsized,,no computed counterpart,{}
spring_budget_2024,obr_pmd_nov2025:22589:a6bab0ec5ff6e8b5,spring_budget_2024__additional_500m_for_the_final_local_government_settlement_1037e8ec,Additional £500m for the final Local Government Settlement,out_of_household_scope,scope,2023-24,2023,Scottish BGA (current),Spending Measures (Policy measures database),2023-24,0.0,0.0,,,,not_available,not_computed,Source head is outside household tax-benefit scope; retained for event accounting.,"Business, departmental, local-authority, financing or block-grant accounts; no household tax/benefit counterpart for these source heads.","[""Business, departmental, local-authority, financing or block-grant accounts; no household tax/benefit counterpart for these source heads.""]",[],,,"[""baseline_vintage"",""behavioural_adjustment"",""cy_proxies_fy"",""head_scope"",""population_vintage""]",not_available,[],"[""baseline_vintage"",""behavioural_adjustment"",""cy_proxies_fy"",""head_scope"",""population_vintage""]",,residual_plus_unsized,,no computed counterpart,{}
spring_budget_2024,obr_pmd_nov2025:22584:0a4d61013a35d81b,spring_budget_2024__additional_500m_for_the_final_local_government_settlement_1037e8ec,Additional £500m for the final Local Government Settlement,out_of_household_scope,scope,2024-25,2024,PSCE in RDEL,Spending Measures (Policy measures database),2024-25,48740417.632393815,48740417.632393815,,,,not_available,not_computed,Source head is outside household tax-benefit scope; retained for event accounting.,"Business, departmental, local-authority, financing or block-grant accounts; no household tax/benefit counterpart for these source heads.","[""Business, departmental, local-authority, financing or block-grant accounts; no household tax/benefit counterpart for these source heads.""]",[],,,"[""baseline_vintage"",""behavioural_adjustment"",""cy_proxies_fy"",""head_scope"",""population_vintage""]",not_available,[],"[""baseline_vintage"",""behavioural_adjustment"",""cy_proxies_fy"",""head_scope"",""population_vintage""]",,residual_plus_unsized,,no computed counterpart,{}
spring_budget_2024,obr_pmd_nov2025:22590:48b387ca9c26c375,spring_budget_2024__additional_500m_for_the_final_local_government_settlement_1037e8ec,Additional £500m for the final Local Government Settlement,out_of_household_scope,scope,2024-25,2024,Scottish BGA (current),Spending Measures (Policy measures database),2024-25,-48463451.496636175,-48463451.496636175,,,,not_available,not_computed,Source head is outside household tax-benefit scope; retained for event accounting.,"Business, departmental, local-authority, financing or block-grant accounts; no household tax/benefit counterpart for these source heads.","[""Business, departmental, local-authority, financing or block-grant accounts; no household tax/benefit counterpart for these source heads.""]",[],,,"[""baseline_vintage"",""behavioural_adjustment"",""cy_proxies_fy"",""head_scope"",""population_vintage""]",not_available,[],"[""baseline_vintage"",""behavioural_adjustment"",""cy_proxies_fy"",""head_scope"",""population_vintage""]",,residual_plus_unsized,,no computed counterpart,{}
spring_budget_2024,obr_pmd_nov2025:22585:a37e50e541384479,spring_budget_2024__additional_500m_for_the_final_local_government_settlement_1037e8ec,Additional £500m for the final Local Government Settlement,out_of_household_scope,scope,2025-26,2025,PSCE in RDEL,Spending Measures (Policy measures database),2025-26,0.0,0.0,,,,not_available,not_computed,Source head is outside household tax-benefit scope; retained for event accounting.,"Business, departmental, local-authority, financing or block-grant accounts; no household tax/benefit counterpart for these source heads.","[""Business, departmental, local-authority, financing or block-grant accounts; no household tax/benefit counterpart for these source heads.""]",[],,,"[""baseline_vintage"",""behavioural_adjustment"",""cy_proxies_fy"",""head_scope"",""population_vintage""]",not_available,[],"[""baseline_vintage"",""behavioural_adjustment"",""cy_proxies_fy"",""head_scope"",""population_vintage""]",,residual_plus_unsized,,no computed counterpart,{}
spring_budget_2024,obr_pmd_nov2025:22591:73a8f3ffa32d65f3,spring_budget_2024__additional_500m_for_the_final_local_government_settlement_1037e8ec,Additional £500m for the final Local Government Settlement,out_of_household_scope,scope,2025-26,2025,Scottish BGA (current),Spending Measures (Policy measures database),2025-26,0.0,0.0,,,,not_available,not_computed,Source head is outside household tax-benefit scope; retained for event accounting.,"Business, departmental, local-authority, financing or block-grant accounts; no household tax/benefit counterpart for these source heads.","[""Business, departmental, local-authority, financing or block-grant accounts; no household tax/benefit counterpart for these source heads.""]",[],,,"[""baseline_vintage"",""behavioural_adjustment"",""cy_proxies_fy"",""head_scope"",""population_vintage""]",not_available,[],"[""baseline_vintage"",""behavioural_adjustment"",""cy_proxies_fy"",""head_scope"",""population_vintage""]",,residual_plus_unsized,,no computed counterpart,{}
spring_budget_2024,obr_pmd_nov2025:22586:d490a64ca20d60e9,spring_budget_2024__additional_500m_for_the_final_local_government_settlement_1037e8ec,Additional £500m for the final Local Government Settlement,out_of_household_scope,scope,2026-27,2026,PSCE in RDEL,Spending Measures (Policy measures database),2026-27,0.0,0.0,,,,not_available,not_computed,Source head is outside household tax-benefit scope; retained for event accounting.,"Business, departmental, local-authority, financing or block-grant accounts; no household tax/benefit counterpart for these source heads.","[""Business, departmental, local-authority, financing or block-grant accounts; no household tax/benefit counterpart for these source heads.""]",[],,,"[""baseline_vintage"",""behavioural_adjustment"",""cy_proxies_fy"",""head_scope"",""population_vintage""]",not_available,[],"[""baseline_vintage"",""behavioural_adjustment"",""cy_proxies_fy"",""head_scope"",""population_vintage""]",,residual_plus_unsized,,no computed counterpart,{}
spring_budget_2024,obr_pmd_nov2025:22592:4f240c11021b9b05,spring_budget_2024__additional_500m_for_the_final_local_government_settlement_1037e8ec,Additional £500m for the final Local Government Settlement,out_of_household_scope,scope,2026-27,2026,Scottish BGA (current),Spending Measures (Policy measures database),2026-27,0.0,0.0,,,,not_available,not_computed,Source head is outside household tax-benefit scope; retained for event accounting.,"Business, departmental, local-authority, financing or block-grant accounts; no household tax/benefit counterpart for these source heads.","[""Business, departmental, local-authority, financing or block-grant accounts; no household tax/benefit counterpart for these source heads.""]",[],,,"[""baseline_vintage"",""behavioural_adjustment"",""cy_proxies_fy"",""head_scope"",""population_vintage""]",not_available,[],"[""baseline_vintage"",""behavioural_adjustment"",""cy_proxies_fy"",""head_scope"",""population_vintage""]",,residual_plus_unsized,,no computed counterpart,{}
spring_budget_2024,obr_pmd_nov2025:22587:b01f5150aea80d54,spring_budget_2024__additional_500m_for_the_final_local_government_settlement_1037e8ec,Additional £500m for the final Local Government Settlement,out_of_household_scope,scope,2027-28,2027,PSCE in RDEL,Spending Measures (Policy measures database),2027-28,0.0,0.0,,,,not_available,not_computed,Source head is outside household tax-benefit scope; retained for event accounting.,"Business, departmental, local-authority, financing or block-grant accounts; no household tax/benefit counterpart for these source heads.","[""Business, departmental, local-authority, financing or block-grant accounts; no household tax/benefit counterpart for these source heads.""]",[],,,"[""baseline_vintage"",""behavioural_adjustment"",""cy_proxies_fy"",""head_scope"",""population_vintage""]",not_available,[],"[""baseline_vintage"",""behavioural_adjustment"",""cy_proxies_fy"",""head_scope"",""population_vintage""]",,residual_plus_unsized,,no computed counterpart,{}
spring_budget_2024,obr_pmd_nov2025:22593:0a7643a1fe9a33aa,spring_budget_2024__additional_500m_for_the_final_local_government_settlement_1037e8ec,Additional £500m for the final Local Government Settlement,out_of_household_scope,scope,2027-28,2027,Scottish BGA (current),Spending Measures (Policy measures database),2027-28,0.0,0.0,,,,not_available,not_computed,Source head is outside household tax-benefit scope; retained for event accounting.,"Business, departmental, local-authority, financing or block-grant accounts; no household tax/benefit counterpart for these source heads.","[""Business, departmental, local-authority, financing or block-grant accounts; no household tax/benefit counterpart for these source heads.""]",[],,,"[""baseline_vintage"",""behavioural_adjustment"",""cy_proxies_fy"",""head_scope"",""population_vintage""]",not_available,[],"[""baseline_vintage"",""behavioural_adjustment"",""cy_proxies_fy"",""head_scope"",""population_vintage""]",,residual_plus_unsized,,no computed counterpart,{}
spring_budget_2024,obr_pmd_nov2025:22588:b12189d21a5d2f6c,spring_budget_2024__additional_500m_for_the_final_local_government_settlement_1037e8ec,Additional £500m for the final Local Government Settlement,out_of_household_scope,scope,2028-29,2028,PSCE in RDEL,Spending Measures (Policy measures database),2028-29,0.0,0.0,,,,not_available,not_computed,Source head is outside household tax-benefit scope; retained for event accounting.,"Business, departmental, local-authority, financing or block-grant accounts; no household tax/benefit counterpart for these source heads.","[""Business, departmental, local-authority, financing or block-grant accounts; no household tax/benefit counterpart for these source heads.""]",[],,,"[""baseline_vintage"",""behavioural_adjustment"",""cy_proxies_fy"",""head_scope"",""population_vintage""]",not_available,[],"[""baseline_vintage"",""behavioural_adjustment"",""cy_proxies_fy"",""head_scope"",""population_vintage""]",,residual_plus_unsized,,no computed counterpart,{}
spring_budget_2024,obr_pmd_nov2025:22594:c61d2185bce5a54a,spring_budget_2024__additional_500m_for_the_final_local_government_settlement_1037e8ec,Additional £500m for the final Local Government Settlement,out_of_household_scope,scope,2028-29,2028,Scottish BGA (current),Spending Measures (Policy measures database),2028-29,0.0,0.0,,,,not_available,not_computed,Source head is outside household tax-benefit scope; retained for event accounting.,"Business, departmental, local-authority, financing or block-grant accounts; no household tax/benefit counterpart for these source heads.","[""Business, departmental, local-authority, financing or block-grant accounts; no household tax/benefit counterpart for these source heads.""]",[],,,"[""baseline_vintage"",""behavioural_adjustment"",""cy_proxies_fy"",""head_scope"",""population_vintage""]",not_available,[],"[""baseline_vintage"",""behavioural_adjustment"",""cy_proxies_fy"",""head_scope"",""population_vintage""]",,residual_plus_unsized,,no computed counterpart,{}
spring_budget_2024,obr_pmd_nov2025:22571:7704f17ec13efce9,spring_budget_2024__additional_nhs_funding_from_reserve_this_is_the_net_impact_1f7b0451,Additional NHS funding (from reserve - this is the net impact),out_of_household_scope,scope,2023-24,2023,PSCE in RDEL,Spending Measures (Policy measures database),2023-24,0.0,0.0,,,,not_available,not_computed,Source head is outside household tax-benefit scope; retained for event accounting.,"Business, departmental, local-authority, financing or block-grant accounts; no household tax/benefit counterpart for these source heads.","[""Business, departmental, local-authority, financing or block-grant accounts; no household tax/benefit counterpart for these source heads.""]",[],,,"[""baseline_vintage"",""behavioural_adjustment"",""cy_proxies_fy"",""head_scope"",""population_vintage""]",not_available,[],"[""baseline_vintage"",""behavioural_adjustment"",""cy_proxies_fy"",""head_scope"",""population_vintage""]",,residual_plus_unsized,,no computed counterpart,{}
spring_budget_2024,obr_pmd_nov2025:22577:cb41b11b5e720356,spring_budget_2024__additional_nhs_funding_from_reserve_this_is_the_net_impact_1f7b0451,Additional NHS funding (from reserve - this is the net impact),out_of_household_scope,scope,2023-24,2023,Scottish BGA (current),Spending Measures (Policy measures database),2023-24,0.0,0.0,,,,not_available,not_computed,Source head is outside household tax-benefit scope; retained for event accounting.,"Business, departmental, local-authority, financing or block-grant accounts; no household tax/benefit counterpart for these source heads.","[""Business, departmental, local-authority, financing or block-grant accounts; no household tax/benefit counterpart for these source heads.""]",[],,,"[""baseline_vintage"",""behavioural_adjustment"",""cy_proxies_fy"",""head_scope"",""population_vintage""]",not_available,[],"[""baseline_vintage"",""behavioural_adjustment"",""cy_proxies_fy"",""head_scope"",""population_vintage""]",,residual_plus_unsized,,no computed counterpart,{}
spring_budget_2024,obr_pmd_nov2025:22572:36be0648298246bc,spring_budget_2024__additional_nhs_funding_from_reserve_this_is_the_net_impact_1f7b0451,Additional NHS funding (from reserve - this is the net impact),out_of_household_scope,scope,2024-25,2024,PSCE in RDEL,Spending Measures (Policy measures database),2024-25,237228046.39872903,237228046.39872903,,,,not_available,not_computed,Source head is outside household tax-benefit scope; retained for event accounting.,"Business, departmental, local-authority, financing or block-grant accounts; no household tax/benefit counterpart for these source heads.","[""Business, departmental, local-authority, financing or block-grant accounts; no household tax/benefit counterpart for these source heads.""]",[],,,"[""baseline_vintage"",""behavioural_adjustment"",""cy_proxies_fy"",""head_scope"",""population_vintage""]",not_available,[],"[""baseline_vintage"",""behavioural_adjustment"",""cy_proxies_fy"",""head_scope"",""population_vintage""]",,residual_plus_unsized,,no computed counterpart,{}
spring_budget_2024,obr_pmd_nov2025:22578:8d1c5920e4fbc311,spring_budget_2024__additional_nhs_funding_from_reserve_this_is_the_net_impact_1f7b0451,Additional NHS funding (from reserve - this is the net impact),out_of_household_scope,scope,2024-25,2024,Scottish BGA (current),Spending Measures (Policy measures database),2024-25,-237470912.33351725,-237470912.33351725,,,,not_available,not_computed,Source head is outside household tax-benefit scope; retained for event accounting.,"Business, departmental, local-authority, financing or block-grant accounts; no household tax/benefit counterpart for these source heads.","[""Business, departmental, local-authority, financing or block-grant accounts; no household tax/benefit counterpart for these source heads.""]",[],,,"[""baseline_vintage"",""behavioural_adjustment"",""cy_proxies_fy"",""head_scope"",""population_vintage""]",not_available,[],"[""baseline_vintage"",""behavioural_adjustment"",""cy_proxies_fy"",""head_scope"",""population_vintage""]",,residual_plus_unsized,,no computed counterpart,{}
spring_budget_2024,obr_pmd_nov2025:22573:e09366a4ff2a8df4,spring_budget_2024__additional_nhs_funding_from_reserve_this_is_the_net_impact_1f7b0451,Additional NHS funding (from reserve - this is the net impact),out_of_household_scope,scope,2025-26,2025,PSCE in RDEL,Spending Measures (Policy measures database),2025-26,0.0,0.0,,,,not_available,not_computed,Source head is outside household tax-benefit scope; retained for event accounting.,"Business, departmental, local-authority, financing or block-grant accounts; no household tax/benefit counterpart for these source heads.","[""Business, departmental, local-authority, financing or block-grant accounts; no household tax/benefit counterpart for these source heads.""]",[],,,"[""baseline_vintage"",""behavioural_adjustment"",""cy_proxies_fy"",""head_scope"",""population_vintage""]",not_available,[],"[""baseline_vintage"",""behavioural_adjustment"",""cy_proxies_fy"",""head_scope"",""population_vintage""]",,residual_plus_unsized,,no computed counterpart,{}
spring_budget_2024,obr_pmd_nov2025:22579:5c6f051268a9ddf1,spring_budget_2024__additional_nhs_funding_from_reserve_this_is_the_net_impact_1f7b0451,Additional NHS funding (from reserve - this is the net impact),out_of_household_scope,scope,2025-26,2025,Scottish BGA (current),Spending Measures (Policy measures database),2025-26,0.0,0.0,,,,not_available,not_computed,Source head is outside household tax-benefit scope; retained for event accounting.,"Business, departmental, local-authority, financing or block-grant accounts; no household tax/benefit counterpart for these source heads.","[""Business, departmental, local-authority, financing or block-grant accounts; no household tax/benefit counterpart for these source heads.""]",[],,,"[""baseline_vintage"",""behavioural_adjustment"",""cy_proxies_fy"",""head_scope"",""population_vintage""]",not_available,[],"[""baseline_vintage"",""behavioural_adjustment"",""cy_proxies_fy"",""head_scope"",""population_vintage""]",,residual_plus_unsized,,no computed counterpart,{}
spring_budget_2024,obr_pmd_nov2025:22574:5036df31ca3eb2ee,spring_budget_2024__additional_nhs_funding_from_reserve_this_is_the_net_impact_1f7b0451,Additional NHS funding (from reserve - this is the net impact),out_of_household_scope,scope,2026-27,2026,PSCE in RDEL,Spending Measures (Policy measures database),2026-27,0.0,0.0,,,,not_available,not_computed,Source head is outside household tax-benefit scope; retained for event accounting.,"Business, departmental, local-authority, financing or block-grant accounts; no household tax/benefit counterpart for these source heads.","[""Business, departmental, local-authority, financing or block-grant accounts; no household tax/benefit counterpart for these source heads.""]",[],,,"[""baseline_vintage"",""behavioural_adjustment"",""cy_proxies_fy"",""head_scope"",""population_vintage""]",not_available,[],"[""baseline_vintage"",""behavioural_adjustment"",""cy_proxies_fy"",""head_scope"",""population_vintage""]",,residual_plus_unsized,,no computed counterpart,{}
spring_budget_2024,obr_pmd_nov2025:22580:d5519bd573cd59f8,spring_budget_2024__additional_nhs_funding_from_reserve_this_is_the_net_impact_1f7b0451,Additional NHS funding (from reserve - this is the net impact),out_of_household_scope,scope,2026-27,2026,Scottish BGA (current),Spending Measures (Policy measures database),2026-27,0.0,0.0,,,,not_available,not_computed,Source head is outside household tax-benefit scope; retained for event accounting.,"Business, departmental, local-authority, financing or block-grant accounts; no household tax/benefit counterpart for these source heads.","[""Business, departmental, local-authority, financing or block-grant accounts; no household tax/benefit counterpart for these source heads.""]",[],,,"[""baseline_vintage"",""behavioural_adjustment"",""cy_proxies_fy"",""head_scope"",""population_vintage""]",not_available,[],"[""baseline_vintage"",""behavioural_adjustment"",""cy_proxies_fy"",""head_scope"",""population_vintage""]",,residual_plus_unsized,,no computed counterpart,{}
spring_budget_2024,obr_pmd_nov2025:22575:073916f7a7765b63,spring_budget_2024__additional_nhs_funding_from_reserve_this_is_the_net_impact_1f7b0451,Additional NHS funding (from reserve - this is the net impact),out_of_household_scope,scope,2027-28,2027,PSCE in RDEL,Spending Measures (Policy measures database),2027-28,0.0,0.0,,,,not_available,not_computed,Source head is outside household tax-benefit scope; retained for event accounting.,"Business, departmental, local-authority, financing or block-grant accounts; no household tax/benefit counterpart for these source heads.","[""Business, departmental, local-authority, financing or block-grant accounts; no household tax/benefit counterpart for these source heads.""]",[],,,"[""baseline_vintage"",""behavioural_adjustment"",""cy_proxies_fy"",""head_scope"",""population_vintage""]",not_available,[],"[""baseline_vintage"",""behavioural_adjustment"",""cy_proxies_fy"",""head_scope"",""population_vintage""]",,residual_plus_unsized,,no computed counterpart,{}
spring_budget_2024,obr_pmd_nov2025:22581:be0173c2ce35e18f,spring_budget_2024__additional_nhs_funding_from_reserve_this_is_the_net_impact_1f7b0451,Additional NHS funding (from reserve - this is the net impact),out_of_household_scope,scope,2027-28,2027,Scottish BGA (current),Spending Measures (Policy measures database),2027-28,0.0,0.0,,,,not_available,not_computed,Source head is outside household tax-benefit scope; retained for event accounting.,"Business, departmental, local-authority, financing or block-grant accounts; no household tax/benefit counterpart for these source heads.","[""Business, departmental, local-authority, financing or block-grant accounts; no household tax/benefit counterpart for these source heads.""]",[],,,"[""baseline_vintage"",""behavioural_adjustment"",""cy_proxies_fy"",""head_scope"",""population_vintage""]",not_available,[],"[""baseline_vintage"",""behavioural_adjustment"",""cy_proxies_fy"",""head_scope"",""population_vintage""]",,residual_plus_unsized,,no computed counterpart,{}
spring_budget_2024,obr_pmd_nov2025:22576:b8b4431f4ef3acbb,spring_budget_2024__additional_nhs_funding_from_reserve_this_is_the_net_impact_1f7b0451,Additional NHS funding (from reserve - this is the net impact),out_of_household_scope,scope,2028-29,2028,PSCE in RDEL,Spending Measures (Policy measures database),2028-29,0.0,0.0,,,,not_available,not_computed,Source head is outside household tax-benefit scope; retained for event accounting.,"Business, departmental, local-authority, financing or block-grant accounts; no household tax/benefit counterpart for these source heads.","[""Business, departmental, local-authority, financing or block-grant accounts; no household tax/benefit counterpart for these source heads.""]",[],,,"[""baseline_vintage"",""behavioural_adjustment"",""cy_proxies_fy"",""head_scope"",""population_vintage""]",not_available,[],"[""baseline_vintage"",""behavioural_adjustment"",""cy_proxies_fy"",""head_scope"",""population_vintage""]",,residual_plus_unsized,,no computed counterpart,{}
spring_budget_2024,obr_pmd_nov2025:22582:54b8ae67cc582118,spring_budget_2024__additional_nhs_funding_from_reserve_this_is_the_net_impact_1f7b0451,Additional NHS funding (from reserve - this is the net impact),out_of_household_scope,scope,2028-29,2028,Scottish BGA (current),Spending Measures (Policy measures database),2028-29,0.0,0.0,,,,not_available,not_computed,Source head is outside household tax-benefit scope; retained for event accounting.,"Business, departmental, local-authority, financing or block-grant accounts; no household tax/benefit counterpart for these source heads.","[""Business, departmental, local-authority, financing or block-grant accounts; no household tax/benefit counterpart for these source heads.""]",[],,,"[""baseline_vintage"",""behavioural_adjustment"",""cy_proxies_fy"",""head_scope"",""population_vintage""]",not_available,[],"[""baseline_vintage"",""behavioural_adjustment"",""cy_proxies_fy"",""head_scope"",""population_vintage""]",,residual_plus_unsized,,no computed counterpart,{}
spring_budget_2024,obr_pmd_nov2025:11124:1370b0829a936a96,spring_budget_2024__air_passenger_duty_adjustment_for_non_economy_class_rates_from_1_april_2025_3645023e,Air Passenger Duty: adjustment for non-economy class rates from 1 April 2025,not_expressible,transport,2023-24,2023,Air passenger duty,Tax Measures (Policy measures database),2023-24,0.0,0.0,,,,not_available,not_computed,"Targeted transport tax needs vehicle emissions/ownership, company-car benefit attributes or passenger journeys absent from the certified household inputs.","Targeted transport tax needs vehicle emissions/ownership, company-car benefit attributes or passenger journeys absent from the certified household inputs.","[""Targeted transport tax needs vehicle emissions/ownership, company-car benefit attributes or passenger journeys absent from the certified household inputs.""]",[],,,"[""baseline_vintage"",""behavioural_adjustment"",""cy_proxies_fy"",""head_scope"",""population_vintage""]",not_available,[],"[""baseline_vintage"",""behavioural_adjustment"",""cy_proxies_fy"",""head_scope"",""population_vintage""]",,residual_plus_unsized,,no computed counterpart,{}
spring_budget_2024,obr_pmd_nov2025:11125:3ec9ceac823f080d,spring_budget_2024__air_passenger_duty_adjustment_for_non_economy_class_rates_from_1_april_2025_3645023e,Air Passenger Duty: adjustment for non-economy class rates from 1 April 2025,not_expressible,transport,2024-25,2024,Air passenger duty,Tax Measures (Policy measures database),2024-25,0.0,0.0,,,,not_available,not_computed,"Targeted transport tax needs vehicle emissions/ownership, company-car benefit attributes or passenger journeys absent from the certified household inputs.","Targeted transport tax needs vehicle emissions/ownership, company-car benefit attributes or passenger journeys absent from the certified household inputs.","[""Targeted transport tax needs vehicle emissions/ownership, company-car benefit attributes or passenger journeys absent from the certified household inputs.""]",[],,,"[""baseline_vintage"",""behavioural_adjustment"",""cy_proxies_fy"",""head_scope"",""population_vintage""]",not_available,[],"[""baseline_vintage"",""behavioural_adjustment"",""cy_proxies_fy"",""head_scope"",""population_vintage""]",,residual_plus_unsized,,no computed counterpart,{}
spring_budget_2024,obr_pmd_nov2025:11126:8162e09a3a77377f,spring_budget_2024__air_passenger_duty_adjustment_for_non_economy_class_rates_from_1_april_2025_3645023e,Air Passenger Duty: adjustment for non-economy class rates from 1 April 2025,not_expressible,transport,2025-26,2025,Air passenger duty,Tax Measures (Policy measures database),2025-26,109000000.0,109000000.0,,,,not_available,not_computed,"Targeted transport tax needs vehicle emissions/ownership, company-car benefit attributes or passenger journeys absent from the certified household inputs.","Targeted transport tax needs vehicle emissions/ownership, company-car benefit attributes or passenger journeys absent from the certified household inputs.","[""Targeted transport tax needs vehicle emissions/ownership, company-car benefit attributes or passenger journeys absent from the certified household inputs.""]",[],,,"[""baseline_vintage"",""behavioural_adjustment"",""cy_proxies_fy"",""head_scope"",""population_vintage""]",not_available,[],"[""baseline_vintage"",""behavioural_adjustment"",""cy_proxies_fy"",""head_scope"",""population_vintage""]",,residual_plus_unsized,,no computed counterpart,{}
spring_budget_2024,obr_pmd_nov2025:11127:14b9ca6c561fad6e,spring_budget_2024__air_passenger_duty_adjustment_for_non_economy_class_rates_from_1_april_2025_3645023e,Air Passenger Duty: adjustment for non-economy class rates from 1 April 2025,not_expressible,transport,2026-27,2026,Air passenger duty,Tax Measures (Policy measures database),2026-27,121000000.0,121000000.0,,,,not_available,not_computed,"Targeted transport tax needs vehicle emissions/ownership, company-car benefit attributes or passenger journeys absent from the certified household inputs.","Targeted transport tax needs vehicle emissions/ownership, company-car benefit attributes or passenger journeys absent from the certified household inputs.","[""Targeted transport tax needs vehicle emissions/ownership, company-car benefit attributes or passenger journeys absent from the certified household inputs.""]",[],,,"[""baseline_vintage"",""behavioural_adjustment"",""cy_proxies_fy"",""head_scope"",""population_vintage""]",not_available,[],"[""baseline_vintage"",""behavioural_adjustment"",""cy_proxies_fy"",""head_scope"",""population_vintage""]",,residual_plus_unsized,,no computed counterpart,{}
spring_budget_2024,obr_pmd_nov2025:11128:8cd3098f16a0d804,spring_budget_2024__air_passenger_duty_adjustment_for_non_economy_class_rates_from_1_april_2025_3645023e,Air Passenger Duty: adjustment for non-economy class rates from 1 April 2025,not_expressible,transport,2027-28,2027,Air passenger duty,Tax Measures (Policy measures database),2027-28,128000000.0,128000000.0,,,,not_available,not_computed,"Targeted transport tax needs vehicle emissions/ownership, company-car benefit attributes or passenger journeys absent from the certified household inputs.","Targeted transport tax needs vehicle emissions/ownership, company-car benefit attributes or passenger journeys absent from the certified household inputs.","[""Targeted transport tax needs vehicle emissions/ownership, company-car benefit attributes or passenger journeys absent from the certified household inputs.""]",[],,,"[""baseline_vintage"",""behavioural_adjustment"",""cy_proxies_fy"",""head_scope"",""population_vintage""]",not_available,[],"[""baseline_vintage"",""behavioural_adjustment"",""cy_proxies_fy"",""head_scope"",""population_vintage""]",,residual_plus_unsized,,no computed counterpart,{}
spring_budget_2024,obr_pmd_nov2025:11129:3d2497ebd7d72865,spring_budget_2024__air_passenger_duty_adjustment_for_non_economy_class_rates_from_1_april_2025_3645023e,Air Passenger Duty: adjustment for non-economy class rates from 1 April 2025,not_expressible,transport,2028-29,2028,Air passenger duty,Tax Measures (Policy measures database),2028-29,138000000.0,138000000.0,,,,not_available,not_computed,"Targeted transport tax needs vehicle emissions/ownership, company-car benefit attributes or passenger journeys absent from the certified household inputs.","Targeted transport tax needs vehicle emissions/ownership, company-car benefit attributes or passenger journeys absent from the certified household inputs.","[""Targeted transport tax needs vehicle emissions/ownership, company-car benefit attributes or passenger journeys absent from the certified household inputs.""]",[],,,"[""baseline_vintage"",""behavioural_adjustment"",""cy_proxies_fy"",""head_scope"",""population_vintage""]",not_available,[],"[""baseline_vintage"",""behavioural_adjustment"",""cy_proxies_fy"",""head_scope"",""population_vintage""]",,residual_plus_unsized,,no computed counterpart,{}
spring_budget_2024,obr_pmd_nov2025:10998:aed1a962e60d59de,spring_budget_2024__alcohol_duty_freeze_rates_until_1_february_2025_25d73049,Alcohol duty: freeze rates until 1 February 2025,not_expressible,indirect_tax,2023-24,2023,Alcohol duty,Tax Measures (Policy measures database),2023-24,0.0,0.0,,,,not_available,not_computed,"This targeted indirect-tax measure requires product/sector-specific tax-base inputs, rate histories or business/supply-side scope not established by a generic household consumption liability.","This targeted indirect-tax measure requires product/sector-specific tax-base inputs, rate histories or business/supply-side scope not established by a generic household consumption liability.","[""This targeted indirect-tax measure requires product/sector-specific tax-base inputs, rate histories or business/supply-side scope not established by a generic household consumption liability.""]",[],,,"[""baseline_vintage"",""behavioural_adjustment"",""cy_proxies_fy"",""head_scope"",""population_vintage""]",not_available,[],"[""baseline_vintage"",""behavioural_adjustment"",""cy_proxies_fy"",""head_scope"",""population_vintage""]",,residual_plus_unsized,,no computed counterpart,{}
spring_budget_2024,obr_pmd_nov2025:10999:9da0b052df34e265,spring_budget_2024__alcohol_duty_freeze_rates_until_1_february_2025_25d73049,Alcohol duty: freeze rates until 1 February 2025,not_expressible,indirect_tax,2024-25,2024,Alcohol duty,Tax Measures (Policy measures database),2024-25,-186429445.90949145,-186429445.90949145,,,,not_available,not_computed,"This targeted indirect-tax measure requires product/sector-specific tax-base inputs, rate histories or business/supply-side scope not established by a generic household consumption liability.","This targeted indirect-tax measure requires product/sector-specific tax-base inputs, rate histories or business/supply-side scope not established by a generic household consumption liability.","[""This targeted indirect-tax measure requires product/sector-specific tax-base inputs, rate histories or business/supply-side scope not established by a generic household consumption liability.""]",[],,,"[""baseline_vintage"",""behavioural_adjustment"",""cy_proxies_fy"",""head_scope"",""population_vintage""]",not_available,[],"[""baseline_vintage"",""behavioural_adjustment"",""cy_proxies_fy"",""head_scope"",""population_vintage""]",,residual_plus_unsized,,no computed counterpart,{}
spring_budget_2024,obr_pmd_nov2025:11000:c77d6353185b886d,spring_budget_2024__alcohol_duty_freeze_rates_until_1_february_2025_25d73049,Alcohol duty: freeze rates until 1 February 2025,not_expressible,indirect_tax,2025-26,2025,Alcohol duty,Tax Measures (Policy measures database),2025-26,-345479154.3355854,-345479154.3355854,,,,not_available,not_computed,"This targeted indirect-tax measure requires product/sector-specific tax-base inputs, rate histories or business/supply-side scope not established by a generic household consumption liability.","This targeted indirect-tax measure requires product/sector-specific tax-base inputs, rate histories or business/supply-side scope not established by a generic household consumption liability.","[""This targeted indirect-tax measure requires product/sector-specific tax-base inputs, rate histories or business/supply-side scope not established by a generic household consumption liability.""]",[],,,"[""baseline_vintage"",""behavioural_adjustment"",""cy_proxies_fy"",""head_scope"",""population_vintage""]",not_available,[],"[""baseline_vintage"",""behavioural_adjustment"",""cy_proxies_fy"",""head_scope"",""population_vintage""]",,residual_plus_unsized,,no computed counterpart,{}
spring_budget_2024,obr_pmd_nov2025:11001:9547fb5df8af1060,spring_budget_2024__alcohol_duty_freeze_rates_until_1_february_2025_25d73049,Alcohol duty: freeze rates until 1 February 2025,not_expressible,indirect_tax,2026-27,2026,Alcohol duty,Tax Measures (Policy measures database),2026-27,-364773282.26354814,-364773282.26354814,,,,not_available,not_computed,"This targeted indirect-tax measure requires product/sector-specific tax-base inputs, rate histories or business/supply-side scope not established by a generic household consumption liability.","This targeted indirect-tax measure requires product/sector-specific tax-base inputs, rate histories or business/supply-side scope not established by a generic household consumption liability.","[""This targeted indirect-tax measure requires product/sector-specific tax-base inputs, rate histories or business/supply-side scope not established by a generic household consumption liability.""]",[],,,"[""baseline_vintage"",""behavioural_adjustment"",""cy_proxies_fy"",""head_scope"",""population_vintage""]",not_available,[],"[""baseline_vintage"",""behavioural_adjustment"",""cy_proxies_fy"",""head_scope"",""population_vintage""]",,residual_plus_unsized,,no computed counterpart,{}
spring_budget_2024,obr_pmd_nov2025:11002:d50e504db439726e,spring_budget_2024__alcohol_duty_freeze_rates_until_1_february_2025_25d73049,Alcohol duty: freeze rates until 1 February 2025,not_expressible,indirect_tax,2027-28,2027,Alcohol duty,Tax Measures (Policy measures database),2027-28,-385116478.99953604,-385116478.99953604,,,,not_available,not_computed,"This targeted indirect-tax measure requires product/sector-specific tax-base inputs, rate histories or business/supply-side scope not established by a generic household consumption liability.","This targeted indirect-tax measure requires product/sector-specific tax-base inputs, rate histories or business/supply-side scope not established by a generic household consumption liability.","[""This targeted indirect-tax measure requires product/sector-specific tax-base inputs, rate histories or business/supply-side scope not established by a generic household consumption liability.""]",[],,,"[""baseline_vintage"",""behavioural_adjustment"",""cy_proxies_fy"",""head_scope"",""population_vintage""]",not_available,[],"[""baseline_vintage"",""behavioural_adjustment"",""cy_proxies_fy"",""head_scope"",""population_vintage""]",,residual_plus_unsized,,no computed counterpart,{}
spring_budget_2024,obr_pmd_nov2025:11003:0e297dbcc4061898,spring_budget_2024__alcohol_duty_freeze_rates_until_1_february_2025_25d73049,Alcohol duty: freeze rates until 1 February 2025,not_expressible,indirect_tax,2028-29,2028,Alcohol duty,Tax Measures (Policy measures database),2028-29,-404784073.0329416,-404784073.0329416,,,,not_available,not_computed,"This targeted indirect-tax measure requires product/sector-specific tax-base inputs, rate histories or business/supply-side scope not established by a generic household consumption liability.","This targeted indirect-tax measure requires product/sector-specific tax-base inputs, rate histories or business/supply-side scope not established by a generic household consumption liability.","[""This targeted indirect-tax measure requires product/sector-specific tax-base inputs, rate histories or business/supply-side scope not established by a generic household consumption liability.""]",[],,,"[""baseline_vintage"",""behavioural_adjustment"",""cy_proxies_fy"",""head_scope"",""population_vintage""]",not_available,[],"[""baseline_vintage"",""behavioural_adjustment"",""cy_proxies_fy"",""head_scope"",""population_vintage""]",,residual_plus_unsized,,no computed counterpart,{}
spring_budget_2024,obr_pmd_nov2025:22523:f2dd4d820adc696a,spring_budget_2024__assumed_underspending_567f4b3c,Assumed underspending,out_of_household_scope,scope,2023-24,2023,PSCE in RDEL,Spending Measures (Policy measures database),2023-24,0.0,0.0,,,,not_available,not_computed,Source head is outside household tax-benefit scope; retained for event accounting.,"Business, departmental, local-authority, financing or block-grant accounts; no household tax/benefit counterpart for these source heads.","[""Business, departmental, local-authority, financing or block-grant accounts; no household tax/benefit counterpart for these source heads.""]",[],,,"[""baseline_vintage"",""behavioural_adjustment"",""cy_proxies_fy"",""head_scope"",""population_vintage""]",not_available,[],"[""baseline_vintage"",""behavioural_adjustment"",""cy_proxies_fy"",""head_scope"",""population_vintage""]",,residual_plus_unsized,,no computed counterpart,{}
spring_budget_2024,obr_pmd_nov2025:22529:e350f721b9638396,spring_budget_2024__assumed_underspending_567f4b3c,Assumed underspending,out_of_household_scope,scope,2023-24,2023,PSGI in CDEL,Spending Measures (Policy measures database),2023-24,0.0,0.0,,,,not_available,not_computed,Source head is outside household tax-benefit scope; retained for event accounting.,"Business, departmental, local-authority, financing or block-grant accounts; no household tax/benefit counterpart for these source heads.","[""Business, departmental, local-authority, financing or block-grant accounts; no household tax/benefit counterpart for these source heads.""]",[],,,"[""baseline_vintage"",""behavioural_adjustment"",""cy_proxies_fy"",""head_scope"",""population_vintage""]",not_available,[],"[""baseline_vintage"",""behavioural_adjustment"",""cy_proxies_fy"",""head_scope"",""population_vintage""]",,residual_plus_unsized,,no computed counterpart,{}
spring_budget_2024,obr_pmd_nov2025:22524:762bb7678e80a1ef,spring_budget_2024__assumed_underspending_567f4b3c,Assumed underspending,out_of_household_scope,scope,2024-25,2024,PSCE in RDEL,Spending Measures (Policy measures database),2024-25,6227696.857395281,6227696.857395281,,,,not_available,not_computed,Source head is outside household tax-benefit scope; retained for event accounting.,"Business, departmental, local-authority, financing or block-grant accounts; no household tax/benefit counterpart for these source heads.","[""Business, departmental, local-authority, financing or block-grant accounts; no household tax/benefit counterpart for these source heads.""]",[],,,"[""baseline_vintage"",""behavioural_adjustment"",""cy_proxies_fy"",""head_scope"",""population_vintage""]",not_available,[],"[""baseline_vintage"",""behavioural_adjustment"",""cy_proxies_fy"",""head_scope"",""population_vintage""]",,residual_plus_unsized,,no computed counterpart,{}
spring_budget_2024,obr_pmd_nov2025:22530:1af2b32ec17ea648,spring_budget_2024__assumed_underspending_567f4b3c,Assumed underspending,out_of_household_scope,scope,2024-25,2024,PSGI in CDEL,Spending Measures (Policy measures database),2024-25,1000000.0,1000000.0,,,,not_available,not_computed,Source head is outside household tax-benefit scope; retained for event accounting.,"Business, departmental, local-authority, financing or block-grant accounts; no household tax/benefit counterpart for these source heads.","[""Business, departmental, local-authority, financing or block-grant accounts; no household tax/benefit counterpart for these source heads.""]",[],,,"[""baseline_vintage"",""behavioural_adjustment"",""cy_proxies_fy"",""head_scope"",""population_vintage""]",not_available,[],"[""baseline_vintage"",""behavioural_adjustment"",""cy_proxies_fy"",""head_scope"",""population_vintage""]",,residual_plus_unsized,,no computed counterpart,{}
spring_budget_2024,obr_pmd_nov2025:22525:d618788dc3f7300b,spring_budget_2024__assumed_underspending_567f4b3c,Assumed underspending,out_of_household_scope,scope,2025-26,2025,PSCE in RDEL,Spending Measures (Policy measures database),2025-26,0.0,0.0,,,,not_available,not_computed,Source head is outside household tax-benefit scope; retained for event accounting.,"Business, departmental, local-authority, financing or block-grant accounts; no household tax/benefit counterpart for these source heads.","[""Business, departmental, local-authority, financing or block-grant accounts; no household tax/benefit counterpart for these source heads.""]",[],,,"[""baseline_vintage"",""behavioural_adjustment"",""cy_proxies_fy"",""head_scope"",""population_vintage""]",not_available,[],"[""baseline_vintage"",""behavioural_adjustment"",""cy_proxies_fy"",""head_scope"",""population_vintage""]",,residual_plus_unsized,,no computed counterpart,{}
spring_budget_2024,obr_pmd_nov2025:22531:04ac6fc59b732d9e,spring_budget_2024__assumed_underspending_567f4b3c,Assumed underspending,out_of_household_scope,scope,2025-26,2025,PSGI in CDEL,Spending Measures (Policy measures database),2025-26,0.0,0.0,,,,not_available,not_computed,Source head is outside household tax-benefit scope; retained for event accounting.,"Business, departmental, local-authority, financing or block-grant accounts; no household tax/benefit counterpart for these source heads.","[""Business, departmental, local-authority, financing or block-grant accounts; no household tax/benefit counterpart for these source heads.""]",[],,,"[""baseline_vintage"",""behavioural_adjustment"",""cy_proxies_fy"",""head_scope"",""population_vintage""]",not_available,[],"[""baseline_vintage"",""behavioural_adjustment"",""cy_proxies_fy"",""head_scope"",""population_vintage""]",,residual_plus_unsized,,no computed counterpart,{}
spring_budget_2024,obr_pmd_nov2025:22526:a4e8bcb4fca1c799,spring_budget_2024__assumed_underspending_567f4b3c,Assumed underspending,out_of_household_scope,scope,2026-27,2026,PSCE in RDEL,Spending Measures (Policy measures database),2026-27,0.0,0.0,,,,not_available,not_computed,Source head is outside household tax-benefit scope; retained for event accounting.,"Business, departmental, local-authority, financing or block-grant accounts; no household tax/benefit counterpart for these source heads.","[""Business, departmental, local-authority, financing or block-grant accounts; no household tax/benefit counterpart for these source heads.""]",[],,,"[""baseline_vintage"",""behavioural_adjustment"",""cy_proxies_fy"",""head_scope"",""population_vintage""]",not_available,[],"[""baseline_vintage"",""behavioural_adjustment"",""cy_proxies_fy"",""head_scope"",""population_vintage""]",,residual_plus_unsized,,no computed counterpart,{}
spring_budget_2024,obr_pmd_nov2025:22532:d208f89a62510bfc,spring_budget_2024__assumed_underspending_567f4b3c,Assumed underspending,out_of_household_scope,scope,2026-27,2026,PSGI in CDEL,Spending Measures (Policy measures database),2026-27,0.0,0.0,,,,not_available,not_computed,Source head is outside household tax-benefit scope; retained for event accounting.,"Business, departmental, local-authority, financing or block-grant accounts; no household tax/benefit counterpart for these source heads.","[""Business, departmental, local-authority, financing or block-grant accounts; no household tax/benefit counterpart for these source heads.""]",[],,,"[""baseline_vintage"",""behavioural_adjustment"",""cy_proxies_fy"",""head_scope"",""population_vintage""]",not_available,[],"[""baseline_vintage"",""behavioural_adjustment"",""cy_proxies_fy"",""head_scope"",""population_vintage""]",,residual_plus_unsized,,no computed counterpart,{}
spring_budget_2024,obr_pmd_nov2025:22527:3f82266b463a9969,spring_budget_2024__assumed_underspending_567f4b3c,Assumed underspending,out_of_household_scope,scope,2027-28,2027,PSCE in RDEL,Spending Measures (Policy measures database),2027-28,0.0,0.0,,,,not_available,not_computed,Source head is outside household tax-benefit scope; retained for event accounting.,"Business, departmental, local-authority, financing or block-grant accounts; no household tax/benefit counterpart for these source heads.","[""Business, departmental, local-authority, financing or block-grant accounts; no household tax/benefit counterpart for these source heads.""]",[],,,"[""baseline_vintage"",""behavioural_adjustment"",""cy_proxies_fy"",""head_scope"",""population_vintage""]",not_available,[],"[""baseline_vintage"",""behavioural_adjustment"",""cy_proxies_fy"",""head_scope"",""population_vintage""]",,residual_plus_unsized,,no computed counterpart,{}
spring_budget_2024,obr_pmd_nov2025:22533:4da9d62fabbd1f4f,spring_budget_2024__assumed_underspending_567f4b3c,Assumed underspending,out_of_household_scope,scope,2027-28,2027,PSGI in CDEL,Spending Measures (Policy measures database),2027-28,0.0,0.0,,,,not_available,not_computed,Source head is outside household tax-benefit scope; retained for event accounting.,"Business, departmental, local-authority, financing or block-grant accounts; no household tax/benefit counterpart for these source heads.","[""Business, departmental, local-authority, financing or block-grant accounts; no household tax/benefit counterpart for these source heads.""]",[],,,"[""baseline_vintage"",""behavioural_adjustment"",""cy_proxies_fy"",""head_scope"",""population_vintage""]",not_available,[],"[""baseline_vintage"",""behavioural_adjustment"",""cy_proxies_fy"",""head_scope"",""population_vintage""]",,residual_plus_unsized,,no computed counterpart,{}
spring_budget_2024,obr_pmd_nov2025:22528:5ef02c5c9ca07e79,spring_budget_2024__assumed_underspending_567f4b3c,Assumed underspending,out_of_household_scope,scope,2028-29,2028,PSCE in RDEL,Spending Measures (Policy measures database),2028-29,0.0,0.0,,,,not_available,not_computed,Source head is outside household tax-benefit scope; retained for event accounting.,"Business, departmental, local-authority, financing or block-grant accounts; no household tax/benefit counterpart for these source heads.","[""Business, departmental, local-authority, financing or block-grant accounts; no household tax/benefit counterpart for these source heads.""]",[],,,"[""baseline_vintage"",""behavioural_adjustment"",""cy_proxies_fy"",""head_scope"",""population_vintage""]",not_available,[],"[""baseline_vintage"",""behavioural_adjustment"",""cy_proxies_fy"",""head_scope"",""population_vintage""]",,residual_plus_unsized,,no computed counterpart,{}
spring_budget_2024,obr_pmd_nov2025:22534:835029a0d2c3a500,spring_budget_2024__assumed_underspending_567f4b3c,Assumed underspending,out_of_household_scope,scope,2028-29,2028,PSGI in CDEL,Spending Measures (Policy measures database),2028-29,0.0,0.0,,,,not_available,not_computed,Source head is outside household tax-benefit scope; retained for event accounting.,"Business, departmental, local-authority, financing or block-grant accounts; no household tax/benefit counterpart for these source heads.","[""Business, departmental, local-authority, financing or block-grant accounts; no household tax/benefit counterpart for these source heads.""]",[],,,"[""baseline_vintage"",""behavioural_adjustment"",""cy_proxies_fy"",""head_scope"",""population_vintage""]",not_available,[],"[""baseline_vintage"",""behavioural_adjustment"",""cy_proxies_fy"",""head_scope"",""population_vintage""]",,residual_plus_unsized,,no computed counterpart,{}
spring_budget_2024,obr_pmd_nov2025:22259:83e51e739b3cf406,spring_budget_2024__audio_visual_expenditure_credit_new_53_rate_of_relief_for_expenditure_on_eligible_uk_independent_film_producti_b9fed076,Audio-visual Expenditure Credit: new 53% rate of relief for expenditure on eligible UK independent film productions from 1 April 2024,out_of_household_scope,business_tax,2023-24,2023,Company and other credits,Spending Measures (Policy measures database),2023-24,0.0,0.0,,,,not_available,not_computed,Source head is outside household tax-benefit scope; retained for event accounting.,"Business/sector tax, firm allowance or credit; household income-tax spillovers in the PMD do not make the underlying business measure a household reform.","[""Business/sector tax, firm allowance or credit; household income-tax spillovers in the PMD do not make the underlying business measure a household reform.""]",[],,,"[""baseline_vintage"",""behavioural_adjustment"",""cy_proxies_fy"",""head_scope"",""population_vintage""]",not_available,[],"[""baseline_vintage"",""behavioural_adjustment"",""cy_proxies_fy"",""head_scope"",""population_vintage""]",,residual_plus_unsized,,no computed counterpart,{}
spring_budget_2024,obr_pmd_nov2025:22260:1d6dbcf618ecaa6c,spring_budget_2024__audio_visual_expenditure_credit_new_53_rate_of_relief_for_expenditure_on_eligible_uk_independent_film_producti_b9fed076,Audio-visual Expenditure Credit: new 53% rate of relief for expenditure on eligible UK independent film productions from 1 April 2024,out_of_household_scope,business_tax,2024-25,2024,Company and other credits,Spending Measures (Policy measures database),2024-25,0.0,0.0,,,,not_available,not_computed,Source head is outside household tax-benefit scope; retained for event accounting.,"Business/sector tax, firm allowance or credit; household income-tax spillovers in the PMD do not make the underlying business measure a household reform.","[""Business/sector tax, firm allowance or credit; household income-tax spillovers in the PMD do not make the underlying business measure a household reform.""]",[],,,"[""baseline_vintage"",""behavioural_adjustment"",""cy_proxies_fy"",""head_scope"",""population_vintage""]",not_available,[],"[""baseline_vintage"",""behavioural_adjustment"",""cy_proxies_fy"",""head_scope"",""population_vintage""]",,residual_plus_unsized,,no computed counterpart,{}
spring_budget_2024,obr_pmd_nov2025:22261:d5c615cf5d86a404,spring_budget_2024__audio_visual_expenditure_credit_new_53_rate_of_relief_for_expenditure_on_eligible_uk_independent_film_producti_b9fed076,Audio-visual Expenditure Credit: new 53% rate of relief for expenditure on eligible UK independent film productions from 1 April 2024,out_of_household_scope,business_tax,2025-26,2025,Company and other credits,Spending Measures (Policy measures database),2025-26,-60514637.52015126,-60514637.52015126,,,,not_available,not_computed,Source head is outside household tax-benefit scope; retained for event accounting.,"Business/sector tax, firm allowance or credit; household income-tax spillovers in the PMD do not make the underlying business measure a household reform.","[""Business/sector tax, firm allowance or credit; household income-tax spillovers in the PMD do not make the underlying business measure a household reform.""]",[],,,"[""baseline_vintage"",""behavioural_adjustment"",""cy_proxies_fy"",""head_scope"",""population_vintage""]",not_available,[],"[""baseline_vintage"",""behavioural_adjustment"",""cy_proxies_fy"",""head_scope"",""population_vintage""]",,residual_plus_unsized,,no computed counterpart,{}
spring_budget_2024,obr_pmd_nov2025:22262:b3ea4e9face70aef,spring_budget_2024__audio_visual_expenditure_credit_new_53_rate_of_relief_for_expenditure_on_eligible_uk_independent_film_producti_b9fed076,Audio-visual Expenditure Credit: new 53% rate of relief for expenditure on eligible UK independent film productions from 1 April 2024,out_of_household_scope,business_tax,2026-27,2026,Company and other credits,Spending Measures (Policy measures database),2026-27,-66092998.79734493,-66092998.79734493,,,,not_available,not_computed,Source head is outside household tax-benefit scope; retained for event accounting.,"Business/sector tax, firm allowance or credit; household income-tax spillovers in the PMD do not make the underlying business measure a household reform.","[""Business/sector tax, firm allowance or credit; household income-tax spillovers in the PMD do not make the underlying business measure a household reform.""]",[],,,"[""baseline_vintage"",""behavioural_adjustment"",""cy_proxies_fy"",""head_scope"",""population_vintage""]",not_available,[],"[""baseline_vintage"",""behavioural_adjustment"",""cy_proxies_fy"",""head_scope"",""population_vintage""]",,residual_plus_unsized,,no computed counterpart,{}
spring_budget_2024,obr_pmd_nov2025:22263:131897d4c3b8b67d,spring_budget_2024__audio_visual_expenditure_credit_new_53_rate_of_relief_for_expenditure_on_eligible_uk_independent_film_producti_b9fed076,Audio-visual Expenditure Credit: new 53% rate of relief for expenditure on eligible UK independent film productions from 1 April 2024,out_of_household_scope,business_tax,2027-28,2027,Company and other credits,Spending Measures (Policy measures database),2027-28,-77660216.75393721,-77660216.75393721,,,,not_available,not_computed,Source head is outside household tax-benefit scope; retained for event accounting.,"Business/sector tax, firm allowance or credit; household income-tax spillovers in the PMD do not make the underlying business measure a household reform.","[""Business/sector tax, firm allowance or credit; household income-tax spillovers in the PMD do not make the underlying business measure a household reform.""]",[],,,"[""baseline_vintage"",""behavioural_adjustment"",""cy_proxies_fy"",""head_scope"",""population_vintage""]",not_available,[],"[""baseline_vintage"",""behavioural_adjustment"",""cy_proxies_fy"",""head_scope"",""population_vintage""]",,residual_plus_unsized,,no computed counterpart,{}
spring_budget_2024,obr_pmd_nov2025:22264:e3b9c93f93f75169,spring_budget_2024__audio_visual_expenditure_credit_new_53_rate_of_relief_for_expenditure_on_eligible_uk_independent_film_producti_b9fed076,Audio-visual Expenditure Credit: new 53% rate of relief for expenditure on eligible UK independent film productions from 1 April 2024,out_of_household_scope,business_tax,2028-29,2028,Company and other credits,Spending Measures (Policy measures database),2028-29,-81054543.38848066,-81054543.38848066,,,,not_available,not_computed,Source head is outside household tax-benefit scope; retained for event accounting.,"Business/sector tax, firm allowance or credit; household income-tax spillovers in the PMD do not make the underlying business measure a household reform.","[""Business/sector tax, firm allowance or credit; household income-tax spillovers in the PMD do not make the underlying business measure a household reform.""]",[],,,"[""baseline_vintage"",""behavioural_adjustment"",""cy_proxies_fy"",""head_scope"",""population_vintage""]",not_available,[],"[""baseline_vintage"",""behavioural_adjustment"",""cy_proxies_fy"",""head_scope"",""population_vintage""]",,residual_plus_unsized,,no computed counterpart,{}
spring_budget_2024,obr_pmd_nov2025:11010:691979b57128961c,spring_budget_2024__business_rates_40_relief_for_eligible_film_studios_in_england_for_10_years_from_1_april_2024_18c5cdd9,Business Rates: 40% relief for eligible film studios in England for 10 years from 1 April 2024,out_of_household_scope,business_tax,2023-24,2023,Business rates,Tax Measures (Policy measures database),2023-24,0.0,0.0,,,,not_available,not_computed,Source head is outside household tax-benefit scope; retained for event accounting.,"Business/sector tax, firm allowance or credit; household income-tax spillovers in the PMD do not make the underlying business measure a household reform.","[""Business/sector tax, firm allowance or credit; household income-tax spillovers in the PMD do not make the underlying business measure a household reform.""]",[],,,"[""baseline_vintage"",""behavioural_adjustment"",""cy_proxies_fy"",""head_scope"",""population_vintage""]",not_available,[],"[""baseline_vintage"",""behavioural_adjustment"",""cy_proxies_fy"",""head_scope"",""population_vintage""]",,residual_plus_unsized,,no computed counterpart,{}
spring_budget_2024,obr_pmd_nov2025:11016:62099dd7eef580c0,spring_budget_2024__business_rates_40_relief_for_eligible_film_studios_in_england_for_10_years_from_1_april_2024_18c5cdd9,Business Rates: 40% relief for eligible film studios in England for 10 years from 1 April 2024,out_of_household_scope,business_tax,2023-24,2023,Corporation tax (onshore),Tax Measures (Policy measures database),2023-24,106000.0,106000.0,,,,not_available,not_computed,Source head is outside household tax-benefit scope; retained for event accounting.,"Business/sector tax, firm allowance or credit; household income-tax spillovers in the PMD do not make the underlying business measure a household reform.","[""Business/sector tax, firm allowance or credit; household income-tax spillovers in the PMD do not make the underlying business measure a household reform.""]",[],,,"[""baseline_vintage"",""behavioural_adjustment"",""cy_proxies_fy"",""head_scope"",""population_vintage""]",not_available,[],"[""baseline_vintage"",""behavioural_adjustment"",""cy_proxies_fy"",""head_scope"",""population_vintage""]",,residual_plus_unsized,,no computed counterpart,{}
spring_budget_2024,obr_pmd_nov2025:22241:f5c022b35b04cc4b,spring_budget_2024__business_rates_40_relief_for_eligible_film_studios_in_england_for_10_years_from_1_april_2024_18c5cdd9,Business Rates: 40% relief for eligible film studios in England for 10 years from 1 April 2024,out_of_household_scope,business_tax,2023-24,2023,Locally-financed current expenditure,Spending Measures (Policy measures database),2023-24,0.0,0.0,,,,not_available,not_computed,Source head is outside household tax-benefit scope; retained for event accounting.,"Business/sector tax, firm allowance or credit; household income-tax spillovers in the PMD do not make the underlying business measure a household reform.","[""Business/sector tax, firm allowance or credit; household income-tax spillovers in the PMD do not make the underlying business measure a household reform.""]",[],,,"[""baseline_vintage"",""behavioural_adjustment"",""cy_proxies_fy"",""head_scope"",""population_vintage""]",not_available,[],"[""baseline_vintage"",""behavioural_adjustment"",""cy_proxies_fy"",""head_scope"",""population_vintage""]",,residual_plus_unsized,,no computed counterpart,{}
spring_budget_2024,obr_pmd_nov2025:22235:12f8ce0250b1e514,spring_budget_2024__business_rates_40_relief_for_eligible_film_studios_in_england_for_10_years_from_1_april_2024_18c5cdd9,Business Rates: 40% relief for eligible film studios in England for 10 years from 1 April 2024,out_of_household_scope,business_tax,2023-24,2023,Other AME (current),Spending Measures (Policy measures database),2023-24,0.0,0.0,,,,not_available,not_computed,Source head is outside household tax-benefit scope; retained for event accounting.,"Business/sector tax, firm allowance or credit; household income-tax spillovers in the PMD do not make the underlying business measure a household reform.","[""Business/sector tax, firm allowance or credit; household income-tax spillovers in the PMD do not make the underlying business measure a household reform.""]",[],,,"[""baseline_vintage"",""behavioural_adjustment"",""cy_proxies_fy"",""head_scope"",""population_vintage""]",not_available,[],"[""baseline_vintage"",""behavioural_adjustment"",""cy_proxies_fy"",""head_scope"",""population_vintage""]",,residual_plus_unsized,,no computed counterpart,{}
spring_budget_2024,obr_pmd_nov2025:22247:b2e301bd098c2145,spring_budget_2024__business_rates_40_relief_for_eligible_film_studios_in_england_for_10_years_from_1_april_2024_18c5cdd9,Business Rates: 40% relief for eligible film studios in England for 10 years from 1 April 2024,out_of_household_scope,business_tax,2023-24,2023,PSCE in RDEL,Spending Measures (Policy measures database),2023-24,0.0,0.0,,,,not_available,not_computed,Source head is outside household tax-benefit scope; retained for event accounting.,"Business/sector tax, firm allowance or credit; household income-tax spillovers in the PMD do not make the underlying business measure a household reform.","[""Business/sector tax, firm allowance or credit; household income-tax spillovers in the PMD do not make the underlying business measure a household reform.""]",[],,,"[""baseline_vintage"",""behavioural_adjustment"",""cy_proxies_fy"",""head_scope"",""population_vintage""]",not_available,[],"[""baseline_vintage"",""behavioural_adjustment"",""cy_proxies_fy"",""head_scope"",""population_vintage""]",,residual_plus_unsized,,no computed counterpart,{}
spring_budget_2024,obr_pmd_nov2025:22253:95ae1f7f4b67f4a7,spring_budget_2024__business_rates_40_relief_for_eligible_film_studios_in_england_for_10_years_from_1_april_2024_18c5cdd9,Business Rates: 40% relief for eligible film studios in England for 10 years from 1 April 2024,out_of_household_scope,business_tax,2023-24,2023,Scottish BGA (current),Spending Measures (Policy measures database),2023-24,0.0,0.0,,,,not_available,not_computed,Source head is outside household tax-benefit scope; retained for event accounting.,"Business/sector tax, firm allowance or credit; household income-tax spillovers in the PMD do not make the underlying business measure a household reform.","[""Business/sector tax, firm allowance or credit; household income-tax spillovers in the PMD do not make the underlying business measure a household reform.""]",[],,,"[""baseline_vintage"",""behavioural_adjustment"",""cy_proxies_fy"",""head_scope"",""population_vintage""]",not_available,[],"[""baseline_vintage"",""behavioural_adjustment"",""cy_proxies_fy"",""head_scope"",""population_vintage""]",,residual_plus_unsized,,no computed counterpart,{}
spring_budget_2024,obr_pmd_nov2025:11011:b82c2d17ed0c49cd,spring_budget_2024__business_rates_40_relief_for_eligible_film_studios_in_england_for_10_years_from_1_april_2024_18c5cdd9,Business Rates: 40% relief for eligible film studios in England for 10 years from 1 April 2024,out_of_household_scope,business_tax,2024-25,2024,Business rates,Tax Measures (Policy measures database),2024-25,-7040911.0,-7040911.0,,,,not_available,not_computed,Source head is outside household tax-benefit scope; retained for event accounting.,"Business/sector tax, firm allowance or credit; household income-tax spillovers in the PMD do not make the underlying business measure a household reform.","[""Business/sector tax, firm allowance or credit; household income-tax spillovers in the PMD do not make the underlying business measure a household reform.""]",[],,,"[""baseline_vintage"",""behavioural_adjustment"",""cy_proxies_fy"",""head_scope"",""population_vintage""]",not_available,[],"[""baseline_vintage"",""behavioural_adjustment"",""cy_proxies_fy"",""head_scope"",""population_vintage""]",,residual_plus_unsized,,no computed counterpart,{}
spring_budget_2024,obr_pmd_nov2025:11017:3ec71567d8e1a2bd,spring_budget_2024__business_rates_40_relief_for_eligible_film_studios_in_england_for_10_years_from_1_april_2024_18c5cdd9,Business Rates: 40% relief for eligible film studios in England for 10 years from 1 April 2024,out_of_household_scope,business_tax,2024-25,2024,Corporation tax (onshore),Tax Measures (Policy measures database),2024-25,1955000.0,1955000.0,,,,not_available,not_computed,Source head is outside household tax-benefit scope; retained for event accounting.,"Business/sector tax, firm allowance or credit; household income-tax spillovers in the PMD do not make the underlying business measure a household reform.","[""Business/sector tax, firm allowance or credit; household income-tax spillovers in the PMD do not make the underlying business measure a household reform.""]",[],,,"[""baseline_vintage"",""behavioural_adjustment"",""cy_proxies_fy"",""head_scope"",""population_vintage""]",not_available,[],"[""baseline_vintage"",""behavioural_adjustment"",""cy_proxies_fy"",""head_scope"",""population_vintage""]",,residual_plus_unsized,,no computed counterpart,{}
spring_budget_2024,obr_pmd_nov2025:22242:0d6b9b52a2a8dd5c,spring_budget_2024__business_rates_40_relief_for_eligible_film_studios_in_england_for_10_years_from_1_april_2024_18c5cdd9,Business Rates: 40% relief for eligible film studios in England for 10 years from 1 April 2024,out_of_household_scope,business_tax,2024-25,2024,Locally-financed current expenditure,Spending Measures (Policy measures database),2024-25,4365364.82,4365364.82,,,,not_available,not_computed,Source head is outside household tax-benefit scope; retained for event accounting.,"Business/sector tax, firm allowance or credit; household income-tax spillovers in the PMD do not make the underlying business measure a household reform.","[""Business/sector tax, firm allowance or credit; household income-tax spillovers in the PMD do not make the underlying business measure a household reform.""]",[],,,"[""baseline_vintage"",""behavioural_adjustment"",""cy_proxies_fy"",""head_scope"",""population_vintage""]",not_available,[],"[""baseline_vintage"",""behavioural_adjustment"",""cy_proxies_fy"",""head_scope"",""population_vintage""]",,residual_plus_unsized,,no computed counterpart,{}
spring_budget_2024,obr_pmd_nov2025:22236:c087a7c052282eef,spring_budget_2024__business_rates_40_relief_for_eligible_film_studios_in_england_for_10_years_from_1_april_2024_18c5cdd9,Business Rates: 40% relief for eligible film studios in England for 10 years from 1 April 2024,out_of_household_scope,business_tax,2024-25,2024,Other AME (current),Spending Measures (Policy measures database),2024-25,-4365364.82,-4365364.82,,,,not_available,not_computed,Source head is outside household tax-benefit scope; retained for event accounting.,"Business/sector tax, firm allowance or credit; household income-tax spillovers in the PMD do not make the underlying business measure a household reform.","[""Business/sector tax, firm allowance or credit; household income-tax spillovers in the PMD do not make the underlying business measure a household reform.""]",[],,,"[""baseline_vintage"",""behavioural_adjustment"",""cy_proxies_fy"",""head_scope"",""population_vintage""]",not_available,[],"[""baseline_vintage"",""behavioural_adjustment"",""cy_proxies_fy"",""head_scope"",""population_vintage""]",,residual_plus_unsized,,no computed counterpart,{}
spring_budget_2024,obr_pmd_nov2025:22248:309a8a2d2379b480,spring_budget_2024__business_rates_40_relief_for_eligible_film_studios_in_england_for_10_years_from_1_april_2024_18c5cdd9,Business Rates: 40% relief for eligible film studios in England for 10 years from 1 April 2024,out_of_household_scope,business_tax,2024-25,2024,PSCE in RDEL,Spending Measures (Policy measures database),2024-25,-637337.38269497,-637337.38269497,,,,not_available,not_computed,Source head is outside household tax-benefit scope; retained for event accounting.,"Business/sector tax, firm allowance or credit; household income-tax spillovers in the PMD do not make the underlying business measure a household reform.","[""Business/sector tax, firm allowance or credit; household income-tax spillovers in the PMD do not make the underlying business measure a household reform.""]",[],,,"[""baseline_vintage"",""behavioural_adjustment"",""cy_proxies_fy"",""head_scope"",""population_vintage""]",not_available,[],"[""baseline_vintage"",""behavioural_adjustment"",""cy_proxies_fy"",""head_scope"",""population_vintage""]",,residual_plus_unsized,,no computed counterpart,{}
spring_budget_2024,obr_pmd_nov2025:22254:ecaf335c974ffac3,spring_budget_2024__business_rates_40_relief_for_eligible_film_studios_in_england_for_10_years_from_1_april_2024_18c5cdd9,Business Rates: 40% relief for eligible film studios in England for 10 years from 1 April 2024,out_of_household_scope,business_tax,2024-25,2024,Scottish BGA (current),Spending Measures (Policy measures database),2024-25,-682453.6974812642,-682453.6974812642,,,,not_available,not_computed,Source head is outside household tax-benefit scope; retained for event accounting.,"Business/sector tax, firm allowance or credit; household income-tax spillovers in the PMD do not make the underlying business measure a household reform.","[""Business/sector tax, firm allowance or credit; household income-tax spillovers in the PMD do not make the underlying business measure a household reform.""]",[],,,"[""baseline_vintage"",""behavioural_adjustment"",""cy_proxies_fy"",""head_scope"",""population_vintage""]",not_available,[],"[""baseline_vintage"",""behavioural_adjustment"",""cy_proxies_fy"",""head_scope"",""population_vintage""]",,residual_plus_unsized,,no computed counterpart,{}
spring_budget_2024,obr_pmd_nov2025:11012:46d5ac783988c26c,spring_budget_2024__business_rates_40_relief_for_eligible_film_studios_in_england_for_10_years_from_1_april_2024_18c5cdd9,Business Rates: 40% relief for eligible film studios in England for 10 years from 1 April 2024,out_of_household_scope,business_tax,2025-26,2025,Business rates,Tax Measures (Policy measures database),2025-26,-19177314.0,-19177314.0,,,,not_available,not_computed,Source head is outside household tax-benefit scope; retained for event accounting.,"Business/sector tax, firm allowance or credit; household income-tax spillovers in the PMD do not make the underlying business measure a household reform.","[""Business/sector tax, firm allowance or credit; household income-tax spillovers in the PMD do not make the underlying business measure a household reform.""]",[],,,"[""baseline_vintage"",""behavioural_adjustment"",""cy_proxies_fy"",""head_scope"",""population_vintage""]",not_available,[],"[""baseline_vintage"",""behavioural_adjustment"",""cy_proxies_fy"",""head_scope"",""population_vintage""]",,residual_plus_unsized,,no computed counterpart,{}
spring_budget_2024,obr_pmd_nov2025:11018:7800b7cebd0e6432,spring_budget_2024__business_rates_40_relief_for_eligible_film_studios_in_england_for_10_years_from_1_april_2024_18c5cdd9,Business Rates: 40% relief for eligible film studios in England for 10 years from 1 April 2024,out_of_household_scope,business_tax,2025-26,2025,Corporation tax (onshore),Tax Measures (Policy measures database),2025-26,4814000.0,4814000.0,,,,not_available,not_computed,Source head is outside household tax-benefit scope; retained for event accounting.,"Business/sector tax, firm allowance or credit; household income-tax spillovers in the PMD do not make the underlying business measure a household reform.","[""Business/sector tax, firm allowance or credit; household income-tax spillovers in the PMD do not make the underlying business measure a household reform.""]",[],,,"[""baseline_vintage"",""behavioural_adjustment"",""cy_proxies_fy"",""head_scope"",""population_vintage""]",not_available,[],"[""baseline_vintage"",""behavioural_adjustment"",""cy_proxies_fy"",""head_scope"",""population_vintage""]",,residual_plus_unsized,,no computed counterpart,{}
spring_budget_2024,obr_pmd_nov2025:22243:98b75367f580f7e1,spring_budget_2024__business_rates_40_relief_for_eligible_film_studios_in_england_for_10_years_from_1_april_2024_18c5cdd9,Business Rates: 40% relief for eligible film studios in England for 10 years from 1 April 2024,out_of_household_scope,business_tax,2025-26,2025,Locally-financed current expenditure,Spending Measures (Policy measures database),2025-26,10355749.559999999,10355749.559999999,,,,not_available,not_computed,Source head is outside household tax-benefit scope; retained for event accounting.,"Business/sector tax, firm allowance or credit; household income-tax spillovers in the PMD do not make the underlying business measure a household reform.","[""Business/sector tax, firm allowance or credit; household income-tax spillovers in the PMD do not make the underlying business measure a household reform.""]",[],,,"[""baseline_vintage"",""behavioural_adjustment"",""cy_proxies_fy"",""head_scope"",""population_vintage""]",not_available,[],"[""baseline_vintage"",""behavioural_adjustment"",""cy_proxies_fy"",""head_scope"",""population_vintage""]",,residual_plus_unsized,,no computed counterpart,{}
spring_budget_2024,obr_pmd_nov2025:22237:fe010f274aa1a149,spring_budget_2024__business_rates_40_relief_for_eligible_film_studios_in_england_for_10_years_from_1_april_2024_18c5cdd9,Business Rates: 40% relief for eligible film studios in England for 10 years from 1 April 2024,out_of_household_scope,business_tax,2025-26,2025,Other AME (current),Spending Measures (Policy measures database),2025-26,-10355749.559999999,-10355749.559999999,,,,not_available,not_computed,Source head is outside household tax-benefit scope; retained for event accounting.,"Business/sector tax, firm allowance or credit; household income-tax spillovers in the PMD do not make the underlying business measure a household reform.","[""Business/sector tax, firm allowance or credit; household income-tax spillovers in the PMD do not make the underlying business measure a household reform.""]",[],,,"[""baseline_vintage"",""behavioural_adjustment"",""cy_proxies_fy"",""head_scope"",""population_vintage""]",not_available,[],"[""baseline_vintage"",""behavioural_adjustment"",""cy_proxies_fy"",""head_scope"",""population_vintage""]",,residual_plus_unsized,,no computed counterpart,{}
spring_budget_2024,obr_pmd_nov2025:22249:dec57f3b7d4ef00e,spring_budget_2024__business_rates_40_relief_for_eligible_film_studios_in_england_for_10_years_from_1_april_2024_18c5cdd9,Business Rates: 40% relief for eligible film studios in England for 10 years from 1 April 2024,out_of_household_scope,business_tax,2025-26,2025,PSCE in RDEL,Spending Measures (Policy measures database),2025-26,-1735914.445144897,-1735914.445144897,,,,not_available,not_computed,Source head is outside household tax-benefit scope; retained for event accounting.,"Business/sector tax, firm allowance or credit; household income-tax spillovers in the PMD do not make the underlying business measure a household reform.","[""Business/sector tax, firm allowance or credit; household income-tax spillovers in the PMD do not make the underlying business measure a household reform.""]",[],,,"[""baseline_vintage"",""behavioural_adjustment"",""cy_proxies_fy"",""head_scope"",""population_vintage""]",not_available,[],"[""baseline_vintage"",""behavioural_adjustment"",""cy_proxies_fy"",""head_scope"",""population_vintage""]",,residual_plus_unsized,,no computed counterpart,{}
spring_budget_2024,obr_pmd_nov2025:22255:19400997c9cfca37,spring_budget_2024__business_rates_40_relief_for_eligible_film_studios_in_england_for_10_years_from_1_april_2024_18c5cdd9,Business Rates: 40% relief for eligible film studios in England for 10 years from 1 April 2024,out_of_household_scope,business_tax,2025-26,2025,Scottish BGA (current),Spending Measures (Policy measures database),2025-26,-1858797.6537495237,-1858797.6537495237,,,,not_available,not_computed,Source head is outside household tax-benefit scope; retained for event accounting.,"Business/sector tax, firm allowance or credit; household income-tax spillovers in the PMD do not make the underlying business measure a household reform.","[""Business/sector tax, firm allowance or credit; household income-tax spillovers in the PMD do not make the underlying business measure a household reform.""]",[],,,"[""baseline_vintage"",""behavioural_adjustment"",""cy_proxies_fy"",""head_scope"",""population_vintage""]",not_available,[],"[""baseline_vintage"",""behavioural_adjustment"",""cy_proxies_fy"",""head_scope"",""population_vintage""]",,residual_plus_unsized,,no computed counterpart,{}
spring_budget_2024,obr_pmd_nov2025:11013:2d4088c398a7bc35,spring_budget_2024__business_rates_40_relief_for_eligible_film_studios_in_england_for_10_years_from_1_april_2024_18c5cdd9,Business Rates: 40% relief for eligible film studios in England for 10 years from 1 April 2024,out_of_household_scope,business_tax,2026-27,2026,Business rates,Tax Measures (Policy measures database),2026-27,-40235374.0,-40235374.0,,,,not_available,not_computed,Source head is outside household tax-benefit scope; retained for event accounting.,"Business/sector tax, firm allowance or credit; household income-tax spillovers in the PMD do not make the underlying business measure a household reform.","[""Business/sector tax, firm allowance or credit; household income-tax spillovers in the PMD do not make the underlying business measure a household reform.""]",[],,,"[""baseline_vintage"",""behavioural_adjustment"",""cy_proxies_fy"",""head_scope"",""population_vintage""]",not_available,[],"[""baseline_vintage"",""behavioural_adjustment"",""cy_proxies_fy"",""head_scope"",""population_vintage""]",,residual_plus_unsized,,no computed counterpart,{}
spring_budget_2024,obr_pmd_nov2025:11019:1393297bae51a3d0,spring_budget_2024__business_rates_40_relief_for_eligible_film_studios_in_england_for_10_years_from_1_april_2024_18c5cdd9,Business Rates: 40% relief for eligible film studios in England for 10 years from 1 April 2024,out_of_household_scope,business_tax,2026-27,2026,Corporation tax (onshore),Tax Measures (Policy measures database),2026-27,7591000.0,7591000.0,,,,not_available,not_computed,Source head is outside household tax-benefit scope; retained for event accounting.,"Business/sector tax, firm allowance or credit; household income-tax spillovers in the PMD do not make the underlying business measure a household reform.","[""Business/sector tax, firm allowance or credit; household income-tax spillovers in the PMD do not make the underlying business measure a household reform.""]",[],,,"[""baseline_vintage"",""behavioural_adjustment"",""cy_proxies_fy"",""head_scope"",""population_vintage""]",not_available,[],"[""baseline_vintage"",""behavioural_adjustment"",""cy_proxies_fy"",""head_scope"",""population_vintage""]",,residual_plus_unsized,,no computed counterpart,{}
spring_budget_2024,obr_pmd_nov2025:22244:3fd306e3b277650a,spring_budget_2024__business_rates_40_relief_for_eligible_film_studios_in_england_for_10_years_from_1_april_2024_18c5cdd9,Business Rates: 40% relief for eligible film studios in England for 10 years from 1 April 2024,out_of_household_scope,business_tax,2026-27,2026,Locally-financed current expenditure,Spending Measures (Policy measures database),2026-27,21727101.96,21727101.96,,,,not_available,not_computed,Source head is outside household tax-benefit scope; retained for event accounting.,"Business/sector tax, firm allowance or credit; household income-tax spillovers in the PMD do not make the underlying business measure a household reform.","[""Business/sector tax, firm allowance or credit; household income-tax spillovers in the PMD do not make the underlying business measure a household reform.""]",[],,,"[""baseline_vintage"",""behavioural_adjustment"",""cy_proxies_fy"",""head_scope"",""population_vintage""]",not_available,[],"[""baseline_vintage"",""behavioural_adjustment"",""cy_proxies_fy"",""head_scope"",""population_vintage""]",,residual_plus_unsized,,no computed counterpart,{}
spring_budget_2024,obr_pmd_nov2025:22238:6e606cacca9c7f34,spring_budget_2024__business_rates_40_relief_for_eligible_film_studios_in_england_for_10_years_from_1_april_2024_18c5cdd9,Business Rates: 40% relief for eligible film studios in England for 10 years from 1 April 2024,out_of_household_scope,business_tax,2026-27,2026,Other AME (current),Spending Measures (Policy measures database),2026-27,-21727101.96,-21727101.96,,,,not_available,not_computed,Source head is outside household tax-benefit scope; retained for event accounting.,"Business/sector tax, firm allowance or credit; household income-tax spillovers in the PMD do not make the underlying business measure a household reform.","[""Business/sector tax, firm allowance or credit; household income-tax spillovers in the PMD do not make the underlying business measure a household reform.""]",[],,,"[""baseline_vintage"",""behavioural_adjustment"",""cy_proxies_fy"",""head_scope"",""population_vintage""]",not_available,[],"[""baseline_vintage"",""behavioural_adjustment"",""cy_proxies_fy"",""head_scope"",""population_vintage""]",,residual_plus_unsized,,no computed counterpart,{}
spring_budget_2024,obr_pmd_nov2025:22250:73a25b19c3252520,spring_budget_2024__business_rates_40_relief_for_eligible_film_studios_in_england_for_10_years_from_1_april_2024_18c5cdd9,Business Rates: 40% relief for eligible film studios in England for 10 years from 1 April 2024,out_of_household_scope,business_tax,2026-27,2026,PSCE in RDEL,Spending Measures (Policy measures database),2026-27,-3642072.4472888866,-3642072.4472888866,,,,not_available,not_computed,Source head is outside household tax-benefit scope; retained for event accounting.,"Business/sector tax, firm allowance or credit; household income-tax spillovers in the PMD do not make the underlying business measure a household reform.","[""Business/sector tax, firm allowance or credit; household income-tax spillovers in the PMD do not make the underlying business measure a household reform.""]",[],,,"[""baseline_vintage"",""behavioural_adjustment"",""cy_proxies_fy"",""head_scope"",""population_vintage""]",not_available,[],"[""baseline_vintage"",""behavioural_adjustment"",""cy_proxies_fy"",""head_scope"",""population_vintage""]",,residual_plus_unsized,,no computed counterpart,{}
spring_budget_2024,obr_pmd_nov2025:22256:5c44aaeddd2f3a0f,spring_budget_2024__business_rates_40_relief_for_eligible_film_studios_in_england_for_10_years_from_1_april_2024_18c5cdd9,Business Rates: 40% relief for eligible film studios in England for 10 years from 1 April 2024,out_of_household_scope,business_tax,2026-27,2026,Scottish BGA (current),Spending Measures (Policy measures database),2026-27,-3899890.1925960327,-3899890.1925960327,,,,not_available,not_computed,Source head is outside household tax-benefit scope; retained for event accounting.,"Business/sector tax, firm allowance or credit; household income-tax spillovers in the PMD do not make the underlying business measure a household reform.","[""Business/sector tax, firm allowance or credit; household income-tax spillovers in the PMD do not make the underlying business measure a household reform.""]",[],,,"[""baseline_vintage"",""behavioural_adjustment"",""cy_proxies_fy"",""head_scope"",""population_vintage""]",not_available,[],"[""baseline_vintage"",""behavioural_adjustment"",""cy_proxies_fy"",""head_scope"",""population_vintage""]",,residual_plus_unsized,,no computed counterpart,{}
spring_budget_2024,obr_pmd_nov2025:11014:ee572144246cf3a9,spring_budget_2024__business_rates_40_relief_for_eligible_film_studios_in_england_for_10_years_from_1_april_2024_18c5cdd9,Business Rates: 40% relief for eligible film studios in England for 10 years from 1 April 2024,out_of_household_scope,business_tax,2027-28,2027,Business rates,Tax Measures (Policy measures database),2027-28,-43738848.0,-43738848.0,,,,not_available,not_computed,Source head is outside household tax-benefit scope; retained for event accounting.,"Business/sector tax, firm allowance or credit; household income-tax spillovers in the PMD do not make the underlying business measure a household reform.","[""Business/sector tax, firm allowance or credit; household income-tax spillovers in the PMD do not make the underlying business measure a household reform.""]",[],,,"[""baseline_vintage"",""behavioural_adjustment"",""cy_proxies_fy"",""head_scope"",""population_vintage""]",not_available,[],"[""baseline_vintage"",""behavioural_adjustment"",""cy_proxies_fy"",""head_scope"",""population_vintage""]",,residual_plus_unsized,,no computed counterpart,{}
spring_budget_2024,obr_pmd_nov2025:11020:553c60cc8bd25efe,spring_budget_2024__business_rates_40_relief_for_eligible_film_studios_in_england_for_10_years_from_1_april_2024_18c5cdd9,Business Rates: 40% relief for eligible film studios in England for 10 years from 1 April 2024,out_of_household_scope,business_tax,2027-28,2027,Corporation tax (onshore),Tax Measures (Policy measures database),2027-28,8278000.000000001,8278000.000000001,,,,not_available,not_computed,Source head is outside household tax-benefit scope; retained for event accounting.,"Business/sector tax, firm allowance or credit; household income-tax spillovers in the PMD do not make the underlying business measure a household reform.","[""Business/sector tax, firm allowance or credit; household income-tax spillovers in the PMD do not make the underlying business measure a household reform.""]",[],,,"[""baseline_vintage"",""behavioural_adjustment"",""cy_proxies_fy"",""head_scope"",""population_vintage""]",not_available,[],"[""baseline_vintage"",""behavioural_adjustment"",""cy_proxies_fy"",""head_scope"",""population_vintage""]",,residual_plus_unsized,,no computed counterpart,{}
spring_budget_2024,obr_pmd_nov2025:22245:9d87e70dd9f38666,spring_budget_2024__business_rates_40_relief_for_eligible_film_studios_in_england_for_10_years_from_1_april_2024_18c5cdd9,Business Rates: 40% relief for eligible film studios in England for 10 years from 1 April 2024,out_of_household_scope,business_tax,2027-28,2027,Locally-financed current expenditure,Spending Measures (Policy measures database),2027-28,23618977.919999998,23618977.919999998,,,,not_available,not_computed,Source head is outside household tax-benefit scope; retained for event accounting.,"Business/sector tax, firm allowance or credit; household income-tax spillovers in the PMD do not make the underlying business measure a household reform.","[""Business/sector tax, firm allowance or credit; household income-tax spillovers in the PMD do not make the underlying business measure a household reform.""]",[],,,"[""baseline_vintage"",""behavioural_adjustment"",""cy_proxies_fy"",""head_scope"",""population_vintage""]",not_available,[],"[""baseline_vintage"",""behavioural_adjustment"",""cy_proxies_fy"",""head_scope"",""population_vintage""]",,residual_plus_unsized,,no computed counterpart,{}
spring_budget_2024,obr_pmd_nov2025:22239:fbc762f13a3e6e64,spring_budget_2024__business_rates_40_relief_for_eligible_film_studios_in_england_for_10_years_from_1_april_2024_18c5cdd9,Business Rates: 40% relief for eligible film studios in England for 10 years from 1 April 2024,out_of_household_scope,business_tax,2027-28,2027,Other AME (current),Spending Measures (Policy measures database),2027-28,-23618977.919999998,-23618977.919999998,,,,not_available,not_computed,Source head is outside household tax-benefit scope; retained for event accounting.,"Business/sector tax, firm allowance or credit; household income-tax spillovers in the PMD do not make the underlying business measure a household reform.","[""Business/sector tax, firm allowance or credit; household income-tax spillovers in the PMD do not make the underlying business measure a household reform.""]",[],,,"[""baseline_vintage"",""behavioural_adjustment"",""cy_proxies_fy"",""head_scope"",""population_vintage""]",not_available,[],"[""baseline_vintage"",""behavioural_adjustment"",""cy_proxies_fy"",""head_scope"",""population_vintage""]",,residual_plus_unsized,,no computed counterpart,{}
spring_budget_2024,obr_pmd_nov2025:22251:a942dec428b2ad0d,spring_budget_2024__business_rates_40_relief_for_eligible_film_studios_in_england_for_10_years_from_1_april_2024_18c5cdd9,Business Rates: 40% relief for eligible film studios in England for 10 years from 1 April 2024,out_of_household_scope,business_tax,2027-28,2027,PSCE in RDEL,Spending Measures (Policy measures database),2027-28,-3959203.987440421,-3959203.987440421,,,,not_available,not_computed,Source head is outside household tax-benefit scope; retained for event accounting.,"Business/sector tax, firm allowance or credit; household income-tax spillovers in the PMD do not make the underlying business measure a household reform.","[""Business/sector tax, firm allowance or credit; household income-tax spillovers in the PMD do not make the underlying business measure a household reform.""]",[],,,"[""baseline_vintage"",""behavioural_adjustment"",""cy_proxies_fy"",""head_scope"",""population_vintage""]",not_available,[],"[""baseline_vintage"",""behavioural_adjustment"",""cy_proxies_fy"",""head_scope"",""population_vintage""]",,residual_plus_unsized,,no computed counterpart,{}
spring_budget_2024,obr_pmd_nov2025:22257:1363a57f2df9f97b,spring_budget_2024__business_rates_40_relief_for_eligible_film_studios_in_england_for_10_years_from_1_april_2024_18c5cdd9,Business Rates: 40% relief for eligible film studios in England for 10 years from 1 April 2024,out_of_household_scope,business_tax,2027-28,2027,Scottish BGA (current),Spending Measures (Policy measures database),2027-28,-4239471.077133483,-4239471.077133483,,,,not_available,not_computed,Source head is outside household tax-benefit scope; retained for event accounting.,"Business/sector tax, firm allowance or credit; household income-tax spillovers in the PMD do not make the underlying business measure a household reform.","[""Business/sector tax, firm allowance or credit; household income-tax spillovers in the PMD do not make the underlying business measure a household reform.""]",[],,,"[""baseline_vintage"",""behavioural_adjustment"",""cy_proxies_fy"",""head_scope"",""population_vintage""]",not_available,[],"[""baseline_vintage"",""behavioural_adjustment"",""cy_proxies_fy"",""head_scope"",""population_vintage""]",,residual_plus_unsized,,no computed counterpart,{}
spring_budget_2024,obr_pmd_nov2025:11015:0f9e5109a8155e43,spring_budget_2024__business_rates_40_relief_for_eligible_film_studios_in_england_for_10_years_from_1_april_2024_18c5cdd9,Business Rates: 40% relief for eligible film studios in England for 10 years from 1 April 2024,out_of_household_scope,business_tax,2028-29,2028,Business rates,Tax Measures (Policy measures database),2028-29,-47699007.0,-47699007.0,,,,not_available,not_computed,Source head is outside household tax-benefit scope; retained for event accounting.,"Business/sector tax, firm allowance or credit; household income-tax spillovers in the PMD do not make the underlying business measure a household reform.","[""Business/sector tax, firm allowance or credit; household income-tax spillovers in the PMD do not make the underlying business measure a household reform.""]",[],,,"[""baseline_vintage"",""behavioural_adjustment"",""cy_proxies_fy"",""head_scope"",""population_vintage""]",not_available,[],"[""baseline_vintage"",""behavioural_adjustment"",""cy_proxies_fy"",""head_scope"",""population_vintage""]",,residual_plus_unsized,,no computed counterpart,{}
spring_budget_2024,obr_pmd_nov2025:11021:5fc6a2b96e632c75,spring_budget_2024__business_rates_40_relief_for_eligible_film_studios_in_england_for_10_years_from_1_april_2024_18c5cdd9,Business Rates: 40% relief for eligible film studios in England for 10 years from 1 April 2024,out_of_household_scope,business_tax,2028-29,2028,Corporation tax (onshore),Tax Measures (Policy measures database),2028-29,9092000.0,9092000.0,,,,not_available,not_computed,Source head is outside household tax-benefit scope; retained for event accounting.,"Business/sector tax, firm allowance or credit; household income-tax spillovers in the PMD do not make the underlying business measure a household reform.","[""Business/sector tax, firm allowance or credit; household income-tax spillovers in the PMD do not make the underlying business measure a household reform.""]",[],,,"[""baseline_vintage"",""behavioural_adjustment"",""cy_proxies_fy"",""head_scope"",""population_vintage""]",not_available,[],"[""baseline_vintage"",""behavioural_adjustment"",""cy_proxies_fy"",""head_scope"",""population_vintage""]",,residual_plus_unsized,,no computed counterpart,{}
spring_budget_2024,obr_pmd_nov2025:22246:306d2587a9df1fbe,spring_budget_2024__business_rates_40_relief_for_eligible_film_studios_in_england_for_10_years_from_1_april_2024_18c5cdd9,Business Rates: 40% relief for eligible film studios in England for 10 years from 1 April 2024,out_of_household_scope,business_tax,2028-29,2028,Locally-financed current expenditure,Spending Measures (Policy measures database),2028-29,25757463.78,25757463.78,,,,not_available,not_computed,Source head is outside household tax-benefit scope; retained for event accounting.,"Business/sector tax, firm allowance or credit; household income-tax spillovers in the PMD do not make the underlying business measure a household reform.","[""Business/sector tax, firm allowance or credit; household income-tax spillovers in the PMD do not make the underlying business measure a household reform.""]",[],,,"[""baseline_vintage"",""behavioural_adjustment"",""cy_proxies_fy"",""head_scope"",""population_vintage""]",not_available,[],"[""baseline_vintage"",""behavioural_adjustment"",""cy_proxies_fy"",""head_scope"",""population_vintage""]",,residual_plus_unsized,,no computed counterpart,{}
spring_budget_2024,obr_pmd_nov2025:22240:ac9becc95384fd65,spring_budget_2024__business_rates_40_relief_for_eligible_film_studios_in_england_for_10_years_from_1_april_2024_18c5cdd9,Business Rates: 40% relief for eligible film studios in England for 10 years from 1 April 2024,out_of_household_scope,business_tax,2028-29,2028,Other AME (current),Spending Measures (Policy measures database),2028-29,-25757463.78,-25757463.78,,,,not_available,not_computed,Source head is outside household tax-benefit scope; retained for event accounting.,"Business/sector tax, firm allowance or credit; household income-tax spillovers in the PMD do not make the underlying business measure a household reform.","[""Business/sector tax, firm allowance or credit; household income-tax spillovers in the PMD do not make the underlying business measure a household reform.""]",[],,,"[""baseline_vintage"",""behavioural_adjustment"",""cy_proxies_fy"",""head_scope"",""population_vintage""]",not_available,[],"[""baseline_vintage"",""behavioural_adjustment"",""cy_proxies_fy"",""head_scope"",""population_vintage""]",,residual_plus_unsized,,no computed counterpart,{}
spring_budget_2024,obr_pmd_nov2025:22252:b88e31ac3c22c03b,spring_budget_2024__business_rates_40_relief_for_eligible_film_studios_in_england_for_10_years_from_1_april_2024_18c5cdd9,Business Rates: 40% relief for eligible film studios in England for 10 years from 1 April 2024,out_of_household_scope,business_tax,2028-29,2028,PSCE in RDEL,Spending Measures (Policy measures database),2028-29,-4317674.272339054,-4317674.272339054,,,,not_available,not_computed,Source head is outside household tax-benefit scope; retained for event accounting.,"Business/sector tax, firm allowance or credit; household income-tax spillovers in the PMD do not make the underlying business measure a household reform.","[""Business/sector tax, firm allowance or credit; household income-tax spillovers in the PMD do not make the underlying business measure a household reform.""]",[],,,"[""baseline_vintage"",""behavioural_adjustment"",""cy_proxies_fy"",""head_scope"",""population_vintage""]",not_available,[],"[""baseline_vintage"",""behavioural_adjustment"",""cy_proxies_fy"",""head_scope"",""population_vintage""]",,residual_plus_unsized,,no computed counterpart,{}
spring_budget_2024,obr_pmd_nov2025:22258:aa5ef11537ed730c,spring_budget_2024__business_rates_40_relief_for_eligible_film_studios_in_england_for_10_years_from_1_april_2024_18c5cdd9,Business Rates: 40% relief for eligible film studios in England for 10 years from 1 April 2024,out_of_household_scope,business_tax,2028-29,2028,Scottish BGA (current),Spending Measures (Policy measures database),2028-29,-4623317.024364419,-4623317.024364419,,,,not_available,not_computed,Source head is outside household tax-benefit scope; retained for event accounting.,"Business/sector tax, firm allowance or credit; household income-tax spillovers in the PMD do not make the underlying business measure a household reform.","[""Business/sector tax, firm allowance or credit; household income-tax spillovers in the PMD do not make the underlying business measure a household reform.""]",[],,,"[""baseline_vintage"",""behavioural_adjustment"",""cy_proxies_fy"",""head_scope"",""population_vintage""]",not_available,[],"[""baseline_vintage"",""behavioural_adjustment"",""cy_proxies_fy"",""head_scope"",""population_vintage""]",,residual_plus_unsized,,no computed counterpart,{}
spring_budget_2024,obr_pmd_nov2025:11196:0ce8721747e6595f,spring_budget_2024__business_rates_extend_the_empty_property_relief_reset_period_from_six_weeks_to_three_months_thirteen_weeks_fro_d2c53baa,Business Rates: extend the Empty Property Relief ‘reset period’ from six weeks to three months (thirteen weeks) from 1 April 2024,out_of_household_scope,business_tax,2023-24,2023,Business rates,Tax Measures (Policy measures database),2023-24,0.0,0.0,,,,not_available,not_computed,Source head is outside household tax-benefit scope; retained for event accounting.,"Business/sector tax, firm allowance or credit; household income-tax spillovers in the PMD do not make the underlying business measure a household reform.","[""Business/sector tax, firm allowance or credit; household income-tax spillovers in the PMD do not make the underlying business measure a household reform.""]",[],,,"[""baseline_vintage"",""behavioural_adjustment"",""cy_proxies_fy"",""head_scope"",""population_vintage""]",not_available,[],"[""baseline_vintage"",""behavioural_adjustment"",""cy_proxies_fy"",""head_scope"",""population_vintage""]",,residual_plus_unsized,,no computed counterpart,{}
spring_budget_2024,obr_pmd_nov2025:11202:14f2528bce637d41,spring_budget_2024__business_rates_extend_the_empty_property_relief_reset_period_from_six_weeks_to_three_months_thirteen_weeks_fro_d2c53baa,Business Rates: extend the Empty Property Relief ‘reset period’ from six weeks to three months (thirteen weeks) from 1 April 2024,out_of_household_scope,business_tax,2023-24,2023,Corporation tax (onshore),Tax Measures (Policy measures database),2023-24,-575000.0,-575000.0,,,,not_available,not_computed,Source head is outside household tax-benefit scope; retained for event accounting.,"Business/sector tax, firm allowance or credit; household income-tax spillovers in the PMD do not make the underlying business measure a household reform.","[""Business/sector tax, firm allowance or credit; household income-tax spillovers in the PMD do not make the underlying business measure a household reform.""]",[],,,"[""baseline_vintage"",""behavioural_adjustment"",""cy_proxies_fy"",""head_scope"",""population_vintage""]",not_available,[],"[""baseline_vintage"",""behavioural_adjustment"",""cy_proxies_fy"",""head_scope"",""population_vintage""]",,residual_plus_unsized,,no computed counterpart,{}
spring_budget_2024,obr_pmd_nov2025:11208:2eea1193debdfe39,spring_budget_2024__business_rates_extend_the_empty_property_relief_reset_period_from_six_weeks_to_three_months_thirteen_weeks_fro_d2c53baa,Business Rates: extend the Empty Property Relief ‘reset period’ from six weeks to three months (thirteen weeks) from 1 April 2024,out_of_household_scope,business_tax,2023-24,2023,Income tax,Tax Measures (Policy measures database),2023-24,0.0,0.0,,,,not_available,not_computed,Source head is outside household tax-benefit scope; retained for event accounting.,"Business/sector tax, firm allowance or credit; household income-tax spillovers in the PMD do not make the underlying business measure a household reform.","[""Business/sector tax, firm allowance or credit; household income-tax spillovers in the PMD do not make the underlying business measure a household reform.""]",[],,,"[""baseline_vintage"",""behavioural_adjustment"",""cy_proxies_fy"",""head_scope"",""population_vintage""]",not_available,[],"[""baseline_vintage"",""behavioural_adjustment"",""cy_proxies_fy"",""head_scope"",""population_vintage""]",,residual_plus_unsized,,no computed counterpart,{}
spring_budget_2024,obr_pmd_nov2025:22385:b48d4d18c5769070,spring_budget_2024__business_rates_extend_the_empty_property_relief_reset_period_from_six_weeks_to_three_months_thirteen_weeks_fro_d2c53baa,Business Rates: extend the Empty Property Relief ‘reset period’ from six weeks to three months (thirteen weeks) from 1 April 2024,out_of_household_scope,business_tax,2023-24,2023,Locally-financed current expenditure,Spending Measures (Policy measures database),2023-24,0.0,0.0,,,,not_available,not_computed,Source head is outside household tax-benefit scope; retained for event accounting.,"Business/sector tax, firm allowance or credit; household income-tax spillovers in the PMD do not make the underlying business measure a household reform.","[""Business/sector tax, firm allowance or credit; household income-tax spillovers in the PMD do not make the underlying business measure a household reform.""]",[],,,"[""baseline_vintage"",""behavioural_adjustment"",""cy_proxies_fy"",""head_scope"",""population_vintage""]",not_available,[],"[""baseline_vintage"",""behavioural_adjustment"",""cy_proxies_fy"",""head_scope"",""population_vintage""]",,residual_plus_unsized,,no computed counterpart,{}
spring_budget_2024,obr_pmd_nov2025:22397:c85aece17ae880ee,spring_budget_2024__business_rates_extend_the_empty_property_relief_reset_period_from_six_weeks_to_three_months_thirteen_weeks_fro_d2c53baa,Business Rates: extend the Empty Property Relief ‘reset period’ from six weeks to three months (thirteen weeks) from 1 April 2024,out_of_household_scope,business_tax,2023-24,2023,Other AME (current),Spending Measures (Policy measures database),2023-24,0.0,0.0,,,,not_available,not_computed,Source head is outside household tax-benefit scope; retained for event accounting.,"Business/sector tax, firm allowance or credit; household income-tax spillovers in the PMD do not make the underlying business measure a household reform.","[""Business/sector tax, firm allowance or credit; household income-tax spillovers in the PMD do not make the underlying business measure a household reform.""]",[],,,"[""baseline_vintage"",""behavioural_adjustment"",""cy_proxies_fy"",""head_scope"",""population_vintage""]",not_available,[],"[""baseline_vintage"",""behavioural_adjustment"",""cy_proxies_fy"",""head_scope"",""population_vintage""]",,residual_plus_unsized,,no computed counterpart,{}
spring_budget_2024,obr_pmd_nov2025:22403:ab062a1d4bed6ab8,spring_budget_2024__business_rates_extend_the_empty_property_relief_reset_period_from_six_weeks_to_three_months_thirteen_weeks_fro_d2c53baa,Business Rates: extend the Empty Property Relief ‘reset period’ from six weeks to three months (thirteen weeks) from 1 April 2024,out_of_household_scope,business_tax,2023-24,2023,PSCE in RDEL,Spending Measures (Policy measures database),2023-24,0.0,0.0,,,,not_available,not_computed,Source head is outside household tax-benefit scope; retained for event accounting.,"Business/sector tax, firm allowance or credit; household income-tax spillovers in the PMD do not make the underlying business measure a household reform.","[""Business/sector tax, firm allowance or credit; household income-tax spillovers in the PMD do not make the underlying business measure a household reform.""]",[],,,"[""baseline_vintage"",""behavioural_adjustment"",""cy_proxies_fy"",""head_scope"",""population_vintage""]",not_available,[],"[""baseline_vintage"",""behavioural_adjustment"",""cy_proxies_fy"",""head_scope"",""population_vintage""]",,residual_plus_unsized,,no computed counterpart,{}
spring_budget_2024,obr_pmd_nov2025:22391:c68d2008616962da,spring_budget_2024__business_rates_extend_the_empty_property_relief_reset_period_from_six_weeks_to_three_months_thirteen_weeks_fro_d2c53baa,Business Rates: extend the Empty Property Relief ‘reset period’ from six weeks to three months (thirteen weeks) from 1 April 2024,out_of_household_scope,business_tax,2023-24,2023,Scottish BGA (current),Spending Measures (Policy measures database),2023-24,0.0,0.0,,,,not_available,not_computed,Source head is outside household tax-benefit scope; retained for event accounting.,"Business/sector tax, firm allowance or credit; household income-tax spillovers in the PMD do not make the underlying business measure a household reform.","[""Business/sector tax, firm allowance or credit; household income-tax spillovers in the PMD do not make the underlying business measure a household reform.""]",[],,,"[""baseline_vintage"",""behavioural_adjustment"",""cy_proxies_fy"",""head_scope"",""population_vintage""]",not_available,[],"[""baseline_vintage"",""behavioural_adjustment"",""cy_proxies_fy"",""head_scope"",""population_vintage""]",,residual_plus_unsized,,no computed counterpart,{}
spring_budget_2024,obr_pmd_nov2025:11197:28acc0a1e2d1487c,spring_budget_2024__business_rates_extend_the_empty_property_relief_reset_period_from_six_weeks_to_three_months_thirteen_weeks_fro_d2c53baa,Business Rates: extend the Empty Property Relief ‘reset period’ from six weeks to three months (thirteen weeks) from 1 April 2024,out_of_household_scope,business_tax,2024-25,2024,Business rates,Tax Measures (Policy measures database),2024-25,39264511.0,39264511.0,,,,not_available,not_computed,Source head is outside household tax-benefit scope; retained for event accounting.,"Business/sector tax, firm allowance or credit; household income-tax spillovers in the PMD do not make the underlying business measure a household reform.","[""Business/sector tax, firm allowance or credit; household income-tax spillovers in the PMD do not make the underlying business measure a household reform.""]",[],,,"[""baseline_vintage"",""behavioural_adjustment"",""cy_proxies_fy"",""head_scope"",""population_vintage""]",not_available,[],"[""baseline_vintage"",""behavioural_adjustment"",""cy_proxies_fy"",""head_scope"",""population_vintage""]",,residual_plus_unsized,,no computed counterpart,{}
spring_budget_2024,obr_pmd_nov2025:11203:94bf071a15498d62,spring_budget_2024__business_rates_extend_the_empty_property_relief_reset_period_from_six_weeks_to_three_months_thirteen_weeks_fro_d2c53baa,Business Rates: extend the Empty Property Relief ‘reset period’ from six weeks to three months (thirteen weeks) from 1 April 2024,out_of_household_scope,business_tax,2024-25,2024,Corporation tax (onshore),Tax Measures (Policy measures database),2024-25,-6554000.0,-6554000.0,,,,not_available,not_computed,Source head is outside household tax-benefit scope; retained for event accounting.,"Business/sector tax, firm allowance or credit; household income-tax spillovers in the PMD do not make the underlying business measure a household reform.","[""Business/sector tax, firm allowance or credit; household income-tax spillovers in the PMD do not make the underlying business measure a household reform.""]",[],,,"[""baseline_vintage"",""behavioural_adjustment"",""cy_proxies_fy"",""head_scope"",""population_vintage""]",not_available,[],"[""baseline_vintage"",""behavioural_adjustment"",""cy_proxies_fy"",""head_scope"",""population_vintage""]",,residual_plus_unsized,,no computed counterpart,{}
spring_budget_2024,obr_pmd_nov2025:11209:94f6af61c8442b45,spring_budget_2024__business_rates_extend_the_empty_property_relief_reset_period_from_six_weeks_to_three_months_thirteen_weeks_fro_d2c53baa,Business Rates: extend the Empty Property Relief ‘reset period’ from six weeks to three months (thirteen weeks) from 1 April 2024,out_of_household_scope,business_tax,2024-25,2024,Income tax,Tax Measures (Policy measures database),2024-25,0.0,0.0,,,,not_available,not_computed,Source head is outside household tax-benefit scope; retained for event accounting.,"Business/sector tax, firm allowance or credit; household income-tax spillovers in the PMD do not make the underlying business measure a household reform.","[""Business/sector tax, firm allowance or credit; household income-tax spillovers in the PMD do not make the underlying business measure a household reform.""]",[],,,"[""baseline_vintage"",""behavioural_adjustment"",""cy_proxies_fy"",""head_scope"",""population_vintage""]",not_available,[],"[""baseline_vintage"",""behavioural_adjustment"",""cy_proxies_fy"",""head_scope"",""population_vintage""]",,residual_plus_unsized,,no computed counterpart,{}
spring_budget_2024,obr_pmd_nov2025:22386:bb5a2cdab86810a6,spring_budget_2024__business_rates_extend_the_empty_property_relief_reset_period_from_six_weeks_to_three_months_thirteen_weeks_fro_d2c53baa,Business Rates: extend the Empty Property Relief ‘reset period’ from six weeks to three months (thirteen weeks) from 1 April 2024,out_of_household_scope,business_tax,2024-25,2024,Locally-financed current expenditure,Spending Measures (Policy measures database),2024-25,-24343996.819999997,-24343996.819999997,,,,not_available,not_computed,Source head is outside household tax-benefit scope; retained for event accounting.,"Business/sector tax, firm allowance or credit; household income-tax spillovers in the PMD do not make the underlying business measure a household reform.","[""Business/sector tax, firm allowance or credit; household income-tax spillovers in the PMD do not make the underlying business measure a household reform.""]",[],,,"[""baseline_vintage"",""behavioural_adjustment"",""cy_proxies_fy"",""head_scope"",""population_vintage""]",not_available,[],"[""baseline_vintage"",""behavioural_adjustment"",""cy_proxies_fy"",""head_scope"",""population_vintage""]",,residual_plus_unsized,,no computed counterpart,{}
spring_budget_2024,obr_pmd_nov2025:22398:cf589ac9a49c44d0,spring_budget_2024__business_rates_extend_the_empty_property_relief_reset_period_from_six_weeks_to_three_months_thirteen_weeks_fro_d2c53baa,Business Rates: extend the Empty Property Relief ‘reset period’ from six weeks to three months (thirteen weeks) from 1 April 2024,out_of_household_scope,business_tax,2024-25,2024,Other AME (current),Spending Measures (Policy measures database),2024-25,24343996.819999997,24343996.819999997,,,,not_available,not_computed,Source head is outside household tax-benefit scope; retained for event accounting.,"Business/sector tax, firm allowance or credit; household income-tax spillovers in the PMD do not make the underlying business measure a household reform.","[""Business/sector tax, firm allowance or credit; household income-tax spillovers in the PMD do not make the underlying business measure a household reform.""]",[],,,"[""baseline_vintage"",""behavioural_adjustment"",""cy_proxies_fy"",""head_scope"",""population_vintage""]",not_available,[],"[""baseline_vintage"",""behavioural_adjustment"",""cy_proxies_fy"",""head_scope"",""population_vintage""]",,residual_plus_unsized,,no computed counterpart,{}
spring_budget_2024,obr_pmd_nov2025:22404:ad74eed16a87c2da,spring_budget_2024__business_rates_extend_the_empty_property_relief_reset_period_from_six_weeks_to_three_months_thirteen_weeks_fro_d2c53baa,Business Rates: extend the Empty Property Relief ‘reset period’ from six weeks to three months (thirteen weeks) from 1 April 2024,out_of_household_scope,business_tax,2024-25,2024,PSCE in RDEL,Spending Measures (Policy measures database),2024-25,3554190.7394565637,3554190.7394565637,,,,not_available,not_computed,Source head is outside household tax-benefit scope; retained for event accounting.,"Business/sector tax, firm allowance or credit; household income-tax spillovers in the PMD do not make the underlying business measure a household reform.","[""Business/sector tax, firm allowance or credit; household income-tax spillovers in the PMD do not make the underlying business measure a household reform.""]",[],,,"[""baseline_vintage"",""behavioural_adjustment"",""cy_proxies_fy"",""head_scope"",""population_vintage""]",not_available,[],"[""baseline_vintage"",""behavioural_adjustment"",""cy_proxies_fy"",""head_scope"",""population_vintage""]",,residual_plus_unsized,,no computed counterpart,{}
spring_budget_2024,obr_pmd_nov2025:22392:740a9012dcbcbf0e,spring_budget_2024__business_rates_extend_the_empty_property_relief_reset_period_from_six_weeks_to_three_months_thirteen_weeks_fro_d2c53baa,Business Rates: extend the Empty Property Relief ‘reset period’ from six weeks to three months (thirteen weeks) from 1 April 2024,out_of_household_scope,business_tax,2024-25,2024,Scottish BGA (current),Spending Measures (Policy measures database),2024-25,3805787.4487752747,3805787.4487752747,,,,not_available,not_computed,Source head is outside household tax-benefit scope; retained for event accounting.,"Business/sector tax, firm allowance or credit; household income-tax spillovers in the PMD do not make the underlying business measure a household reform.","[""Business/sector tax, firm allowance or credit; household income-tax spillovers in the PMD do not make the underlying business measure a household reform.""]",[],,,"[""baseline_vintage"",""behavioural_adjustment"",""cy_proxies_fy"",""head_scope"",""population_vintage""]",not_available,[],"[""baseline_vintage"",""behavioural_adjustment"",""cy_proxies_fy"",""head_scope"",""population_vintage""]",,residual_plus_unsized,,no computed counterpart,{}
spring_budget_2024,obr_pmd_nov2025:11198:488007d789fbb28a,spring_budget_2024__business_rates_extend_the_empty_property_relief_reset_period_from_six_weeks_to_three_months_thirteen_weeks_fro_d2c53baa,Business Rates: extend the Empty Property Relief ‘reset period’ from six weeks to three months (thirteen weeks) from 1 April 2024,out_of_household_scope,business_tax,2025-26,2025,Business rates,Tax Measures (Policy measures database),2025-26,39911728.0,39911728.0,,,,not_available,not_computed,Source head is outside household tax-benefit scope; retained for event accounting.,"Business/sector tax, firm allowance or credit; household income-tax spillovers in the PMD do not make the underlying business measure a household reform.","[""Business/sector tax, firm allowance or credit; household income-tax spillovers in the PMD do not make the underlying business measure a household reform.""]",[],,,"[""baseline_vintage"",""behavioural_adjustment"",""cy_proxies_fy"",""head_scope"",""population_vintage""]",not_available,[],"[""baseline_vintage"",""behavioural_adjustment"",""cy_proxies_fy"",""head_scope"",""population_vintage""]",,residual_plus_unsized,,no computed counterpart,{}
spring_budget_2024,obr_pmd_nov2025:11204:0385fcb6faf1fea6,spring_budget_2024__business_rates_extend_the_empty_property_relief_reset_period_from_six_weeks_to_three_months_thirteen_weeks_fro_d2c53baa,Business Rates: extend the Empty Property Relief ‘reset period’ from six weeks to three months (thirteen weeks) from 1 April 2024,out_of_household_scope,business_tax,2025-26,2025,Corporation tax (onshore),Tax Measures (Policy measures database),2025-26,-7135000.0,-7135000.0,,,,not_available,not_computed,Source head is outside household tax-benefit scope; retained for event accounting.,"Business/sector tax, firm allowance or credit; household income-tax spillovers in the PMD do not make the underlying business measure a household reform.","[""Business/sector tax, firm allowance or credit; household income-tax spillovers in the PMD do not make the underlying business measure a household reform.""]",[],,,"[""baseline_vintage"",""behavioural_adjustment"",""cy_proxies_fy"",""head_scope"",""population_vintage""]",not_available,[],"[""baseline_vintage"",""behavioural_adjustment"",""cy_proxies_fy"",""head_scope"",""population_vintage""]",,residual_plus_unsized,,no computed counterpart,{}
spring_budget_2024,obr_pmd_nov2025:11210:6e83802232a9deb6,spring_budget_2024__business_rates_extend_the_empty_property_relief_reset_period_from_six_weeks_to_three_months_thirteen_weeks_fro_d2c53baa,Business Rates: extend the Empty Property Relief ‘reset period’ from six weeks to three months (thirteen weeks) from 1 April 2024,out_of_household_scope,business_tax,2025-26,2025,Income tax,Tax Measures (Policy measures database),2025-26,-246601.20394437143,-246601.20394437143,,,,not_available,not_computed,Source head is outside household tax-benefit scope; retained for event accounting.,"Business/sector tax, firm allowance or credit; household income-tax spillovers in the PMD do not make the underlying business measure a household reform.","[""Business/sector tax, firm allowance or credit; household income-tax spillovers in the PMD do not make the underlying business measure a household reform.""]",[],,,"[""baseline_vintage"",""behavioural_adjustment"",""cy_proxies_fy"",""head_scope"",""population_vintage""]",not_available,[],"[""baseline_vintage"",""behavioural_adjustment"",""cy_proxies_fy"",""head_scope"",""population_vintage""]",,residual_plus_unsized,,no computed counterpart,{}
spring_budget_2024,obr_pmd_nov2025:22387:edd74af356a199b4,spring_budget_2024__business_rates_extend_the_empty_property_relief_reset_period_from_six_weeks_to_three_months_thirteen_weeks_fro_d2c53baa,Business Rates: extend the Empty Property Relief ‘reset period’ from six weeks to three months (thirteen weeks) from 1 April 2024,out_of_household_scope,business_tax,2025-26,2025,Locally-financed current expenditure,Spending Measures (Policy measures database),2025-26,-21552333.12,-21552333.12,,,,not_available,not_computed,Source head is outside household tax-benefit scope; retained for event accounting.,"Business/sector tax, firm allowance or credit; household income-tax spillovers in the PMD do not make the underlying business measure a household reform.","[""Business/sector tax, firm allowance or credit; household income-tax spillovers in the PMD do not make the underlying business measure a household reform.""]",[],,,"[""baseline_vintage"",""behavioural_adjustment"",""cy_proxies_fy"",""head_scope"",""population_vintage""]",not_available,[],"[""baseline_vintage"",""behavioural_adjustment"",""cy_proxies_fy"",""head_scope"",""population_vintage""]",,residual_plus_unsized,,no computed counterpart,{}
spring_budget_2024,obr_pmd_nov2025:22399:d5a6780d7c467ea5,spring_budget_2024__business_rates_extend_the_empty_property_relief_reset_period_from_six_weeks_to_three_months_thirteen_weeks_fro_d2c53baa,Business Rates: extend the Empty Property Relief ‘reset period’ from six weeks to three months (thirteen weeks) from 1 April 2024,out_of_household_scope,business_tax,2025-26,2025,Other AME (current),Spending Measures (Policy measures database),2025-26,21552333.12,21552333.12,,,,not_available,not_computed,Source head is outside household tax-benefit scope; retained for event accounting.,"Business/sector tax, firm allowance or credit; household income-tax spillovers in the PMD do not make the underlying business measure a household reform.","[""Business/sector tax, firm allowance or credit; household income-tax spillovers in the PMD do not make the underlying business measure a household reform.""]",[],,,"[""baseline_vintage"",""behavioural_adjustment"",""cy_proxies_fy"",""head_scope"",""population_vintage""]",not_available,[],"[""baseline_vintage"",""behavioural_adjustment"",""cy_proxies_fy"",""head_scope"",""population_vintage""]",,residual_plus_unsized,,no computed counterpart,{}
spring_budget_2024,obr_pmd_nov2025:22405:e4f3ce34b248d638,spring_budget_2024__business_rates_extend_the_empty_property_relief_reset_period_from_six_weeks_to_three_months_thirteen_weeks_fro_d2c53baa,Business Rates: extend the Empty Property Relief ‘reset period’ from six weeks to three months (thirteen weeks) from 1 April 2024,out_of_household_scope,business_tax,2025-26,2025,PSCE in RDEL,Spending Measures (Policy measures database),2025-26,3609378.0035027578,3609378.0035027578,,,,not_available,not_computed,Source head is outside household tax-benefit scope; retained for event accounting.,"Business/sector tax, firm allowance or credit; household income-tax spillovers in the PMD do not make the underlying business measure a household reform.","[""Business/sector tax, firm allowance or credit; household income-tax spillovers in the PMD do not make the underlying business measure a household reform.""]",[],,,"[""baseline_vintage"",""behavioural_adjustment"",""cy_proxies_fy"",""head_scope"",""population_vintage""]",not_available,[],"[""baseline_vintage"",""behavioural_adjustment"",""cy_proxies_fy"",""head_scope"",""population_vintage""]",,residual_plus_unsized,,no computed counterpart,{}
spring_budget_2024,obr_pmd_nov2025:22393:0ae8f0b93c716449,spring_budget_2024__business_rates_extend_the_empty_property_relief_reset_period_from_six_weeks_to_three_months_thirteen_weeks_fro_d2c53baa,Business Rates: extend the Empty Property Relief ‘reset period’ from six weeks to three months (thirteen weeks) from 1 April 2024,out_of_household_scope,business_tax,2025-26,2025,Scottish BGA (current),Spending Measures (Policy measures database),2025-26,3856490.6587977307,3856490.6587977307,,,,not_available,not_computed,Source head is outside household tax-benefit scope; retained for event accounting.,"Business/sector tax, firm allowance or credit; household income-tax spillovers in the PMD do not make the underlying business measure a household reform.","[""Business/sector tax, firm allowance or credit; household income-tax spillovers in the PMD do not make the underlying business measure a household reform.""]",[],,,"[""baseline_vintage"",""behavioural_adjustment"",""cy_proxies_fy"",""head_scope"",""population_vintage""]",not_available,[],"[""baseline_vintage"",""behavioural_adjustment"",""cy_proxies_fy"",""head_scope"",""population_vintage""]",,residual_plus_unsized,,no computed counterpart,{}
spring_budget_2024,obr_pmd_nov2025:11199:d1d0099eb854c7ff,spring_budget_2024__business_rates_extend_the_empty_property_relief_reset_period_from_six_weeks_to_three_months_thirteen_weeks_fro_d2c53baa,Business Rates: extend the Empty Property Relief ‘reset period’ from six weeks to three months (thirteen weeks) from 1 April 2024,out_of_household_scope,business_tax,2026-27,2026,Business rates,Tax Measures (Policy measures database),2026-27,40558945.0,40558945.0,,,,not_available,not_computed,Source head is outside household tax-benefit scope; retained for event accounting.,"Business/sector tax, firm allowance or credit; household income-tax spillovers in the PMD do not make the underlying business measure a household reform.","[""Business/sector tax, firm allowance or credit; household income-tax spillovers in the PMD do not make the underlying business measure a household reform.""]",[],,,"[""baseline_vintage"",""behavioural_adjustment"",""cy_proxies_fy"",""head_scope"",""population_vintage""]",not_available,[],"[""baseline_vintage"",""behavioural_adjustment"",""cy_proxies_fy"",""head_scope"",""population_vintage""]",,residual_plus_unsized,,no computed counterpart,{}
spring_budget_2024,obr_pmd_nov2025:11205:c6e8f4a67be76bac,spring_budget_2024__business_rates_extend_the_empty_property_relief_reset_period_from_six_weeks_to_three_months_thirteen_weeks_fro_d2c53baa,Business Rates: extend the Empty Property Relief ‘reset period’ from six weeks to three months (thirteen weeks) from 1 April 2024,out_of_household_scope,business_tax,2026-27,2026,Corporation tax (onshore),Tax Measures (Policy measures database),2026-27,-7249000.0,-7249000.0,,,,not_available,not_computed,Source head is outside household tax-benefit scope; retained for event accounting.,"Business/sector tax, firm allowance or credit; household income-tax spillovers in the PMD do not make the underlying business measure a household reform.","[""Business/sector tax, firm allowance or credit; household income-tax spillovers in the PMD do not make the underlying business measure a household reform.""]",[],,,"[""baseline_vintage"",""behavioural_adjustment"",""cy_proxies_fy"",""head_scope"",""population_vintage""]",not_available,[],"[""baseline_vintage"",""behavioural_adjustment"",""cy_proxies_fy"",""head_scope"",""population_vintage""]",,residual_plus_unsized,,no computed counterpart,{}
spring_budget_2024,obr_pmd_nov2025:11211:5f7f4115e1fc8d17,spring_budget_2024__business_rates_extend_the_empty_property_relief_reset_period_from_six_weeks_to_three_months_thirteen_weeks_fro_d2c53baa,Business Rates: extend the Empty Property Relief ‘reset period’ from six weeks to three months (thirteen weeks) from 1 April 2024,out_of_household_scope,business_tax,2026-27,2026,Income tax,Tax Measures (Policy measures database),2026-27,-179939.92306349633,-179939.92306349633,,,,not_available,not_computed,Source head is outside household tax-benefit scope; retained for event accounting.,"Business/sector tax, firm allowance or credit; household income-tax spillovers in the PMD do not make the underlying business measure a household reform.","[""Business/sector tax, firm allowance or credit; household income-tax spillovers in the PMD do not make the underlying business measure a household reform.""]",[],,,"[""baseline_vintage"",""behavioural_adjustment"",""cy_proxies_fy"",""head_scope"",""population_vintage""]",not_available,[],"[""baseline_vintage"",""behavioural_adjustment"",""cy_proxies_fy"",""head_scope"",""population_vintage""]",,residual_plus_unsized,,no computed counterpart,{}
spring_budget_2024,obr_pmd_nov2025:22388:0e356e03c029ea76,spring_budget_2024__business_rates_extend_the_empty_property_relief_reset_period_from_six_weeks_to_three_months_thirteen_weeks_fro_d2c53baa,Business Rates: extend the Empty Property Relief ‘reset period’ from six weeks to three months (thirteen weeks) from 1 April 2024,out_of_household_scope,business_tax,2026-27,2026,Locally-financed current expenditure,Spending Measures (Policy measures database),2026-27,-21901830.300000004,-21901830.300000004,,,,not_available,not_computed,Source head is outside household tax-benefit scope; retained for event accounting.,"Business/sector tax, firm allowance or credit; household income-tax spillovers in the PMD do not make the underlying business measure a household reform.","[""Business/sector tax, firm allowance or credit; household income-tax spillovers in the PMD do not make the underlying business measure a household reform.""]",[],,,"[""baseline_vintage"",""behavioural_adjustment"",""cy_proxies_fy"",""head_scope"",""population_vintage""]",not_available,[],"[""baseline_vintage"",""behavioural_adjustment"",""cy_proxies_fy"",""head_scope"",""population_vintage""]",,residual_plus_unsized,,no computed counterpart,{}
spring_budget_2024,obr_pmd_nov2025:22400:938dacc61b9205ae,spring_budget_2024__business_rates_extend_the_empty_property_relief_reset_period_from_six_weeks_to_three_months_thirteen_weeks_fro_d2c53baa,Business Rates: extend the Empty Property Relief ‘reset period’ from six weeks to three months (thirteen weeks) from 1 April 2024,out_of_household_scope,business_tax,2026-27,2026,Other AME (current),Spending Measures (Policy measures database),2026-27,21901830.300000004,21901830.300000004,,,,not_available,not_computed,Source head is outside household tax-benefit scope; retained for event accounting.,"Business/sector tax, firm allowance or credit; household income-tax spillovers in the PMD do not make the underlying business measure a household reform.","[""Business/sector tax, firm allowance or credit; household income-tax spillovers in the PMD do not make the underlying business measure a household reform.""]",[],,,"[""baseline_vintage"",""behavioural_adjustment"",""cy_proxies_fy"",""head_scope"",""population_vintage""]",not_available,[],"[""baseline_vintage"",""behavioural_adjustment"",""cy_proxies_fy"",""head_scope"",""population_vintage""]",,residual_plus_unsized,,no computed counterpart,{}
spring_budget_2024,obr_pmd_nov2025:22406:fcc68e9343cb67e4,spring_budget_2024__business_rates_extend_the_empty_property_relief_reset_period_from_six_weeks_to_three_months_thirteen_weeks_fro_d2c53baa,Business Rates: extend the Empty Property Relief ‘reset period’ from six weeks to three months (thirteen weeks) from 1 April 2024,out_of_household_scope,business_tax,2026-27,2026,PSCE in RDEL,Spending Measures (Policy measures database),2026-27,3668884.8615882713,3668884.8615882713,,,,not_available,not_computed,Source head is outside household tax-benefit scope; retained for event accounting.,"Business/sector tax, firm allowance or credit; household income-tax spillovers in the PMD do not make the underlying business measure a household reform.","[""Business/sector tax, firm allowance or credit; household income-tax spillovers in the PMD do not make the underlying business measure a household reform.""]",[],,,"[""baseline_vintage"",""behavioural_adjustment"",""cy_proxies_fy"",""head_scope"",""population_vintage""]",not_available,[],"[""baseline_vintage"",""behavioural_adjustment"",""cy_proxies_fy"",""head_scope"",""population_vintage""]",,residual_plus_unsized,,no computed counterpart,{}
spring_budget_2024,obr_pmd_nov2025:22394:35e703c410ded520,spring_budget_2024__business_rates_extend_the_empty_property_relief_reset_period_from_six_weeks_to_three_months_thirteen_weeks_fro_d2c53baa,Business Rates: extend the Empty Property Relief ‘reset period’ from six weeks to three months (thirteen weeks) from 1 April 2024,out_of_household_scope,business_tax,2026-27,2026,Scottish BGA (current),Spending Measures (Policy measures database),2026-27,3922452.198418011,3922452.198418011,,,,not_available,not_computed,Source head is outside household tax-benefit scope; retained for event accounting.,"Business/sector tax, firm allowance or credit; household income-tax spillovers in the PMD do not make the underlying business measure a household reform.","[""Business/sector tax, firm allowance or credit; household income-tax spillovers in the PMD do not make the underlying business measure a household reform.""]",[],,,"[""baseline_vintage"",""behavioural_adjustment"",""cy_proxies_fy"",""head_scope"",""population_vintage""]",not_available,[],"[""baseline_vintage"",""behavioural_adjustment"",""cy_proxies_fy"",""head_scope"",""population_vintage""]",,residual_plus_unsized,,no computed counterpart,{}
spring_budget_2024,obr_pmd_nov2025:11200:7cf207287268ac54,spring_budget_2024__business_rates_extend_the_empty_property_relief_reset_period_from_six_weeks_to_three_months_thirteen_weeks_fro_d2c53baa,Business Rates: extend the Empty Property Relief ‘reset period’ from six weeks to three months (thirteen weeks) from 1 April 2024,out_of_household_scope,business_tax,2027-28,2027,Business rates,Tax Measures (Policy measures database),2027-28,41206163.0,41206163.0,,,,not_available,not_computed,Source head is outside household tax-benefit scope; retained for event accounting.,"Business/sector tax, firm allowance or credit; household income-tax spillovers in the PMD do not make the underlying business measure a household reform.","[""Business/sector tax, firm allowance or credit; household income-tax spillovers in the PMD do not make the underlying business measure a household reform.""]",[],,,"[""baseline_vintage"",""behavioural_adjustment"",""cy_proxies_fy"",""head_scope"",""population_vintage""]",not_available,[],"[""baseline_vintage"",""behavioural_adjustment"",""cy_proxies_fy"",""head_scope"",""population_vintage""]",,residual_plus_unsized,,no computed counterpart,{}
spring_budget_2024,obr_pmd_nov2025:11206:3a448f074a0051c6,spring_budget_2024__business_rates_extend_the_empty_property_relief_reset_period_from_six_weeks_to_three_months_thirteen_weeks_fro_d2c53baa,Business Rates: extend the Empty Property Relief ‘reset period’ from six weeks to three months (thirteen weeks) from 1 April 2024,out_of_household_scope,business_tax,2027-28,2027,Corporation tax (onshore),Tax Measures (Policy measures database),2027-28,-7388000.000000001,-7388000.000000001,,,,not_available,not_computed,Source head is outside household tax-benefit scope; retained for event accounting.,"Business/sector tax, firm allowance or credit; household income-tax spillovers in the PMD do not make the underlying business measure a household reform.","[""Business/sector tax, firm allowance or credit; household income-tax spillovers in the PMD do not make the underlying business measure a household reform.""]",[],,,"[""baseline_vintage"",""behavioural_adjustment"",""cy_proxies_fy"",""head_scope"",""population_vintage""]",not_available,[],"[""baseline_vintage"",""behavioural_adjustment"",""cy_proxies_fy"",""head_scope"",""population_vintage""]",,residual_plus_unsized,,no computed counterpart,{}
spring_budget_2024,obr_pmd_nov2025:11212:3ab16bd806684aea,spring_budget_2024__business_rates_extend_the_empty_property_relief_reset_period_from_six_weeks_to_three_months_thirteen_weeks_fro_d2c53baa,Business Rates: extend the Empty Property Relief ‘reset period’ from six weeks to three months (thirteen weeks) from 1 April 2024,out_of_household_scope,business_tax,2027-28,2027,Income tax,Tax Measures (Policy measures database),2027-28,-182455.41626901345,-182455.41626901345,,,,not_available,not_computed,Source head is outside household tax-benefit scope; retained for event accounting.,"Business/sector tax, firm allowance or credit; household income-tax spillovers in the PMD do not make the underlying business measure a household reform.","[""Business/sector tax, firm allowance or credit; household income-tax spillovers in the PMD do not make the underlying business measure a household reform.""]",[],,,"[""baseline_vintage"",""behavioural_adjustment"",""cy_proxies_fy"",""head_scope"",""population_vintage""]",not_available,[],"[""baseline_vintage"",""behavioural_adjustment"",""cy_proxies_fy"",""head_scope"",""population_vintage""]",,residual_plus_unsized,,no computed counterpart,{}
spring_budget_2024,obr_pmd_nov2025:22389:89b80003bd1b8905,spring_budget_2024__business_rates_extend_the_empty_property_relief_reset_period_from_six_weeks_to_three_months_thirteen_weeks_fro_d2c53baa,Business Rates: extend the Empty Property Relief ‘reset period’ from six weeks to three months (thirteen weeks) from 1 April 2024,out_of_household_scope,business_tax,2027-28,2027,Locally-financed current expenditure,Spending Measures (Policy measures database),2027-28,-22251328.02,-22251328.02,,,,not_available,not_computed,Source head is outside household tax-benefit scope; retained for event accounting.,"Business/sector tax, firm allowance or credit; household income-tax spillovers in the PMD do not make the underlying business measure a household reform.","[""Business/sector tax, firm allowance or credit; household income-tax spillovers in the PMD do not make the underlying business measure a household reform.""]",[],,,"[""baseline_vintage"",""behavioural_adjustment"",""cy_proxies_fy"",""head_scope"",""population_vintage""]",not_available,[],"[""baseline_vintage"",""behavioural_adjustment"",""cy_proxies_fy"",""head_scope"",""population_vintage""]",,residual_plus_unsized,,no computed counterpart,{}
spring_budget_2024,obr_pmd_nov2025:22401:c8267176bee87bf7,spring_budget_2024__business_rates_extend_the_empty_property_relief_reset_period_from_six_weeks_to_three_months_thirteen_weeks_fro_d2c53baa,Business Rates: extend the Empty Property Relief ‘reset period’ from six weeks to three months (thirteen weeks) from 1 April 2024,out_of_household_scope,business_tax,2027-28,2027,Other AME (current),Spending Measures (Policy measures database),2027-28,22251328.02,22251328.02,,,,not_available,not_computed,Source head is outside household tax-benefit scope; retained for event accounting.,"Business/sector tax, firm allowance or credit; household income-tax spillovers in the PMD do not make the underlying business measure a household reform.","[""Business/sector tax, firm allowance or credit; household income-tax spillovers in the PMD do not make the underlying business measure a household reform.""]",[],,,"[""baseline_vintage"",""behavioural_adjustment"",""cy_proxies_fy"",""head_scope"",""population_vintage""]",not_available,[],"[""baseline_vintage"",""behavioural_adjustment"",""cy_proxies_fy"",""head_scope"",""population_vintage""]",,residual_plus_unsized,,no computed counterpart,{}
spring_budget_2024,obr_pmd_nov2025:22407:006fa466e332be05,spring_budget_2024__business_rates_extend_the_empty_property_relief_reset_period_from_six_weeks_to_three_months_thirteen_weeks_fro_d2c53baa,Business Rates: extend the Empty Property Relief ‘reset period’ from six weeks to three months (thirteen weeks) from 1 April 2024,out_of_household_scope,business_tax,2027-28,2027,PSCE in RDEL,Spending Measures (Policy measures database),2027-28,3727438.4484712495,3727438.4484712495,,,,not_available,not_computed,Source head is outside household tax-benefit scope; retained for event accounting.,"Business/sector tax, firm allowance or credit; household income-tax spillovers in the PMD do not make the underlying business measure a household reform.","[""Business/sector tax, firm allowance or credit; household income-tax spillovers in the PMD do not make the underlying business measure a household reform.""]",[],,,"[""baseline_vintage"",""behavioural_adjustment"",""cy_proxies_fy"",""head_scope"",""population_vintage""]",not_available,[],"[""baseline_vintage"",""behavioural_adjustment"",""cy_proxies_fy"",""head_scope"",""population_vintage""]",,residual_plus_unsized,,no computed counterpart,{}
spring_budget_2024,obr_pmd_nov2025:22395:62e3e36f354d9b98,spring_budget_2024__business_rates_extend_the_empty_property_relief_reset_period_from_six_weeks_to_three_months_thirteen_weeks_fro_d2c53baa,Business Rates: extend the Empty Property Relief ‘reset period’ from six weeks to three months (thirteen weeks) from 1 April 2024,out_of_household_scope,business_tax,2027-28,2027,Scottish BGA (current),Spending Measures (Policy measures database),2027-28,3985038.596444012,3985038.596444012,,,,not_available,not_computed,Source head is outside household tax-benefit scope; retained for event accounting.,"Business/sector tax, firm allowance or credit; household income-tax spillovers in the PMD do not make the underlying business measure a household reform.","[""Business/sector tax, firm allowance or credit; household income-tax spillovers in the PMD do not make the underlying business measure a household reform.""]",[],,,"[""baseline_vintage"",""behavioural_adjustment"",""cy_proxies_fy"",""head_scope"",""population_vintage""]",not_available,[],"[""baseline_vintage"",""behavioural_adjustment"",""cy_proxies_fy"",""head_scope"",""population_vintage""]",,residual_plus_unsized,,no computed counterpart,{}
spring_budget_2024,obr_pmd_nov2025:11201:2cb2b6d500c1823d,spring_budget_2024__business_rates_extend_the_empty_property_relief_reset_period_from_six_weeks_to_three_months_thirteen_weeks_fro_d2c53baa,Business Rates: extend the Empty Property Relief ‘reset period’ from six weeks to three months (thirteen weeks) from 1 April 2024,out_of_household_scope,business_tax,2028-29,2028,Business rates,Tax Measures (Policy measures database),2028-29,41997206.0,41997206.0,,,,not_available,not_computed,Source head is outside household tax-benefit scope; retained for event accounting.,"Business/sector tax, firm allowance or credit; household income-tax spillovers in the PMD do not make the underlying business measure a household reform.","[""Business/sector tax, firm allowance or credit; household income-tax spillovers in the PMD do not make the underlying business measure a household reform.""]",[],,,"[""baseline_vintage"",""behavioural_adjustment"",""cy_proxies_fy"",""head_scope"",""population_vintage""]",not_available,[],"[""baseline_vintage"",""behavioural_adjustment"",""cy_proxies_fy"",""head_scope"",""population_vintage""]",,residual_plus_unsized,,no computed counterpart,{}
spring_budget_2024,obr_pmd_nov2025:11207:70cf4edaf128ed28,spring_budget_2024__business_rates_extend_the_empty_property_relief_reset_period_from_six_weeks_to_three_months_thirteen_weeks_fro_d2c53baa,Business Rates: extend the Empty Property Relief ‘reset period’ from six weeks to three months (thirteen weeks) from 1 April 2024,out_of_household_scope,business_tax,2028-29,2028,Corporation tax (onshore),Tax Measures (Policy measures database),2028-29,-7544000.000000001,-7544000.000000001,,,,not_available,not_computed,Source head is outside household tax-benefit scope; retained for event accounting.,"Business/sector tax, firm allowance or credit; household income-tax spillovers in the PMD do not make the underlying business measure a household reform.","[""Business/sector tax, firm allowance or credit; household income-tax spillovers in the PMD do not make the underlying business measure a household reform.""]",[],,,"[""baseline_vintage"",""behavioural_adjustment"",""cy_proxies_fy"",""head_scope"",""population_vintage""]",not_available,[],"[""baseline_vintage"",""behavioural_adjustment"",""cy_proxies_fy"",""head_scope"",""population_vintage""]",,residual_plus_unsized,,no computed counterpart,{}
spring_budget_2024,obr_pmd_nov2025:11213:1b1997643ffbf078,spring_budget_2024__business_rates_extend_the_empty_property_relief_reset_period_from_six_weeks_to_three_months_thirteen_weeks_fro_d2c53baa,Business Rates: extend the Empty Property Relief ‘reset period’ from six weeks to three months (thirteen weeks) from 1 April 2024,out_of_household_scope,business_tax,2028-29,2028,Income tax,Tax Measures (Policy measures database),2028-29,-185880.83358512248,-185880.83358512248,,,,not_available,not_computed,Source head is outside household tax-benefit scope; retained for event accounting.,"Business/sector tax, firm allowance or credit; household income-tax spillovers in the PMD do not make the underlying business measure a household reform.","[""Business/sector tax, firm allowance or credit; household income-tax spillovers in the PMD do not make the underlying business measure a household reform.""]",[],,,"[""baseline_vintage"",""behavioural_adjustment"",""cy_proxies_fy"",""head_scope"",""population_vintage""]",not_available,[],"[""baseline_vintage"",""behavioural_adjustment"",""cy_proxies_fy"",""head_scope"",""population_vintage""]",,residual_plus_unsized,,no computed counterpart,{}
spring_budget_2024,obr_pmd_nov2025:22390:12d8f5f77e526e03,spring_budget_2024__business_rates_extend_the_empty_property_relief_reset_period_from_six_weeks_to_three_months_thirteen_weeks_fro_d2c53baa,Business Rates: extend the Empty Property Relief ‘reset period’ from six weeks to three months (thirteen weeks) from 1 April 2024,out_of_household_scope,business_tax,2028-29,2028,Locally-financed current expenditure,Spending Measures (Policy measures database),2028-29,-22678491.24,-22678491.24,,,,not_available,not_computed,Source head is outside household tax-benefit scope; retained for event accounting.,"Business/sector tax, firm allowance or credit; household income-tax spillovers in the PMD do not make the underlying business measure a household reform.","[""Business/sector tax, firm allowance or credit; household income-tax spillovers in the PMD do not make the underlying business measure a household reform.""]",[],,,"[""baseline_vintage"",""behavioural_adjustment"",""cy_proxies_fy"",""head_scope"",""population_vintage""]",not_available,[],"[""baseline_vintage"",""behavioural_adjustment"",""cy_proxies_fy"",""head_scope"",""population_vintage""]",,residual_plus_unsized,,no computed counterpart,{}
spring_budget_2024,obr_pmd_nov2025:22402:7f6255e72739d9ca,spring_budget_2024__business_rates_extend_the_empty_property_relief_reset_period_from_six_weeks_to_three_months_thirteen_weeks_fro_d2c53baa,Business Rates: extend the Empty Property Relief ‘reset period’ from six weeks to three months (thirteen weeks) from 1 April 2024,out_of_household_scope,business_tax,2028-29,2028,Other AME (current),Spending Measures (Policy measures database),2028-29,22678491.24,22678491.24,,,,not_available,not_computed,Source head is outside household tax-benefit scope; retained for event accounting.,"Business/sector tax, firm allowance or credit; household income-tax spillovers in the PMD do not make the underlying business measure a household reform.","[""Business/sector tax, firm allowance or credit; household income-tax spillovers in the PMD do not make the underlying business measure a household reform.""]",[],,,"[""baseline_vintage"",""behavioural_adjustment"",""cy_proxies_fy"",""head_scope"",""population_vintage""]",not_available,[],"[""baseline_vintage"",""behavioural_adjustment"",""cy_proxies_fy"",""head_scope"",""population_vintage""]",,residual_plus_unsized,,no computed counterpart,{}
spring_budget_2024,obr_pmd_nov2025:22408:c31b3d94f2981ed7,spring_budget_2024__business_rates_extend_the_empty_property_relief_reset_period_from_six_weeks_to_three_months_thirteen_weeks_fro_d2c53baa,Business Rates: extend the Empty Property Relief ‘reset period’ from six weeks to three months (thirteen weeks) from 1 April 2024,out_of_household_scope,business_tax,2028-29,2028,PSCE in RDEL,Spending Measures (Policy measures database),2028-29,3798997.9619516763,3798997.9619516763,,,,not_available,not_computed,Source head is outside household tax-benefit scope; retained for event accounting.,"Business/sector tax, firm allowance or credit; household income-tax spillovers in the PMD do not make the underlying business measure a household reform.","[""Business/sector tax, firm allowance or credit; household income-tax spillovers in the PMD do not make the underlying business measure a household reform.""]",[],,,"[""baseline_vintage"",""behavioural_adjustment"",""cy_proxies_fy"",""head_scope"",""population_vintage""]",not_available,[],"[""baseline_vintage"",""behavioural_adjustment"",""cy_proxies_fy"",""head_scope"",""population_vintage""]",,residual_plus_unsized,,no computed counterpart,{}
spring_budget_2024,obr_pmd_nov2025:22396:6c499c331b4fa366,spring_budget_2024__business_rates_extend_the_empty_property_relief_reset_period_from_six_weeks_to_three_months_thirteen_weeks_fro_d2c53baa,Business Rates: extend the Empty Property Relief ‘reset period’ from six weeks to three months (thirteen weeks) from 1 April 2024,out_of_household_scope,business_tax,2028-29,2028,Scottish BGA (current),Spending Measures (Policy measures database),2028-29,4061520.061124681,4061520.061124681,,,,not_available,not_computed,Source head is outside household tax-benefit scope; retained for event accounting.,"Business/sector tax, firm allowance or credit; household income-tax spillovers in the PMD do not make the underlying business measure a household reform.","[""Business/sector tax, firm allowance or credit; household income-tax spillovers in the PMD do not make the underlying business measure a household reform.""]",[],,,"[""baseline_vintage"",""behavioural_adjustment"",""cy_proxies_fy"",""head_scope"",""population_vintage""]",not_available,[],"[""baseline_vintage"",""behavioural_adjustment"",""cy_proxies_fy"",""head_scope"",""population_vintage""]",,residual_plus_unsized,,no computed counterpart,{}
spring_budget_2024,obr_pmd_nov2025:11028:72f269468423a68a,spring_budget_2024__capital_gains_tax_cut_higher_rate_for_property_from_28_to_24_from_6_april_2024_a2993386,Capital Gains Tax: cut higher rate for property from 28% to 24% from 6 April 2024,not_expressible,other,2023-24,2023,Capital gains tax,Tax Measures (Policy measures database),2023-24,-50022606.62645695,-50022606.62645695,,,,not_available,not_computed,"The announcement needs a targeted tax-base, entitlement, transaction or programme mechanism not established as an executable reform on the certified household population.","The announcement needs a targeted tax-base, entitlement, transaction or programme mechanism not established as an executable reform on the certified household population.","[""The announcement needs a targeted tax-base, entitlement, transaction or programme mechanism not established as an executable reform on the certified household population.""]",[],,,"[""baseline_vintage"",""behavioural_adjustment"",""cy_proxies_fy"",""head_scope"",""population_vintage""]",not_available,[],"[""baseline_vintage"",""behavioural_adjustment"",""cy_proxies_fy"",""head_scope"",""population_vintage""]",,residual_plus_unsized,,no computed counterpart,{}
spring_budget_2024,obr_pmd_nov2025:11040:dbcbd9be77d1da89,spring_budget_2024__capital_gains_tax_cut_higher_rate_for_property_from_28_to_24_from_6_april_2024_a2993386,Capital Gains Tax: cut higher rate for property from 28% to 24% from 6 April 2024,not_expressible,other,2023-24,2023,Income tax,Tax Measures (Policy measures database),2023-24,0.0,0.0,,,,not_available,not_computed,"The announcement needs a targeted tax-base, entitlement, transaction or programme mechanism not established as an executable reform on the certified household population.","The announcement needs a targeted tax-base, entitlement, transaction or programme mechanism not established as an executable reform on the certified household population.","[""The announcement needs a targeted tax-base, entitlement, transaction or programme mechanism not established as an executable reform on the certified household population.""]",[],,,"[""baseline_vintage"",""behavioural_adjustment"",""cy_proxies_fy"",""head_scope"",""population_vintage""]",not_available,[],"[""baseline_vintage"",""behavioural_adjustment"",""cy_proxies_fy"",""head_scope"",""population_vintage""]",,residual_plus_unsized,,no computed counterpart,{}
spring_budget_2024,obr_pmd_nov2025:22295:41e856c045e523c0,spring_budget_2024__capital_gains_tax_cut_higher_rate_for_property_from_28_to_24_from_6_april_2024_a2993386,Capital Gains Tax: cut higher rate for property from 28% to 24% from 6 April 2024,out_of_household_scope,other,2023-24,2023,PSCE in RDEL,Spending Measures (Policy measures database),2023-24,-337421.74013477674,-337421.74013477674,,,,not_available,not_computed,Source head is outside household tax-benefit scope; retained for event accounting.,"The announcement needs a targeted tax-base, entitlement, transaction or programme mechanism not established as an executable reform on the certified household population.","[""The announcement needs a targeted tax-base, entitlement, transaction or programme mechanism not established as an executable reform on the certified household population.""]",[],,,"[""baseline_vintage"",""behavioural_adjustment"",""cy_proxies_fy"",""head_scope"",""population_vintage""]",not_available,[],"[""baseline_vintage"",""behavioural_adjustment"",""cy_proxies_fy"",""head_scope"",""population_vintage""]",,residual_plus_unsized,,no computed counterpart,{}
spring_budget_2024,obr_pmd_nov2025:22289:8c9eba04dc9ad897,spring_budget_2024__capital_gains_tax_cut_higher_rate_for_property_from_28_to_24_from_6_april_2024_a2993386,Capital Gains Tax: cut higher rate for property from 28% to 24% from 6 April 2024,out_of_household_scope,other,2023-24,2023,Scottish BGA (current),Spending Measures (Policy measures database),2023-24,-776358.0741827128,-776358.0741827128,,,,not_available,not_computed,Source head is outside household tax-benefit scope; retained for event accounting.,"The announcement needs a targeted tax-base, entitlement, transaction or programme mechanism not established as an executable reform on the certified household population.","[""The announcement needs a targeted tax-base, entitlement, transaction or programme mechanism not established as an executable reform on the certified household population.""]",[],,,"[""baseline_vintage"",""behavioural_adjustment"",""cy_proxies_fy"",""head_scope"",""population_vintage""]",not_available,[],"[""baseline_vintage"",""behavioural_adjustment"",""cy_proxies_fy"",""head_scope"",""population_vintage""]",,residual_plus_unsized,,no computed counterpart,{}
spring_budget_2024,obr_pmd_nov2025:11034:82fc6f15d9dfc4e0,spring_budget_2024__capital_gains_tax_cut_higher_rate_for_property_from_28_to_24_from_6_april_2024_a2993386,Capital Gains Tax: cut higher rate for property from 28% to 24% from 6 April 2024,not_expressible,other,2023-24,2023,Stamp duty,Tax Measures (Policy measures database),2023-24,-16922843.09582915,-16922843.09582915,,,,not_available,not_computed,"The announcement needs a targeted tax-base, entitlement, transaction or programme mechanism not established as an executable reform on the certified household population.","The announcement needs a targeted tax-base, entitlement, transaction or programme mechanism not established as an executable reform on the certified household population.","[""The announcement needs a targeted tax-base, entitlement, transaction or programme mechanism not established as an executable reform on the certified household population.""]",[],,,"[""baseline_vintage"",""behavioural_adjustment"",""cy_proxies_fy"",""head_scope"",""population_vintage""]",not_available,[],"[""baseline_vintage"",""behavioural_adjustment"",""cy_proxies_fy"",""head_scope"",""population_vintage""]",,residual_plus_unsized,,no computed counterpart,{}
spring_budget_2024,obr_pmd_nov2025:11029:8e8171067ef69b17,spring_budget_2024__capital_gains_tax_cut_higher_rate_for_property_from_28_to_24_from_6_april_2024_a2993386,Capital Gains Tax: cut higher rate for property from 28% to 24% from 6 April 2024,not_expressible,other,2024-25,2024,Capital gains tax,Tax Measures (Policy measures database),2024-25,130402909.61188968,130402909.61188968,,,,not_available,not_computed,"The announcement needs a targeted tax-base, entitlement, transaction or programme mechanism not established as an executable reform on the certified household population.","The announcement needs a targeted tax-base, entitlement, transaction or programme mechanism not established as an executable reform on the certified household population.","[""The announcement needs a targeted tax-base, entitlement, transaction or programme mechanism not established as an executable reform on the certified household population.""]",[],,,"[""baseline_vintage"",""behavioural_adjustment"",""cy_proxies_fy"",""head_scope"",""population_vintage""]",not_available,[],"[""baseline_vintage"",""behavioural_adjustment"",""cy_proxies_fy"",""head_scope"",""population_vintage""]",,residual_plus_unsized,,no computed counterpart,{}
spring_budget_2024,obr_pmd_nov2025:11041:b151be9fd49b1f3e,spring_budget_2024__capital_gains_tax_cut_higher_rate_for_property_from_28_to_24_from_6_april_2024_a2993386,Capital Gains Tax: cut higher rate for property from 28% to 24% from 6 April 2024,not_expressible,other,2024-25,2024,Income tax,Tax Measures (Policy measures database),2024-25,-13498785.085011732,-13498785.085011732,,,,not_available,not_computed,"The announcement needs a targeted tax-base, entitlement, transaction or programme mechanism not established as an executable reform on the certified household population.","The announcement needs a targeted tax-base, entitlement, transaction or programme mechanism not established as an executable reform on the certified household population.","[""The announcement needs a targeted tax-base, entitlement, transaction or programme mechanism not established as an executable reform on the certified household population.""]",[],,,"[""baseline_vintage"",""behavioural_adjustment"",""cy_proxies_fy"",""head_scope"",""population_vintage""]",not_available,[],"[""baseline_vintage"",""behavioural_adjustment"",""cy_proxies_fy"",""head_scope"",""population_vintage""]",,residual_plus_unsized,,no computed counterpart,{}
spring_budget_2024,obr_pmd_nov2025:22296:a11b54e05491efc3,spring_budget_2024__capital_gains_tax_cut_higher_rate_for_property_from_28_to_24_from_6_april_2024_a2993386,Capital Gains Tax: cut higher rate for property from 28% to 24% from 6 April 2024,out_of_household_scope,other,2024-25,2024,PSCE in RDEL,Spending Measures (Policy measures database),2024-25,3535911.7806560462,3535911.7806560462,,,,not_available,not_computed,Source head is outside household tax-benefit scope; retained for event accounting.,"The announcement needs a targeted tax-base, entitlement, transaction or programme mechanism not established as an executable reform on the certified household population.","[""The announcement needs a targeted tax-base, entitlement, transaction or programme mechanism not established as an executable reform on the certified household population.""]",[],,,"[""baseline_vintage"",""behavioural_adjustment"",""cy_proxies_fy"",""head_scope"",""population_vintage""]",not_available,[],"[""baseline_vintage"",""behavioural_adjustment"",""cy_proxies_fy"",""head_scope"",""population_vintage""]",,residual_plus_unsized,,no computed counterpart,{}
spring_budget_2024,obr_pmd_nov2025:22290:fff96c7d48efad86,spring_budget_2024__capital_gains_tax_cut_higher_rate_for_property_from_28_to_24_from_6_april_2024_a2993386,Capital Gains Tax: cut higher rate for property from 28% to 24% from 6 April 2024,out_of_household_scope,other,2024-25,2024,Scottish BGA (current),Spending Measures (Policy measures database),2024-25,7474191.13259057,7474191.13259057,,,,not_available,not_computed,Source head is outside household tax-benefit scope; retained for event accounting.,"The announcement needs a targeted tax-base, entitlement, transaction or programme mechanism not established as an executable reform on the certified household population.","[""The announcement needs a targeted tax-base, entitlement, transaction or programme mechanism not established as an executable reform on the certified household population.""]",[],,,"[""baseline_vintage"",""behavioural_adjustment"",""cy_proxies_fy"",""head_scope"",""population_vintage""]",not_available,[],"[""baseline_vintage"",""behavioural_adjustment"",""cy_proxies_fy"",""head_scope"",""population_vintage""]",,residual_plus_unsized,,no computed counterpart,{}
spring_budget_2024,obr_pmd_nov2025:11035:4f42550915956e40,spring_budget_2024__capital_gains_tax_cut_higher_rate_for_property_from_28_to_24_from_6_april_2024_a2993386,Capital Gains Tax: cut higher rate for property from 28% to 24% from 6 April 2024,not_expressible,other,2024-25,2024,Stamp duty,Tax Measures (Policy measures database),2024-25,181224951.69461846,181224951.69461846,,,,not_available,not_computed,"The announcement needs a targeted tax-base, entitlement, transaction or programme mechanism not established as an executable reform on the certified household population.","The announcement needs a targeted tax-base, entitlement, transaction or programme mechanism not established as an executable reform on the certified household population.","[""The announcement needs a targeted tax-base, entitlement, transaction or programme mechanism not established as an executable reform on the certified household population.""]",[],,,"[""baseline_vintage"",""behavioural_adjustment"",""cy_proxies_fy"",""head_scope"",""population_vintage""]",not_available,[],"[""baseline_vintage"",""behavioural_adjustment"",""cy_proxies_fy"",""head_scope"",""population_vintage""]",,residual_plus_unsized,,no computed counterpart,{}
spring_budget_2024,obr_pmd_nov2025:11030:183ea888e1c560c0,spring_budget_2024__capital_gains_tax_cut_higher_rate_for_property_from_28_to_24_from_6_april_2024_a2993386,Capital Gains Tax: cut higher rate for property from 28% to 24% from 6 April 2024,not_expressible,other,2025-26,2025,Capital gains tax,Tax Measures (Policy measures database),2025-26,226540382.48397982,226540382.48397982,,,,not_available,not_computed,"The announcement needs a targeted tax-base, entitlement, transaction or programme mechanism not established as an executable reform on the certified household population.","The announcement needs a targeted tax-base, entitlement, transaction or programme mechanism not established as an executable reform on the certified household population.","[""The announcement needs a targeted tax-base, entitlement, transaction or programme mechanism not established as an executable reform on the certified household population.""]",[],,,"[""baseline_vintage"",""behavioural_adjustment"",""cy_proxies_fy"",""head_scope"",""population_vintage""]",not_available,[],"[""baseline_vintage"",""behavioural_adjustment"",""cy_proxies_fy"",""head_scope"",""population_vintage""]",,residual_plus_unsized,,no computed counterpart,{}
spring_budget_2024,obr_pmd_nov2025:11042:1679be5ab2686366,spring_budget_2024__capital_gains_tax_cut_higher_rate_for_property_from_28_to_24_from_6_april_2024_a2993386,Capital Gains Tax: cut higher rate for property from 28% to 24% from 6 April 2024,not_expressible,other,2025-26,2025,Income tax,Tax Measures (Policy measures database),2025-26,-93901701.60914347,-93901701.60914347,,,,not_available,not_computed,"The announcement needs a targeted tax-base, entitlement, transaction or programme mechanism not established as an executable reform on the certified household population.","The announcement needs a targeted tax-base, entitlement, transaction or programme mechanism not established as an executable reform on the certified household population.","[""The announcement needs a targeted tax-base, entitlement, transaction or programme mechanism not established as an executable reform on the certified household population.""]",[],,,"[""baseline_vintage"",""behavioural_adjustment"",""cy_proxies_fy"",""head_scope"",""population_vintage""]",not_available,[],"[""baseline_vintage"",""behavioural_adjustment"",""cy_proxies_fy"",""head_scope"",""population_vintage""]",,residual_plus_unsized,,no computed counterpart,{}
spring_budget_2024,obr_pmd_nov2025:22297:a56fc804f97cf063,spring_budget_2024__capital_gains_tax_cut_higher_rate_for_property_from_28_to_24_from_6_april_2024_a2993386,Capital Gains Tax: cut higher rate for property from 28% to 24% from 6 April 2024,out_of_household_scope,other,2025-26,2025,PSCE in RDEL,Spending Measures (Policy measures database),2025-26,3258052.570401102,3258052.570401102,,,,not_available,not_computed,Source head is outside household tax-benefit scope; retained for event accounting.,"The announcement needs a targeted tax-base, entitlement, transaction or programme mechanism not established as an executable reform on the certified household population.","[""The announcement needs a targeted tax-base, entitlement, transaction or programme mechanism not established as an executable reform on the certified household population.""]",[],,,"[""baseline_vintage"",""behavioural_adjustment"",""cy_proxies_fy"",""head_scope"",""population_vintage""]",not_available,[],"[""baseline_vintage"",""behavioural_adjustment"",""cy_proxies_fy"",""head_scope"",""population_vintage""]",,residual_plus_unsized,,no computed counterpart,{}
spring_budget_2024,obr_pmd_nov2025:22291:cf290229581d8a72,spring_budget_2024__capital_gains_tax_cut_higher_rate_for_property_from_28_to_24_from_6_april_2024_a2993386,Capital Gains Tax: cut higher rate for property from 28% to 24% from 6 April 2024,out_of_household_scope,other,2025-26,2025,Scottish BGA (current),Spending Measures (Policy measures database),2025-26,3676971.937770503,3676971.937770503,,,,not_available,not_computed,Source head is outside household tax-benefit scope; retained for event accounting.,"The announcement needs a targeted tax-base, entitlement, transaction or programme mechanism not established as an executable reform on the certified household population.","[""The announcement needs a targeted tax-base, entitlement, transaction or programme mechanism not established as an executable reform on the certified household population.""]",[],,,"[""baseline_vintage"",""behavioural_adjustment"",""cy_proxies_fy"",""head_scope"",""population_vintage""]",not_available,[],"[""baseline_vintage"",""behavioural_adjustment"",""cy_proxies_fy"",""head_scope"",""population_vintage""]",,residual_plus_unsized,,no computed counterpart,{}
spring_budget_2024,obr_pmd_nov2025:11036:92189b4798f07f70,spring_budget_2024__capital_gains_tax_cut_higher_rate_for_property_from_28_to_24_from_6_april_2024_a2993386,Capital Gains Tax: cut higher rate for property from 28% to 24% from 6 April 2024,not_expressible,other,2025-26,2025,Stamp duty,Tax Measures (Policy measures database),2025-26,209866861.7956172,209866861.7956172,,,,not_available,not_computed,"The announcement needs a targeted tax-base, entitlement, transaction or programme mechanism not established as an executable reform on the certified household population.","The announcement needs a targeted tax-base, entitlement, transaction or programme mechanism not established as an executable reform on the certified household population.","[""The announcement needs a targeted tax-base, entitlement, transaction or programme mechanism not established as an executable reform on the certified household population.""]",[],,,"[""baseline_vintage"",""behavioural_adjustment"",""cy_proxies_fy"",""head_scope"",""population_vintage""]",not_available,[],"[""baseline_vintage"",""behavioural_adjustment"",""cy_proxies_fy"",""head_scope"",""population_vintage""]",,residual_plus_unsized,,no computed counterpart,{}
spring_budget_2024,obr_pmd_nov2025:11031:d80564fab96389b3,spring_budget_2024__capital_gains_tax_cut_higher_rate_for_property_from_28_to_24_from_6_april_2024_a2993386,Capital Gains Tax: cut higher rate for property from 28% to 24% from 6 April 2024,not_expressible,other,2026-27,2026,Capital gains tax,Tax Measures (Policy measures database),2026-27,21019383.49005138,21019383.49005138,,,,not_available,not_computed,"The announcement needs a targeted tax-base, entitlement, transaction or programme mechanism not established as an executable reform on the certified household population.","The announcement needs a targeted tax-base, entitlement, transaction or programme mechanism not established as an executable reform on the certified household population.","[""The announcement needs a targeted tax-base, entitlement, transaction or programme mechanism not established as an executable reform on the certified household population.""]",[],,,"[""baseline_vintage"",""behavioural_adjustment"",""cy_proxies_fy"",""head_scope"",""population_vintage""]",not_available,[],"[""baseline_vintage"",""behavioural_adjustment"",""cy_proxies_fy"",""head_scope"",""population_vintage""]",,residual_plus_unsized,,no computed counterpart,{}
spring_budget_2024,obr_pmd_nov2025:11043:2f018da119fb9fbd,spring_budget_2024__capital_gains_tax_cut_higher_rate_for_property_from_28_to_24_from_6_april_2024_a2993386,Capital Gains Tax: cut higher rate for property from 28% to 24% from 6 April 2024,not_expressible,other,2026-27,2026,Income tax,Tax Measures (Policy measures database),2026-27,-89853972.88726906,-89853972.88726906,,,,not_available,not_computed,"The announcement needs a targeted tax-base, entitlement, transaction or programme mechanism not established as an executable reform on the certified household population.","The announcement needs a targeted tax-base, entitlement, transaction or programme mechanism not established as an executable reform on the certified household population.","[""The announcement needs a targeted tax-base, entitlement, transaction or programme mechanism not established as an executable reform on the certified household population.""]",[],,,"[""baseline_vintage"",""behavioural_adjustment"",""cy_proxies_fy"",""head_scope"",""population_vintage""]",not_available,[],"[""baseline_vintage"",""behavioural_adjustment"",""cy_proxies_fy"",""head_scope"",""population_vintage""]",,residual_plus_unsized,,no computed counterpart,{}
spring_budget_2024,obr_pmd_nov2025:22298:b203f77935c3ffa6,spring_budget_2024__capital_gains_tax_cut_higher_rate_for_property_from_28_to_24_from_6_april_2024_a2993386,Capital Gains Tax: cut higher rate for property from 28% to 24% from 6 April 2024,out_of_household_scope,other,2026-27,2026,PSCE in RDEL,Spending Measures (Policy measures database),2026-27,1355744.069633929,1355744.069633929,,,,not_available,not_computed,Source head is outside household tax-benefit scope; retained for event accounting.,"The announcement needs a targeted tax-base, entitlement, transaction or programme mechanism not established as an executable reform on the certified household population.","[""The announcement needs a targeted tax-base, entitlement, transaction or programme mechanism not established as an executable reform on the certified household population.""]",[],,,"[""baseline_vintage"",""behavioural_adjustment"",""cy_proxies_fy"",""head_scope"",""population_vintage""]",not_available,[],"[""baseline_vintage"",""behavioural_adjustment"",""cy_proxies_fy"",""head_scope"",""population_vintage""]",,residual_plus_unsized,,no computed counterpart,{}
spring_budget_2024,obr_pmd_nov2025:22292:0bd5ea9480c7d596,spring_budget_2024__capital_gains_tax_cut_higher_rate_for_property_from_28_to_24_from_6_april_2024_a2993386,Capital Gains Tax: cut higher rate for property from 28% to 24% from 6 April 2024,out_of_household_scope,other,2026-27,2026,Scottish BGA (current),Spending Measures (Policy measures database),2026-27,-497754.6159642499,-497754.6159642499,,,,not_available,not_computed,Source head is outside household tax-benefit scope; retained for event accounting.,"The announcement needs a targeted tax-base, entitlement, transaction or programme mechanism not established as an executable reform on the certified household population.","[""The announcement needs a targeted tax-base, entitlement, transaction or programme mechanism not established as an executable reform on the certified household population.""]",[],,,"[""baseline_vintage"",""behavioural_adjustment"",""cy_proxies_fy"",""head_scope"",""population_vintage""]",not_available,[],"[""baseline_vintage"",""behavioural_adjustment"",""cy_proxies_fy"",""head_scope"",""population_vintage""]",,residual_plus_unsized,,no computed counterpart,{}
spring_budget_2024,obr_pmd_nov2025:11037:37ee37b476965cb6,spring_budget_2024__capital_gains_tax_cut_higher_rate_for_property_from_28_to_24_from_6_april_2024_a2993386,Capital Gains Tax: cut higher rate for property from 28% to 24% from 6 April 2024,not_expressible,other,2026-27,2026,Stamp duty,Tax Measures (Policy measures database),2026-27,113607294.44914472,113607294.44914472,,,,not_available,not_computed,"The announcement needs a targeted tax-base, entitlement, transaction or programme mechanism not established as an executable reform on the certified household population.","The announcement needs a targeted tax-base, entitlement, transaction or programme mechanism not established as an executable reform on the certified household population.","[""The announcement needs a targeted tax-base, entitlement, transaction or programme mechanism not established as an executable reform on the certified household population.""]",[],,,"[""baseline_vintage"",""behavioural_adjustment"",""cy_proxies_fy"",""head_scope"",""population_vintage""]",not_available,[],"[""baseline_vintage"",""behavioural_adjustment"",""cy_proxies_fy"",""head_scope"",""population_vintage""]",,residual_plus_unsized,,no computed counterpart,{}
spring_budget_2024,obr_pmd_nov2025:11032:2013ce3b05ca75ae,spring_budget_2024__capital_gains_tax_cut_higher_rate_for_property_from_28_to_24_from_6_april_2024_a2993386,Capital Gains Tax: cut higher rate for property from 28% to 24% from 6 April 2024,not_expressible,other,2027-28,2027,Capital gains tax,Tax Measures (Policy measures database),2027-28,-47354708.39343674,-47354708.39343674,,,,not_available,not_computed,"The announcement needs a targeted tax-base, entitlement, transaction or programme mechanism not established as an executable reform on the certified household population.","The announcement needs a targeted tax-base, entitlement, transaction or programme mechanism not established as an executable reform on the certified household population.","[""The announcement needs a targeted tax-base, entitlement, transaction or programme mechanism not established as an executable reform on the certified household population.""]",[],,,"[""baseline_vintage"",""behavioural_adjustment"",""cy_proxies_fy"",""head_scope"",""population_vintage""]",not_available,[],"[""baseline_vintage"",""behavioural_adjustment"",""cy_proxies_fy"",""head_scope"",""population_vintage""]",,residual_plus_unsized,,no computed counterpart,{}
spring_budget_2024,obr_pmd_nov2025:11044:386b5d2a38528488,spring_budget_2024__capital_gains_tax_cut_higher_rate_for_property_from_28_to_24_from_6_april_2024_a2993386,Capital Gains Tax: cut higher rate for property from 28% to 24% from 6 April 2024,not_expressible,other,2027-28,2027,Income tax,Tax Measures (Policy measures database),2027-28,-29497340.136481203,-29497340.136481203,,,,not_available,not_computed,"The announcement needs a targeted tax-base, entitlement, transaction or programme mechanism not established as an executable reform on the certified household population.","The announcement needs a targeted tax-base, entitlement, transaction or programme mechanism not established as an executable reform on the certified household population.","[""The announcement needs a targeted tax-base, entitlement, transaction or programme mechanism not established as an executable reform on the certified household population.""]",[],,,"[""baseline_vintage"",""behavioural_adjustment"",""cy_proxies_fy"",""head_scope"",""population_vintage""]",not_available,[],"[""baseline_vintage"",""behavioural_adjustment"",""cy_proxies_fy"",""head_scope"",""population_vintage""]",,residual_plus_unsized,,no computed counterpart,{}
spring_budget_2024,obr_pmd_nov2025:22299:e17ba8e48720cc57,spring_budget_2024__capital_gains_tax_cut_higher_rate_for_property_from_28_to_24_from_6_april_2024_a2993386,Capital Gains Tax: cut higher rate for property from 28% to 24% from 6 April 2024,out_of_household_scope,other,2027-28,2027,PSCE in RDEL,Spending Measures (Policy measures database),2027-28,2132755.5743806385,2132755.5743806385,,,,not_available,not_computed,Source head is outside household tax-benefit scope; retained for event accounting.,"The announcement needs a targeted tax-base, entitlement, transaction or programme mechanism not established as an executable reform on the certified household population.","[""The announcement needs a targeted tax-base, entitlement, transaction or programme mechanism not established as an executable reform on the certified household population.""]",[],,,"[""baseline_vintage"",""behavioural_adjustment"",""cy_proxies_fy"",""head_scope"",""population_vintage""]",not_available,[],"[""baseline_vintage"",""behavioural_adjustment"",""cy_proxies_fy"",""head_scope"",""population_vintage""]",,residual_plus_unsized,,no computed counterpart,{}
spring_budget_2024,obr_pmd_nov2025:22293:36523ddee5fba213,spring_budget_2024__capital_gains_tax_cut_higher_rate_for_property_from_28_to_24_from_6_april_2024_a2993386,Capital Gains Tax: cut higher rate for property from 28% to 24% from 6 April 2024,out_of_household_scope,other,2027-28,2027,Scottish BGA (current),Spending Measures (Policy measures database),2027-28,3696647.0574503955,3696647.0574503955,,,,not_available,not_computed,Source head is outside household tax-benefit scope; retained for event accounting.,"The announcement needs a targeted tax-base, entitlement, transaction or programme mechanism not established as an executable reform on the certified household population.","[""The announcement needs a targeted tax-base, entitlement, transaction or programme mechanism not established as an executable reform on the certified household population.""]",[],,,"[""baseline_vintage"",""behavioural_adjustment"",""cy_proxies_fy"",""head_scope"",""population_vintage""]",not_available,[],"[""baseline_vintage"",""behavioural_adjustment"",""cy_proxies_fy"",""head_scope"",""population_vintage""]",,residual_plus_unsized,,no computed counterpart,{}
spring_budget_2024,obr_pmd_nov2025:11038:ebca92c7dceca23f,spring_budget_2024__capital_gains_tax_cut_higher_rate_for_property_from_28_to_24_from_6_april_2024_a2993386,Capital Gains Tax: cut higher rate for property from 28% to 24% from 6 April 2024,not_expressible,other,2027-28,2027,Stamp duty,Tax Measures (Policy measures database),2027-28,120472997.26232277,120472997.26232277,,,,not_available,not_computed,"The announcement needs a targeted tax-base, entitlement, transaction or programme mechanism not established as an executable reform on the certified household population.","The announcement needs a targeted tax-base, entitlement, transaction or programme mechanism not established as an executable reform on the certified household population.","[""The announcement needs a targeted tax-base, entitlement, transaction or programme mechanism not established as an executable reform on the certified household population.""]",[],,,"[""baseline_vintage"",""behavioural_adjustment"",""cy_proxies_fy"",""head_scope"",""population_vintage""]",not_available,[],"[""baseline_vintage"",""behavioural_adjustment"",""cy_proxies_fy"",""head_scope"",""population_vintage""]",,residual_plus_unsized,,no computed counterpart,{}
spring_budget_2024,obr_pmd_nov2025:11033:c3dab211c57040f2,spring_budget_2024__capital_gains_tax_cut_higher_rate_for_property_from_28_to_24_from_6_april_2024_a2993386,Capital Gains Tax: cut higher rate for property from 28% to 24% from 6 April 2024,not_expressible,other,2028-29,2028,Capital gains tax,Tax Measures (Policy measures database),2028-29,-82052167.53961134,-82052167.53961134,,,,not_available,not_computed,"The announcement needs a targeted tax-base, entitlement, transaction or programme mechanism not established as an executable reform on the certified household population.","The announcement needs a targeted tax-base, entitlement, transaction or programme mechanism not established as an executable reform on the certified household population.","[""The announcement needs a targeted tax-base, entitlement, transaction or programme mechanism not established as an executable reform on the certified household population.""]",[],,,"[""baseline_vintage"",""behavioural_adjustment"",""cy_proxies_fy"",""head_scope"",""population_vintage""]",not_available,[],"[""baseline_vintage"",""behavioural_adjustment"",""cy_proxies_fy"",""head_scope"",""population_vintage""]",,residual_plus_unsized,,no computed counterpart,{}
spring_budget_2024,obr_pmd_nov2025:11045:8f0328b8ffe1dd67,spring_budget_2024__capital_gains_tax_cut_higher_rate_for_property_from_28_to_24_from_6_april_2024_a2993386,Capital Gains Tax: cut higher rate for property from 28% to 24% from 6 April 2024,not_expressible,other,2028-29,2028,Income tax,Tax Measures (Policy measures database),2028-29,-43341244.15094194,-43341244.15094194,,,,not_available,not_computed,"The announcement needs a targeted tax-base, entitlement, transaction or programme mechanism not established as an executable reform on the certified household population.","The announcement needs a targeted tax-base, entitlement, transaction or programme mechanism not established as an executable reform on the certified household population.","[""The announcement needs a targeted tax-base, entitlement, transaction or programme mechanism not established as an executable reform on the certified household population.""]",[],,,"[""baseline_vintage"",""behavioural_adjustment"",""cy_proxies_fy"",""head_scope"",""population_vintage""]",not_available,[],"[""baseline_vintage"",""behavioural_adjustment"",""cy_proxies_fy"",""head_scope"",""population_vintage""]",,residual_plus_unsized,,no computed counterpart,{}
spring_budget_2024,obr_pmd_nov2025:22300:48147b8fa70afbf4,spring_budget_2024__capital_gains_tax_cut_higher_rate_for_property_from_28_to_24_from_6_april_2024_a2993386,Capital Gains Tax: cut higher rate for property from 28% to 24% from 6 April 2024,out_of_household_scope,other,2028-29,2028,PSCE in RDEL,Spending Measures (Policy measures database),2028-29,2069465.4854584278,2069465.4854584278,,,,not_available,not_computed,Source head is outside household tax-benefit scope; retained for event accounting.,"The announcement needs a targeted tax-base, entitlement, transaction or programme mechanism not established as an executable reform on the certified household population.","[""The announcement needs a targeted tax-base, entitlement, transaction or programme mechanism not established as an executable reform on the certified household population.""]",[],,,"[""baseline_vintage"",""behavioural_adjustment"",""cy_proxies_fy"",""head_scope"",""population_vintage""]",not_available,[],"[""baseline_vintage"",""behavioural_adjustment"",""cy_proxies_fy"",""head_scope"",""population_vintage""]",,residual_plus_unsized,,no computed counterpart,{}
spring_budget_2024,obr_pmd_nov2025:22294:9003080c2bcd971c,spring_budget_2024__capital_gains_tax_cut_higher_rate_for_property_from_28_to_24_from_6_april_2024_a2993386,Capital Gains Tax: cut higher rate for property from 28% to 24% from 6 April 2024,out_of_household_scope,other,2028-29,2028,Scottish BGA (current),Spending Measures (Policy measures database),2028-29,2998276.4580703727,2998276.4580703727,,,,not_available,not_computed,Source head is outside household tax-benefit scope; retained for event accounting.,"The announcement needs a targeted tax-base, entitlement, transaction or programme mechanism not established as an executable reform on the certified household population.","[""The announcement needs a targeted tax-base, entitlement, transaction or programme mechanism not established as an executable reform on the certified household population.""]",[],,,"[""baseline_vintage"",""behavioural_adjustment"",""cy_proxies_fy"",""head_scope"",""population_vintage""]",not_available,[],"[""baseline_vintage"",""behavioural_adjustment"",""cy_proxies_fy"",""head_scope"",""population_vintage""]",,residual_plus_unsized,,no computed counterpart,{}
spring_budget_2024,obr_pmd_nov2025:11039:939b2d63b3aa75e4,spring_budget_2024__capital_gains_tax_cut_higher_rate_for_property_from_28_to_24_from_6_april_2024_a2993386,Capital Gains Tax: cut higher rate for property from 28% to 24% from 6 April 2024,not_expressible,other,2028-29,2028,Stamp duty,Tax Measures (Policy measures database),2028-29,124389684.21464723,124389684.21464723,,,,not_available,not_computed,"The announcement needs a targeted tax-base, entitlement, transaction or programme mechanism not established as an executable reform on the certified household population.","The announcement needs a targeted tax-base, entitlement, transaction or programme mechanism not established as an executable reform on the certified household population.","[""The announcement needs a targeted tax-base, entitlement, transaction or programme mechanism not established as an executable reform on the certified household population.""]",[],,,"[""baseline_vintage"",""behavioural_adjustment"",""cy_proxies_fy"",""head_scope"",""population_vintage""]",not_available,[],"[""baseline_vintage"",""behavioural_adjustment"",""cy_proxies_fy"",""head_scope"",""population_vintage""]",,residual_plus_unsized,,no computed counterpart,{}
spring_budget_2024,obr_pmd_nov2025:11322:79b4cee123f5538d,spring_budget_2024__carbon_border_adjustment_mechanism_cbam_introduce_from_1_january_2027_46125f17,Carbon Border Adjustment Mechanism (CBAM): introduce from 1 January 2027,out_of_household_scope,business_tax,2023-24,2023,CBAM,Tax Measures (Policy measures database),2023-24,0.0,0.0,,,,not_available,not_computed,Source head is outside household tax-benefit scope; retained for event accounting.,"Business/sector tax, firm allowance or credit; household income-tax spillovers in the PMD do not make the underlying business measure a household reform.","[""Business/sector tax, firm allowance or credit; household income-tax spillovers in the PMD do not make the underlying business measure a household reform.""]",[],,,"[""baseline_vintage"",""behavioural_adjustment"",""cy_proxies_fy"",""head_scope"",""population_vintage""]",not_available,[],"[""baseline_vintage"",""behavioural_adjustment"",""cy_proxies_fy"",""head_scope"",""population_vintage""]",,residual_plus_unsized,,no computed counterpart,{}
spring_budget_2024,obr_pmd_nov2025:22475:a81054ce5ffe15ec,spring_budget_2024__carbon_border_adjustment_mechanism_cbam_introduce_from_1_january_2027_46125f17,Carbon Border Adjustment Mechanism (CBAM): introduce from 1 January 2027,out_of_household_scope,business_tax,2023-24,2023,PSCE in RDEL,Spending Measures (Policy measures database),2023-24,0.0,0.0,,,,not_available,not_computed,Source head is outside household tax-benefit scope; retained for event accounting.,"Business/sector tax, firm allowance or credit; household income-tax spillovers in the PMD do not make the underlying business measure a household reform.","[""Business/sector tax, firm allowance or credit; household income-tax spillovers in the PMD do not make the underlying business measure a household reform.""]",[],,,"[""baseline_vintage"",""behavioural_adjustment"",""cy_proxies_fy"",""head_scope"",""population_vintage""]",not_available,[],"[""baseline_vintage"",""behavioural_adjustment"",""cy_proxies_fy"",""head_scope"",""population_vintage""]",,residual_plus_unsized,,no computed counterpart,{}
spring_budget_2024,obr_pmd_nov2025:22481:650f4061f442f36a,spring_budget_2024__carbon_border_adjustment_mechanism_cbam_introduce_from_1_january_2027_46125f17,Carbon Border Adjustment Mechanism (CBAM): introduce from 1 January 2027,out_of_household_scope,business_tax,2023-24,2023,PSGI in CDEL,Spending Measures (Policy measures database),2023-24,0.0,0.0,,,,not_available,not_computed,Source head is outside household tax-benefit scope; retained for event accounting.,"Business/sector tax, firm allowance or credit; household income-tax spillovers in the PMD do not make the underlying business measure a household reform.","[""Business/sector tax, firm allowance or credit; household income-tax spillovers in the PMD do not make the underlying business measure a household reform.""]",[],,,"[""baseline_vintage"",""behavioural_adjustment"",""cy_proxies_fy"",""head_scope"",""population_vintage""]",not_available,[],"[""baseline_vintage"",""behavioural_adjustment"",""cy_proxies_fy"",""head_scope"",""population_vintage""]",,residual_plus_unsized,,no computed counterpart,{}
spring_budget_2024,obr_pmd_nov2025:11323:579de8cda573aa5f,spring_budget_2024__carbon_border_adjustment_mechanism_cbam_introduce_from_1_january_2027_46125f17,Carbon Border Adjustment Mechanism (CBAM): introduce from 1 January 2027,out_of_household_scope,business_tax,2024-25,2024,CBAM,Tax Measures (Policy measures database),2024-25,0.0,0.0,,,,not_available,not_computed,Source head is outside household tax-benefit scope; retained for event accounting.,"Business/sector tax, firm allowance or credit; household income-tax spillovers in the PMD do not make the underlying business measure a household reform.","[""Business/sector tax, firm allowance or credit; household income-tax spillovers in the PMD do not make the underlying business measure a household reform.""]",[],,,"[""baseline_vintage"",""behavioural_adjustment"",""cy_proxies_fy"",""head_scope"",""population_vintage""]",not_available,[],"[""baseline_vintage"",""behavioural_adjustment"",""cy_proxies_fy"",""head_scope"",""population_vintage""]",,residual_plus_unsized,,no computed counterpart,{}
spring_budget_2024,obr_pmd_nov2025:22476:f91fde72b2726e7f,spring_budget_2024__carbon_border_adjustment_mechanism_cbam_introduce_from_1_january_2027_46125f17,Carbon Border Adjustment Mechanism (CBAM): introduce from 1 January 2027,out_of_household_scope,business_tax,2024-25,2024,PSCE in RDEL,Spending Measures (Policy measures database),2024-25,-1000000.0,-1000000.0,,,,not_available,not_computed,Source head is outside household tax-benefit scope; retained for event accounting.,"Business/sector tax, firm allowance or credit; household income-tax spillovers in the PMD do not make the underlying business measure a household reform.","[""Business/sector tax, firm allowance or credit; household income-tax spillovers in the PMD do not make the underlying business measure a household reform.""]",[],,,"[""baseline_vintage"",""behavioural_adjustment"",""cy_proxies_fy"",""head_scope"",""population_vintage""]",not_available,[],"[""baseline_vintage"",""behavioural_adjustment"",""cy_proxies_fy"",""head_scope"",""population_vintage""]",,residual_plus_unsized,,no computed counterpart,{}
spring_budget_2024,obr_pmd_nov2025:22482:0870487e1caacd78,spring_budget_2024__carbon_border_adjustment_mechanism_cbam_introduce_from_1_january_2027_46125f17,Carbon Border Adjustment Mechanism (CBAM): introduce from 1 January 2027,out_of_household_scope,business_tax,2024-25,2024,PSGI in CDEL,Spending Measures (Policy measures database),2024-25,0.0,0.0,,,,not_available,not_computed,Source head is outside household tax-benefit scope; retained for event accounting.,"Business/sector tax, firm allowance or credit; household income-tax spillovers in the PMD do not make the underlying business measure a household reform.","[""Business/sector tax, firm allowance or credit; household income-tax spillovers in the PMD do not make the underlying business measure a household reform.""]",[],,,"[""baseline_vintage"",""behavioural_adjustment"",""cy_proxies_fy"",""head_scope"",""population_vintage""]",not_available,[],"[""baseline_vintage"",""behavioural_adjustment"",""cy_proxies_fy"",""head_scope"",""population_vintage""]",,residual_plus_unsized,,no computed counterpart,{}
spring_budget_2024,obr_pmd_nov2025:11324:a80932f00e04ae57,spring_budget_2024__carbon_border_adjustment_mechanism_cbam_introduce_from_1_january_2027_46125f17,Carbon Border Adjustment Mechanism (CBAM): introduce from 1 January 2027,out_of_household_scope,business_tax,2025-26,2025,CBAM,Tax Measures (Policy measures database),2025-26,0.0,0.0,,,,not_available,not_computed,Source head is outside household tax-benefit scope; retained for event accounting.,"Business/sector tax, firm allowance or credit; household income-tax spillovers in the PMD do not make the underlying business measure a household reform.","[""Business/sector tax, firm allowance or credit; household income-tax spillovers in the PMD do not make the underlying business measure a household reform.""]",[],,,"[""baseline_vintage"",""behavioural_adjustment"",""cy_proxies_fy"",""head_scope"",""population_vintage""]",not_available,[],"[""baseline_vintage"",""behavioural_adjustment"",""cy_proxies_fy"",""head_scope"",""population_vintage""]",,residual_plus_unsized,,no computed counterpart,{}
spring_budget_2024,obr_pmd_nov2025:22477:b4fda02aa463be9d,spring_budget_2024__carbon_border_adjustment_mechanism_cbam_introduce_from_1_january_2027_46125f17,Carbon Border Adjustment Mechanism (CBAM): introduce from 1 January 2027,out_of_household_scope,business_tax,2025-26,2025,PSCE in RDEL,Spending Measures (Policy measures database),2025-26,-2000000.0,-2000000.0,,,,not_available,not_computed,Source head is outside household tax-benefit scope; retained for event accounting.,"Business/sector tax, firm allowance or credit; household income-tax spillovers in the PMD do not make the underlying business measure a household reform.","[""Business/sector tax, firm allowance or credit; household income-tax spillovers in the PMD do not make the underlying business measure a household reform.""]",[],,,"[""baseline_vintage"",""behavioural_adjustment"",""cy_proxies_fy"",""head_scope"",""population_vintage""]",not_available,[],"[""baseline_vintage"",""behavioural_adjustment"",""cy_proxies_fy"",""head_scope"",""population_vintage""]",,residual_plus_unsized,,no computed counterpart,{}
spring_budget_2024,obr_pmd_nov2025:22483:34b22fa69211274e,spring_budget_2024__carbon_border_adjustment_mechanism_cbam_introduce_from_1_january_2027_46125f17,Carbon Border Adjustment Mechanism (CBAM): introduce from 1 January 2027,out_of_household_scope,business_tax,2025-26,2025,PSGI in CDEL,Spending Measures (Policy measures database),2025-26,-8000000.0,-8000000.0,,,,not_available,not_computed,Source head is outside household tax-benefit scope; retained for event accounting.,"Business/sector tax, firm allowance or credit; household income-tax spillovers in the PMD do not make the underlying business measure a household reform.","[""Business/sector tax, firm allowance or credit; household income-tax spillovers in the PMD do not make the underlying business measure a household reform.""]",[],,,"[""baseline_vintage"",""behavioural_adjustment"",""cy_proxies_fy"",""head_scope"",""population_vintage""]",not_available,[],"[""baseline_vintage"",""behavioural_adjustment"",""cy_proxies_fy"",""head_scope"",""population_vintage""]",,residual_plus_unsized,,no computed counterpart,{}
spring_budget_2024,obr_pmd_nov2025:11325:38906e6e4b45919d,spring_budget_2024__carbon_border_adjustment_mechanism_cbam_introduce_from_1_january_2027_46125f17,Carbon Border Adjustment Mechanism (CBAM): introduce from 1 January 2027,out_of_household_scope,business_tax,2026-27,2026,CBAM,Tax Measures (Policy measures database),2026-27,39227741.06451901,39227741.06451901,,,,not_available,not_computed,Source head is outside household tax-benefit scope; retained for event accounting.,"Business/sector tax, firm allowance or credit; household income-tax spillovers in the PMD do not make the underlying business measure a household reform.","[""Business/sector tax, firm allowance or credit; household income-tax spillovers in the PMD do not make the underlying business measure a household reform.""]",[],,,"[""baseline_vintage"",""behavioural_adjustment"",""cy_proxies_fy"",""head_scope"",""population_vintage""]",not_available,[],"[""baseline_vintage"",""behavioural_adjustment"",""cy_proxies_fy"",""head_scope"",""population_vintage""]",,residual_plus_unsized,,no computed counterpart,{}
spring_budget_2024,obr_pmd_nov2025:22478:ab6165ebf2058cdd,spring_budget_2024__carbon_border_adjustment_mechanism_cbam_introduce_from_1_january_2027_46125f17,Carbon Border Adjustment Mechanism (CBAM): introduce from 1 January 2027,out_of_household_scope,business_tax,2026-27,2026,PSCE in RDEL,Spending Measures (Policy measures database),2026-27,-4000000.0,-4000000.0,,,,not_available,not_computed,Source head is outside household tax-benefit scope; retained for event accounting.,"Business/sector tax, firm allowance or credit; household income-tax spillovers in the PMD do not make the underlying business measure a household reform.","[""Business/sector tax, firm allowance or credit; household income-tax spillovers in the PMD do not make the underlying business measure a household reform.""]",[],,,"[""baseline_vintage"",""behavioural_adjustment"",""cy_proxies_fy"",""head_scope"",""population_vintage""]",not_available,[],"[""baseline_vintage"",""behavioural_adjustment"",""cy_proxies_fy"",""head_scope"",""population_vintage""]",,residual_plus_unsized,,no computed counterpart,{}
spring_budget_2024,obr_pmd_nov2025:22484:55d2aca6a047f177,spring_budget_2024__carbon_border_adjustment_mechanism_cbam_introduce_from_1_january_2027_46125f17,Carbon Border Adjustment Mechanism (CBAM): introduce from 1 January 2027,out_of_household_scope,business_tax,2026-27,2026,PSGI in CDEL,Spending Measures (Policy measures database),2026-27,-9000000.0,-9000000.0,,,,not_available,not_computed,Source head is outside household tax-benefit scope; retained for event accounting.,"Business/sector tax, firm allowance or credit; household income-tax spillovers in the PMD do not make the underlying business measure a household reform.","[""Business/sector tax, firm allowance or credit; household income-tax spillovers in the PMD do not make the underlying business measure a household reform.""]",[],,,"[""baseline_vintage"",""behavioural_adjustment"",""cy_proxies_fy"",""head_scope"",""population_vintage""]",not_available,[],"[""baseline_vintage"",""behavioural_adjustment"",""cy_proxies_fy"",""head_scope"",""population_vintage""]",,residual_plus_unsized,,no computed counterpart,{}
spring_budget_2024,obr_pmd_nov2025:11326:1783181e58c4d643,spring_budget_2024__carbon_border_adjustment_mechanism_cbam_introduce_from_1_january_2027_46125f17,Carbon Border Adjustment Mechanism (CBAM): introduce from 1 January 2027,out_of_household_scope,business_tax,2027-28,2027,CBAM,Tax Measures (Policy measures database),2027-28,168121572.29340285,168121572.29340285,,,,not_available,not_computed,Source head is outside household tax-benefit scope; retained for event accounting.,"Business/sector tax, firm allowance or credit; household income-tax spillovers in the PMD do not make the underlying business measure a household reform.","[""Business/sector tax, firm allowance or credit; household income-tax spillovers in the PMD do not make the underlying business measure a household reform.""]",[],,,"[""baseline_vintage"",""behavioural_adjustment"",""cy_proxies_fy"",""head_scope"",""population_vintage""]",not_available,[],"[""baseline_vintage"",""behavioural_adjustment"",""cy_proxies_fy"",""head_scope"",""population_vintage""]",,residual_plus_unsized,,no computed counterpart,{}
spring_budget_2024,obr_pmd_nov2025:22479:77fcac6f9d4b54bb,spring_budget_2024__carbon_border_adjustment_mechanism_cbam_introduce_from_1_january_2027_46125f17,Carbon Border Adjustment Mechanism (CBAM): introduce from 1 January 2027,out_of_household_scope,business_tax,2027-28,2027,PSCE in RDEL,Spending Measures (Policy measures database),2027-28,-7000000.0,-7000000.0,,,,not_available,not_computed,Source head is outside household tax-benefit scope; retained for event accounting.,"Business/sector tax, firm allowance or credit; household income-tax spillovers in the PMD do not make the underlying business measure a household reform.","[""Business/sector tax, firm allowance or credit; household income-tax spillovers in the PMD do not make the underlying business measure a household reform.""]",[],,,"[""baseline_vintage"",""behavioural_adjustment"",""cy_proxies_fy"",""head_scope"",""population_vintage""]",not_available,[],"[""baseline_vintage"",""behavioural_adjustment"",""cy_proxies_fy"",""head_scope"",""population_vintage""]",,residual_plus_unsized,,no computed counterpart,{}
spring_budget_2024,obr_pmd_nov2025:22485:8d3d0484669c18f5,spring_budget_2024__carbon_border_adjustment_mechanism_cbam_introduce_from_1_january_2027_46125f17,Carbon Border Adjustment Mechanism (CBAM): introduce from 1 January 2027,out_of_household_scope,business_tax,2027-28,2027,PSGI in CDEL,Spending Measures (Policy measures database),2027-28,-7000000.0,-7000000.0,,,,not_available,not_computed,Source head is outside household tax-benefit scope; retained for event accounting.,"Business/sector tax, firm allowance or credit; household income-tax spillovers in the PMD do not make the underlying business measure a household reform.","[""Business/sector tax, firm allowance or credit; household income-tax spillovers in the PMD do not make the underlying business measure a household reform.""]",[],,,"[""baseline_vintage"",""behavioural_adjustment"",""cy_proxies_fy"",""head_scope"",""population_vintage""]",not_available,[],"[""baseline_vintage"",""behavioural_adjustment"",""cy_proxies_fy"",""head_scope"",""population_vintage""]",,residual_plus_unsized,,no computed counterpart,{}
spring_budget_2024,obr_pmd_nov2025:11327:c4ca906637184b91,spring_budget_2024__carbon_border_adjustment_mechanism_cbam_introduce_from_1_january_2027_46125f17,Carbon Border Adjustment Mechanism (CBAM): introduce from 1 January 2027,out_of_household_scope,business_tax,2028-29,2028,CBAM,Tax Measures (Policy measures database),2028-29,202848658.90010118,202848658.90010118,,,,not_available,not_computed,Source head is outside household tax-benefit scope; retained for event accounting.,"Business/sector tax, firm allowance or credit; household income-tax spillovers in the PMD do not make the underlying business measure a household reform.","[""Business/sector tax, firm allowance or credit; household income-tax spillovers in the PMD do not make the underlying business measure a household reform.""]",[],,,"[""baseline_vintage"",""behavioural_adjustment"",""cy_proxies_fy"",""head_scope"",""population_vintage""]",not_available,[],"[""baseline_vintage"",""behavioural_adjustment"",""cy_proxies_fy"",""head_scope"",""population_vintage""]",,residual_plus_unsized,,no computed counterpart,{}
spring_budget_2024,obr_pmd_nov2025:22480:097a750c1eaf967d,spring_budget_2024__carbon_border_adjustment_mechanism_cbam_introduce_from_1_january_2027_46125f17,Carbon Border Adjustment Mechanism (CBAM): introduce from 1 January 2027,out_of_household_scope,business_tax,2028-29,2028,PSCE in RDEL,Spending Measures (Policy measures database),2028-29,-8000000.0,-8000000.0,,,,not_available,not_computed,Source head is outside household tax-benefit scope; retained for event accounting.,"Business/sector tax, firm allowance or credit; household income-tax spillovers in the PMD do not make the underlying business measure a household reform.","[""Business/sector tax, firm allowance or credit; household income-tax spillovers in the PMD do not make the underlying business measure a household reform.""]",[],,,"[""baseline_vintage"",""behavioural_adjustment"",""cy_proxies_fy"",""head_scope"",""population_vintage""]",not_available,[],"[""baseline_vintage"",""behavioural_adjustment"",""cy_proxies_fy"",""head_scope"",""population_vintage""]",,residual_plus_unsized,,no computed counterpart,{}
spring_budget_2024,obr_pmd_nov2025:22486:2d03ef62c7b597da,spring_budget_2024__carbon_border_adjustment_mechanism_cbam_introduce_from_1_january_2027_46125f17,Carbon Border Adjustment Mechanism (CBAM): introduce from 1 January 2027,out_of_household_scope,business_tax,2028-29,2028,PSGI in CDEL,Spending Measures (Policy measures database),2028-29,0.0,0.0,,,,not_available,not_computed,Source head is outside household tax-benefit scope; retained for event accounting.,"Business/sector tax, firm allowance or credit; household income-tax spillovers in the PMD do not make the underlying business measure a household reform.","[""Business/sector tax, firm allowance or credit; household income-tax spillovers in the PMD do not make the underlying business measure a household reform.""]",[],,,"[""baseline_vintage"",""behavioural_adjustment"",""cy_proxies_fy"",""head_scope"",""population_vintage""]",not_available,[],"[""baseline_vintage"",""behavioural_adjustment"",""cy_proxies_fy"",""head_scope"",""population_vintage""]",,residual_plus_unsized,,no computed counterpart,{}
spring_budget_2024,obr_pmd_nov2025:11190:5386af6372bf93e3,spring_budget_2024__changes_to_anti_avoidance_legislation_transfer_of_assets_abroad_provisions_toaa_1a588ea7,Changes to Anti-avoidance Legislation: Transfer of Assets Abroad Provisions (TOAA),not_expressible,administration,2023-24,2023,Income tax,Tax Measures (Policy measures database),2023-24,0.0,0.0,,,,not_available,not_computed,"Administrative collection, compliance, reporting or debt intervention; liability rules do not identify recovered debts, extra staff productivity or compliance behaviour.","Administrative collection, compliance, reporting or debt intervention; liability rules do not identify recovered debts, extra staff productivity or compliance behaviour.","[""Administrative collection, compliance, reporting or debt intervention; liability rules do not identify recovered debts, extra staff productivity or compliance behaviour.""]",[],,,"[""baseline_vintage"",""behavioural_adjustment"",""cy_proxies_fy"",""head_scope"",""population_vintage""]",not_available,[],"[""baseline_vintage"",""behavioural_adjustment"",""cy_proxies_fy"",""head_scope"",""population_vintage""]",,residual_plus_unsized,,no computed counterpart,{}
spring_budget_2024,obr_pmd_nov2025:11191:d463be74698f775c,spring_budget_2024__changes_to_anti_avoidance_legislation_transfer_of_assets_abroad_provisions_toaa_1a588ea7,Changes to Anti-avoidance Legislation: Transfer of Assets Abroad Provisions (TOAA),not_expressible,administration,2024-25,2024,Income tax,Tax Measures (Policy measures database),2024-25,0.0,0.0,,,,not_available,not_computed,"Administrative collection, compliance, reporting or debt intervention; liability rules do not identify recovered debts, extra staff productivity or compliance behaviour.","Administrative collection, compliance, reporting or debt intervention; liability rules do not identify recovered debts, extra staff productivity or compliance behaviour.","[""Administrative collection, compliance, reporting or debt intervention; liability rules do not identify recovered debts, extra staff productivity or compliance behaviour.""]",[],,,"[""baseline_vintage"",""behavioural_adjustment"",""cy_proxies_fy"",""head_scope"",""population_vintage""]",not_available,[],"[""baseline_vintage"",""behavioural_adjustment"",""cy_proxies_fy"",""head_scope"",""population_vintage""]",,residual_plus_unsized,,no computed counterpart,{}
spring_budget_2024,obr_pmd_nov2025:11192:b9d907cd852483e9,spring_budget_2024__changes_to_anti_avoidance_legislation_transfer_of_assets_abroad_provisions_toaa_1a588ea7,Changes to Anti-avoidance Legislation: Transfer of Assets Abroad Provisions (TOAA),not_expressible,administration,2025-26,2025,Income tax,Tax Measures (Policy measures database),2025-26,12062712.360021649,12062712.360021649,,,,not_available,not_computed,"Administrative collection, compliance, reporting or debt intervention; liability rules do not identify recovered debts, extra staff productivity or compliance behaviour.","Administrative collection, compliance, reporting or debt intervention; liability rules do not identify recovered debts, extra staff productivity or compliance behaviour.","[""Administrative collection, compliance, reporting or debt intervention; liability rules do not identify recovered debts, extra staff productivity or compliance behaviour.""]",[],,,"[""baseline_vintage"",""behavioural_adjustment"",""cy_proxies_fy"",""head_scope"",""population_vintage""]",not_available,[],"[""baseline_vintage"",""behavioural_adjustment"",""cy_proxies_fy"",""head_scope"",""population_vintage""]",,residual_plus_unsized,,no computed counterpart,{}
spring_budget_2024,obr_pmd_nov2025:11193:d89bf246d066c8b8,spring_budget_2024__changes_to_anti_avoidance_legislation_transfer_of_assets_abroad_provisions_toaa_1a588ea7,Changes to Anti-avoidance Legislation: Transfer of Assets Abroad Provisions (TOAA),not_expressible,administration,2026-27,2026,Income tax,Tax Measures (Policy measures database),2026-27,5692288.392211686,5692288.392211686,,,,not_available,not_computed,"Administrative collection, compliance, reporting or debt intervention; liability rules do not identify recovered debts, extra staff productivity or compliance behaviour.","Administrative collection, compliance, reporting or debt intervention; liability rules do not identify recovered debts, extra staff productivity or compliance behaviour.","[""Administrative collection, compliance, reporting or debt intervention; liability rules do not identify recovered debts, extra staff productivity or compliance behaviour.""]",[],,,"[""baseline_vintage"",""behavioural_adjustment"",""cy_proxies_fy"",""head_scope"",""population_vintage""]",not_available,[],"[""baseline_vintage"",""behavioural_adjustment"",""cy_proxies_fy"",""head_scope"",""population_vintage""]",,residual_plus_unsized,,no computed counterpart,{}
spring_budget_2024,obr_pmd_nov2025:11194:94852c352ab108b5,spring_budget_2024__changes_to_anti_avoidance_legislation_transfer_of_assets_abroad_provisions_toaa_1a588ea7,Changes to Anti-avoidance Legislation: Transfer of Assets Abroad Provisions (TOAA),not_expressible,administration,2027-28,2027,Income tax,Tax Measures (Policy measures database),2027-28,2542924.1085681813,2542924.1085681813,,,,not_available,not_computed,"Administrative collection, compliance, reporting or debt intervention; liability rules do not identify recovered debts, extra staff productivity or compliance behaviour.","Administrative collection, compliance, reporting or debt intervention; liability rules do not identify recovered debts, extra staff productivity or compliance behaviour.","[""Administrative collection, compliance, reporting or debt intervention; liability rules do not identify recovered debts, extra staff productivity or compliance behaviour.""]",[],,,"[""baseline_vintage"",""behavioural_adjustment"",""cy_proxies_fy"",""head_scope"",""population_vintage""]",not_available,[],"[""baseline_vintage"",""behavioural_adjustment"",""cy_proxies_fy"",""head_scope"",""population_vintage""]",,residual_plus_unsized,,no computed counterpart,{}
spring_budget_2024,obr_pmd_nov2025:11195:a546e0671ef77314,spring_budget_2024__changes_to_anti_avoidance_legislation_transfer_of_assets_abroad_provisions_toaa_1a588ea7,Changes to Anti-avoidance Legislation: Transfer of Assets Abroad Provisions (TOAA),not_expressible,administration,2028-29,2028,Income tax,Tax Measures (Policy measures database),2028-29,661413.420903593,661413.420903593,,,,not_available,not_computed,"Administrative collection, compliance, reporting or debt intervention; liability rules do not identify recovered debts, extra staff productivity or compliance behaviour.","Administrative collection, compliance, reporting or debt intervention; liability rules do not identify recovered debts, extra staff productivity or compliance behaviour.","[""Administrative collection, compliance, reporting or debt intervention; liability rules do not identify recovered debts, extra staff productivity or compliance behaviour.""]",[],,,"[""baseline_vintage"",""behavioural_adjustment"",""cy_proxies_fy"",""head_scope"",""population_vintage""]",not_available,[],"[""baseline_vintage"",""behavioural_adjustment"",""cy_proxies_fy"",""head_scope"",""population_vintage""]",,residual_plus_unsized,,no computed counterpart,{}
spring_budget_2024,obr_pmd_nov2025:10962:1552bf784a1d7a0a,spring_budget_2024__class_1_employee_nics_main_rate_cut_2pp,National Insurance contributions (NICs): 2 percentage point cut to the main rate of Class 1 employee NICs from 6 April 2024,out_of_household_scope,national_insurance,2023-24,2023,Corporation tax (onshore),Tax Measures (Policy measures database),2023-24,0.0,0.0,,,,not_available,not_computed,Source head is outside household tax-benefit scope; retained for event accounting.,"The 2pp marginal reversal on the certified 8% world is 10%. For AS2023, CY2023 has zero because commencement was January 2024; CY-proxies-FY explicitly misses the January-March FY2023-24 leg. Later SB2024 cuts are retained in the certified world.","[""Static Universal Credit represents only part of the Welfare inside cap head; behavioural earnings, company-tax and departmental channels are absent.""]",[],,,"[""baseline_vintage"",""behavioural_adjustment"",""cy_proxies_fy"",""head_scope"",""population_vintage""]",not_available,[],"[""baseline_vintage"",""behavioural_adjustment"",""cy_proxies_fy"",""head_scope"",""population_vintage""]",,residual_plus_unsized,,no computed counterpart,{}
spring_budget_2024,obr_pmd_nov2025:10950:cfbd201bdcc71ff6,spring_budget_2024__class_1_employee_nics_main_rate_cut_2pp,National Insurance contributions (NICs): 2 percentage point cut to the main rate of Class 1 employee NICs from 6 April 2024,partial,national_insurance,2023-24,2023,Income tax,Tax Measures (Policy measures database),2023-24,0.0,0.0,0.0,0.0,,both_zero,constructed,"Static Universal Credit represents only part of the Welfare inside cap head; behavioural earnings, company-tax and departmental channels are absent.","The 2pp marginal reversal on the certified 8% world is 10%. For AS2023, CY2023 has zero because commencement was January 2024; CY-proxies-FY explicitly misses the January-March FY2023-24 leg. Later SB2024 cuts are retained in the certified world.","[""Static Universal Credit represents only part of the Welfare inside cap head; behavioural earnings, company-tax and departmental channels are absent.""]","[""income_tax""]",results/uk/events/spring_budget_2024/spring_budget_2024__class_1_employee_nics_main_rate_cut_2pp_2023.json,48e728eff7dc0d687b3ec260bde21419305c4b34092eb3b25d4535d2efb63686,"[""baseline_vintage"",""behavioural_adjustment"",""construction_scope"",""cy_proxies_fy"",""head_scope"",""population_vintage""]",partial,[],"[""baseline_vintage"",""behavioural_adjustment"",""construction_scope"",""cy_proxies_fy"",""head_scope"",""population_vintage""]",0.0,residual_plus_unsized,,"unsized axes: baseline_vintage, behavioural_adjustment, construction_scope, cy_proxies_fy, head_scope, population_vintage",{}
spring_budget_2024,obr_pmd_nov2025:10956:fe78e076cc7bb65b,spring_budget_2024__class_1_employee_nics_main_rate_cut_2pp,National Insurance contributions (NICs): 2 percentage point cut to the main rate of Class 1 employee NICs from 6 April 2024,partial,national_insurance,2023-24,2023,NICs,Tax Measures (Policy measures database),2023-24,0.0,0.0,0.0,0.0,,both_zero,constructed,"Static Universal Credit represents only part of the Welfare inside cap head; behavioural earnings, company-tax and departmental channels are absent.","The 2pp marginal reversal on the certified 8% world is 10%. For AS2023, CY2023 has zero because commencement was January 2024; CY-proxies-FY explicitly misses the January-March FY2023-24 leg. Later SB2024 cuts are retained in the certified world.","[""Static Universal Credit represents only part of the Welfare inside cap head; behavioural earnings, company-tax and departmental channels are absent.""]","[""ni_class_1_employee"",""ni_class_1_employer"",""ni_class_2"",""ni_class_4""]",results/uk/events/spring_budget_2024/spring_budget_2024__class_1_employee_nics_main_rate_cut_2pp_2023.json,48e728eff7dc0d687b3ec260bde21419305c4b34092eb3b25d4535d2efb63686,"[""baseline_vintage"",""behavioural_adjustment"",""construction_scope"",""cy_proxies_fy"",""head_scope"",""population_vintage""]",partial,[],"[""baseline_vintage"",""behavioural_adjustment"",""construction_scope"",""cy_proxies_fy"",""head_scope"",""population_vintage""]",0.0,residual_plus_unsized,,"unsized axes: baseline_vintage, behavioural_adjustment, construction_scope, cy_proxies_fy, head_scope, population_vintage",{}
spring_budget_2024,obr_pmd_nov2025:22175:c61213e1325dab69,spring_budget_2024__class_1_employee_nics_main_rate_cut_2pp,National Insurance contributions (NICs): 2 percentage point cut to the main rate of Class 1 employee NICs from 6 April 2024,out_of_household_scope,national_insurance,2023-24,2023,PSCE in RDEL,Spending Measures (Policy measures database),2023-24,0.0,0.0,,,,not_available,not_computed,Source head is outside household tax-benefit scope; retained for event accounting.,"The 2pp marginal reversal on the certified 8% world is 10%. For AS2023, CY2023 has zero because commencement was January 2024; CY-proxies-FY explicitly misses the January-March FY2023-24 leg. Later SB2024 cuts are retained in the certified world.","[""Static Universal Credit represents only part of the Welfare inside cap head; behavioural earnings, company-tax and departmental channels are absent.""]",[],,,"[""baseline_vintage"",""behavioural_adjustment"",""cy_proxies_fy"",""head_scope"",""population_vintage""]",not_available,[],"[""baseline_vintage"",""behavioural_adjustment"",""cy_proxies_fy"",""head_scope"",""population_vintage""]",,residual_plus_unsized,,no computed counterpart,{}
spring_budget_2024,obr_pmd_nov2025:22181:84f54c5d1c2eee0c,spring_budget_2024__class_1_employee_nics_main_rate_cut_2pp,National Insurance contributions (NICs): 2 percentage point cut to the main rate of Class 1 employee NICs from 6 April 2024,out_of_household_scope,national_insurance,2023-24,2023,Scottish BGA (current),Spending Measures (Policy measures database),2023-24,0.0,0.0,,,,not_available,not_computed,Source head is outside household tax-benefit scope; retained for event accounting.,"The 2pp marginal reversal on the certified 8% world is 10%. For AS2023, CY2023 has zero because commencement was January 2024; CY-proxies-FY explicitly misses the January-March FY2023-24 leg. Later SB2024 cuts are retained in the certified world.","[""Static Universal Credit represents only part of the Welfare inside cap head; behavioural earnings, company-tax and departmental channels are absent.""]",[],,,"[""baseline_vintage"",""behavioural_adjustment"",""cy_proxies_fy"",""head_scope"",""population_vintage""]",not_available,[],"[""baseline_vintage"",""behavioural_adjustment"",""cy_proxies_fy"",""head_scope"",""population_vintage""]",,residual_plus_unsized,,no computed counterpart,{}
spring_budget_2024,obr_pmd_nov2025:22169:cfddc3a6fdeecca3,spring_budget_2024__class_1_employee_nics_main_rate_cut_2pp,National Insurance contributions (NICs): 2 percentage point cut to the main rate of Class 1 employee NICs from 6 April 2024,partial,national_insurance,2023-24,2023,Welfare inside cap,Spending Measures (Policy measures database),2023-24,0.0,0.0,0.0,0.0,,both_zero,constructed,"Static Universal Credit represents only part of the Welfare inside cap head; behavioural earnings, company-tax and departmental channels are absent.","The 2pp marginal reversal on the certified 8% world is 10%. For AS2023, CY2023 has zero because commencement was January 2024; CY-proxies-FY explicitly misses the January-March FY2023-24 leg. Later SB2024 cuts are retained in the certified world.","[""Static Universal Credit represents only part of the Welfare inside cap head; behavioural earnings, company-tax and departmental channels are absent.""]","[""universal_credit""]",results/uk/events/spring_budget_2024/spring_budget_2024__class_1_employee_nics_main_rate_cut_2pp_2023.json,48e728eff7dc0d687b3ec260bde21419305c4b34092eb3b25d4535d2efb63686,"[""baseline_vintage"",""behavioural_adjustment"",""construction_scope"",""cy_proxies_fy"",""head_scope"",""population_vintage""]",partial,[],"[""baseline_vintage"",""behavioural_adjustment"",""construction_scope"",""cy_proxies_fy"",""head_scope"",""population_vintage""]",0.0,residual_plus_unsized,,"unsized axes: baseline_vintage, behavioural_adjustment, construction_scope, cy_proxies_fy, head_scope, population_vintage",{}
spring_budget_2024,obr_pmd_nov2025:10963:90e1bf4e6455e6ed,spring_budget_2024__class_1_employee_nics_main_rate_cut_2pp,National Insurance contributions (NICs): 2 percentage point cut to the main rate of Class 1 employee NICs from 6 April 2024,out_of_household_scope,national_insurance,2024-25,2024,Corporation tax (onshore),Tax Measures (Policy measures database),2024-25,-79184369.62181474,-79184369.62181474,,,,not_available,not_computed,Source head is outside household tax-benefit scope; retained for event accounting.,"The 2pp marginal reversal on the certified 8% world is 10%. For AS2023, CY2023 has zero because commencement was January 2024; CY-proxies-FY explicitly misses the January-March FY2023-24 leg. Later SB2024 cuts are retained in the certified world.","[""Static Universal Credit represents only part of the Welfare inside cap head; behavioural earnings, company-tax and departmental channels are absent.""]",[],,,"[""baseline_vintage"",""behavioural_adjustment"",""cy_proxies_fy"",""head_scope"",""population_vintage""]",not_available,[],"[""baseline_vintage"",""behavioural_adjustment"",""cy_proxies_fy"",""head_scope"",""population_vintage""]",,residual_plus_unsized,,no computed counterpart,{}
spring_budget_2024,obr_pmd_nov2025:10951:49c3da315ada632b,spring_budget_2024__class_1_employee_nics_main_rate_cut_2pp,National Insurance contributions (NICs): 2 percentage point cut to the main rate of Class 1 employee NICs from 6 April 2024,partial,national_insurance,2024-25,2024,Income tax,Tax Measures (Policy measures database),2024-25,0.0,0.0,0.0,0.0,,both_zero,constructed,"Static Universal Credit represents only part of the Welfare inside cap head; behavioural earnings, company-tax and departmental channels are absent.","The 2pp marginal reversal on the certified 8% world is 10%. For AS2023, CY2023 has zero because commencement was January 2024; CY-proxies-FY explicitly misses the January-March FY2023-24 leg. Later SB2024 cuts are retained in the certified world.","[""Static Universal Credit represents only part of the Welfare inside cap head; behavioural earnings, company-tax and departmental channels are absent.""]","[""income_tax""]",results/uk/events/spring_budget_2024/spring_budget_2024__class_1_employee_nics_main_rate_cut_2pp_2024.json,c211dee279061b6f57d7c003626a33ad97db84e5f3e3e1f1b992df6a45ef27f4,"[""baseline_vintage"",""behavioural_adjustment"",""construction_scope"",""cy_proxies_fy"",""head_scope"",""population_vintage""]",partial,[],"[""baseline_vintage"",""behavioural_adjustment"",""construction_scope"",""cy_proxies_fy"",""head_scope"",""population_vintage""]",0.0,residual_plus_unsized,,"unsized axes: baseline_vintage, behavioural_adjustment, construction_scope, cy_proxies_fy, head_scope, population_vintage",{}
spring_budget_2024,obr_pmd_nov2025:10957:34718787787f7089,spring_budget_2024__class_1_employee_nics_main_rate_cut_2pp,National Insurance contributions (NICs): 2 percentage point cut to the main rate of Class 1 employee NICs from 6 April 2024,partial,national_insurance,2024-25,2024,NICs,Tax Measures (Policy measures database),2024-25,-9398545217.0,-9398545217.0,-11082510181.993792,-1683964964.9937916,1.179172938589246,same_sign_ratio_0.8_to_1.25,constructed,"Static Universal Credit represents only part of the Welfare inside cap head; behavioural earnings, company-tax and departmental channels are absent.","The 2pp marginal reversal on the certified 8% world is 10%. For AS2023, CY2023 has zero because commencement was January 2024; CY-proxies-FY explicitly misses the January-March FY2023-24 leg. Later SB2024 cuts are retained in the certified world.","[""Static Universal Credit represents only part of the Welfare inside cap head; behavioural earnings, company-tax and departmental channels are absent.""]","[""ni_class_1_employee"",""ni_class_1_employer"",""ni_class_2"",""ni_class_4""]",results/uk/events/spring_budget_2024/spring_budget_2024__class_1_employee_nics_main_rate_cut_2pp_2024.json,c211dee279061b6f57d7c003626a33ad97db84e5f3e3e1f1b992df6a45ef27f4,"[""baseline_vintage"",""behavioural_adjustment"",""construction_scope"",""cy_proxies_fy"",""head_scope"",""population_vintage""]",partial,[],"[""baseline_vintage"",""behavioural_adjustment"",""construction_scope"",""cy_proxies_fy"",""head_scope"",""population_vintage""]",-1683964964.9937916,residual_plus_unsized,,"unsized axes: baseline_vintage, behavioural_adjustment, construction_scope, cy_proxies_fy, head_scope, population_vintage",{}
spring_budget_2024,obr_pmd_nov2025:22176:91b90277f32ee81d,spring_budget_2024__class_1_employee_nics_main_rate_cut_2pp,National Insurance contributions (NICs): 2 percentage point cut to the main rate of Class 1 employee NICs from 6 April 2024,out_of_household_scope,national_insurance,2024-25,2024,PSCE in RDEL,Spending Measures (Policy measures database),2024-25,0.0,0.0,,,,not_available,not_computed,Source head is outside household tax-benefit scope; retained for event accounting.,"The 2pp marginal reversal on the certified 8% world is 10%. For AS2023, CY2023 has zero because commencement was January 2024; CY-proxies-FY explicitly misses the January-March FY2023-24 leg. Later SB2024 cuts are retained in the certified world.","[""Static Universal Credit represents only part of the Welfare inside cap head; behavioural earnings, company-tax and departmental channels are absent.""]",[],,,"[""baseline_vintage"",""behavioural_adjustment"",""cy_proxies_fy"",""head_scope"",""population_vintage""]",not_available,[],"[""baseline_vintage"",""behavioural_adjustment"",""cy_proxies_fy"",""head_scope"",""population_vintage""]",,residual_plus_unsized,,no computed counterpart,{}
spring_budget_2024,obr_pmd_nov2025:22182:0407f81829b783d3,spring_budget_2024__class_1_employee_nics_main_rate_cut_2pp,National Insurance contributions (NICs): 2 percentage point cut to the main rate of Class 1 employee NICs from 6 April 2024,out_of_household_scope,national_insurance,2024-25,2024,Scottish BGA (current),Spending Measures (Policy measures database),2024-25,0.0,0.0,,,,not_available,not_computed,Source head is outside household tax-benefit scope; retained for event accounting.,"The 2pp marginal reversal on the certified 8% world is 10%. For AS2023, CY2023 has zero because commencement was January 2024; CY-proxies-FY explicitly misses the January-March FY2023-24 leg. Later SB2024 cuts are retained in the certified world.","[""Static Universal Credit represents only part of the Welfare inside cap head; behavioural earnings, company-tax and departmental channels are absent.""]",[],,,"[""baseline_vintage"",""behavioural_adjustment"",""cy_proxies_fy"",""head_scope"",""population_vintage""]",not_available,[],"[""baseline_vintage"",""behavioural_adjustment"",""cy_proxies_fy"",""head_scope"",""population_vintage""]",,residual_plus_unsized,,no computed counterpart,{}
spring_budget_2024,obr_pmd_nov2025:22170:45627d3976bd492a,spring_budget_2024__class_1_employee_nics_main_rate_cut_2pp,National Insurance contributions (NICs): 2 percentage point cut to the main rate of Class 1 employee NICs from 6 April 2024,partial,national_insurance,2024-25,2024,Welfare inside cap,Spending Measures (Policy measures database),2024-25,116785957.00772288,116785957.00772288,86201088.67014313,-30584868.337579757,0.7381117634241142,same_sign_ratio_0.5_to_0.8,constructed,"Static Universal Credit represents only part of the Welfare inside cap head; behavioural earnings, company-tax and departmental channels are absent.","The 2pp marginal reversal on the certified 8% world is 10%. For AS2023, CY2023 has zero because commencement was January 2024; CY-proxies-FY explicitly misses the January-March FY2023-24 leg. Later SB2024 cuts are retained in the certified world.","[""Static Universal Credit represents only part of the Welfare inside cap head; behavioural earnings, company-tax and departmental channels are absent.""]","[""universal_credit""]",results/uk/events/spring_budget_2024/spring_budget_2024__class_1_employee_nics_main_rate_cut_2pp_2024.json,c211dee279061b6f57d7c003626a33ad97db84e5f3e3e1f1b992df6a45ef27f4,"[""baseline_vintage"",""behavioural_adjustment"",""construction_scope"",""cy_proxies_fy"",""head_scope"",""population_vintage""]",partial,[],"[""baseline_vintage"",""behavioural_adjustment"",""construction_scope"",""cy_proxies_fy"",""head_scope"",""population_vintage""]",-30584868.337579757,residual_plus_unsized,,"unsized axes: baseline_vintage, behavioural_adjustment, construction_scope, cy_proxies_fy, head_scope, population_vintage",{}
spring_budget_2024,obr_pmd_nov2025:10964:a7faf866a29dd04c,spring_budget_2024__class_1_employee_nics_main_rate_cut_2pp,National Insurance contributions (NICs): 2 percentage point cut to the main rate of Class 1 employee NICs from 6 April 2024,out_of_household_scope,national_insurance,2025-26,2025,Corporation tax (onshore),Tax Measures (Policy measures database),2025-26,-257011258.1263346,-257011258.1263346,,,,not_available,not_computed,Source head is outside household tax-benefit scope; retained for event accounting.,"The 2pp marginal reversal on the certified 8% world is 10%. For AS2023, CY2023 has zero because commencement was January 2024; CY-proxies-FY explicitly misses the January-March FY2023-24 leg. Later SB2024 cuts are retained in the certified world.","[""Static Universal Credit represents only part of the Welfare inside cap head; behavioural earnings, company-tax and departmental channels are absent.""]",[],,,"[""baseline_vintage"",""behavioural_adjustment"",""cy_proxies_fy"",""head_scope"",""population_vintage""]",not_available,[],"[""baseline_vintage"",""behavioural_adjustment"",""cy_proxies_fy"",""head_scope"",""population_vintage""]",,residual_plus_unsized,,no computed counterpart,{}
spring_budget_2024,obr_pmd_nov2025:10952:4fd6a5a070b4cece,spring_budget_2024__class_1_employee_nics_main_rate_cut_2pp,National Insurance contributions (NICs): 2 percentage point cut to the main rate of Class 1 employee NICs from 6 April 2024,partial,national_insurance,2025-26,2025,Income tax,Tax Measures (Policy measures database),2025-26,259609076.2966184,259609076.2966184,0.0,-259609076.2966184,0.0,pe_zero,constructed,"Static Universal Credit represents only part of the Welfare inside cap head; behavioural earnings, company-tax and departmental channels are absent.","The 2pp marginal reversal on the certified 8% world is 10%. For AS2023, CY2023 has zero because commencement was January 2024; CY-proxies-FY explicitly misses the January-March FY2023-24 leg. Later SB2024 cuts are retained in the certified world.","[""Static Universal Credit represents only part of the Welfare inside cap head; behavioural earnings, company-tax and departmental channels are absent.""]","[""income_tax""]",results/uk/events/spring_budget_2024/spring_budget_2024__class_1_employee_nics_main_rate_cut_2pp_2025.json,19d105d4abc3f2d612ef65b715fc5b19f0045cd495594472eea84208abebf89a,"[""baseline_vintage"",""behavioural_adjustment"",""construction_scope"",""cy_proxies_fy"",""head_scope"",""population_vintage""]",partial,[],"[""baseline_vintage"",""behavioural_adjustment"",""construction_scope"",""cy_proxies_fy"",""head_scope"",""population_vintage""]",-259609076.2966184,residual_plus_unsized,,"unsized axes: baseline_vintage, behavioural_adjustment, construction_scope, cy_proxies_fy, head_scope, population_vintage",{}
spring_budget_2024,obr_pmd_nov2025:10958:c7a912de7a1a9114,spring_budget_2024__class_1_employee_nics_main_rate_cut_2pp,National Insurance contributions (NICs): 2 percentage point cut to the main rate of Class 1 employee NICs from 6 April 2024,partial,national_insurance,2025-26,2025,NICs,Tax Measures (Policy measures database),2025-26,-9471678518.883171,-9471678518.883171,-11685772883.678026,-2214094364.794855,1.2337594503847165,same_sign_ratio_0.8_to_1.25,constructed,"Static Universal Credit represents only part of the Welfare inside cap head; behavioural earnings, company-tax and departmental channels are absent.","The 2pp marginal reversal on the certified 8% world is 10%. For AS2023, CY2023 has zero because commencement was January 2024; CY-proxies-FY explicitly misses the January-March FY2023-24 leg. Later SB2024 cuts are retained in the certified world.","[""Static Universal Credit represents only part of the Welfare inside cap head; behavioural earnings, company-tax and departmental channels are absent.""]","[""ni_class_1_employee"",""ni_class_1_employer"",""ni_class_2"",""ni_class_4""]",results/uk/events/spring_budget_2024/spring_budget_2024__class_1_employee_nics_main_rate_cut_2pp_2025.json,19d105d4abc3f2d612ef65b715fc5b19f0045cd495594472eea84208abebf89a,"[""baseline_vintage"",""behavioural_adjustment"",""construction_scope"",""cy_proxies_fy"",""head_scope"",""population_vintage""]",partial,[],"[""baseline_vintage"",""behavioural_adjustment"",""construction_scope"",""cy_proxies_fy"",""head_scope"",""population_vintage""]",-2214094364.794855,residual_plus_unsized,,"unsized axes: baseline_vintage, behavioural_adjustment, construction_scope, cy_proxies_fy, head_scope, population_vintage",{}
spring_budget_2024,obr_pmd_nov2025:22177:7951bb67665daeb2,spring_budget_2024__class_1_employee_nics_main_rate_cut_2pp,National Insurance contributions (NICs): 2 percentage point cut to the main rate of Class 1 employee NICs from 6 April 2024,out_of_household_scope,national_insurance,2025-26,2025,PSCE in RDEL,Spending Measures (Policy measures database),2025-26,2307547.6735691633,2307547.6735691633,,,,not_available,not_computed,Source head is outside household tax-benefit scope; retained for event accounting.,"The 2pp marginal reversal on the certified 8% world is 10%. For AS2023, CY2023 has zero because commencement was January 2024; CY-proxies-FY explicitly misses the January-March FY2023-24 leg. Later SB2024 cuts are retained in the certified world.","[""Static Universal Credit represents only part of the Welfare inside cap head; behavioural earnings, company-tax and departmental channels are absent.""]",[],,,"[""baseline_vintage"",""behavioural_adjustment"",""cy_proxies_fy"",""head_scope"",""population_vintage""]",not_available,[],"[""baseline_vintage"",""behavioural_adjustment"",""cy_proxies_fy"",""head_scope"",""population_vintage""]",,residual_plus_unsized,,no computed counterpart,{}
spring_budget_2024,obr_pmd_nov2025:22183:bc17379ef6f3a48b,spring_budget_2024__class_1_employee_nics_main_rate_cut_2pp,National Insurance contributions (NICs): 2 percentage point cut to the main rate of Class 1 employee NICs from 6 April 2024,out_of_household_scope,national_insurance,2025-26,2025,Scottish BGA (current),Spending Measures (Policy measures database),2025-26,18690314.38819628,18690314.38819628,,,,not_available,not_computed,Source head is outside household tax-benefit scope; retained for event accounting.,"The 2pp marginal reversal on the certified 8% world is 10%. For AS2023, CY2023 has zero because commencement was January 2024; CY-proxies-FY explicitly misses the January-March FY2023-24 leg. Later SB2024 cuts are retained in the certified world.","[""Static Universal Credit represents only part of the Welfare inside cap head; behavioural earnings, company-tax and departmental channels are absent.""]",[],,,"[""baseline_vintage"",""behavioural_adjustment"",""cy_proxies_fy"",""head_scope"",""population_vintage""]",not_available,[],"[""baseline_vintage"",""behavioural_adjustment"",""cy_proxies_fy"",""head_scope"",""population_vintage""]",,residual_plus_unsized,,no computed counterpart,{}
spring_budget_2024,obr_pmd_nov2025:22171:93d8943dfe121528,spring_budget_2024__class_1_employee_nics_main_rate_cut_2pp,National Insurance contributions (NICs): 2 percentage point cut to the main rate of Class 1 employee NICs from 6 April 2024,partial,national_insurance,2025-26,2025,Welfare inside cap,Spending Measures (Policy measures database),2025-26,153502785.7708676,153502785.7708676,94249253.54277039,-59253532.2280972,0.613990508833211,same_sign_ratio_0.5_to_0.8,constructed,"Static Universal Credit represents only part of the Welfare inside cap head; behavioural earnings, company-tax and departmental channels are absent.","The 2pp marginal reversal on the certified 8% world is 10%. For AS2023, CY2023 has zero because commencement was January 2024; CY-proxies-FY explicitly misses the January-March FY2023-24 leg. Later SB2024 cuts are retained in the certified world.","[""Static Universal Credit represents only part of the Welfare inside cap head; behavioural earnings, company-tax and departmental channels are absent.""]","[""universal_credit""]",results/uk/events/spring_budget_2024/spring_budget_2024__class_1_employee_nics_main_rate_cut_2pp_2025.json,19d105d4abc3f2d612ef65b715fc5b19f0045cd495594472eea84208abebf89a,"[""baseline_vintage"",""behavioural_adjustment"",""construction_scope"",""cy_proxies_fy"",""head_scope"",""population_vintage""]",partial,[],"[""baseline_vintage"",""behavioural_adjustment"",""construction_scope"",""cy_proxies_fy"",""head_scope"",""population_vintage""]",-59253532.2280972,residual_plus_unsized,,"unsized axes: baseline_vintage, behavioural_adjustment, construction_scope, cy_proxies_fy, head_scope, population_vintage",{}
spring_budget_2024,obr_pmd_nov2025:10965:9b5a5f5dd80b8bd2,spring_budget_2024__class_1_employee_nics_main_rate_cut_2pp,National Insurance contributions (NICs): 2 percentage point cut to the main rate of Class 1 employee NICs from 6 April 2024,out_of_household_scope,national_insurance,2026-27,2026,Corporation tax (onshore),Tax Measures (Policy measures database),2026-27,-394591309.94431406,-394591309.94431406,,,,not_available,not_computed,Source head is outside household tax-benefit scope; retained for event accounting.,"The 2pp marginal reversal on the certified 8% world is 10%. For AS2023, CY2023 has zero because commencement was January 2024; CY-proxies-FY explicitly misses the January-March FY2023-24 leg. Later SB2024 cuts are retained in the certified world.","[""Static Universal Credit represents only part of the Welfare inside cap head; behavioural earnings, company-tax and departmental channels are absent.""]",[],,,"[""baseline_vintage"",""behavioural_adjustment"",""cy_proxies_fy"",""head_scope"",""population_vintage""]",not_available,[],"[""baseline_vintage"",""behavioural_adjustment"",""cy_proxies_fy"",""head_scope"",""population_vintage""]",,residual_plus_unsized,,no computed counterpart,{}
spring_budget_2024,obr_pmd_nov2025:10953:5e4605a850c3f718,spring_budget_2024__class_1_employee_nics_main_rate_cut_2pp,National Insurance contributions (NICs): 2 percentage point cut to the main rate of Class 1 employee NICs from 6 April 2024,partial,national_insurance,2026-27,2026,Income tax,Tax Measures (Policy measures database),2026-27,318779563.0547339,318779563.0547339,0.0,-318779563.0547339,0.0,pe_zero,constructed,"Static Universal Credit represents only part of the Welfare inside cap head; behavioural earnings, company-tax and departmental channels are absent.","The 2pp marginal reversal on the certified 8% world is 10%. For AS2023, CY2023 has zero because commencement was January 2024; CY-proxies-FY explicitly misses the January-March FY2023-24 leg. Later SB2024 cuts are retained in the certified world.","[""Static Universal Credit represents only part of the Welfare inside cap head; behavioural earnings, company-tax and departmental channels are absent.""]","[""income_tax""]",results/uk/events/spring_budget_2024/spring_budget_2024__class_1_employee_nics_main_rate_cut_2pp_2026.json,5d382a5c9c226fdc759a41d0ca1351bfd72a4ad27118f73fb022b50827cf26d7,"[""baseline_vintage"",""behavioural_adjustment"",""construction_scope"",""cy_proxies_fy"",""head_scope"",""population_vintage""]",partial,[],"[""baseline_vintage"",""behavioural_adjustment"",""construction_scope"",""cy_proxies_fy"",""head_scope"",""population_vintage""]",-318779563.0547339,residual_plus_unsized,,"unsized axes: baseline_vintage, behavioural_adjustment, construction_scope, cy_proxies_fy, head_scope, population_vintage",{}
spring_budget_2024,obr_pmd_nov2025:10959:424db47edb88e339,spring_budget_2024__class_1_employee_nics_main_rate_cut_2pp,National Insurance contributions (NICs): 2 percentage point cut to the main rate of Class 1 employee NICs from 6 April 2024,partial,national_insurance,2026-27,2026,NICs,Tax Measures (Policy measures database),2026-27,-9619251699.103523,-9619251699.103523,-12070073648.808764,-2450821949.7052402,1.2547830149754422,same_sign_ratio_1.25_to_2,constructed,"Static Universal Credit represents only part of the Welfare inside cap head; behavioural earnings, company-tax and departmental channels are absent.","The 2pp marginal reversal on the certified 8% world is 10%. For AS2023, CY2023 has zero because commencement was January 2024; CY-proxies-FY explicitly misses the January-March FY2023-24 leg. Later SB2024 cuts are retained in the certified world.","[""Static Universal Credit represents only part of the Welfare inside cap head; behavioural earnings, company-tax and departmental channels are absent.""]","[""ni_class_1_employee"",""ni_class_1_employer"",""ni_class_2"",""ni_class_4""]",results/uk/events/spring_budget_2024/spring_budget_2024__class_1_employee_nics_main_rate_cut_2pp_2026.json,5d382a5c9c226fdc759a41d0ca1351bfd72a4ad27118f73fb022b50827cf26d7,"[""baseline_vintage"",""behavioural_adjustment"",""construction_scope"",""cy_proxies_fy"",""head_scope"",""population_vintage""]",partial,[],"[""baseline_vintage"",""behavioural_adjustment"",""construction_scope"",""cy_proxies_fy"",""head_scope"",""population_vintage""]",-2450821949.7052402,residual_plus_unsized,,"unsized axes: baseline_vintage, behavioural_adjustment, construction_scope, cy_proxies_fy, head_scope, population_vintage",{}
spring_budget_2024,obr_pmd_nov2025:22178:7e29523685e665e3,spring_budget_2024__class_1_employee_nics_main_rate_cut_2pp,National Insurance contributions (NICs): 2 percentage point cut to the main rate of Class 1 employee NICs from 6 April 2024,out_of_household_scope,national_insurance,2026-27,2026,PSCE in RDEL,Spending Measures (Policy measures database),2026-27,3695827.832962292,3695827.832962292,,,,not_available,not_computed,Source head is outside household tax-benefit scope; retained for event accounting.,"The 2pp marginal reversal on the certified 8% world is 10%. For AS2023, CY2023 has zero because commencement was January 2024; CY-proxies-FY explicitly misses the January-March FY2023-24 leg. Later SB2024 cuts are retained in the certified world.","[""Static Universal Credit represents only part of the Welfare inside cap head; behavioural earnings, company-tax and departmental channels are absent.""]",[],,,"[""baseline_vintage"",""behavioural_adjustment"",""cy_proxies_fy"",""head_scope"",""population_vintage""]",not_available,[],"[""baseline_vintage"",""behavioural_adjustment"",""cy_proxies_fy"",""head_scope"",""population_vintage""]",,residual_plus_unsized,,no computed counterpart,{}
spring_budget_2024,obr_pmd_nov2025:22184:cdeff505e05e7e8d,spring_budget_2024__class_1_employee_nics_main_rate_cut_2pp,National Insurance contributions (NICs): 2 percentage point cut to the main rate of Class 1 employee NICs from 6 April 2024,out_of_household_scope,national_insurance,2026-27,2026,Scottish BGA (current),Spending Measures (Policy measures database),2026-27,30199807.682759583,30199807.682759583,,,,not_available,not_computed,Source head is outside household tax-benefit scope; retained for event accounting.,"The 2pp marginal reversal on the certified 8% world is 10%. For AS2023, CY2023 has zero because commencement was January 2024; CY-proxies-FY explicitly misses the January-March FY2023-24 leg. Later SB2024 cuts are retained in the certified world.","[""Static Universal Credit represents only part of the Welfare inside cap head; behavioural earnings, company-tax and departmental channels are absent.""]",[],,,"[""baseline_vintage"",""behavioural_adjustment"",""cy_proxies_fy"",""head_scope"",""population_vintage""]",not_available,[],"[""baseline_vintage"",""behavioural_adjustment"",""cy_proxies_fy"",""head_scope"",""population_vintage""]",,residual_plus_unsized,,no computed counterpart,{}
spring_budget_2024,obr_pmd_nov2025:22172:8c021f0cf80fe71b,spring_budget_2024__class_1_employee_nics_main_rate_cut_2pp,National Insurance contributions (NICs): 2 percentage point cut to the main rate of Class 1 employee NICs from 6 April 2024,partial,national_insurance,2026-27,2026,Welfare inside cap,Spending Measures (Policy measures database),2026-27,171891919.98605588,171891919.98605588,104678630.74134064,-67213289.24471524,0.6089793560385638,same_sign_ratio_0.5_to_0.8,constructed,"Static Universal Credit represents only part of the Welfare inside cap head; behavioural earnings, company-tax and departmental channels are absent.","The 2pp marginal reversal on the certified 8% world is 10%. For AS2023, CY2023 has zero because commencement was January 2024; CY-proxies-FY explicitly misses the January-March FY2023-24 leg. Later SB2024 cuts are retained in the certified world.","[""Static Universal Credit represents only part of the Welfare inside cap head; behavioural earnings, company-tax and departmental channels are absent.""]","[""universal_credit""]",results/uk/events/spring_budget_2024/spring_budget_2024__class_1_employee_nics_main_rate_cut_2pp_2026.json,5d382a5c9c226fdc759a41d0ca1351bfd72a4ad27118f73fb022b50827cf26d7,"[""baseline_vintage"",""behavioural_adjustment"",""construction_scope"",""cy_proxies_fy"",""head_scope"",""population_vintage""]",partial,[],"[""baseline_vintage"",""behavioural_adjustment"",""construction_scope"",""cy_proxies_fy"",""head_scope"",""population_vintage""]",-67213289.24471524,residual_plus_unsized,,"unsized axes: baseline_vintage, behavioural_adjustment, construction_scope, cy_proxies_fy, head_scope, population_vintage",{}
spring_budget_2024,obr_pmd_nov2025:10966:456be6c0d69212e2,spring_budget_2024__class_1_employee_nics_main_rate_cut_2pp,National Insurance contributions (NICs): 2 percentage point cut to the main rate of Class 1 employee NICs from 6 April 2024,out_of_household_scope,national_insurance,2027-28,2027,Corporation tax (onshore),Tax Measures (Policy measures database),2027-28,-507303024.5558485,-507303024.5558485,,,,not_available,not_computed,Source head is outside household tax-benefit scope; retained for event accounting.,"The 2pp marginal reversal on the certified 8% world is 10%. For AS2023, CY2023 has zero because commencement was January 2024; CY-proxies-FY explicitly misses the January-March FY2023-24 leg. Later SB2024 cuts are retained in the certified world.","[""Static Universal Credit represents only part of the Welfare inside cap head; behavioural earnings, company-tax and departmental channels are absent.""]",[],,,"[""baseline_vintage"",""behavioural_adjustment"",""cy_proxies_fy"",""head_scope"",""population_vintage""]",not_available,[],"[""baseline_vintage"",""behavioural_adjustment"",""cy_proxies_fy"",""head_scope"",""population_vintage""]",,residual_plus_unsized,,no computed counterpart,{}
spring_budget_2024,obr_pmd_nov2025:10954:9f544c20c7f55f9e,spring_budget_2024__class_1_employee_nics_main_rate_cut_2pp,National Insurance contributions (NICs): 2 percentage point cut to the main rate of Class 1 employee NICs from 6 April 2024,partial,national_insurance,2027-28,2027,Income tax,Tax Measures (Policy measures database),2027-28,403939444.51041263,403939444.51041263,0.0,-403939444.51041263,0.0,pe_zero,constructed,"Static Universal Credit represents only part of the Welfare inside cap head; behavioural earnings, company-tax and departmental channels are absent.","The 2pp marginal reversal on the certified 8% world is 10%. For AS2023, CY2023 has zero because commencement was January 2024; CY-proxies-FY explicitly misses the January-March FY2023-24 leg. Later SB2024 cuts are retained in the certified world.","[""Static Universal Credit represents only part of the Welfare inside cap head; behavioural earnings, company-tax and departmental channels are absent.""]","[""income_tax""]",results/uk/events/spring_budget_2024/spring_budget_2024__class_1_employee_nics_main_rate_cut_2pp_2027.json,7acb2c151eae5c0d7127a833cb6926bb651a988f280715cd79942af8e5202e41,"[""baseline_vintage"",""behavioural_adjustment"",""construction_scope"",""cy_proxies_fy"",""head_scope"",""population_vintage""]",partial,[],"[""baseline_vintage"",""behavioural_adjustment"",""construction_scope"",""cy_proxies_fy"",""head_scope"",""population_vintage""]",-403939444.51041263,residual_plus_unsized,,"unsized axes: baseline_vintage, behavioural_adjustment, construction_scope, cy_proxies_fy, head_scope, population_vintage",{}
spring_budget_2024,obr_pmd_nov2025:10960:fa02958b7f130d94,spring_budget_2024__class_1_employee_nics_main_rate_cut_2pp,National Insurance contributions (NICs): 2 percentage point cut to the main rate of Class 1 employee NICs from 6 April 2024,partial,national_insurance,2027-28,2027,NICs,Tax Measures (Policy measures database),2027-28,-9817942032.094347,-9817942032.094347,-12356159334.317142,-2538217302.2227955,1.2585284465853936,same_sign_ratio_1.25_to_2,constructed,"Static Universal Credit represents only part of the Welfare inside cap head; behavioural earnings, company-tax and departmental channels are absent.","The 2pp marginal reversal on the certified 8% world is 10%. For AS2023, CY2023 has zero because commencement was January 2024; CY-proxies-FY explicitly misses the January-March FY2023-24 leg. Later SB2024 cuts are retained in the certified world.","[""Static Universal Credit represents only part of the Welfare inside cap head; behavioural earnings, company-tax and departmental channels are absent.""]","[""ni_class_1_employee"",""ni_class_1_employer"",""ni_class_2"",""ni_class_4""]",results/uk/events/spring_budget_2024/spring_budget_2024__class_1_employee_nics_main_rate_cut_2pp_2027.json,7acb2c151eae5c0d7127a833cb6926bb651a988f280715cd79942af8e5202e41,"[""baseline_vintage"",""behavioural_adjustment"",""construction_scope"",""cy_proxies_fy"",""head_scope"",""population_vintage""]",partial,[],"[""baseline_vintage"",""behavioural_adjustment"",""construction_scope"",""cy_proxies_fy"",""head_scope"",""population_vintage""]",-2538217302.2227955,residual_plus_unsized,,"unsized axes: baseline_vintage, behavioural_adjustment, construction_scope, cy_proxies_fy, head_scope, population_vintage",{}
spring_budget_2024,obr_pmd_nov2025:22179:06fd4ca2443593c5,spring_budget_2024__class_1_employee_nics_main_rate_cut_2pp,National Insurance contributions (NICs): 2 percentage point cut to the main rate of Class 1 employee NICs from 6 April 2024,out_of_household_scope,national_insurance,2027-28,2027,PSCE in RDEL,Spending Measures (Policy measures database),2027-28,4888303.581634605,4888303.581634605,,,,not_available,not_computed,Source head is outside household tax-benefit scope; retained for event accounting.,"The 2pp marginal reversal on the certified 8% world is 10%. For AS2023, CY2023 has zero because commencement was January 2024; CY-proxies-FY explicitly misses the January-March FY2023-24 leg. Later SB2024 cuts are retained in the certified world.","[""Static Universal Credit represents only part of the Welfare inside cap head; behavioural earnings, company-tax and departmental channels are absent.""]",[],,,"[""baseline_vintage"",""behavioural_adjustment"",""cy_proxies_fy"",""head_scope"",""population_vintage""]",not_available,[],"[""baseline_vintage"",""behavioural_adjustment"",""cy_proxies_fy"",""head_scope"",""population_vintage""]",,residual_plus_unsized,,no computed counterpart,{}
spring_budget_2024,obr_pmd_nov2025:22185:b33d18992cb585a3,spring_budget_2024__class_1_employee_nics_main_rate_cut_2pp,National Insurance contributions (NICs): 2 percentage point cut to the main rate of Class 1 employee NICs from 6 April 2024,out_of_household_scope,national_insurance,2027-28,2027,Scottish BGA (current),Spending Measures (Policy measures database),2027-28,40582505.84144913,40582505.84144913,,,,not_available,not_computed,Source head is outside household tax-benefit scope; retained for event accounting.,"The 2pp marginal reversal on the certified 8% world is 10%. For AS2023, CY2023 has zero because commencement was January 2024; CY-proxies-FY explicitly misses the January-March FY2023-24 leg. Later SB2024 cuts are retained in the certified world.","[""Static Universal Credit represents only part of the Welfare inside cap head; behavioural earnings, company-tax and departmental channels are absent.""]",[],,,"[""baseline_vintage"",""behavioural_adjustment"",""cy_proxies_fy"",""head_scope"",""population_vintage""]",not_available,[],"[""baseline_vintage"",""behavioural_adjustment"",""cy_proxies_fy"",""head_scope"",""population_vintage""]",,residual_plus_unsized,,no computed counterpart,{}
spring_budget_2024,obr_pmd_nov2025:22173:3beb0f8e7601b1e2,spring_budget_2024__class_1_employee_nics_main_rate_cut_2pp,National Insurance contributions (NICs): 2 percentage point cut to the main rate of Class 1 employee NICs from 6 April 2024,partial,national_insurance,2027-28,2027,Welfare inside cap,Spending Measures (Policy measures database),2027-28,169987825.88819343,169987825.88819343,109333370.59695435,-60654455.29123908,0.6431835340306458,same_sign_ratio_0.5_to_0.8,constructed,"Static Universal Credit represents only part of the Welfare inside cap head; behavioural earnings, company-tax and departmental channels are absent.","The 2pp marginal reversal on the certified 8% world is 10%. For AS2023, CY2023 has zero because commencement was January 2024; CY-proxies-FY explicitly misses the January-March FY2023-24 leg. Later SB2024 cuts are retained in the certified world.","[""Static Universal Credit represents only part of the Welfare inside cap head; behavioural earnings, company-tax and departmental channels are absent.""]","[""universal_credit""]",results/uk/events/spring_budget_2024/spring_budget_2024__class_1_employee_nics_main_rate_cut_2pp_2027.json,7acb2c151eae5c0d7127a833cb6926bb651a988f280715cd79942af8e5202e41,"[""baseline_vintage"",""behavioural_adjustment"",""construction_scope"",""cy_proxies_fy"",""head_scope"",""population_vintage""]",partial,[],"[""baseline_vintage"",""behavioural_adjustment"",""construction_scope"",""cy_proxies_fy"",""head_scope"",""population_vintage""]",-60654455.29123908,residual_plus_unsized,,"unsized axes: baseline_vintage, behavioural_adjustment, construction_scope, cy_proxies_fy, head_scope, population_vintage",{}
spring_budget_2024,obr_pmd_nov2025:10967:74cca71eaf790883,spring_budget_2024__class_1_employee_nics_main_rate_cut_2pp,National Insurance contributions (NICs): 2 percentage point cut to the main rate of Class 1 employee NICs from 6 April 2024,out_of_household_scope,national_insurance,2028-29,2028,Corporation tax (onshore),Tax Measures (Policy measures database),2028-29,-606264933.6074729,-606264933.6074729,,,,not_available,not_computed,Source head is outside household tax-benefit scope; retained for event accounting.,"The 2pp marginal reversal on the certified 8% world is 10%. For AS2023, CY2023 has zero because commencement was January 2024; CY-proxies-FY explicitly misses the January-March FY2023-24 leg. Later SB2024 cuts are retained in the certified world.","[""Static Universal Credit represents only part of the Welfare inside cap head; behavioural earnings, company-tax and departmental channels are absent.""]",[],,,"[""baseline_vintage"",""behavioural_adjustment"",""cy_proxies_fy"",""head_scope"",""population_vintage""]",not_available,[],"[""baseline_vintage"",""behavioural_adjustment"",""cy_proxies_fy"",""head_scope"",""population_vintage""]",,residual_plus_unsized,,no computed counterpart,{}
spring_budget_2024,obr_pmd_nov2025:10955:f6669fdf7dfdb034,spring_budget_2024__class_1_employee_nics_main_rate_cut_2pp,National Insurance contributions (NICs): 2 percentage point cut to the main rate of Class 1 employee NICs from 6 April 2024,partial,national_insurance,2028-29,2028,Income tax,Tax Measures (Policy measures database),2028-29,472438340.54904956,472438340.54904956,0.0,-472438340.54904956,0.0,pe_zero,constructed,"Static Universal Credit represents only part of the Welfare inside cap head; behavioural earnings, company-tax and departmental channels are absent.","The 2pp marginal reversal on the certified 8% world is 10%. For AS2023, CY2023 has zero because commencement was January 2024; CY-proxies-FY explicitly misses the January-March FY2023-24 leg. Later SB2024 cuts are retained in the certified world.","[""Static Universal Credit represents only part of the Welfare inside cap head; behavioural earnings, company-tax and departmental channels are absent.""]","[""income_tax""]",results/uk/events/spring_budget_2024/spring_budget_2024__class_1_employee_nics_main_rate_cut_2pp_2028.json,b486fe4fa108dd1ab14834f96887d46787143caa5542fc82db7a52108b5d93df,"[""baseline_vintage"",""behavioural_adjustment"",""construction_scope"",""cy_proxies_fy"",""head_scope"",""population_vintage""]",partial,[],"[""baseline_vintage"",""behavioural_adjustment"",""construction_scope"",""cy_proxies_fy"",""head_scope"",""population_vintage""]",-472438340.54904956,residual_plus_unsized,,"unsized axes: baseline_vintage, behavioural_adjustment, construction_scope, cy_proxies_fy, head_scope, population_vintage",{}
spring_budget_2024,obr_pmd_nov2025:10961:cc058843879051af,spring_budget_2024__class_1_employee_nics_main_rate_cut_2pp,National Insurance contributions (NICs): 2 percentage point cut to the main rate of Class 1 employee NICs from 6 April 2024,partial,national_insurance,2028-29,2028,NICs,Tax Measures (Policy measures database),2028-29,-10088448612.903854,-10088448612.903854,-12663862924.5513,-2575414311.6474457,1.255283484157644,same_sign_ratio_1.25_to_2,constructed,"Static Universal Credit represents only part of the Welfare inside cap head; behavioural earnings, company-tax and departmental channels are absent.","The 2pp marginal reversal on the certified 8% world is 10%. For AS2023, CY2023 has zero because commencement was January 2024; CY-proxies-FY explicitly misses the January-March FY2023-24 leg. Later SB2024 cuts are retained in the certified world.","[""Static Universal Credit represents only part of the Welfare inside cap head; behavioural earnings, company-tax and departmental channels are absent.""]","[""ni_class_1_employee"",""ni_class_1_employer"",""ni_class_2"",""ni_class_4""]",results/uk/events/spring_budget_2024/spring_budget_2024__class_1_employee_nics_main_rate_cut_2pp_2028.json,b486fe4fa108dd1ab14834f96887d46787143caa5542fc82db7a52108b5d93df,"[""baseline_vintage"",""behavioural_adjustment"",""construction_scope"",""cy_proxies_fy"",""head_scope"",""population_vintage""]",partial,[],"[""baseline_vintage"",""behavioural_adjustment"",""construction_scope"",""cy_proxies_fy"",""head_scope"",""population_vintage""]",-2575414311.6474457,residual_plus_unsized,,"unsized axes: baseline_vintage, behavioural_adjustment, construction_scope, cy_proxies_fy, head_scope, population_vintage",{}
spring_budget_2024,obr_pmd_nov2025:22180:d3ab9da8189aac68,spring_budget_2024__class_1_employee_nics_main_rate_cut_2pp,National Insurance contributions (NICs): 2 percentage point cut to the main rate of Class 1 employee NICs from 6 April 2024,out_of_household_scope,national_insurance,2028-29,2028,PSCE in RDEL,Spending Measures (Policy measures database),2028-29,5891241.045842691,5891241.045842691,,,,not_available,not_computed,Source head is outside household tax-benefit scope; retained for event accounting.,"The 2pp marginal reversal on the certified 8% world is 10%. For AS2023, CY2023 has zero because commencement was January 2024; CY-proxies-FY explicitly misses the January-March FY2023-24 leg. Later SB2024 cuts are retained in the certified world.","[""Static Universal Credit represents only part of the Welfare inside cap head; behavioural earnings, company-tax and departmental channels are absent.""]",[],,,"[""baseline_vintage"",""behavioural_adjustment"",""cy_proxies_fy"",""head_scope"",""population_vintage""]",not_available,[],"[""baseline_vintage"",""behavioural_adjustment"",""cy_proxies_fy"",""head_scope"",""population_vintage""]",,residual_plus_unsized,,no computed counterpart,{}
spring_budget_2024,obr_pmd_nov2025:22186:471c557dcd62c5e3,spring_budget_2024__class_1_employee_nics_main_rate_cut_2pp,National Insurance contributions (NICs): 2 percentage point cut to the main rate of Class 1 employee NICs from 6 April 2024,out_of_household_scope,national_insurance,2028-29,2028,Scottish BGA (current),Spending Measures (Policy measures database),2028-29,49049102.92159304,49049102.92159304,,,,not_available,not_computed,Source head is outside household tax-benefit scope; retained for event accounting.,"The 2pp marginal reversal on the certified 8% world is 10%. For AS2023, CY2023 has zero because commencement was January 2024; CY-proxies-FY explicitly misses the January-March FY2023-24 leg. Later SB2024 cuts are retained in the certified world.","[""Static Universal Credit represents only part of the Welfare inside cap head; behavioural earnings, company-tax and departmental channels are absent.""]",[],,,"[""baseline_vintage"",""behavioural_adjustment"",""cy_proxies_fy"",""head_scope"",""population_vintage""]",not_available,[],"[""baseline_vintage"",""behavioural_adjustment"",""cy_proxies_fy"",""head_scope"",""population_vintage""]",,residual_plus_unsized,,no computed counterpart,{}
spring_budget_2024,obr_pmd_nov2025:22174:b9088212717e5ab4,spring_budget_2024__class_1_employee_nics_main_rate_cut_2pp,National Insurance contributions (NICs): 2 percentage point cut to the main rate of Class 1 employee NICs from 6 April 2024,partial,national_insurance,2028-29,2028,Welfare inside cap,Spending Measures (Policy measures database),2028-29,179643987.88710764,179643987.88710764,109787606.17053986,-69856381.71656778,0.611139885402304,same_sign_ratio_0.5_to_0.8,constructed,"Static Universal Credit represents only part of the Welfare inside cap head; behavioural earnings, company-tax and departmental channels are absent.","The 2pp marginal reversal on the certified 8% world is 10%. For AS2023, CY2023 has zero because commencement was January 2024; CY-proxies-FY explicitly misses the January-March FY2023-24 leg. Later SB2024 cuts are retained in the certified world.","[""Static Universal Credit represents only part of the Welfare inside cap head; behavioural earnings, company-tax and departmental channels are absent.""]","[""universal_credit""]",results/uk/events/spring_budget_2024/spring_budget_2024__class_1_employee_nics_main_rate_cut_2pp_2028.json,b486fe4fa108dd1ab14834f96887d46787143caa5542fc82db7a52108b5d93df,"[""baseline_vintage"",""behavioural_adjustment"",""construction_scope"",""cy_proxies_fy"",""head_scope"",""population_vintage""]",partial,[],"[""baseline_vintage"",""behavioural_adjustment"",""construction_scope"",""cy_proxies_fy"",""head_scope"",""population_vintage""]",-69856381.71656778,residual_plus_unsized,,"unsized axes: baseline_vintage, behavioural_adjustment, construction_scope, cy_proxies_fy, head_scope, population_vintage",{}
spring_budget_2024,obr_pmd_nov2025:10980:deff8921a24aba7e,spring_budget_2024__class_4_self_employed_nics_main_rate_cut_2pp,National Insurance contributions (NICs): 2 percentage point cut to the main rate of Class 4 self-employed NICs from 6 April 2024,out_of_household_scope,national_insurance,2023-24,2023,Corporation tax (onshore),Tax Measures (Policy measures database),2023-24,0.0,0.0,,,,not_available,not_computed,Source head is outside household tax-benefit scope; retained for event accounting.,"Reverse the announced 1pp/2pp marginal cut on the certified 6% Class 4 world, retaining later policy changes.","[""Static Universal Credit represents only part of the Welfare inside cap head; behavioural earnings, company-tax and departmental channels are absent.""]",[],,,"[""baseline_vintage"",""behavioural_adjustment"",""cy_proxies_fy"",""head_scope"",""population_vintage""]",not_available,[],"[""baseline_vintage"",""behavioural_adjustment"",""cy_proxies_fy"",""head_scope"",""population_vintage""]",,residual_plus_unsized,,no computed counterpart,{}
spring_budget_2024,obr_pmd_nov2025:10968:f0c2d5c4f10ba12c,spring_budget_2024__class_4_self_employed_nics_main_rate_cut_2pp,National Insurance contributions (NICs): 2 percentage point cut to the main rate of Class 4 self-employed NICs from 6 April 2024,partial,national_insurance,2023-24,2023,Income tax,Tax Measures (Policy measures database),2023-24,0.0,0.0,0.0,0.0,,both_zero,constructed,"Static Universal Credit represents only part of the Welfare inside cap head; behavioural earnings, company-tax and departmental channels are absent.","Reverse the announced 1pp/2pp marginal cut on the certified 6% Class 4 world, retaining later policy changes.","[""Static Universal Credit represents only part of the Welfare inside cap head; behavioural earnings, company-tax and departmental channels are absent.""]","[""income_tax""]",results/uk/events/spring_budget_2024/spring_budget_2024__class_4_self_employed_nics_main_rate_cut_2pp_2023.json,5c540b7158ad426f82023df034744c02507ed4a4aa56bd1944458fed0b96aeb6,"[""baseline_vintage"",""behavioural_adjustment"",""construction_scope"",""cy_proxies_fy"",""head_scope"",""population_vintage""]",partial,[],"[""baseline_vintage"",""behavioural_adjustment"",""construction_scope"",""cy_proxies_fy"",""head_scope"",""population_vintage""]",0.0,residual_plus_unsized,,"unsized axes: baseline_vintage, behavioural_adjustment, construction_scope, cy_proxies_fy, head_scope, population_vintage",{}
spring_budget_2024,obr_pmd_nov2025:10974:fdd0e608076292a8,spring_budget_2024__class_4_self_employed_nics_main_rate_cut_2pp,National Insurance contributions (NICs): 2 percentage point cut to the main rate of Class 4 self-employed NICs from 6 April 2024,partial,national_insurance,2023-24,2023,NICs,Tax Measures (Policy measures database),2023-24,0.0,0.0,0.0,0.0,,both_zero,constructed,"Static Universal Credit represents only part of the Welfare inside cap head; behavioural earnings, company-tax and departmental channels are absent.","Reverse the announced 1pp/2pp marginal cut on the certified 6% Class 4 world, retaining later policy changes.","[""Static Universal Credit represents only part of the Welfare inside cap head; behavioural earnings, company-tax and departmental channels are absent.""]","[""ni_class_1_employee"",""ni_class_1_employer"",""ni_class_2"",""ni_class_4""]",results/uk/events/spring_budget_2024/spring_budget_2024__class_4_self_employed_nics_main_rate_cut_2pp_2023.json,5c540b7158ad426f82023df034744c02507ed4a4aa56bd1944458fed0b96aeb6,"[""baseline_vintage"",""behavioural_adjustment"",""construction_scope"",""cy_proxies_fy"",""head_scope"",""population_vintage""]",partial,[],"[""baseline_vintage"",""behavioural_adjustment"",""construction_scope"",""cy_proxies_fy"",""head_scope"",""population_vintage""]",0.0,residual_plus_unsized,,"unsized axes: baseline_vintage, behavioural_adjustment, construction_scope, cy_proxies_fy, head_scope, population_vintage",{}
spring_budget_2024,obr_pmd_nov2025:22193:b3628ed306ea8ac5,spring_budget_2024__class_4_self_employed_nics_main_rate_cut_2pp,National Insurance contributions (NICs): 2 percentage point cut to the main rate of Class 4 self-employed NICs from 6 April 2024,out_of_household_scope,national_insurance,2023-24,2023,PSCE in RDEL,Spending Measures (Policy measures database),2023-24,0.0,0.0,,,,not_available,not_computed,Source head is outside household tax-benefit scope; retained for event accounting.,"Reverse the announced 1pp/2pp marginal cut on the certified 6% Class 4 world, retaining later policy changes.","[""Static Universal Credit represents only part of the Welfare inside cap head; behavioural earnings, company-tax and departmental channels are absent.""]",[],,,"[""baseline_vintage"",""behavioural_adjustment"",""cy_proxies_fy"",""head_scope"",""population_vintage""]",not_available,[],"[""baseline_vintage"",""behavioural_adjustment"",""cy_proxies_fy"",""head_scope"",""population_vintage""]",,residual_plus_unsized,,no computed counterpart,{}
spring_budget_2024,obr_pmd_nov2025:22199:1f16d2f22987a987,spring_budget_2024__class_4_self_employed_nics_main_rate_cut_2pp,National Insurance contributions (NICs): 2 percentage point cut to the main rate of Class 4 self-employed NICs from 6 April 2024,out_of_household_scope,national_insurance,2023-24,2023,Scottish BGA (current),Spending Measures (Policy measures database),2023-24,0.0,0.0,,,,not_available,not_computed,Source head is outside household tax-benefit scope; retained for event accounting.,"Reverse the announced 1pp/2pp marginal cut on the certified 6% Class 4 world, retaining later policy changes.","[""Static Universal Credit represents only part of the Welfare inside cap head; behavioural earnings, company-tax and departmental channels are absent.""]",[],,,"[""baseline_vintage"",""behavioural_adjustment"",""cy_proxies_fy"",""head_scope"",""population_vintage""]",not_available,[],"[""baseline_vintage"",""behavioural_adjustment"",""cy_proxies_fy"",""head_scope"",""population_vintage""]",,residual_plus_unsized,,no computed counterpart,{}
spring_budget_2024,obr_pmd_nov2025:22187:cc8ffca6f2f5e590,spring_budget_2024__class_4_self_employed_nics_main_rate_cut_2pp,National Insurance contributions (NICs): 2 percentage point cut to the main rate of Class 4 self-employed NICs from 6 April 2024,partial,national_insurance,2023-24,2023,Welfare inside cap,Spending Measures (Policy measures database),2023-24,0.0,0.0,0.0,0.0,,both_zero,constructed,"Static Universal Credit represents only part of the Welfare inside cap head; behavioural earnings, company-tax and departmental channels are absent.","Reverse the announced 1pp/2pp marginal cut on the certified 6% Class 4 world, retaining later policy changes.","[""Static Universal Credit represents only part of the Welfare inside cap head; behavioural earnings, company-tax and departmental channels are absent.""]","[""universal_credit""]",results/uk/events/spring_budget_2024/spring_budget_2024__class_4_self_employed_nics_main_rate_cut_2pp_2023.json,5c540b7158ad426f82023df034744c02507ed4a4aa56bd1944458fed0b96aeb6,"[""baseline_vintage"",""behavioural_adjustment"",""construction_scope"",""cy_proxies_fy"",""head_scope"",""population_vintage""]",partial,[],"[""baseline_vintage"",""behavioural_adjustment"",""construction_scope"",""cy_proxies_fy"",""head_scope"",""population_vintage""]",0.0,residual_plus_unsized,,"unsized axes: baseline_vintage, behavioural_adjustment, construction_scope, cy_proxies_fy, head_scope, population_vintage",{}
spring_budget_2024,obr_pmd_nov2025:10981:ee23395fc58c2e94,spring_budget_2024__class_4_self_employed_nics_main_rate_cut_2pp,National Insurance contributions (NICs): 2 percentage point cut to the main rate of Class 4 self-employed NICs from 6 April 2024,out_of_household_scope,national_insurance,2024-25,2024,Corporation tax (onshore),Tax Measures (Policy measures database),2024-25,-51767991.29394705,-51767991.29394705,,,,not_available,not_computed,Source head is outside household tax-benefit scope; retained for event accounting.,"Reverse the announced 1pp/2pp marginal cut on the certified 6% Class 4 world, retaining later policy changes.","[""Static Universal Credit represents only part of the Welfare inside cap head; behavioural earnings, company-tax and departmental channels are absent.""]",[],,,"[""baseline_vintage"",""behavioural_adjustment"",""cy_proxies_fy"",""head_scope"",""population_vintage""]",not_available,[],"[""baseline_vintage"",""behavioural_adjustment"",""cy_proxies_fy"",""head_scope"",""population_vintage""]",,residual_plus_unsized,,no computed counterpart,{}
spring_budget_2024,obr_pmd_nov2025:10969:8dde405208f86bbd,spring_budget_2024__class_4_self_employed_nics_main_rate_cut_2pp,National Insurance contributions (NICs): 2 percentage point cut to the main rate of Class 4 self-employed NICs from 6 April 2024,partial,national_insurance,2024-25,2024,Income tax,Tax Measures (Policy measures database),2024-25,0.0,0.0,0.0,0.0,,both_zero,constructed,"Static Universal Credit represents only part of the Welfare inside cap head; behavioural earnings, company-tax and departmental channels are absent.","Reverse the announced 1pp/2pp marginal cut on the certified 6% Class 4 world, retaining later policy changes.","[""Static Universal Credit represents only part of the Welfare inside cap head; behavioural earnings, company-tax and departmental channels are absent.""]","[""income_tax""]",results/uk/events/spring_budget_2024/spring_budget_2024__class_4_self_employed_nics_main_rate_cut_2pp_2024.json,ffcc6f491732be630b29189d1603666a728313f546618b5e82303e1acdd38434,"[""baseline_vintage"",""behavioural_adjustment"",""construction_scope"",""cy_proxies_fy"",""head_scope"",""population_vintage""]",partial,[],"[""baseline_vintage"",""behavioural_adjustment"",""construction_scope"",""cy_proxies_fy"",""head_scope"",""population_vintage""]",0.0,residual_plus_unsized,,"unsized axes: baseline_vintage, behavioural_adjustment, construction_scope, cy_proxies_fy, head_scope, population_vintage",{}
spring_budget_2024,obr_pmd_nov2025:10975:497e18b9ba827fa3,spring_budget_2024__class_4_self_employed_nics_main_rate_cut_2pp,National Insurance contributions (NICs): 2 percentage point cut to the main rate of Class 4 self-employed NICs from 6 April 2024,partial,national_insurance,2024-25,2024,NICs,Tax Measures (Policy measures database),2024-25,-666527506.0,-666527506.0,-1114763387.7151809,-448235881.7151809,1.6724941996845077,same_sign_ratio_1.25_to_2,constructed,"Static Universal Credit represents only part of the Welfare inside cap head; behavioural earnings, company-tax and departmental channels are absent.","Reverse the announced 1pp/2pp marginal cut on the certified 6% Class 4 world, retaining later policy changes.","[""Static Universal Credit represents only part of the Welfare inside cap head; behavioural earnings, company-tax and departmental channels are absent.""]","[""ni_class_1_employee"",""ni_class_1_employer"",""ni_class_2"",""ni_class_4""]",results/uk/events/spring_budget_2024/spring_budget_2024__class_4_self_employed_nics_main_rate_cut_2pp_2024.json,ffcc6f491732be630b29189d1603666a728313f546618b5e82303e1acdd38434,"[""baseline_vintage"",""behavioural_adjustment"",""construction_scope"",""cy_proxies_fy"",""head_scope"",""population_vintage""]",partial,[],"[""baseline_vintage"",""behavioural_adjustment"",""construction_scope"",""cy_proxies_fy"",""head_scope"",""population_vintage""]",-448235881.7151809,residual_plus_unsized,,"unsized axes: baseline_vintage, behavioural_adjustment, construction_scope, cy_proxies_fy, head_scope, population_vintage",{}
spring_budget_2024,obr_pmd_nov2025:22194:376f5e7bc1c25928,spring_budget_2024__class_4_self_employed_nics_main_rate_cut_2pp,National Insurance contributions (NICs): 2 percentage point cut to the main rate of Class 4 self-employed NICs from 6 April 2024,out_of_household_scope,national_insurance,2024-25,2024,PSCE in RDEL,Spending Measures (Policy measures database),2024-25,0.0,0.0,,,,not_available,not_computed,Source head is outside household tax-benefit scope; retained for event accounting.,"Reverse the announced 1pp/2pp marginal cut on the certified 6% Class 4 world, retaining later policy changes.","[""Static Universal Credit represents only part of the Welfare inside cap head; behavioural earnings, company-tax and departmental channels are absent.""]",[],,,"[""baseline_vintage"",""behavioural_adjustment"",""cy_proxies_fy"",""head_scope"",""population_vintage""]",not_available,[],"[""baseline_vintage"",""behavioural_adjustment"",""cy_proxies_fy"",""head_scope"",""population_vintage""]",,residual_plus_unsized,,no computed counterpart,{}
spring_budget_2024,obr_pmd_nov2025:22200:454271d3e97ec8eb,spring_budget_2024__class_4_self_employed_nics_main_rate_cut_2pp,National Insurance contributions (NICs): 2 percentage point cut to the main rate of Class 4 self-employed NICs from 6 April 2024,out_of_household_scope,national_insurance,2024-25,2024,Scottish BGA (current),Spending Measures (Policy measures database),2024-25,0.0,0.0,,,,not_available,not_computed,Source head is outside household tax-benefit scope; retained for event accounting.,"Reverse the announced 1pp/2pp marginal cut on the certified 6% Class 4 world, retaining later policy changes.","[""Static Universal Credit represents only part of the Welfare inside cap head; behavioural earnings, company-tax and departmental channels are absent.""]",[],,,"[""baseline_vintage"",""behavioural_adjustment"",""cy_proxies_fy"",""head_scope"",""population_vintage""]",not_available,[],"[""baseline_vintage"",""behavioural_adjustment"",""cy_proxies_fy"",""head_scope"",""population_vintage""]",,residual_plus_unsized,,no computed counterpart,{}
spring_budget_2024,obr_pmd_nov2025:22188:9f98363a90ba075c,spring_budget_2024__class_4_self_employed_nics_main_rate_cut_2pp,National Insurance contributions (NICs): 2 percentage point cut to the main rate of Class 4 self-employed NICs from 6 April 2024,partial,national_insurance,2024-25,2024,Welfare inside cap,Spending Measures (Policy measures database),2024-25,8282266.46359137,8282266.46359137,12922100.778694153,4639834.315102783,1.5602131174479081,same_sign_ratio_1.25_to_2,constructed,"Static Universal Credit represents only part of the Welfare inside cap head; behavioural earnings, company-tax and departmental channels are absent.","Reverse the announced 1pp/2pp marginal cut on the certified 6% Class 4 world, retaining later policy changes.","[""Static Universal Credit represents only part of the Welfare inside cap head; behavioural earnings, company-tax and departmental channels are absent.""]","[""universal_credit""]",results/uk/events/spring_budget_2024/spring_budget_2024__class_4_self_employed_nics_main_rate_cut_2pp_2024.json,ffcc6f491732be630b29189d1603666a728313f546618b5e82303e1acdd38434,"[""baseline_vintage"",""behavioural_adjustment"",""construction_scope"",""cy_proxies_fy"",""head_scope"",""population_vintage""]",partial,[],"[""baseline_vintage"",""behavioural_adjustment"",""construction_scope"",""cy_proxies_fy"",""head_scope"",""population_vintage""]",4639834.315102783,residual_plus_unsized,,"unsized axes: baseline_vintage, behavioural_adjustment, construction_scope, cy_proxies_fy, head_scope, population_vintage",{}
spring_budget_2024,obr_pmd_nov2025:10982:c5dd8885d4087144,spring_budget_2024__class_4_self_employed_nics_main_rate_cut_2pp,National Insurance contributions (NICs): 2 percentage point cut to the main rate of Class 4 self-employed NICs from 6 April 2024,out_of_household_scope,national_insurance,2025-26,2025,Corporation tax (onshore),Tax Measures (Policy measures database),2025-26,-168735106.836742,-168735106.836742,,,,not_available,not_computed,Source head is outside household tax-benefit scope; retained for event accounting.,"Reverse the announced 1pp/2pp marginal cut on the certified 6% Class 4 world, retaining later policy changes.","[""Static Universal Credit represents only part of the Welfare inside cap head; behavioural earnings, company-tax and departmental channels are absent.""]",[],,,"[""baseline_vintage"",""behavioural_adjustment"",""cy_proxies_fy"",""head_scope"",""population_vintage""]",not_available,[],"[""baseline_vintage"",""behavioural_adjustment"",""cy_proxies_fy"",""head_scope"",""population_vintage""]",,residual_plus_unsized,,no computed counterpart,{}
spring_budget_2024,obr_pmd_nov2025:10970:e5f920b816ad93c4,spring_budget_2024__class_4_self_employed_nics_main_rate_cut_2pp,National Insurance contributions (NICs): 2 percentage point cut to the main rate of Class 4 self-employed NICs from 6 April 2024,partial,national_insurance,2025-26,2025,Income tax,Tax Measures (Policy measures database),2025-26,-13569766.240896903,-13569766.240896903,0.0,13569766.240896903,-0.0,pe_zero,constructed,"Static Universal Credit represents only part of the Welfare inside cap head; behavioural earnings, company-tax and departmental channels are absent.","Reverse the announced 1pp/2pp marginal cut on the certified 6% Class 4 world, retaining later policy changes.","[""Static Universal Credit represents only part of the Welfare inside cap head; behavioural earnings, company-tax and departmental channels are absent.""]","[""income_tax""]",results/uk/events/spring_budget_2024/spring_budget_2024__class_4_self_employed_nics_main_rate_cut_2pp_2025.json,6dfaaecaa9c800e46c93d152d1637363bd4ceedac75066f48b5af3fa35d74cb0,"[""baseline_vintage"",""behavioural_adjustment"",""construction_scope"",""cy_proxies_fy"",""head_scope"",""population_vintage""]",partial,[],"[""baseline_vintage"",""behavioural_adjustment"",""construction_scope"",""cy_proxies_fy"",""head_scope"",""population_vintage""]",13569766.240896903,residual_plus_unsized,,"unsized axes: baseline_vintage, behavioural_adjustment, construction_scope, cy_proxies_fy, head_scope, population_vintage",{}
spring_budget_2024,obr_pmd_nov2025:10976:230199453880fc45,spring_budget_2024__class_4_self_employed_nics_main_rate_cut_2pp,National Insurance contributions (NICs): 2 percentage point cut to the main rate of Class 4 self-employed NICs from 6 April 2024,partial,national_insurance,2025-26,2025,NICs,Tax Measures (Policy measures database),2025-26,-678431604.2694858,-678431604.2694858,-1129913657.7188382,-451482053.4493524,1.665479100042066,same_sign_ratio_1.25_to_2,constructed,"Static Universal Credit represents only part of the Welfare inside cap head; behavioural earnings, company-tax and departmental channels are absent.","Reverse the announced 1pp/2pp marginal cut on the certified 6% Class 4 world, retaining later policy changes.","[""Static Universal Credit represents only part of the Welfare inside cap head; behavioural earnings, company-tax and departmental channels are absent.""]","[""ni_class_1_employee"",""ni_class_1_employer"",""ni_class_2"",""ni_class_4""]",results/uk/events/spring_budget_2024/spring_budget_2024__class_4_self_employed_nics_main_rate_cut_2pp_2025.json,6dfaaecaa9c800e46c93d152d1637363bd4ceedac75066f48b5af3fa35d74cb0,"[""baseline_vintage"",""behavioural_adjustment"",""construction_scope"",""cy_proxies_fy"",""head_scope"",""population_vintage""]",partial,[],"[""baseline_vintage"",""behavioural_adjustment"",""construction_scope"",""cy_proxies_fy"",""head_scope"",""population_vintage""]",-451482053.4493524,residual_plus_unsized,,"unsized axes: baseline_vintage, behavioural_adjustment, construction_scope, cy_proxies_fy, head_scope, population_vintage",{}
spring_budget_2024,obr_pmd_nov2025:22195:db7688f590170511,spring_budget_2024__class_4_self_employed_nics_main_rate_cut_2pp,National Insurance contributions (NICs): 2 percentage point cut to the main rate of Class 4 self-employed NICs from 6 April 2024,out_of_household_scope,national_insurance,2025-26,2025,PSCE in RDEL,Spending Measures (Policy measures database),2025-26,-114801.40530596992,-114801.40530596992,,,,not_available,not_computed,Source head is outside household tax-benefit scope; retained for event accounting.,"Reverse the announced 1pp/2pp marginal cut on the certified 6% Class 4 world, retaining later policy changes.","[""Static Universal Credit represents only part of the Welfare inside cap head; behavioural earnings, company-tax and departmental channels are absent.""]",[],,,"[""baseline_vintage"",""behavioural_adjustment"",""cy_proxies_fy"",""head_scope"",""population_vintage""]",not_available,[],"[""baseline_vintage"",""behavioural_adjustment"",""cy_proxies_fy"",""head_scope"",""population_vintage""]",,residual_plus_unsized,,no computed counterpart,{}
spring_budget_2024,obr_pmd_nov2025:22201:b16f4f7afafa9096,spring_budget_2024__class_4_self_employed_nics_main_rate_cut_2pp,National Insurance contributions (NICs): 2 percentage point cut to the main rate of Class 4 self-employed NICs from 6 April 2024,out_of_household_scope,national_insurance,2025-26,2025,Scottish BGA (current),Spending Measures (Policy measures database),2025-26,-997809.9481561502,-997809.9481561502,,,,not_available,not_computed,Source head is outside household tax-benefit scope; retained for event accounting.,"Reverse the announced 1pp/2pp marginal cut on the certified 6% Class 4 world, retaining later policy changes.","[""Static Universal Credit represents only part of the Welfare inside cap head; behavioural earnings, company-tax and departmental channels are absent.""]",[],,,"[""baseline_vintage"",""behavioural_adjustment"",""cy_proxies_fy"",""head_scope"",""population_vintage""]",not_available,[],"[""baseline_vintage"",""behavioural_adjustment"",""cy_proxies_fy"",""head_scope"",""population_vintage""]",,residual_plus_unsized,,no computed counterpart,{}
spring_budget_2024,obr_pmd_nov2025:22189:215059939a4b5efc,spring_budget_2024__class_4_self_employed_nics_main_rate_cut_2pp,National Insurance contributions (NICs): 2 percentage point cut to the main rate of Class 4 self-employed NICs from 6 April 2024,partial,national_insurance,2025-26,2025,Welfare inside cap,Spending Measures (Policy measures database),2025-26,10961860.496165676,10961860.496165676,12695757.11100769,1733896.6148420144,1.158175395084485,same_sign_ratio_0.8_to_1.25,constructed,"Static Universal Credit represents only part of the Welfare inside cap head; behavioural earnings, company-tax and departmental channels are absent.","Reverse the announced 1pp/2pp marginal cut on the certified 6% Class 4 world, retaining later policy changes.","[""Static Universal Credit represents only part of the Welfare inside cap head; behavioural earnings, company-tax and departmental channels are absent.""]","[""universal_credit""]",results/uk/events/spring_budget_2024/spring_budget_2024__class_4_self_employed_nics_main_rate_cut_2pp_2025.json,6dfaaecaa9c800e46c93d152d1637363bd4ceedac75066f48b5af3fa35d74cb0,"[""baseline_vintage"",""behavioural_adjustment"",""construction_scope"",""cy_proxies_fy"",""head_scope"",""population_vintage""]",partial,[],"[""baseline_vintage"",""behavioural_adjustment"",""construction_scope"",""cy_proxies_fy"",""head_scope"",""population_vintage""]",1733896.6148420144,residual_plus_unsized,,"unsized axes: baseline_vintage, behavioural_adjustment, construction_scope, cy_proxies_fy, head_scope, population_vintage",{}
spring_budget_2024,obr_pmd_nov2025:10983:7b2d9bff53b719f4,spring_budget_2024__class_4_self_employed_nics_main_rate_cut_2pp,National Insurance contributions (NICs): 2 percentage point cut to the main rate of Class 4 self-employed NICs from 6 April 2024,out_of_household_scope,national_insurance,2026-27,2026,Corporation tax (onshore),Tax Measures (Policy measures database),2026-27,-261460322.13189438,-261460322.13189438,,,,not_available,not_computed,Source head is outside household tax-benefit scope; retained for event accounting.,"Reverse the announced 1pp/2pp marginal cut on the certified 6% Class 4 world, retaining later policy changes.","[""Static Universal Credit represents only part of the Welfare inside cap head; behavioural earnings, company-tax and departmental channels are absent.""]",[],,,"[""baseline_vintage"",""behavioural_adjustment"",""cy_proxies_fy"",""head_scope"",""population_vintage""]",not_available,[],"[""baseline_vintage"",""behavioural_adjustment"",""cy_proxies_fy"",""head_scope"",""population_vintage""]",,residual_plus_unsized,,no computed counterpart,{}
spring_budget_2024,obr_pmd_nov2025:10971:395ed623a9b23942,spring_budget_2024__class_4_self_employed_nics_main_rate_cut_2pp,National Insurance contributions (NICs): 2 percentage point cut to the main rate of Class 4 self-employed NICs from 6 April 2024,partial,national_insurance,2026-27,2026,Income tax,Tax Measures (Policy measures database),2026-27,190810413.8027605,190810413.8027605,0.0,-190810413.8027605,0.0,pe_zero,constructed,"Static Universal Credit represents only part of the Welfare inside cap head; behavioural earnings, company-tax and departmental channels are absent.","Reverse the announced 1pp/2pp marginal cut on the certified 6% Class 4 world, retaining later policy changes.","[""Static Universal Credit represents only part of the Welfare inside cap head; behavioural earnings, company-tax and departmental channels are absent.""]","[""income_tax""]",results/uk/events/spring_budget_2024/spring_budget_2024__class_4_self_employed_nics_main_rate_cut_2pp_2026.json,d814f3a0c7cb6a75f5dbf50558a56e457ae2b87914d36f77d751ec82bf3b18dd,"[""baseline_vintage"",""behavioural_adjustment"",""construction_scope"",""cy_proxies_fy"",""head_scope"",""population_vintage""]",partial,[],"[""baseline_vintage"",""behavioural_adjustment"",""construction_scope"",""cy_proxies_fy"",""head_scope"",""population_vintage""]",-190810413.8027605,residual_plus_unsized,,"unsized axes: baseline_vintage, behavioural_adjustment, construction_scope, cy_proxies_fy, head_scope, population_vintage",{}
spring_budget_2024,obr_pmd_nov2025:10977:57eced9fbf6bab3b,spring_budget_2024__class_4_self_employed_nics_main_rate_cut_2pp,National Insurance contributions (NICs): 2 percentage point cut to the main rate of Class 4 self-employed NICs from 6 April 2024,partial,national_insurance,2026-27,2026,NICs,Tax Measures (Policy measures database),2026-27,-699520927.4729086,-699520927.4729086,-1167913753.6299438,-468392826.15703523,1.6695908696386719,same_sign_ratio_1.25_to_2,constructed,"Static Universal Credit represents only part of the Welfare inside cap head; behavioural earnings, company-tax and departmental channels are absent.","Reverse the announced 1pp/2pp marginal cut on the certified 6% Class 4 world, retaining later policy changes.","[""Static Universal Credit represents only part of the Welfare inside cap head; behavioural earnings, company-tax and departmental channels are absent.""]","[""ni_class_1_employee"",""ni_class_1_employer"",""ni_class_2"",""ni_class_4""]",results/uk/events/spring_budget_2024/spring_budget_2024__class_4_self_employed_nics_main_rate_cut_2pp_2026.json,d814f3a0c7cb6a75f5dbf50558a56e457ae2b87914d36f77d751ec82bf3b18dd,"[""baseline_vintage"",""behavioural_adjustment"",""construction_scope"",""cy_proxies_fy"",""head_scope"",""population_vintage""]",partial,[],"[""baseline_vintage"",""behavioural_adjustment"",""construction_scope"",""cy_proxies_fy"",""head_scope"",""population_vintage""]",-468392826.15703523,residual_plus_unsized,,"unsized axes: baseline_vintage, behavioural_adjustment, construction_scope, cy_proxies_fy, head_scope, population_vintage",{}
spring_budget_2024,obr_pmd_nov2025:22196:7b25d8523b72e3f3,spring_budget_2024__class_4_self_employed_nics_main_rate_cut_2pp,National Insurance contributions (NICs): 2 percentage point cut to the main rate of Class 4 self-employed NICs from 6 April 2024,out_of_household_scope,national_insurance,2026-27,2026,PSCE in RDEL,Spending Measures (Policy measures database),2026-27,2125010.8932561795,2125010.8932561795,,,,not_available,not_computed,Source head is outside household tax-benefit scope; retained for event accounting.,"Reverse the announced 1pp/2pp marginal cut on the certified 6% Class 4 world, retaining later policy changes.","[""Static Universal Credit represents only part of the Welfare inside cap head; behavioural earnings, company-tax and departmental channels are absent.""]",[],,,"[""baseline_vintage"",""behavioural_adjustment"",""cy_proxies_fy"",""head_scope"",""population_vintage""]",not_available,[],"[""baseline_vintage"",""behavioural_adjustment"",""cy_proxies_fy"",""head_scope"",""population_vintage""]",,residual_plus_unsized,,no computed counterpart,{}
spring_budget_2024,obr_pmd_nov2025:22202:b518451c4427e13f,spring_budget_2024__class_4_self_employed_nics_main_rate_cut_2pp,National Insurance contributions (NICs): 2 percentage point cut to the main rate of Class 4 self-employed NICs from 6 April 2024,out_of_household_scope,national_insurance,2026-27,2026,Scottish BGA (current),Spending Measures (Policy measures database),2026-27,18510713.28964108,18510713.28964108,,,,not_available,not_computed,Source head is outside household tax-benefit scope; retained for event accounting.,"Reverse the announced 1pp/2pp marginal cut on the certified 6% Class 4 world, retaining later policy changes.","[""Static Universal Credit represents only part of the Welfare inside cap head; behavioural earnings, company-tax and departmental channels are absent.""]",[],,,"[""baseline_vintage"",""behavioural_adjustment"",""cy_proxies_fy"",""head_scope"",""population_vintage""]",not_available,[],"[""baseline_vintage"",""behavioural_adjustment"",""cy_proxies_fy"",""head_scope"",""population_vintage""]",,residual_plus_unsized,,no computed counterpart,{}
spring_budget_2024,obr_pmd_nov2025:22190:dc5ace295177c84b,spring_budget_2024__class_4_self_employed_nics_main_rate_cut_2pp,National Insurance contributions (NICs): 2 percentage point cut to the main rate of Class 4 self-employed NICs from 6 April 2024,partial,national_insurance,2026-27,2026,Welfare inside cap,Spending Measures (Policy measures database),2026-27,12431759.575112479,12431759.575112479,15403093.633636475,2971334.058523996,1.239011544630609,same_sign_ratio_0.8_to_1.25,constructed,"Static Universal Credit represents only part of the Welfare inside cap head; behavioural earnings, company-tax and departmental channels are absent.","Reverse the announced 1pp/2pp marginal cut on the certified 6% Class 4 world, retaining later policy changes.","[""Static Universal Credit represents only part of the Welfare inside cap head; behavioural earnings, company-tax and departmental channels are absent.""]","[""universal_credit""]",results/uk/events/spring_budget_2024/spring_budget_2024__class_4_self_employed_nics_main_rate_cut_2pp_2026.json,d814f3a0c7cb6a75f5dbf50558a56e457ae2b87914d36f77d751ec82bf3b18dd,"[""baseline_vintage"",""behavioural_adjustment"",""construction_scope"",""cy_proxies_fy"",""head_scope"",""population_vintage""]",partial,[],"[""baseline_vintage"",""behavioural_adjustment"",""construction_scope"",""cy_proxies_fy"",""head_scope"",""population_vintage""]",2971334.058523996,residual_plus_unsized,,"unsized axes: baseline_vintage, behavioural_adjustment, construction_scope, cy_proxies_fy, head_scope, population_vintage",{}
spring_budget_2024,obr_pmd_nov2025:10984:f4db3cecac0c3af9,spring_budget_2024__class_4_self_employed_nics_main_rate_cut_2pp,National Insurance contributions (NICs): 2 percentage point cut to the main rate of Class 4 self-employed NICs from 6 April 2024,out_of_household_scope,national_insurance,2027-28,2027,Corporation tax (onshore),Tax Measures (Policy measures database),2027-28,-340412870.2895398,-340412870.2895398,,,,not_available,not_computed,Source head is outside household tax-benefit scope; retained for event accounting.,"Reverse the announced 1pp/2pp marginal cut on the certified 6% Class 4 world, retaining later policy changes.","[""Static Universal Credit represents only part of the Welfare inside cap head; behavioural earnings, company-tax and departmental channels are absent.""]",[],,,"[""baseline_vintage"",""behavioural_adjustment"",""cy_proxies_fy"",""head_scope"",""population_vintage""]",not_available,[],"[""baseline_vintage"",""behavioural_adjustment"",""cy_proxies_fy"",""head_scope"",""population_vintage""]",,residual_plus_unsized,,no computed counterpart,{}
spring_budget_2024,obr_pmd_nov2025:10972:7571c928a69b0431,spring_budget_2024__class_4_self_employed_nics_main_rate_cut_2pp,National Insurance contributions (NICs): 2 percentage point cut to the main rate of Class 4 self-employed NICs from 6 April 2024,partial,national_insurance,2027-28,2027,Income tax,Tax Measures (Policy measures database),2027-28,280547244.177091,280547244.177091,0.0,-280547244.177091,0.0,pe_zero,constructed,"Static Universal Credit represents only part of the Welfare inside cap head; behavioural earnings, company-tax and departmental channels are absent.","Reverse the announced 1pp/2pp marginal cut on the certified 6% Class 4 world, retaining later policy changes.","[""Static Universal Credit represents only part of the Welfare inside cap head; behavioural earnings, company-tax and departmental channels are absent.""]","[""income_tax""]",results/uk/events/spring_budget_2024/spring_budget_2024__class_4_self_employed_nics_main_rate_cut_2pp_2027.json,9411f83de5a260f1c00b5791bfd7d8734364a16f1e59b2a73a2a2358e4451e57,"[""baseline_vintage"",""behavioural_adjustment"",""construction_scope"",""cy_proxies_fy"",""head_scope"",""population_vintage""]",partial,[],"[""baseline_vintage"",""behavioural_adjustment"",""construction_scope"",""cy_proxies_fy"",""head_scope"",""population_vintage""]",-280547244.177091,residual_plus_unsized,,"unsized axes: baseline_vintage, behavioural_adjustment, construction_scope, cy_proxies_fy, head_scope, population_vintage",{}
spring_budget_2024,obr_pmd_nov2025:10978:58862ededbda2b44,spring_budget_2024__class_4_self_employed_nics_main_rate_cut_2pp,National Insurance contributions (NICs): 2 percentage point cut to the main rate of Class 4 self-employed NICs from 6 April 2024,partial,national_insurance,2027-28,2027,NICs,Tax Measures (Policy measures database),2027-28,-724046189.4069313,-724046189.4069313,-1215475927.791809,-491429738.3848778,1.6787270557799767,same_sign_ratio_1.25_to_2,constructed,"Static Universal Credit represents only part of the Welfare inside cap head; behavioural earnings, company-tax and departmental channels are absent.","Reverse the announced 1pp/2pp marginal cut on the certified 6% Class 4 world, retaining later policy changes.","[""Static Universal Credit represents only part of the Welfare inside cap head; behavioural earnings, company-tax and departmental channels are absent.""]","[""ni_class_1_employee"",""ni_class_1_employer"",""ni_class_2"",""ni_class_4""]",results/uk/events/spring_budget_2024/spring_budget_2024__class_4_self_employed_nics_main_rate_cut_2pp_2027.json,9411f83de5a260f1c00b5791bfd7d8734364a16f1e59b2a73a2a2358e4451e57,"[""baseline_vintage"",""behavioural_adjustment"",""construction_scope"",""cy_proxies_fy"",""head_scope"",""population_vintage""]",partial,[],"[""baseline_vintage"",""behavioural_adjustment"",""construction_scope"",""cy_proxies_fy"",""head_scope"",""population_vintage""]",-491429738.3848778,residual_plus_unsized,,"unsized axes: baseline_vintage, behavioural_adjustment, construction_scope, cy_proxies_fy, head_scope, population_vintage",{}
spring_budget_2024,obr_pmd_nov2025:22197:1c94607e6780e917,spring_budget_2024__class_4_self_employed_nics_main_rate_cut_2pp,National Insurance contributions (NICs): 2 percentage point cut to the main rate of Class 4 self-employed NICs from 6 April 2024,out_of_household_scope,national_insurance,2027-28,2027,PSCE in RDEL,Spending Measures (Policy measures database),2027-28,3140514.8034139248,3140514.8034139248,,,,not_available,not_computed,Source head is outside household tax-benefit scope; retained for event accounting.,"Reverse the announced 1pp/2pp marginal cut on the certified 6% Class 4 world, retaining later policy changes.","[""Static Universal Credit represents only part of the Welfare inside cap head; behavioural earnings, company-tax and departmental channels are absent.""]",[],,,"[""baseline_vintage"",""behavioural_adjustment"",""cy_proxies_fy"",""head_scope"",""population_vintage""]",not_available,[],"[""baseline_vintage"",""behavioural_adjustment"",""cy_proxies_fy"",""head_scope"",""population_vintage""]",,residual_plus_unsized,,no computed counterpart,{}
spring_budget_2024,obr_pmd_nov2025:22203:bdc8349aedf6e875,spring_budget_2024__class_4_self_employed_nics_main_rate_cut_2pp,National Insurance contributions (NICs): 2 percentage point cut to the main rate of Class 4 self-employed NICs from 6 April 2024,out_of_household_scope,national_insurance,2027-28,2027,Scottish BGA (current),Spending Measures (Policy measures database),2027-28,27845249.26110863,27845249.26110863,,,,not_available,not_computed,Source head is outside household tax-benefit scope; retained for event accounting.,"Reverse the announced 1pp/2pp marginal cut on the certified 6% Class 4 world, retaining later policy changes.","[""Static Universal Credit represents only part of the Welfare inside cap head; behavioural earnings, company-tax and departmental channels are absent.""]",[],,,"[""baseline_vintage"",""behavioural_adjustment"",""cy_proxies_fy"",""head_scope"",""population_vintage""]",not_available,[],"[""baseline_vintage"",""behavioural_adjustment"",""cy_proxies_fy"",""head_scope"",""population_vintage""]",,residual_plus_unsized,,no computed counterpart,{}
spring_budget_2024,obr_pmd_nov2025:22191:6f3ee686a895fd60,spring_budget_2024__class_4_self_employed_nics_main_rate_cut_2pp,National Insurance contributions (NICs): 2 percentage point cut to the main rate of Class 4 self-employed NICs from 6 April 2024,partial,national_insurance,2027-28,2027,Welfare inside cap,Spending Measures (Policy measures database),2027-28,12442805.897162085,12442805.897162085,16239100.814880371,3796294.9177182857,1.305099585181517,same_sign_ratio_1.25_to_2,constructed,"Static Universal Credit represents only part of the Welfare inside cap head; behavioural earnings, company-tax and departmental channels are absent.","Reverse the announced 1pp/2pp marginal cut on the certified 6% Class 4 world, retaining later policy changes.","[""Static Universal Credit represents only part of the Welfare inside cap head; behavioural earnings, company-tax and departmental channels are absent.""]","[""universal_credit""]",results/uk/events/spring_budget_2024/spring_budget_2024__class_4_self_employed_nics_main_rate_cut_2pp_2027.json,9411f83de5a260f1c00b5791bfd7d8734364a16f1e59b2a73a2a2358e4451e57,"[""baseline_vintage"",""behavioural_adjustment"",""construction_scope"",""cy_proxies_fy"",""head_scope"",""population_vintage""]",partial,[],"[""baseline_vintage"",""behavioural_adjustment"",""construction_scope"",""cy_proxies_fy"",""head_scope"",""population_vintage""]",3796294.9177182857,residual_plus_unsized,,"unsized axes: baseline_vintage, behavioural_adjustment, construction_scope, cy_proxies_fy, head_scope, population_vintage",{}
spring_budget_2024,obr_pmd_nov2025:10985:22cea5b4798ba0ee,spring_budget_2024__class_4_self_employed_nics_main_rate_cut_2pp,National Insurance contributions (NICs): 2 percentage point cut to the main rate of Class 4 self-employed NICs from 6 April 2024,out_of_household_scope,national_insurance,2028-29,2028,Corporation tax (onshore),Tax Measures (Policy measures database),2028-29,-410829092.7864674,-410829092.7864674,,,,not_available,not_computed,Source head is outside household tax-benefit scope; retained for event accounting.,"Reverse the announced 1pp/2pp marginal cut on the certified 6% Class 4 world, retaining later policy changes.","[""Static Universal Credit represents only part of the Welfare inside cap head; behavioural earnings, company-tax and departmental channels are absent.""]",[],,,"[""baseline_vintage"",""behavioural_adjustment"",""cy_proxies_fy"",""head_scope"",""population_vintage""]",not_available,[],"[""baseline_vintage"",""behavioural_adjustment"",""cy_proxies_fy"",""head_scope"",""population_vintage""]",,residual_plus_unsized,,no computed counterpart,{}
spring_budget_2024,obr_pmd_nov2025:10973:fd336468dba2c601,spring_budget_2024__class_4_self_employed_nics_main_rate_cut_2pp,National Insurance contributions (NICs): 2 percentage point cut to the main rate of Class 4 self-employed NICs from 6 April 2024,partial,national_insurance,2028-29,2028,Income tax,Tax Measures (Policy measures database),2028-29,360149917.4721497,360149917.4721497,0.0,-360149917.4721497,0.0,pe_zero,constructed,"Static Universal Credit represents only part of the Welfare inside cap head; behavioural earnings, company-tax and departmental channels are absent.","Reverse the announced 1pp/2pp marginal cut on the certified 6% Class 4 world, retaining later policy changes.","[""Static Universal Credit represents only part of the Welfare inside cap head; behavioural earnings, company-tax and departmental channels are absent.""]","[""income_tax""]",results/uk/events/spring_budget_2024/spring_budget_2024__class_4_self_employed_nics_main_rate_cut_2pp_2028.json,f0f483a5c5153c97db991f069aaa65ed78ba3d96e4b779f54ba9dbefe81aace1,"[""baseline_vintage"",""behavioural_adjustment"",""construction_scope"",""cy_proxies_fy"",""head_scope"",""population_vintage""]",partial,[],"[""baseline_vintage"",""behavioural_adjustment"",""construction_scope"",""cy_proxies_fy"",""head_scope"",""population_vintage""]",-360149917.4721497,residual_plus_unsized,,"unsized axes: baseline_vintage, behavioural_adjustment, construction_scope, cy_proxies_fy, head_scope, population_vintage",{}
spring_budget_2024,obr_pmd_nov2025:10979:3e84f55a7dc5bd63,spring_budget_2024__class_4_self_employed_nics_main_rate_cut_2pp,National Insurance contributions (NICs): 2 percentage point cut to the main rate of Class 4 self-employed NICs from 6 April 2024,partial,national_insurance,2028-29,2028,NICs,Tax Measures (Policy measures database),2028-29,-764340090.0783666,-764340090.0783666,-1263944357.8132381,-499604267.7348715,1.6536413230446252,same_sign_ratio_1.25_to_2,constructed,"Static Universal Credit represents only part of the Welfare inside cap head; behavioural earnings, company-tax and departmental channels are absent.","Reverse the announced 1pp/2pp marginal cut on the certified 6% Class 4 world, retaining later policy changes.","[""Static Universal Credit represents only part of the Welfare inside cap head; behavioural earnings, company-tax and departmental channels are absent.""]","[""ni_class_1_employee"",""ni_class_1_employer"",""ni_class_2"",""ni_class_4""]",results/uk/events/spring_budget_2024/spring_budget_2024__class_4_self_employed_nics_main_rate_cut_2pp_2028.json,f0f483a5c5153c97db991f069aaa65ed78ba3d96e4b779f54ba9dbefe81aace1,"[""baseline_vintage"",""behavioural_adjustment"",""construction_scope"",""cy_proxies_fy"",""head_scope"",""population_vintage""]",partial,[],"[""baseline_vintage"",""behavioural_adjustment"",""construction_scope"",""cy_proxies_fy"",""head_scope"",""population_vintage""]",-499604267.7348715,residual_plus_unsized,,"unsized axes: baseline_vintage, behavioural_adjustment, construction_scope, cy_proxies_fy, head_scope, population_vintage",{}
spring_budget_2024,obr_pmd_nov2025:22198:f6d029286c02e545,spring_budget_2024__class_4_self_employed_nics_main_rate_cut_2pp,National Insurance contributions (NICs): 2 percentage point cut to the main rate of Class 4 self-employed NICs from 6 April 2024,out_of_household_scope,national_insurance,2028-29,2028,PSCE in RDEL,Spending Measures (Policy measures database),2028-29,4010573.3368453695,4010573.3368453695,,,,not_available,not_computed,Source head is outside household tax-benefit scope; retained for event accounting.,"Reverse the announced 1pp/2pp marginal cut on the certified 6% Class 4 world, retaining later policy changes.","[""Static Universal Credit represents only part of the Welfare inside cap head; behavioural earnings, company-tax and departmental channels are absent.""]",[],,,"[""baseline_vintage"",""behavioural_adjustment"",""cy_proxies_fy"",""head_scope"",""population_vintage""]",not_available,[],"[""baseline_vintage"",""behavioural_adjustment"",""cy_proxies_fy"",""head_scope"",""population_vintage""]",,residual_plus_unsized,,no computed counterpart,{}
spring_budget_2024,obr_pmd_nov2025:22204:5467614330bcf0e5,spring_budget_2024__class_4_self_employed_nics_main_rate_cut_2pp,National Insurance contributions (NICs): 2 percentage point cut to the main rate of Class 4 self-employed NICs from 6 April 2024,out_of_household_scope,national_insurance,2028-29,2028,Scottish BGA (current),Spending Measures (Policy measures database),2028-29,36067685.735214405,36067685.735214405,,,,not_available,not_computed,Source head is outside household tax-benefit scope; retained for event accounting.,"Reverse the announced 1pp/2pp marginal cut on the certified 6% Class 4 world, retaining later policy changes.","[""Static Universal Credit represents only part of the Welfare inside cap head; behavioural earnings, company-tax and departmental channels are absent.""]",[],,,"[""baseline_vintage"",""behavioural_adjustment"",""cy_proxies_fy"",""head_scope"",""population_vintage""]",not_available,[],"[""baseline_vintage"",""behavioural_adjustment"",""cy_proxies_fy"",""head_scope"",""population_vintage""]",,residual_plus_unsized,,no computed counterpart,{}
spring_budget_2024,obr_pmd_nov2025:22192:79bd1761809b7468,spring_budget_2024__class_4_self_employed_nics_main_rate_cut_2pp,National Insurance contributions (NICs): 2 percentage point cut to the main rate of Class 4 self-employed NICs from 6 April 2024,partial,national_insurance,2028-29,2028,Welfare inside cap,Spending Measures (Policy measures database),2028-29,13483110.03993607,13483110.03993607,16707183.741485596,3224073.7015495263,1.239119438467834,same_sign_ratio_0.8_to_1.25,constructed,"Static Universal Credit represents only part of the Welfare inside cap head; behavioural earnings, company-tax and departmental channels are absent.","Reverse the announced 1pp/2pp marginal cut on the certified 6% Class 4 world, retaining later policy changes.","[""Static Universal Credit represents only part of the Welfare inside cap head; behavioural earnings, company-tax and departmental channels are absent.""]","[""universal_credit""]",results/uk/events/spring_budget_2024/spring_budget_2024__class_4_self_employed_nics_main_rate_cut_2pp_2028.json,f0f483a5c5153c97db991f069aaa65ed78ba3d96e4b779f54ba9dbefe81aace1,"[""baseline_vintage"",""behavioural_adjustment"",""construction_scope"",""cy_proxies_fy"",""head_scope"",""population_vintage""]",partial,[],"[""baseline_vintage"",""behavioural_adjustment"",""construction_scope"",""cy_proxies_fy"",""head_scope"",""population_vintage""]",3224073.7015495263,residual_plus_unsized,,"unsized axes: baseline_vintage, behavioural_adjustment, construction_scope, cy_proxies_fy, head_scope, population_vintage",{}
spring_budget_2024,obr_pmd_nov2025:11334:87e1d70a34202ffd,spring_budget_2024__council_tax_police_precept_5e4513c9,Council Tax: police precept,not_expressible,other,2023-24,2023,Council Tax,Tax Measures (Policy measures database),2023-24,0.0,0.0,,,,not_available,not_computed,"The announcement needs a targeted tax-base, entitlement, transaction or programme mechanism not established as an executable reform on the certified household population.","The announcement needs a targeted tax-base, entitlement, transaction or programme mechanism not established as an executable reform on the certified household population.","[""The announcement needs a targeted tax-base, entitlement, transaction or programme mechanism not established as an executable reform on the certified household population.""]",[],,,"[""baseline_vintage"",""behavioural_adjustment"",""cy_proxies_fy"",""head_scope"",""population_vintage""]",not_available,[],"[""baseline_vintage"",""behavioural_adjustment"",""cy_proxies_fy"",""head_scope"",""population_vintage""]",,residual_plus_unsized,,no computed counterpart,{}
spring_budget_2024,obr_pmd_nov2025:22499:09301d5948c37dbe,spring_budget_2024__council_tax_police_precept_5e4513c9,Council Tax: police precept,out_of_household_scope,other,2023-24,2023,Locally-financed current expenditure,Spending Measures (Policy measures database),2023-24,0.0,0.0,,,,not_available,not_computed,Source head is outside household tax-benefit scope; retained for event accounting.,"The announcement needs a targeted tax-base, entitlement, transaction or programme mechanism not established as an executable reform on the certified household population.","[""The announcement needs a targeted tax-base, entitlement, transaction or programme mechanism not established as an executable reform on the certified household population.""]",[],,,"[""baseline_vintage"",""behavioural_adjustment"",""cy_proxies_fy"",""head_scope"",""population_vintage""]",not_available,[],"[""baseline_vintage"",""behavioural_adjustment"",""cy_proxies_fy"",""head_scope"",""population_vintage""]",,residual_plus_unsized,,no computed counterpart,{}
spring_budget_2024,obr_pmd_nov2025:11335:75a4c76baab95d63,spring_budget_2024__council_tax_police_precept_5e4513c9,Council Tax: police precept,not_expressible,other,2024-25,2024,Council Tax,Tax Measures (Policy measures database),2024-25,41000000.0,41000000.0,,,,not_available,not_computed,"The announcement needs a targeted tax-base, entitlement, transaction or programme mechanism not established as an executable reform on the certified household population.","The announcement needs a targeted tax-base, entitlement, transaction or programme mechanism not established as an executable reform on the certified household population.","[""The announcement needs a targeted tax-base, entitlement, transaction or programme mechanism not established as an executable reform on the certified household population.""]",[],,,"[""baseline_vintage"",""behavioural_adjustment"",""cy_proxies_fy"",""head_scope"",""population_vintage""]",not_available,[],"[""baseline_vintage"",""behavioural_adjustment"",""cy_proxies_fy"",""head_scope"",""population_vintage""]",,residual_plus_unsized,,no computed counterpart,{}
spring_budget_2024,obr_pmd_nov2025:22500:e95ebbc0fb283035,spring_budget_2024__council_tax_police_precept_5e4513c9,Council Tax: police precept,out_of_household_scope,other,2024-25,2024,Locally-financed current expenditure,Spending Measures (Policy measures database),2024-25,-41000000.0,-41000000.0,,,,not_available,not_computed,Source head is outside household tax-benefit scope; retained for event accounting.,"The announcement needs a targeted tax-base, entitlement, transaction or programme mechanism not established as an executable reform on the certified household population.","[""The announcement needs a targeted tax-base, entitlement, transaction or programme mechanism not established as an executable reform on the certified household population.""]",[],,,"[""baseline_vintage"",""behavioural_adjustment"",""cy_proxies_fy"",""head_scope"",""population_vintage""]",not_available,[],"[""baseline_vintage"",""behavioural_adjustment"",""cy_proxies_fy"",""head_scope"",""population_vintage""]",,residual_plus_unsized,,no computed counterpart,{}
spring_budget_2024,obr_pmd_nov2025:11336:49c05482500bf25f,spring_budget_2024__council_tax_police_precept_5e4513c9,Council Tax: police precept,not_expressible,other,2025-26,2025,Council Tax,Tax Measures (Policy measures database),2025-26,45000000.0,45000000.0,,,,not_available,not_computed,"The announcement needs a targeted tax-base, entitlement, transaction or programme mechanism not established as an executable reform on the certified household population.","The announcement needs a targeted tax-base, entitlement, transaction or programme mechanism not established as an executable reform on the certified household population.","[""The announcement needs a targeted tax-base, entitlement, transaction or programme mechanism not established as an executable reform on the certified household population.""]",[],,,"[""baseline_vintage"",""behavioural_adjustment"",""cy_proxies_fy"",""head_scope"",""population_vintage""]",not_available,[],"[""baseline_vintage"",""behavioural_adjustment"",""cy_proxies_fy"",""head_scope"",""population_vintage""]",,residual_plus_unsized,,no computed counterpart,{}
spring_budget_2024,obr_pmd_nov2025:22501:eac7e3eb02608a05,spring_budget_2024__council_tax_police_precept_5e4513c9,Council Tax: police precept,out_of_household_scope,other,2025-26,2025,Locally-financed current expenditure,Spending Measures (Policy measures database),2025-26,-45000000.0,-45000000.0,,,,not_available,not_computed,Source head is outside household tax-benefit scope; retained for event accounting.,"The announcement needs a targeted tax-base, entitlement, transaction or programme mechanism not established as an executable reform on the certified household population.","[""The announcement needs a targeted tax-base, entitlement, transaction or programme mechanism not established as an executable reform on the certified household population.""]",[],,,"[""baseline_vintage"",""behavioural_adjustment"",""cy_proxies_fy"",""head_scope"",""population_vintage""]",not_available,[],"[""baseline_vintage"",""behavioural_adjustment"",""cy_proxies_fy"",""head_scope"",""population_vintage""]",,residual_plus_unsized,,no computed counterpart,{}
spring_budget_2024,obr_pmd_nov2025:11337:724d65c7b13af015,spring_budget_2024__council_tax_police_precept_5e4513c9,Council Tax: police precept,not_expressible,other,2026-27,2026,Council Tax,Tax Measures (Policy measures database),2026-27,57000000.0,57000000.0,,,,not_available,not_computed,"The announcement needs a targeted tax-base, entitlement, transaction or programme mechanism not established as an executable reform on the certified household population.","The announcement needs a targeted tax-base, entitlement, transaction or programme mechanism not established as an executable reform on the certified household population.","[""The announcement needs a targeted tax-base, entitlement, transaction or programme mechanism not established as an executable reform on the certified household population.""]",[],,,"[""baseline_vintage"",""behavioural_adjustment"",""cy_proxies_fy"",""head_scope"",""population_vintage""]",not_available,[],"[""baseline_vintage"",""behavioural_adjustment"",""cy_proxies_fy"",""head_scope"",""population_vintage""]",,residual_plus_unsized,,no computed counterpart,{}
spring_budget_2024,obr_pmd_nov2025:22502:bb1ac34a29dfdb3f,spring_budget_2024__council_tax_police_precept_5e4513c9,Council Tax: police precept,out_of_household_scope,other,2026-27,2026,Locally-financed current expenditure,Spending Measures (Policy measures database),2026-27,-57000000.0,-57000000.0,,,,not_available,not_computed,Source head is outside household tax-benefit scope; retained for event accounting.,"The announcement needs a targeted tax-base, entitlement, transaction or programme mechanism not established as an executable reform on the certified household population.","[""The announcement needs a targeted tax-base, entitlement, transaction or programme mechanism not established as an executable reform on the certified household population.""]",[],,,"[""baseline_vintage"",""behavioural_adjustment"",""cy_proxies_fy"",""head_scope"",""population_vintage""]",not_available,[],"[""baseline_vintage"",""behavioural_adjustment"",""cy_proxies_fy"",""head_scope"",""population_vintage""]",,residual_plus_unsized,,no computed counterpart,{}
spring_budget_2024,obr_pmd_nov2025:11338:0017bceabd59859b,spring_budget_2024__council_tax_police_precept_5e4513c9,Council Tax: police precept,not_expressible,other,2027-28,2027,Council Tax,Tax Measures (Policy measures database),2027-28,80000000.0,80000000.0,,,,not_available,not_computed,"The announcement needs a targeted tax-base, entitlement, transaction or programme mechanism not established as an executable reform on the certified household population.","The announcement needs a targeted tax-base, entitlement, transaction or programme mechanism not established as an executable reform on the certified household population.","[""The announcement needs a targeted tax-base, entitlement, transaction or programme mechanism not established as an executable reform on the certified household population.""]",[],,,"[""baseline_vintage"",""behavioural_adjustment"",""cy_proxies_fy"",""head_scope"",""population_vintage""]",not_available,[],"[""baseline_vintage"",""behavioural_adjustment"",""cy_proxies_fy"",""head_scope"",""population_vintage""]",,residual_plus_unsized,,no computed counterpart,{}
spring_budget_2024,obr_pmd_nov2025:22503:a7672eb74088ca51,spring_budget_2024__council_tax_police_precept_5e4513c9,Council Tax: police precept,out_of_household_scope,other,2027-28,2027,Locally-financed current expenditure,Spending Measures (Policy measures database),2027-28,-80000000.0,-80000000.0,,,,not_available,not_computed,Source head is outside household tax-benefit scope; retained for event accounting.,"The announcement needs a targeted tax-base, entitlement, transaction or programme mechanism not established as an executable reform on the certified household population.","[""The announcement needs a targeted tax-base, entitlement, transaction or programme mechanism not established as an executable reform on the certified household population.""]",[],,,"[""baseline_vintage"",""behavioural_adjustment"",""cy_proxies_fy"",""head_scope"",""population_vintage""]",not_available,[],"[""baseline_vintage"",""behavioural_adjustment"",""cy_proxies_fy"",""head_scope"",""population_vintage""]",,residual_plus_unsized,,no computed counterpart,{}
spring_budget_2024,obr_pmd_nov2025:11339:37b5129318ec13bb,spring_budget_2024__council_tax_police_precept_5e4513c9,Council Tax: police precept,not_expressible,other,2028-29,2028,Council Tax,Tax Measures (Policy measures database),2028-29,106000000.0,106000000.0,,,,not_available,not_computed,"The announcement needs a targeted tax-base, entitlement, transaction or programme mechanism not established as an executable reform on the certified household population.","The announcement needs a targeted tax-base, entitlement, transaction or programme mechanism not established as an executable reform on the certified household population.","[""The announcement needs a targeted tax-base, entitlement, transaction or programme mechanism not established as an executable reform on the certified household population.""]",[],,,"[""baseline_vintage"",""behavioural_adjustment"",""cy_proxies_fy"",""head_scope"",""population_vintage""]",not_available,[],"[""baseline_vintage"",""behavioural_adjustment"",""cy_proxies_fy"",""head_scope"",""population_vintage""]",,residual_plus_unsized,,no computed counterpart,{}
spring_budget_2024,obr_pmd_nov2025:22504:168372f52dd77c2b,spring_budget_2024__council_tax_police_precept_5e4513c9,Council Tax: police precept,out_of_household_scope,other,2028-29,2028,Locally-financed current expenditure,Spending Measures (Policy measures database),2028-29,-106000000.0,-106000000.0,,,,not_available,not_computed,Source head is outside household tax-benefit scope; retained for event accounting.,"The announcement needs a targeted tax-base, entitlement, transaction or programme mechanism not established as an executable reform on the certified household population.","[""The announcement needs a targeted tax-base, entitlement, transaction or programme mechanism not established as an executable reform on the certified household population.""]",[],,,"[""baseline_vintage"",""behavioural_adjustment"",""cy_proxies_fy"",""head_scope"",""population_vintage""]",not_available,[],"[""baseline_vintage"",""behavioural_adjustment"",""cy_proxies_fy"",""head_scope"",""population_vintage""]",,residual_plus_unsized,,no computed counterpart,{}
spring_budget_2024,obr_pmd_nov2025:11328:564df0a5befe663e,spring_budget_2024__council_tax_referendum_flexibilities_60ac2064,Council Tax: referendum flexibilities,not_expressible,other,2023-24,2023,Council Tax,Tax Measures (Policy measures database),2023-24,0.0,0.0,,,,not_available,not_computed,"The announcement needs a targeted tax-base, entitlement, transaction or programme mechanism not established as an executable reform on the certified household population.","The announcement needs a targeted tax-base, entitlement, transaction or programme mechanism not established as an executable reform on the certified household population.","[""The announcement needs a targeted tax-base, entitlement, transaction or programme mechanism not established as an executable reform on the certified household population.""]",[],,,"[""baseline_vintage"",""behavioural_adjustment"",""cy_proxies_fy"",""head_scope"",""population_vintage""]",not_available,[],"[""baseline_vintage"",""behavioural_adjustment"",""cy_proxies_fy"",""head_scope"",""population_vintage""]",,residual_plus_unsized,,no computed counterpart,{}
spring_budget_2024,obr_pmd_nov2025:22493:b408ec960ad282d7,spring_budget_2024__council_tax_referendum_flexibilities_60ac2064,Council Tax: referendum flexibilities,out_of_household_scope,other,2023-24,2023,Locally-financed current expenditure,Spending Measures (Policy measures database),2023-24,0.0,0.0,,,,not_available,not_computed,Source head is outside household tax-benefit scope; retained for event accounting.,"The announcement needs a targeted tax-base, entitlement, transaction or programme mechanism not established as an executable reform on the certified household population.","[""The announcement needs a targeted tax-base, entitlement, transaction or programme mechanism not established as an executable reform on the certified household population.""]",[],,,"[""baseline_vintage"",""behavioural_adjustment"",""cy_proxies_fy"",""head_scope"",""population_vintage""]",not_available,[],"[""baseline_vintage"",""behavioural_adjustment"",""cy_proxies_fy"",""head_scope"",""population_vintage""]",,residual_plus_unsized,,no computed counterpart,{}
spring_budget_2024,obr_pmd_nov2025:11329:58653d15ab2c4c05,spring_budget_2024__council_tax_referendum_flexibilities_60ac2064,Council Tax: referendum flexibilities,not_expressible,other,2024-25,2024,Council Tax,Tax Measures (Policy measures database),2024-25,29000000.0,29000000.0,,,,not_available,not_computed,"The announcement needs a targeted tax-base, entitlement, transaction or programme mechanism not established as an executable reform on the certified household population.","The announcement needs a targeted tax-base, entitlement, transaction or programme mechanism not established as an executable reform on the certified household population.","[""The announcement needs a targeted tax-base, entitlement, transaction or programme mechanism not established as an executable reform on the certified household population.""]",[],,,"[""baseline_vintage"",""behavioural_adjustment"",""cy_proxies_fy"",""head_scope"",""population_vintage""]",not_available,[],"[""baseline_vintage"",""behavioural_adjustment"",""cy_proxies_fy"",""head_scope"",""population_vintage""]",,residual_plus_unsized,,no computed counterpart,{}
spring_budget_2024,obr_pmd_nov2025:22494:523c40bd614976b1,spring_budget_2024__council_tax_referendum_flexibilities_60ac2064,Council Tax: referendum flexibilities,out_of_household_scope,other,2024-25,2024,Locally-financed current expenditure,Spending Measures (Policy measures database),2024-25,-29000000.0,-29000000.0,,,,not_available,not_computed,Source head is outside household tax-benefit scope; retained for event accounting.,"The announcement needs a targeted tax-base, entitlement, transaction or programme mechanism not established as an executable reform on the certified household population.","[""The announcement needs a targeted tax-base, entitlement, transaction or programme mechanism not established as an executable reform on the certified household population.""]",[],,,"[""baseline_vintage"",""behavioural_adjustment"",""cy_proxies_fy"",""head_scope"",""population_vintage""]",not_available,[],"[""baseline_vintage"",""behavioural_adjustment"",""cy_proxies_fy"",""head_scope"",""population_vintage""]",,residual_plus_unsized,,no computed counterpart,{}
spring_budget_2024,obr_pmd_nov2025:11330:e5b86a234c1a4768,spring_budget_2024__council_tax_referendum_flexibilities_60ac2064,Council Tax: referendum flexibilities,not_expressible,other,2025-26,2025,Council Tax,Tax Measures (Policy measures database),2025-26,31000000.0,31000000.0,,,,not_available,not_computed,"The announcement needs a targeted tax-base, entitlement, transaction or programme mechanism not established as an executable reform on the certified household population.","The announcement needs a targeted tax-base, entitlement, transaction or programme mechanism not established as an executable reform on the certified household population.","[""The announcement needs a targeted tax-base, entitlement, transaction or programme mechanism not established as an executable reform on the certified household population.""]",[],,,"[""baseline_vintage"",""behavioural_adjustment"",""cy_proxies_fy"",""head_scope"",""population_vintage""]",not_available,[],"[""baseline_vintage"",""behavioural_adjustment"",""cy_proxies_fy"",""head_scope"",""population_vintage""]",,residual_plus_unsized,,no computed counterpart,{}
spring_budget_2024,obr_pmd_nov2025:22495:9a0c784fe0965a08,spring_budget_2024__council_tax_referendum_flexibilities_60ac2064,Council Tax: referendum flexibilities,out_of_household_scope,other,2025-26,2025,Locally-financed current expenditure,Spending Measures (Policy measures database),2025-26,-31000000.0,-31000000.0,,,,not_available,not_computed,Source head is outside household tax-benefit scope; retained for event accounting.,"The announcement needs a targeted tax-base, entitlement, transaction or programme mechanism not established as an executable reform on the certified household population.","[""The announcement needs a targeted tax-base, entitlement, transaction or programme mechanism not established as an executable reform on the certified household population.""]",[],,,"[""baseline_vintage"",""behavioural_adjustment"",""cy_proxies_fy"",""head_scope"",""population_vintage""]",not_available,[],"[""baseline_vintage"",""behavioural_adjustment"",""cy_proxies_fy"",""head_scope"",""population_vintage""]",,residual_plus_unsized,,no computed counterpart,{}
spring_budget_2024,obr_pmd_nov2025:11331:1e029a0bf8ce5723,spring_budget_2024__council_tax_referendum_flexibilities_60ac2064,Council Tax: referendum flexibilities,not_expressible,other,2026-27,2026,Council Tax,Tax Measures (Policy measures database),2026-27,32000000.0,32000000.0,,,,not_available,not_computed,"The announcement needs a targeted tax-base, entitlement, transaction or programme mechanism not established as an executable reform on the certified household population.","The announcement needs a targeted tax-base, entitlement, transaction or programme mechanism not established as an executable reform on the certified household population.","[""The announcement needs a targeted tax-base, entitlement, transaction or programme mechanism not established as an executable reform on the certified household population.""]",[],,,"[""baseline_vintage"",""behavioural_adjustment"",""cy_proxies_fy"",""head_scope"",""population_vintage""]",not_available,[],"[""baseline_vintage"",""behavioural_adjustment"",""cy_proxies_fy"",""head_scope"",""population_vintage""]",,residual_plus_unsized,,no computed counterpart,{}
spring_budget_2024,obr_pmd_nov2025:22496:fb70874ab4055922,spring_budget_2024__council_tax_referendum_flexibilities_60ac2064,Council Tax: referendum flexibilities,out_of_household_scope,other,2026-27,2026,Locally-financed current expenditure,Spending Measures (Policy measures database),2026-27,-32000000.0,-32000000.0,,,,not_available,not_computed,Source head is outside household tax-benefit scope; retained for event accounting.,"The announcement needs a targeted tax-base, entitlement, transaction or programme mechanism not established as an executable reform on the certified household population.","[""The announcement needs a targeted tax-base, entitlement, transaction or programme mechanism not established as an executable reform on the certified household population.""]",[],,,"[""baseline_vintage"",""behavioural_adjustment"",""cy_proxies_fy"",""head_scope"",""population_vintage""]",not_available,[],"[""baseline_vintage"",""behavioural_adjustment"",""cy_proxies_fy"",""head_scope"",""population_vintage""]",,residual_plus_unsized,,no computed counterpart,{}
spring_budget_2024,obr_pmd_nov2025:11332:e54e19c3340cb7b0,spring_budget_2024__council_tax_referendum_flexibilities_60ac2064,Council Tax: referendum flexibilities,not_expressible,other,2027-28,2027,Council Tax,Tax Measures (Policy measures database),2027-28,34000000.0,34000000.0,,,,not_available,not_computed,"The announcement needs a targeted tax-base, entitlement, transaction or programme mechanism not established as an executable reform on the certified household population.","The announcement needs a targeted tax-base, entitlement, transaction or programme mechanism not established as an executable reform on the certified household population.","[""The announcement needs a targeted tax-base, entitlement, transaction or programme mechanism not established as an executable reform on the certified household population.""]",[],,,"[""baseline_vintage"",""behavioural_adjustment"",""cy_proxies_fy"",""head_scope"",""population_vintage""]",not_available,[],"[""baseline_vintage"",""behavioural_adjustment"",""cy_proxies_fy"",""head_scope"",""population_vintage""]",,residual_plus_unsized,,no computed counterpart,{}
spring_budget_2024,obr_pmd_nov2025:22497:a46ab56f03fb1dbb,spring_budget_2024__council_tax_referendum_flexibilities_60ac2064,Council Tax: referendum flexibilities,out_of_household_scope,other,2027-28,2027,Locally-financed current expenditure,Spending Measures (Policy measures database),2027-28,-34000000.0,-34000000.0,,,,not_available,not_computed,Source head is outside household tax-benefit scope; retained for event accounting.,"The announcement needs a targeted tax-base, entitlement, transaction or programme mechanism not established as an executable reform on the certified household population.","[""The announcement needs a targeted tax-base, entitlement, transaction or programme mechanism not established as an executable reform on the certified household population.""]",[],,,"[""baseline_vintage"",""behavioural_adjustment"",""cy_proxies_fy"",""head_scope"",""population_vintage""]",not_available,[],"[""baseline_vintage"",""behavioural_adjustment"",""cy_proxies_fy"",""head_scope"",""population_vintage""]",,residual_plus_unsized,,no computed counterpart,{}
spring_budget_2024,obr_pmd_nov2025:11333:cb9ed26b4e0a19c9,spring_budget_2024__council_tax_referendum_flexibilities_60ac2064,Council Tax: referendum flexibilities,not_expressible,other,2028-29,2028,Council Tax,Tax Measures (Policy measures database),2028-29,36000000.0,36000000.0,,,,not_available,not_computed,"The announcement needs a targeted tax-base, entitlement, transaction or programme mechanism not established as an executable reform on the certified household population.","The announcement needs a targeted tax-base, entitlement, transaction or programme mechanism not established as an executable reform on the certified household population.","[""The announcement needs a targeted tax-base, entitlement, transaction or programme mechanism not established as an executable reform on the certified household population.""]",[],,,"[""baseline_vintage"",""behavioural_adjustment"",""cy_proxies_fy"",""head_scope"",""population_vintage""]",not_available,[],"[""baseline_vintage"",""behavioural_adjustment"",""cy_proxies_fy"",""head_scope"",""population_vintage""]",,residual_plus_unsized,,no computed counterpart,{}
spring_budget_2024,obr_pmd_nov2025:22498:f2cb8a13b3d2813a,spring_budget_2024__council_tax_referendum_flexibilities_60ac2064,Council Tax: referendum flexibilities,out_of_household_scope,other,2028-29,2028,Locally-financed current expenditure,Spending Measures (Policy measures database),2028-29,-36000000.0,-36000000.0,,,,not_available,not_computed,Source head is outside household tax-benefit scope; retained for event accounting.,"The announcement needs a targeted tax-base, entitlement, transaction or programme mechanism not established as an executable reform on the certified household population.","[""The announcement needs a targeted tax-base, entitlement, transaction or programme mechanism not established as an executable reform on the certified household population.""]",[],,,"[""baseline_vintage"",""behavioural_adjustment"",""cy_proxies_fy"",""head_scope"",""population_vintage""]",not_available,[],"[""baseline_vintage"",""behavioural_adjustment"",""cy_proxies_fy"",""head_scope"",""population_vintage""]",,residual_plus_unsized,,no computed counterpart,{}
spring_budget_2024,obr_pmd_nov2025:11178:92b41d4c9e3f2da6,spring_budget_2024__crypto_asset_reporting_framework_introducing_from_2026_2a6358b0,Crypto-Asset Reporting Framework: introducing from 2026,not_expressible,administration,2023-24,2023,Capital gains tax,Tax Measures (Policy measures database),2023-24,0.0,0.0,,,,not_available,not_computed,"Administrative collection, compliance, reporting or debt intervention; liability rules do not identify recovered debts, extra staff productivity or compliance behaviour.","Administrative collection, compliance, reporting or debt intervention; liability rules do not identify recovered debts, extra staff productivity or compliance behaviour.","[""Administrative collection, compliance, reporting or debt intervention; liability rules do not identify recovered debts, extra staff productivity or compliance behaviour.""]",[],,,"[""baseline_vintage"",""behavioural_adjustment"",""cy_proxies_fy"",""head_scope"",""population_vintage""]",not_available,[],"[""baseline_vintage"",""behavioural_adjustment"",""cy_proxies_fy"",""head_scope"",""population_vintage""]",,residual_plus_unsized,,no computed counterpart,{}
spring_budget_2024,obr_pmd_nov2025:22373:78b3524a60e42e50,spring_budget_2024__crypto_asset_reporting_framework_introducing_from_2026_2a6358b0,Crypto-Asset Reporting Framework: introducing from 2026,out_of_household_scope,administration,2023-24,2023,PSCE in RDEL,Spending Measures (Policy measures database),2023-24,0.0,0.0,,,,not_available,not_computed,Source head is outside household tax-benefit scope; retained for event accounting.,"Administrative collection, compliance, reporting or debt intervention; liability rules do not identify recovered debts, extra staff productivity or compliance behaviour.","[""Administrative collection, compliance, reporting or debt intervention; liability rules do not identify recovered debts, extra staff productivity or compliance behaviour.""]",[],,,"[""baseline_vintage"",""behavioural_adjustment"",""cy_proxies_fy"",""head_scope"",""population_vintage""]",not_available,[],"[""baseline_vintage"",""behavioural_adjustment"",""cy_proxies_fy"",""head_scope"",""population_vintage""]",,residual_plus_unsized,,no computed counterpart,{}
spring_budget_2024,obr_pmd_nov2025:22379:afecd7fe77a9329f,spring_budget_2024__crypto_asset_reporting_framework_introducing_from_2026_2a6358b0,Crypto-Asset Reporting Framework: introducing from 2026,out_of_household_scope,administration,2023-24,2023,Scottish BGA (current),Spending Measures (Policy measures database),2023-24,0.0,0.0,,,,not_available,not_computed,Source head is outside household tax-benefit scope; retained for event accounting.,"Administrative collection, compliance, reporting or debt intervention; liability rules do not identify recovered debts, extra staff productivity or compliance behaviour.","[""Administrative collection, compliance, reporting or debt intervention; liability rules do not identify recovered debts, extra staff productivity or compliance behaviour.""]",[],,,"[""baseline_vintage"",""behavioural_adjustment"",""cy_proxies_fy"",""head_scope"",""population_vintage""]",not_available,[],"[""baseline_vintage"",""behavioural_adjustment"",""cy_proxies_fy"",""head_scope"",""population_vintage""]",,residual_plus_unsized,,no computed counterpart,{}
spring_budget_2024,obr_pmd_nov2025:11179:8140976da46b4813,spring_budget_2024__crypto_asset_reporting_framework_introducing_from_2026_2a6358b0,Crypto-Asset Reporting Framework: introducing from 2026,not_expressible,administration,2024-25,2024,Capital gains tax,Tax Measures (Policy measures database),2024-25,0.0,0.0,,,,not_available,not_computed,"Administrative collection, compliance, reporting or debt intervention; liability rules do not identify recovered debts, extra staff productivity or compliance behaviour.","Administrative collection, compliance, reporting or debt intervention; liability rules do not identify recovered debts, extra staff productivity or compliance behaviour.","[""Administrative collection, compliance, reporting or debt intervention; liability rules do not identify recovered debts, extra staff productivity or compliance behaviour.""]",[],,,"[""baseline_vintage"",""behavioural_adjustment"",""cy_proxies_fy"",""head_scope"",""population_vintage""]",not_available,[],"[""baseline_vintage"",""behavioural_adjustment"",""cy_proxies_fy"",""head_scope"",""population_vintage""]",,residual_plus_unsized,,no computed counterpart,{}
spring_budget_2024,obr_pmd_nov2025:22374:aaed964b9e1c42a4,spring_budget_2024__crypto_asset_reporting_framework_introducing_from_2026_2a6358b0,Crypto-Asset Reporting Framework: introducing from 2026,out_of_household_scope,administration,2024-25,2024,PSCE in RDEL,Spending Measures (Policy measures database),2024-25,-1000000.0,-1000000.0,,,,not_available,not_computed,Source head is outside household tax-benefit scope; retained for event accounting.,"Administrative collection, compliance, reporting or debt intervention; liability rules do not identify recovered debts, extra staff productivity or compliance behaviour.","[""Administrative collection, compliance, reporting or debt intervention; liability rules do not identify recovered debts, extra staff productivity or compliance behaviour.""]",[],,,"[""baseline_vintage"",""behavioural_adjustment"",""cy_proxies_fy"",""head_scope"",""population_vintage""]",not_available,[],"[""baseline_vintage"",""behavioural_adjustment"",""cy_proxies_fy"",""head_scope"",""population_vintage""]",,residual_plus_unsized,,no computed counterpart,{}
spring_budget_2024,obr_pmd_nov2025:22380:600bf769a487e3dd,spring_budget_2024__crypto_asset_reporting_framework_introducing_from_2026_2a6358b0,Crypto-Asset Reporting Framework: introducing from 2026,out_of_household_scope,administration,2024-25,2024,Scottish BGA (current),Spending Measures (Policy measures database),2024-25,0.0,0.0,,,,not_available,not_computed,Source head is outside household tax-benefit scope; retained for event accounting.,"Administrative collection, compliance, reporting or debt intervention; liability rules do not identify recovered debts, extra staff productivity or compliance behaviour.","[""Administrative collection, compliance, reporting or debt intervention; liability rules do not identify recovered debts, extra staff productivity or compliance behaviour.""]",[],,,"[""baseline_vintage"",""behavioural_adjustment"",""cy_proxies_fy"",""head_scope"",""population_vintage""]",not_available,[],"[""baseline_vintage"",""behavioural_adjustment"",""cy_proxies_fy"",""head_scope"",""population_vintage""]",,residual_plus_unsized,,no computed counterpart,{}
spring_budget_2024,obr_pmd_nov2025:11180:e19c44fb31bf6b1d,spring_budget_2024__crypto_asset_reporting_framework_introducing_from_2026_2a6358b0,Crypto-Asset Reporting Framework: introducing from 2026,not_expressible,administration,2025-26,2025,Capital gains tax,Tax Measures (Policy measures database),2025-26,0.0,0.0,,,,not_available,not_computed,"Administrative collection, compliance, reporting or debt intervention; liability rules do not identify recovered debts, extra staff productivity or compliance behaviour.","Administrative collection, compliance, reporting or debt intervention; liability rules do not identify recovered debts, extra staff productivity or compliance behaviour.","[""Administrative collection, compliance, reporting or debt intervention; liability rules do not identify recovered debts, extra staff productivity or compliance behaviour.""]",[],,,"[""baseline_vintage"",""behavioural_adjustment"",""cy_proxies_fy"",""head_scope"",""population_vintage""]",not_available,[],"[""baseline_vintage"",""behavioural_adjustment"",""cy_proxies_fy"",""head_scope"",""population_vintage""]",,residual_plus_unsized,,no computed counterpart,{}
spring_budget_2024,obr_pmd_nov2025:22375:98b2099b8201c2d7,spring_budget_2024__crypto_asset_reporting_framework_introducing_from_2026_2a6358b0,Crypto-Asset Reporting Framework: introducing from 2026,out_of_household_scope,administration,2025-26,2025,PSCE in RDEL,Spending Measures (Policy measures database),2025-26,-1000000.0,-1000000.0,,,,not_available,not_computed,Source head is outside household tax-benefit scope; retained for event accounting.,"Administrative collection, compliance, reporting or debt intervention; liability rules do not identify recovered debts, extra staff productivity or compliance behaviour.","[""Administrative collection, compliance, reporting or debt intervention; liability rules do not identify recovered debts, extra staff productivity or compliance behaviour.""]",[],,,"[""baseline_vintage"",""behavioural_adjustment"",""cy_proxies_fy"",""head_scope"",""population_vintage""]",not_available,[],"[""baseline_vintage"",""behavioural_adjustment"",""cy_proxies_fy"",""head_scope"",""population_vintage""]",,residual_plus_unsized,,no computed counterpart,{}
spring_budget_2024,obr_pmd_nov2025:22381:9d91fce5830da724,spring_budget_2024__crypto_asset_reporting_framework_introducing_from_2026_2a6358b0,Crypto-Asset Reporting Framework: introducing from 2026,out_of_household_scope,administration,2025-26,2025,Scottish BGA (current),Spending Measures (Policy measures database),2025-26,0.0,0.0,,,,not_available,not_computed,Source head is outside household tax-benefit scope; retained for event accounting.,"Administrative collection, compliance, reporting or debt intervention; liability rules do not identify recovered debts, extra staff productivity or compliance behaviour.","[""Administrative collection, compliance, reporting or debt intervention; liability rules do not identify recovered debts, extra staff productivity or compliance behaviour.""]",[],,,"[""baseline_vintage"",""behavioural_adjustment"",""cy_proxies_fy"",""head_scope"",""population_vintage""]",not_available,[],"[""baseline_vintage"",""behavioural_adjustment"",""cy_proxies_fy"",""head_scope"",""population_vintage""]",,residual_plus_unsized,,no computed counterpart,{}
spring_budget_2024,obr_pmd_nov2025:11181:baf428fd751085d7,spring_budget_2024__crypto_asset_reporting_framework_introducing_from_2026_2a6358b0,Crypto-Asset Reporting Framework: introducing from 2026,not_expressible,administration,2026-27,2026,Capital gains tax,Tax Measures (Policy measures database),2026-27,37490000.0,37490000.0,,,,not_available,not_computed,"Administrative collection, compliance, reporting or debt intervention; liability rules do not identify recovered debts, extra staff productivity or compliance behaviour.","Administrative collection, compliance, reporting or debt intervention; liability rules do not identify recovered debts, extra staff productivity or compliance behaviour.","[""Administrative collection, compliance, reporting or debt intervention; liability rules do not identify recovered debts, extra staff productivity or compliance behaviour.""]",[],,,"[""baseline_vintage"",""behavioural_adjustment"",""cy_proxies_fy"",""head_scope"",""population_vintage""]",not_available,[],"[""baseline_vintage"",""behavioural_adjustment"",""cy_proxies_fy"",""head_scope"",""population_vintage""]",,residual_plus_unsized,,no computed counterpart,{}
spring_budget_2024,obr_pmd_nov2025:22376:a76a8c44e39be567,spring_budget_2024__crypto_asset_reporting_framework_introducing_from_2026_2a6358b0,Crypto-Asset Reporting Framework: introducing from 2026,out_of_household_scope,administration,2026-27,2026,PSCE in RDEL,Spending Measures (Policy measures database),2026-27,-3000000.0,-3000000.0,,,,not_available,not_computed,Source head is outside household tax-benefit scope; retained for event accounting.,"Administrative collection, compliance, reporting or debt intervention; liability rules do not identify recovered debts, extra staff productivity or compliance behaviour.","[""Administrative collection, compliance, reporting or debt intervention; liability rules do not identify recovered debts, extra staff productivity or compliance behaviour.""]",[],,,"[""baseline_vintage"",""behavioural_adjustment"",""cy_proxies_fy"",""head_scope"",""population_vintage""]",not_available,[],"[""baseline_vintage"",""behavioural_adjustment"",""cy_proxies_fy"",""head_scope"",""population_vintage""]",,residual_plus_unsized,,no computed counterpart,{}
spring_budget_2024,obr_pmd_nov2025:22382:a58744856bd46b50,spring_budget_2024__crypto_asset_reporting_framework_introducing_from_2026_2a6358b0,Crypto-Asset Reporting Framework: introducing from 2026,out_of_household_scope,administration,2026-27,2026,Scottish BGA (current),Spending Measures (Policy measures database),2026-27,0.0,0.0,,,,not_available,not_computed,Source head is outside household tax-benefit scope; retained for event accounting.,"Administrative collection, compliance, reporting or debt intervention; liability rules do not identify recovered debts, extra staff productivity or compliance behaviour.","[""Administrative collection, compliance, reporting or debt intervention; liability rules do not identify recovered debts, extra staff productivity or compliance behaviour.""]",[],,,"[""baseline_vintage"",""behavioural_adjustment"",""cy_proxies_fy"",""head_scope"",""population_vintage""]",not_available,[],"[""baseline_vintage"",""behavioural_adjustment"",""cy_proxies_fy"",""head_scope"",""population_vintage""]",,residual_plus_unsized,,no computed counterpart,{}
spring_budget_2024,obr_pmd_nov2025:11182:a3c500cf57d1b9e7,spring_budget_2024__crypto_asset_reporting_framework_introducing_from_2026_2a6358b0,Crypto-Asset Reporting Framework: introducing from 2026,not_expressible,administration,2027-28,2027,Capital gains tax,Tax Measures (Policy measures database),2027-28,99490000.0,99490000.0,,,,not_available,not_computed,"Administrative collection, compliance, reporting or debt intervention; liability rules do not identify recovered debts, extra staff productivity or compliance behaviour.","Administrative collection, compliance, reporting or debt intervention; liability rules do not identify recovered debts, extra staff productivity or compliance behaviour.","[""Administrative collection, compliance, reporting or debt intervention; liability rules do not identify recovered debts, extra staff productivity or compliance behaviour.""]",[],,,"[""baseline_vintage"",""behavioural_adjustment"",""cy_proxies_fy"",""head_scope"",""population_vintage""]",not_available,[],"[""baseline_vintage"",""behavioural_adjustment"",""cy_proxies_fy"",""head_scope"",""population_vintage""]",,residual_plus_unsized,,no computed counterpart,{}
spring_budget_2024,obr_pmd_nov2025:22377:ad4d41ddef6cb8ae,spring_budget_2024__crypto_asset_reporting_framework_introducing_from_2026_2a6358b0,Crypto-Asset Reporting Framework: introducing from 2026,out_of_household_scope,administration,2027-28,2027,PSCE in RDEL,Spending Measures (Policy measures database),2027-28,-3000000.0,-3000000.0,,,,not_available,not_computed,Source head is outside household tax-benefit scope; retained for event accounting.,"Administrative collection, compliance, reporting or debt intervention; liability rules do not identify recovered debts, extra staff productivity or compliance behaviour.","[""Administrative collection, compliance, reporting or debt intervention; liability rules do not identify recovered debts, extra staff productivity or compliance behaviour.""]",[],,,"[""baseline_vintage"",""behavioural_adjustment"",""cy_proxies_fy"",""head_scope"",""population_vintage""]",not_available,[],"[""baseline_vintage"",""behavioural_adjustment"",""cy_proxies_fy"",""head_scope"",""population_vintage""]",,residual_plus_unsized,,no computed counterpart,{}
spring_budget_2024,obr_pmd_nov2025:22383:134343023acca2ef,spring_budget_2024__crypto_asset_reporting_framework_introducing_from_2026_2a6358b0,Crypto-Asset Reporting Framework: introducing from 2026,out_of_household_scope,administration,2027-28,2027,Scottish BGA (current),Spending Measures (Policy measures database),2027-28,0.0,0.0,,,,not_available,not_computed,Source head is outside household tax-benefit scope; retained for event accounting.,"Administrative collection, compliance, reporting or debt intervention; liability rules do not identify recovered debts, extra staff productivity or compliance behaviour.","[""Administrative collection, compliance, reporting or debt intervention; liability rules do not identify recovered debts, extra staff productivity or compliance behaviour.""]",[],,,"[""baseline_vintage"",""behavioural_adjustment"",""cy_proxies_fy"",""head_scope"",""population_vintage""]",not_available,[],"[""baseline_vintage"",""behavioural_adjustment"",""cy_proxies_fy"",""head_scope"",""population_vintage""]",,residual_plus_unsized,,no computed counterpart,{}
spring_budget_2024,obr_pmd_nov2025:11183:3f454bb9b659fff8,spring_budget_2024__crypto_asset_reporting_framework_introducing_from_2026_2a6358b0,Crypto-Asset Reporting Framework: introducing from 2026,not_expressible,administration,2028-29,2028,Capital gains tax,Tax Measures (Policy measures database),2028-29,75720000.0,75720000.0,,,,not_available,not_computed,"Administrative collection, compliance, reporting or debt intervention; liability rules do not identify recovered debts, extra staff productivity or compliance behaviour.","Administrative collection, compliance, reporting or debt intervention; liability rules do not identify recovered debts, extra staff productivity or compliance behaviour.","[""Administrative collection, compliance, reporting or debt intervention; liability rules do not identify recovered debts, extra staff productivity or compliance behaviour.""]",[],,,"[""baseline_vintage"",""behavioural_adjustment"",""cy_proxies_fy"",""head_scope"",""population_vintage""]",not_available,[],"[""baseline_vintage"",""behavioural_adjustment"",""cy_proxies_fy"",""head_scope"",""population_vintage""]",,residual_plus_unsized,,no computed counterpart,{}
spring_budget_2024,obr_pmd_nov2025:22378:b4828a74e3bfab38,spring_budget_2024__crypto_asset_reporting_framework_introducing_from_2026_2a6358b0,Crypto-Asset Reporting Framework: introducing from 2026,out_of_household_scope,administration,2028-29,2028,PSCE in RDEL,Spending Measures (Policy measures database),2028-29,-3000000.0,-3000000.0,,,,not_available,not_computed,Source head is outside household tax-benefit scope; retained for event accounting.,"Administrative collection, compliance, reporting or debt intervention; liability rules do not identify recovered debts, extra staff productivity or compliance behaviour.","[""Administrative collection, compliance, reporting or debt intervention; liability rules do not identify recovered debts, extra staff productivity or compliance behaviour.""]",[],,,"[""baseline_vintage"",""behavioural_adjustment"",""cy_proxies_fy"",""head_scope"",""population_vintage""]",not_available,[],"[""baseline_vintage"",""behavioural_adjustment"",""cy_proxies_fy"",""head_scope"",""population_vintage""]",,residual_plus_unsized,,no computed counterpart,{}
spring_budget_2024,obr_pmd_nov2025:22384:4aaa49d1f10165c9,spring_budget_2024__crypto_asset_reporting_framework_introducing_from_2026_2a6358b0,Crypto-Asset Reporting Framework: introducing from 2026,out_of_household_scope,administration,2028-29,2028,Scottish BGA (current),Spending Measures (Policy measures database),2028-29,0.0,0.0,,,,not_available,not_computed,Source head is outside household tax-benefit scope; retained for event accounting.,"Administrative collection, compliance, reporting or debt intervention; liability rules do not identify recovered debts, extra staff productivity or compliance behaviour.","[""Administrative collection, compliance, reporting or debt intervention; liability rules do not identify recovered debts, extra staff productivity or compliance behaviour.""]",[],,,"[""baseline_vintage"",""behavioural_adjustment"",""cy_proxies_fy"",""head_scope"",""population_vintage""]",not_available,[],"[""baseline_vintage"",""behavioural_adjustment"",""cy_proxies_fy"",""head_scope"",""population_vintage""]",,residual_plus_unsized,,no computed counterpart,{}
spring_budget_2024,obr_pmd_nov2025:22211:b9b4ba564109801a,spring_budget_2024__debt_relief_order_removal_of_the_administration_fee_from_6_april_2024_84a5a2fc,Debt Relief Order: removal of the administration fee from 6 April 2024,out_of_household_scope,scope,2023-24,2023,PSCE in RDEL,Spending Measures (Policy measures database),2023-24,0.0,0.0,,,,not_available,not_computed,Source head is outside household tax-benefit scope; retained for event accounting.,"Business, departmental, local-authority, financing or block-grant accounts; no household tax/benefit counterpart for these source heads.","[""Business, departmental, local-authority, financing or block-grant accounts; no household tax/benefit counterpart for these source heads.""]",[],,,"[""baseline_vintage"",""behavioural_adjustment"",""cy_proxies_fy"",""head_scope"",""population_vintage""]",not_available,[],"[""baseline_vintage"",""behavioural_adjustment"",""cy_proxies_fy"",""head_scope"",""population_vintage""]",,residual_plus_unsized,,no computed counterpart,{}
spring_budget_2024,obr_pmd_nov2025:22217:9a0af704412b9f09,spring_budget_2024__debt_relief_order_removal_of_the_administration_fee_from_6_april_2024_84a5a2fc,Debt Relief Order: removal of the administration fee from 6 April 2024,out_of_household_scope,scope,2023-24,2023,Scottish BGA (current),Spending Measures (Policy measures database),2023-24,0.0,0.0,,,,not_available,not_computed,Source head is outside household tax-benefit scope; retained for event accounting.,"Business, departmental, local-authority, financing or block-grant accounts; no household tax/benefit counterpart for these source heads.","[""Business, departmental, local-authority, financing or block-grant accounts; no household tax/benefit counterpart for these source heads.""]",[],,,"[""baseline_vintage"",""behavioural_adjustment"",""cy_proxies_fy"",""head_scope"",""population_vintage""]",not_available,[],"[""baseline_vintage"",""behavioural_adjustment"",""cy_proxies_fy"",""head_scope"",""population_vintage""]",,residual_plus_unsized,,no computed counterpart,{}
spring_budget_2024,obr_pmd_nov2025:22212:13a62268c3aa1f71,spring_budget_2024__debt_relief_order_removal_of_the_administration_fee_from_6_april_2024_84a5a2fc,Debt Relief Order: removal of the administration fee from 6 April 2024,out_of_household_scope,scope,2024-25,2024,PSCE in RDEL,Spending Measures (Policy measures database),2024-25,-4124540.038837508,-4124540.038837508,,,,not_available,not_computed,Source head is outside household tax-benefit scope; retained for event accounting.,"Business, departmental, local-authority, financing or block-grant accounts; no household tax/benefit counterpart for these source heads.","[""Business, departmental, local-authority, financing or block-grant accounts; no household tax/benefit counterpart for these source heads.""]",[],,,"[""baseline_vintage"",""behavioural_adjustment"",""cy_proxies_fy"",""head_scope"",""population_vintage""]",not_available,[],"[""baseline_vintage"",""behavioural_adjustment"",""cy_proxies_fy"",""head_scope"",""population_vintage""]",,residual_plus_unsized,,no computed counterpart,{}
spring_budget_2024,obr_pmd_nov2025:22218:7861d7a6e0e55c73,spring_budget_2024__debt_relief_order_removal_of_the_administration_fee_from_6_april_2024_84a5a2fc,Debt Relief Order: removal of the administration fee from 6 April 2024,out_of_household_scope,scope,2024-25,2024,Scottish BGA (current),Spending Measures (Policy measures database),2024-25,-367520.5869357226,-367520.5869357226,,,,not_available,not_computed,Source head is outside household tax-benefit scope; retained for event accounting.,"Business, departmental, local-authority, financing or block-grant accounts; no household tax/benefit counterpart for these source heads.","[""Business, departmental, local-authority, financing or block-grant accounts; no household tax/benefit counterpart for these source heads.""]",[],,,"[""baseline_vintage"",""behavioural_adjustment"",""cy_proxies_fy"",""head_scope"",""population_vintage""]",not_available,[],"[""baseline_vintage"",""behavioural_adjustment"",""cy_proxies_fy"",""head_scope"",""population_vintage""]",,residual_plus_unsized,,no computed counterpart,{}
spring_budget_2024,obr_pmd_nov2025:22213:1336280cceee4fe8,spring_budget_2024__debt_relief_order_removal_of_the_administration_fee_from_6_april_2024_84a5a2fc,Debt Relief Order: removal of the administration fee from 6 April 2024,out_of_household_scope,scope,2025-26,2025,PSCE in RDEL,Spending Measures (Policy measures database),2025-26,-4221190.385567588,-4221190.385567588,,,,not_available,not_computed,Source head is outside household tax-benefit scope; retained for event accounting.,"Business, departmental, local-authority, financing or block-grant accounts; no household tax/benefit counterpart for these source heads.","[""Business, departmental, local-authority, financing or block-grant accounts; no household tax/benefit counterpart for these source heads.""]",[],,,"[""baseline_vintage"",""behavioural_adjustment"",""cy_proxies_fy"",""head_scope"",""population_vintage""]",not_available,[],"[""baseline_vintage"",""behavioural_adjustment"",""cy_proxies_fy"",""head_scope"",""population_vintage""]",,residual_plus_unsized,,no computed counterpart,{}
spring_budget_2024,obr_pmd_nov2025:22219:ba4e183bccf03efc,spring_budget_2024__debt_relief_order_removal_of_the_administration_fee_from_6_april_2024_84a5a2fc,Debt Relief Order: removal of the administration fee from 6 April 2024,out_of_household_scope,scope,2025-26,2025,Scottish BGA (current),Spending Measures (Policy measures database),2025-26,-376132.6968493874,-376132.6968493874,,,,not_available,not_computed,Source head is outside household tax-benefit scope; retained for event accounting.,"Business, departmental, local-authority, financing or block-grant accounts; no household tax/benefit counterpart for these source heads.","[""Business, departmental, local-authority, financing or block-grant accounts; no household tax/benefit counterpart for these source heads.""]",[],,,"[""baseline_vintage"",""behavioural_adjustment"",""cy_proxies_fy"",""head_scope"",""population_vintage""]",not_available,[],"[""baseline_vintage"",""behavioural_adjustment"",""cy_proxies_fy"",""head_scope"",""population_vintage""]",,residual_plus_unsized,,no computed counterpart,{}
spring_budget_2024,obr_pmd_nov2025:22214:d73e07b967e86a20,spring_budget_2024__debt_relief_order_removal_of_the_administration_fee_from_6_april_2024_84a5a2fc,Debt Relief Order: removal of the administration fee from 6 April 2024,out_of_household_scope,scope,2026-27,2026,PSCE in RDEL,Spending Measures (Policy measures database),2026-27,-4335880.128343459,-4335880.128343459,,,,not_available,not_computed,Source head is outside household tax-benefit scope; retained for event accounting.,"Business, departmental, local-authority, financing or block-grant accounts; no household tax/benefit counterpart for these source heads.","[""Business, departmental, local-authority, financing or block-grant accounts; no household tax/benefit counterpart for these source heads.""]",[],,,"[""baseline_vintage"",""behavioural_adjustment"",""cy_proxies_fy"",""head_scope"",""population_vintage""]",not_available,[],"[""baseline_vintage"",""behavioural_adjustment"",""cy_proxies_fy"",""head_scope"",""population_vintage""]",,residual_plus_unsized,,no computed counterpart,{}
spring_budget_2024,obr_pmd_nov2025:22220:17f5259f545820d0,spring_budget_2024__debt_relief_order_removal_of_the_administration_fee_from_6_april_2024_84a5a2fc,Debt Relief Order: removal of the administration fee from 6 April 2024,out_of_household_scope,scope,2026-27,2026,Scottish BGA (current),Spending Measures (Policy measures database),2026-27,-386352.22222278523,-386352.22222278523,,,,not_available,not_computed,Source head is outside household tax-benefit scope; retained for event accounting.,"Business, departmental, local-authority, financing or block-grant accounts; no household tax/benefit counterpart for these source heads.","[""Business, departmental, local-authority, financing or block-grant accounts; no household tax/benefit counterpart for these source heads.""]",[],,,"[""baseline_vintage"",""behavioural_adjustment"",""cy_proxies_fy"",""head_scope"",""population_vintage""]",not_available,[],"[""baseline_vintage"",""behavioural_adjustment"",""cy_proxies_fy"",""head_scope"",""population_vintage""]",,residual_plus_unsized,,no computed counterpart,{}
spring_budget_2024,obr_pmd_nov2025:22215:2504a11f7ea8d184,spring_budget_2024__debt_relief_order_removal_of_the_administration_fee_from_6_april_2024_84a5a2fc,Debt Relief Order: removal of the administration fee from 6 April 2024,out_of_household_scope,scope,2027-28,2027,PSCE in RDEL,Spending Measures (Policy measures database),2027-28,-4460254.849824992,-4460254.849824992,,,,not_available,not_computed,Source head is outside household tax-benefit scope; retained for event accounting.,"Business, departmental, local-authority, financing or block-grant accounts; no household tax/benefit counterpart for these source heads.","[""Business, departmental, local-authority, financing or block-grant accounts; no household tax/benefit counterpart for these source heads.""]",[],,,"[""baseline_vintage"",""behavioural_adjustment"",""cy_proxies_fy"",""head_scope"",""population_vintage""]",not_available,[],"[""baseline_vintage"",""behavioural_adjustment"",""cy_proxies_fy"",""head_scope"",""population_vintage""]",,residual_plus_unsized,,no computed counterpart,{}
spring_budget_2024,obr_pmd_nov2025:22221:b31f39ff52c71deb,spring_budget_2024__debt_relief_order_removal_of_the_administration_fee_from_6_april_2024_84a5a2fc,Debt Relief Order: removal of the administration fee from 6 April 2024,out_of_household_scope,scope,2027-28,2027,Scottish BGA (current),Spending Measures (Policy measures database),2027-28,-397434.7357172459,-397434.7357172459,,,,not_available,not_computed,Source head is outside household tax-benefit scope; retained for event accounting.,"Business, departmental, local-authority, financing or block-grant accounts; no household tax/benefit counterpart for these source heads.","[""Business, departmental, local-authority, financing or block-grant accounts; no household tax/benefit counterpart for these source heads.""]",[],,,"[""baseline_vintage"",""behavioural_adjustment"",""cy_proxies_fy"",""head_scope"",""population_vintage""]",not_available,[],"[""baseline_vintage"",""behavioural_adjustment"",""cy_proxies_fy"",""head_scope"",""population_vintage""]",,residual_plus_unsized,,no computed counterpart,{}
spring_budget_2024,obr_pmd_nov2025:22216:d54ae8c19e3547f1,spring_budget_2024__debt_relief_order_removal_of_the_administration_fee_from_6_april_2024_84a5a2fc,Debt Relief Order: removal of the administration fee from 6 April 2024,out_of_household_scope,scope,2028-29,2028,PSCE in RDEL,Spending Measures (Policy measures database),2028-29,-4591350.660371048,-4591350.660371048,,,,not_available,not_computed,Source head is outside household tax-benefit scope; retained for event accounting.,"Business, departmental, local-authority, financing or block-grant accounts; no household tax/benefit counterpart for these source heads.","[""Business, departmental, local-authority, financing or block-grant accounts; no household tax/benefit counterpart for these source heads.""]",[],,,"[""baseline_vintage"",""behavioural_adjustment"",""cy_proxies_fy"",""head_scope"",""population_vintage""]",not_available,[],"[""baseline_vintage"",""behavioural_adjustment"",""cy_proxies_fy"",""head_scope"",""population_vintage""]",,residual_plus_unsized,,no computed counterpart,{}
spring_budget_2024,obr_pmd_nov2025:22222:e39011e43099974c,spring_budget_2024__debt_relief_order_removal_of_the_administration_fee_from_6_april_2024_84a5a2fc,Debt Relief Order: removal of the administration fee from 6 April 2024,out_of_household_scope,scope,2028-29,2028,Scottish BGA (current),Spending Measures (Policy measures database),2028-29,-409116.1374694473,-409116.1374694473,,,,not_available,not_computed,Source head is outside household tax-benefit scope; retained for event accounting.,"Business, departmental, local-authority, financing or block-grant accounts; no household tax/benefit counterpart for these source heads.","[""Business, departmental, local-authority, financing or block-grant accounts; no household tax/benefit counterpart for these source heads.""]",[],,,"[""baseline_vintage"",""behavioural_adjustment"",""cy_proxies_fy"",""head_scope"",""population_vintage""]",not_available,[],"[""baseline_vintage"",""behavioural_adjustment"",""cy_proxies_fy"",""head_scope"",""population_vintage""]",,residual_plus_unsized,,no computed counterpart,{}
spring_budget_2024,obr_pmd_nov2025:11136:803c496f3a367465,spring_budget_2024__economic_crime_anti_money_laundering_levy_increase_the_charge_for_very_large_firms_to_500_000_p_a_from_2024_25_76931556,"Economic Crime (Anti-Money Laundering) Levy: increase the charge for Very Large firms to £500,000 p.a. from 2024-25",not_expressible,indirect_tax,2023-24,2023,Crime levy,Tax Measures (Policy measures database),2023-24,0.0,0.0,,,,not_available,not_computed,"This targeted indirect-tax measure requires product/sector-specific tax-base inputs, rate histories or business/supply-side scope not established by a generic household consumption liability.","This targeted indirect-tax measure requires product/sector-specific tax-base inputs, rate histories or business/supply-side scope not established by a generic household consumption liability.","[""This targeted indirect-tax measure requires product/sector-specific tax-base inputs, rate histories or business/supply-side scope not established by a generic household consumption liability.""]",[],,,"[""baseline_vintage"",""behavioural_adjustment"",""cy_proxies_fy"",""head_scope"",""population_vintage""]",not_available,[],"[""baseline_vintage"",""behavioural_adjustment"",""cy_proxies_fy"",""head_scope"",""population_vintage""]",,residual_plus_unsized,,no computed counterpart,{}
spring_budget_2024,obr_pmd_nov2025:11137:7c203172c380734b,spring_budget_2024__economic_crime_anti_money_laundering_levy_increase_the_charge_for_very_large_firms_to_500_000_p_a_from_2024_25_76931556,"Economic Crime (Anti-Money Laundering) Levy: increase the charge for Very Large firms to £500,000 p.a. from 2024-25",not_expressible,indirect_tax,2024-25,2024,Crime levy,Tax Measures (Policy measures database),2024-25,24920000.0,24920000.0,,,,not_available,not_computed,"This targeted indirect-tax measure requires product/sector-specific tax-base inputs, rate histories or business/supply-side scope not established by a generic household consumption liability.","This targeted indirect-tax measure requires product/sector-specific tax-base inputs, rate histories or business/supply-side scope not established by a generic household consumption liability.","[""This targeted indirect-tax measure requires product/sector-specific tax-base inputs, rate histories or business/supply-side scope not established by a generic household consumption liability.""]",[],,,"[""baseline_vintage"",""behavioural_adjustment"",""cy_proxies_fy"",""head_scope"",""population_vintage""]",not_available,[],"[""baseline_vintage"",""behavioural_adjustment"",""cy_proxies_fy"",""head_scope"",""population_vintage""]",,residual_plus_unsized,,no computed counterpart,{}
spring_budget_2024,obr_pmd_nov2025:11138:8b14a0ce5c0d4bfd,spring_budget_2024__economic_crime_anti_money_laundering_levy_increase_the_charge_for_very_large_firms_to_500_000_p_a_from_2024_25_76931556,"Economic Crime (Anti-Money Laundering) Levy: increase the charge for Very Large firms to £500,000 p.a. from 2024-25",not_expressible,indirect_tax,2025-26,2025,Crime levy,Tax Measures (Policy measures database),2025-26,22878000.0,22878000.0,,,,not_available,not_computed,"This targeted indirect-tax measure requires product/sector-specific tax-base inputs, rate histories or business/supply-side scope not established by a generic household consumption liability.","This targeted indirect-tax measure requires product/sector-specific tax-base inputs, rate histories or business/supply-side scope not established by a generic household consumption liability.","[""This targeted indirect-tax measure requires product/sector-specific tax-base inputs, rate histories or business/supply-side scope not established by a generic household consumption liability.""]",[],,,"[""baseline_vintage"",""behavioural_adjustment"",""cy_proxies_fy"",""head_scope"",""population_vintage""]",not_available,[],"[""baseline_vintage"",""behavioural_adjustment"",""cy_proxies_fy"",""head_scope"",""population_vintage""]",,residual_plus_unsized,,no computed counterpart,{}
spring_budget_2024,obr_pmd_nov2025:11139:4e85478a2b486847,spring_budget_2024__economic_crime_anti_money_laundering_levy_increase_the_charge_for_very_large_firms_to_500_000_p_a_from_2024_25_76931556,"Economic Crime (Anti-Money Laundering) Levy: increase the charge for Very Large firms to £500,000 p.a. from 2024-25",not_expressible,indirect_tax,2026-27,2026,Crime levy,Tax Measures (Policy measures database),2026-27,24228000.0,24228000.0,,,,not_available,not_computed,"This targeted indirect-tax measure requires product/sector-specific tax-base inputs, rate histories or business/supply-side scope not established by a generic household consumption liability.","This targeted indirect-tax measure requires product/sector-specific tax-base inputs, rate histories or business/supply-side scope not established by a generic household consumption liability.","[""This targeted indirect-tax measure requires product/sector-specific tax-base inputs, rate histories or business/supply-side scope not established by a generic household consumption liability.""]",[],,,"[""baseline_vintage"",""behavioural_adjustment"",""cy_proxies_fy"",""head_scope"",""population_vintage""]",not_available,[],"[""baseline_vintage"",""behavioural_adjustment"",""cy_proxies_fy"",""head_scope"",""population_vintage""]",,residual_plus_unsized,,no computed counterpart,{}
spring_budget_2024,obr_pmd_nov2025:11140:466535763015b45c,spring_budget_2024__economic_crime_anti_money_laundering_levy_increase_the_charge_for_very_large_firms_to_500_000_p_a_from_2024_25_76931556,"Economic Crime (Anti-Money Laundering) Levy: increase the charge for Very Large firms to £500,000 p.a. from 2024-25",not_expressible,indirect_tax,2027-28,2027,Crime levy,Tax Measures (Policy measures database),2027-28,25128000.0,25128000.0,,,,not_available,not_computed,"This targeted indirect-tax measure requires product/sector-specific tax-base inputs, rate histories or business/supply-side scope not established by a generic household consumption liability.","This targeted indirect-tax measure requires product/sector-specific tax-base inputs, rate histories or business/supply-side scope not established by a generic household consumption liability.","[""This targeted indirect-tax measure requires product/sector-specific tax-base inputs, rate histories or business/supply-side scope not established by a generic household consumption liability.""]",[],,,"[""baseline_vintage"",""behavioural_adjustment"",""cy_proxies_fy"",""head_scope"",""population_vintage""]",not_available,[],"[""baseline_vintage"",""behavioural_adjustment"",""cy_proxies_fy"",""head_scope"",""population_vintage""]",,residual_plus_unsized,,no computed counterpart,{}
spring_budget_2024,obr_pmd_nov2025:11141:14b0f6eea0609892,spring_budget_2024__economic_crime_anti_money_laundering_levy_increase_the_charge_for_very_large_firms_to_500_000_p_a_from_2024_25_76931556,"Economic Crime (Anti-Money Laundering) Levy: increase the charge for Very Large firms to £500,000 p.a. from 2024-25",not_expressible,indirect_tax,2028-29,2028,Crime levy,Tax Measures (Policy measures database),2028-29,26028000.0,26028000.0,,,,not_available,not_computed,"This targeted indirect-tax measure requires product/sector-specific tax-base inputs, rate histories or business/supply-side scope not established by a generic household consumption liability.","This targeted indirect-tax measure requires product/sector-specific tax-base inputs, rate histories or business/supply-side scope not established by a generic household consumption liability.","[""This targeted indirect-tax measure requires product/sector-specific tax-base inputs, rate histories or business/supply-side scope not established by a generic household consumption liability.""]",[],,,"[""baseline_vintage"",""behavioural_adjustment"",""cy_proxies_fy"",""head_scope"",""population_vintage""]",not_available,[],"[""baseline_vintage"",""behavioural_adjustment"",""cy_proxies_fy"",""head_scope"",""population_vintage""]",,residual_plus_unsized,,no computed counterpart,{}
spring_budget_2024,obr_pmd_nov2025:11118:1e02e39bde1587f8,spring_budget_2024__energy_profits_levy_epl_one_year_extension_from_1_april_2028_71583ad8,Energy Profits Levy (EPL): one year extension from 1 April 2028,out_of_household_scope,business_tax,2023-24,2023,Energy profits levy,Tax Measures (Policy measures database),2023-24,0.0,0.0,,,,not_available,not_computed,Source head is outside household tax-benefit scope; retained for event accounting.,"Business/sector tax, firm allowance or credit; household income-tax spillovers in the PMD do not make the underlying business measure a household reform.","[""Business/sector tax, firm allowance or credit; household income-tax spillovers in the PMD do not make the underlying business measure a household reform.""]",[],,,"[""baseline_vintage"",""behavioural_adjustment"",""cy_proxies_fy"",""head_scope"",""population_vintage""]",not_available,[],"[""baseline_vintage"",""behavioural_adjustment"",""cy_proxies_fy"",""head_scope"",""population_vintage""]",,residual_plus_unsized,,no computed counterpart,{}
spring_budget_2024,obr_pmd_nov2025:11119:39f75e3b107ed888,spring_budget_2024__energy_profits_levy_epl_one_year_extension_from_1_april_2028_71583ad8,Energy Profits Levy (EPL): one year extension from 1 April 2028,out_of_household_scope,business_tax,2024-25,2024,Energy profits levy,Tax Measures (Policy measures database),2024-25,0.0,0.0,,,,not_available,not_computed,Source head is outside household tax-benefit scope; retained for event accounting.,"Business/sector tax, firm allowance or credit; household income-tax spillovers in the PMD do not make the underlying business measure a household reform.","[""Business/sector tax, firm allowance or credit; household income-tax spillovers in the PMD do not make the underlying business measure a household reform.""]",[],,,"[""baseline_vintage"",""behavioural_adjustment"",""cy_proxies_fy"",""head_scope"",""population_vintage""]",not_available,[],"[""baseline_vintage"",""behavioural_adjustment"",""cy_proxies_fy"",""head_scope"",""population_vintage""]",,residual_plus_unsized,,no computed counterpart,{}
spring_budget_2024,obr_pmd_nov2025:11120:4e284d053347bbf6,spring_budget_2024__energy_profits_levy_epl_one_year_extension_from_1_april_2028_71583ad8,Energy Profits Levy (EPL): one year extension from 1 April 2028,out_of_household_scope,business_tax,2025-26,2025,Energy profits levy,Tax Measures (Policy measures database),2025-26,0.0,0.0,,,,not_available,not_computed,Source head is outside household tax-benefit scope; retained for event accounting.,"Business/sector tax, firm allowance or credit; household income-tax spillovers in the PMD do not make the underlying business measure a household reform.","[""Business/sector tax, firm allowance or credit; household income-tax spillovers in the PMD do not make the underlying business measure a household reform.""]",[],,,"[""baseline_vintage"",""behavioural_adjustment"",""cy_proxies_fy"",""head_scope"",""population_vintage""]",not_available,[],"[""baseline_vintage"",""behavioural_adjustment"",""cy_proxies_fy"",""head_scope"",""population_vintage""]",,residual_plus_unsized,,no computed counterpart,{}
spring_budget_2024,obr_pmd_nov2025:11121:e386459181677fd2,spring_budget_2024__energy_profits_levy_epl_one_year_extension_from_1_april_2028_71583ad8,Energy Profits Levy (EPL): one year extension from 1 April 2028,out_of_household_scope,business_tax,2026-27,2026,Energy profits levy,Tax Measures (Policy measures database),2026-27,0.0,0.0,,,,not_available,not_computed,Source head is outside household tax-benefit scope; retained for event accounting.,"Business/sector tax, firm allowance or credit; household income-tax spillovers in the PMD do not make the underlying business measure a household reform.","[""Business/sector tax, firm allowance or credit; household income-tax spillovers in the PMD do not make the underlying business measure a household reform.""]",[],,,"[""baseline_vintage"",""behavioural_adjustment"",""cy_proxies_fy"",""head_scope"",""population_vintage""]",not_available,[],"[""baseline_vintage"",""behavioural_adjustment"",""cy_proxies_fy"",""head_scope"",""population_vintage""]",,residual_plus_unsized,,no computed counterpart,{}
spring_budget_2024,obr_pmd_nov2025:11122:eb896cfcdb0b28da,spring_budget_2024__energy_profits_levy_epl_one_year_extension_from_1_april_2028_71583ad8,Energy Profits Levy (EPL): one year extension from 1 April 2028,out_of_household_scope,business_tax,2027-28,2027,Energy profits levy,Tax Measures (Policy measures database),2027-28,356717578.6112146,356717578.6112146,,,,not_available,not_computed,Source head is outside household tax-benefit scope; retained for event accounting.,"Business/sector tax, firm allowance or credit; household income-tax spillovers in the PMD do not make the underlying business measure a household reform.","[""Business/sector tax, firm allowance or credit; household income-tax spillovers in the PMD do not make the underlying business measure a household reform.""]",[],,,"[""baseline_vintage"",""behavioural_adjustment"",""cy_proxies_fy"",""head_scope"",""population_vintage""]",not_available,[],"[""baseline_vintage"",""behavioural_adjustment"",""cy_proxies_fy"",""head_scope"",""population_vintage""]",,residual_plus_unsized,,no computed counterpart,{}
spring_budget_2024,obr_pmd_nov2025:11123:8b2d9834c2deb6a1,spring_budget_2024__energy_profits_levy_epl_one_year_extension_from_1_april_2028_71583ad8,Energy Profits Levy (EPL): one year extension from 1 April 2028,out_of_household_scope,business_tax,2028-29,2028,Energy profits levy,Tax Measures (Policy measures database),2028-29,1175181378.1891742,1175181378.1891742,,,,not_available,not_computed,Source head is outside household tax-benefit scope; retained for event accounting.,"Business/sector tax, firm allowance or credit; household income-tax spillovers in the PMD do not make the underlying business measure a household reform.","[""Business/sector tax, firm allowance or credit; household income-tax spillovers in the PMD do not make the underlying business measure a household reform.""]",[],,,"[""baseline_vintage"",""behavioural_adjustment"",""cy_proxies_fy"",""head_scope"",""population_vintage""]",not_available,[],"[""baseline_vintage"",""behavioural_adjustment"",""cy_proxies_fy"",""head_scope"",""population_vintage""]",,residual_plus_unsized,,no computed counterpart,{}
spring_budget_2024,obr_pmd_nov2025:11292:ea8372dd6917ba96,spring_budget_2024__freeports_tax_reliefs_sunset_date_extension_from_5_to_10_years_2bd604f7,Freeports: tax reliefs sunset date extension from 5 to 10 years,out_of_household_scope,other,2023-24,2023,Business rates,Tax Measures (Policy measures database),2023-24,0.0,0.0,,,,not_available,not_computed,Source head is outside household tax-benefit scope; retained for event accounting.,"The announcement needs a targeted tax-base, entitlement, transaction or programme mechanism not established as an executable reform on the certified household population.","[""The announcement needs a targeted tax-base, entitlement, transaction or programme mechanism not established as an executable reform on the certified household population.""]",[],,,"[""baseline_vintage"",""behavioural_adjustment"",""cy_proxies_fy"",""head_scope"",""population_vintage""]",not_available,[],"[""baseline_vintage"",""behavioural_adjustment"",""cy_proxies_fy"",""head_scope"",""population_vintage""]",,residual_plus_unsized,,no computed counterpart,{}
spring_budget_2024,obr_pmd_nov2025:11274:b8c323bf4b9c0184,spring_budget_2024__freeports_tax_reliefs_sunset_date_extension_from_5_to_10_years_2bd604f7,Freeports: tax reliefs sunset date extension from 5 to 10 years,out_of_household_scope,other,2023-24,2023,Corporation tax (onshore),Tax Measures (Policy measures database),2023-24,0.0,0.0,,,,not_available,not_computed,Source head is outside household tax-benefit scope; retained for event accounting.,"The announcement needs a targeted tax-base, entitlement, transaction or programme mechanism not established as an executable reform on the certified household population.","[""The announcement needs a targeted tax-base, entitlement, transaction or programme mechanism not established as an executable reform on the certified household population.""]",[],,,"[""baseline_vintage"",""behavioural_adjustment"",""cy_proxies_fy"",""head_scope"",""population_vintage""]",not_available,[],"[""baseline_vintage"",""behavioural_adjustment"",""cy_proxies_fy"",""head_scope"",""population_vintage""]",,residual_plus_unsized,,no computed counterpart,{}
spring_budget_2024,obr_pmd_nov2025:11298:7fcd82b4acf4532a,spring_budget_2024__freeports_tax_reliefs_sunset_date_extension_from_5_to_10_years_2bd604f7,Freeports: tax reliefs sunset date extension from 5 to 10 years,not_expressible,other,2023-24,2023,Income tax,Tax Measures (Policy measures database),2023-24,0.0,0.0,,,,not_available,not_computed,"The announcement needs a targeted tax-base, entitlement, transaction or programme mechanism not established as an executable reform on the certified household population.","The announcement needs a targeted tax-base, entitlement, transaction or programme mechanism not established as an executable reform on the certified household population.","[""The announcement needs a targeted tax-base, entitlement, transaction or programme mechanism not established as an executable reform on the certified household population.""]",[],,,"[""baseline_vintage"",""behavioural_adjustment"",""cy_proxies_fy"",""head_scope"",""population_vintage""]",not_available,[],"[""baseline_vintage"",""behavioural_adjustment"",""cy_proxies_fy"",""head_scope"",""population_vintage""]",,residual_plus_unsized,,no computed counterpart,{}
spring_budget_2024,obr_pmd_nov2025:22451:c6a13fb0aad710cf,spring_budget_2024__freeports_tax_reliefs_sunset_date_extension_from_5_to_10_years_2bd604f7,Freeports: tax reliefs sunset date extension from 5 to 10 years,out_of_household_scope,other,2023-24,2023,Locally-financed current expenditure,Spending Measures (Policy measures database),2023-24,0.0,0.0,,,,not_available,not_computed,Source head is outside household tax-benefit scope; retained for event accounting.,"The announcement needs a targeted tax-base, entitlement, transaction or programme mechanism not established as an executable reform on the certified household population.","[""The announcement needs a targeted tax-base, entitlement, transaction or programme mechanism not established as an executable reform on the certified household population.""]",[],,,"[""baseline_vintage"",""behavioural_adjustment"",""cy_proxies_fy"",""head_scope"",""population_vintage""]",not_available,[],"[""baseline_vintage"",""behavioural_adjustment"",""cy_proxies_fy"",""head_scope"",""population_vintage""]",,residual_plus_unsized,,no computed counterpart,{}
spring_budget_2024,obr_pmd_nov2025:11280:052361d8d7f5342f,spring_budget_2024__freeports_tax_reliefs_sunset_date_extension_from_5_to_10_years_2bd604f7,Freeports: tax reliefs sunset date extension from 5 to 10 years,not_expressible,other,2023-24,2023,NICs,Tax Measures (Policy measures database),2023-24,0.0,0.0,,,,not_available,not_computed,"The announcement needs a targeted tax-base, entitlement, transaction or programme mechanism not established as an executable reform on the certified household population.","The announcement needs a targeted tax-base, entitlement, transaction or programme mechanism not established as an executable reform on the certified household population.","[""The announcement needs a targeted tax-base, entitlement, transaction or programme mechanism not established as an executable reform on the certified household population.""]",[],,,"[""baseline_vintage"",""behavioural_adjustment"",""cy_proxies_fy"",""head_scope"",""population_vintage""]",not_available,[],"[""baseline_vintage"",""behavioural_adjustment"",""cy_proxies_fy"",""head_scope"",""population_vintage""]",,residual_plus_unsized,,no computed counterpart,{}
spring_budget_2024,obr_pmd_nov2025:22445:1a93701f9130c7e8,spring_budget_2024__freeports_tax_reliefs_sunset_date_extension_from_5_to_10_years_2bd604f7,Freeports: tax reliefs sunset date extension from 5 to 10 years,not_expressible,other,2023-24,2023,Other AME (current),Spending Measures (Policy measures database),2023-24,0.0,0.0,,,,not_available,not_computed,"The announcement needs a targeted tax-base, entitlement, transaction or programme mechanism not established as an executable reform on the certified household population.","The announcement needs a targeted tax-base, entitlement, transaction or programme mechanism not established as an executable reform on the certified household population.","[""The announcement needs a targeted tax-base, entitlement, transaction or programme mechanism not established as an executable reform on the certified household population.""]",[],,,"[""baseline_vintage"",""behavioural_adjustment"",""cy_proxies_fy"",""head_scope"",""population_vintage""]",not_available,[],"[""baseline_vintage"",""behavioural_adjustment"",""cy_proxies_fy"",""head_scope"",""population_vintage""]",,residual_plus_unsized,,no computed counterpart,{}
spring_budget_2024,obr_pmd_nov2025:22439:5a132c5ccb9d3449,spring_budget_2024__freeports_tax_reliefs_sunset_date_extension_from_5_to_10_years_2bd604f7,Freeports: tax reliefs sunset date extension from 5 to 10 years,out_of_household_scope,other,2023-24,2023,PSCE in RDEL,Spending Measures (Policy measures database),2023-24,0.0,0.0,,,,not_available,not_computed,Source head is outside household tax-benefit scope; retained for event accounting.,"The announcement needs a targeted tax-base, entitlement, transaction or programme mechanism not established as an executable reform on the certified household population.","[""The announcement needs a targeted tax-base, entitlement, transaction or programme mechanism not established as an executable reform on the certified household population.""]",[],,,"[""baseline_vintage"",""behavioural_adjustment"",""cy_proxies_fy"",""head_scope"",""population_vintage""]",not_available,[],"[""baseline_vintage"",""behavioural_adjustment"",""cy_proxies_fy"",""head_scope"",""population_vintage""]",,residual_plus_unsized,,no computed counterpart,{}
spring_budget_2024,obr_pmd_nov2025:22433:f39e0d741042a61e,spring_budget_2024__freeports_tax_reliefs_sunset_date_extension_from_5_to_10_years_2bd604f7,Freeports: tax reliefs sunset date extension from 5 to 10 years,out_of_household_scope,other,2023-24,2023,Scottish BGA (current),Spending Measures (Policy measures database),2023-24,0.0,0.0,,,,not_available,not_computed,Source head is outside household tax-benefit scope; retained for event accounting.,"The announcement needs a targeted tax-base, entitlement, transaction or programme mechanism not established as an executable reform on the certified household population.","[""The announcement needs a targeted tax-base, entitlement, transaction or programme mechanism not established as an executable reform on the certified household population.""]",[],,,"[""baseline_vintage"",""behavioural_adjustment"",""cy_proxies_fy"",""head_scope"",""population_vintage""]",not_available,[],"[""baseline_vintage"",""behavioural_adjustment"",""cy_proxies_fy"",""head_scope"",""population_vintage""]",,residual_plus_unsized,,no computed counterpart,{}
spring_budget_2024,obr_pmd_nov2025:11286:f7086101368f9d16,spring_budget_2024__freeports_tax_reliefs_sunset_date_extension_from_5_to_10_years_2bd604f7,Freeports: tax reliefs sunset date extension from 5 to 10 years,not_expressible,other,2023-24,2023,Stamp duty,Tax Measures (Policy measures database),2023-24,0.0,0.0,,,,not_available,not_computed,"The announcement needs a targeted tax-base, entitlement, transaction or programme mechanism not established as an executable reform on the certified household population.","The announcement needs a targeted tax-base, entitlement, transaction or programme mechanism not established as an executable reform on the certified household population.","[""The announcement needs a targeted tax-base, entitlement, transaction or programme mechanism not established as an executable reform on the certified household population.""]",[],,,"[""baseline_vintage"",""behavioural_adjustment"",""cy_proxies_fy"",""head_scope"",""population_vintage""]",not_available,[],"[""baseline_vintage"",""behavioural_adjustment"",""cy_proxies_fy"",""head_scope"",""population_vintage""]",,residual_plus_unsized,,no computed counterpart,{}
spring_budget_2024,obr_pmd_nov2025:11268:5d036fcfb05d8ac0,spring_budget_2024__freeports_tax_reliefs_sunset_date_extension_from_5_to_10_years_2bd604f7,Freeports: tax reliefs sunset date extension from 5 to 10 years,not_expressible,other,2023-24,2023,VAT,Tax Measures (Policy measures database),2023-24,0.0,0.0,,,,not_available,not_computed,"The announcement needs a targeted tax-base, entitlement, transaction or programme mechanism not established as an executable reform on the certified household population.","The announcement needs a targeted tax-base, entitlement, transaction or programme mechanism not established as an executable reform on the certified household population.","[""The announcement needs a targeted tax-base, entitlement, transaction or programme mechanism not established as an executable reform on the certified household population.""]",[],,,"[""baseline_vintage"",""behavioural_adjustment"",""cy_proxies_fy"",""head_scope"",""population_vintage""]",not_available,[],"[""baseline_vintage"",""behavioural_adjustment"",""cy_proxies_fy"",""head_scope"",""population_vintage""]",,residual_plus_unsized,,no computed counterpart,{}
spring_budget_2024,obr_pmd_nov2025:11293:0c1e98d01481d285,spring_budget_2024__freeports_tax_reliefs_sunset_date_extension_from_5_to_10_years_2bd604f7,Freeports: tax reliefs sunset date extension from 5 to 10 years,out_of_household_scope,other,2024-25,2024,Business rates,Tax Measures (Policy measures database),2024-25,0.0,0.0,,,,not_available,not_computed,Source head is outside household tax-benefit scope; retained for event accounting.,"The announcement needs a targeted tax-base, entitlement, transaction or programme mechanism not established as an executable reform on the certified household population.","[""The announcement needs a targeted tax-base, entitlement, transaction or programme mechanism not established as an executable reform on the certified household population.""]",[],,,"[""baseline_vintage"",""behavioural_adjustment"",""cy_proxies_fy"",""head_scope"",""population_vintage""]",not_available,[],"[""baseline_vintage"",""behavioural_adjustment"",""cy_proxies_fy"",""head_scope"",""population_vintage""]",,residual_plus_unsized,,no computed counterpart,{}
spring_budget_2024,obr_pmd_nov2025:11275:9b1c0d3c8a5a5f7b,spring_budget_2024__freeports_tax_reliefs_sunset_date_extension_from_5_to_10_years_2bd604f7,Freeports: tax reliefs sunset date extension from 5 to 10 years,out_of_household_scope,other,2024-25,2024,Corporation tax (onshore),Tax Measures (Policy measures database),2024-25,0.0,0.0,,,,not_available,not_computed,Source head is outside household tax-benefit scope; retained for event accounting.,"The announcement needs a targeted tax-base, entitlement, transaction or programme mechanism not established as an executable reform on the certified household population.","[""The announcement needs a targeted tax-base, entitlement, transaction or programme mechanism not established as an executable reform on the certified household population.""]",[],,,"[""baseline_vintage"",""behavioural_adjustment"",""cy_proxies_fy"",""head_scope"",""population_vintage""]",not_available,[],"[""baseline_vintage"",""behavioural_adjustment"",""cy_proxies_fy"",""head_scope"",""population_vintage""]",,residual_plus_unsized,,no computed counterpart,{}
spring_budget_2024,obr_pmd_nov2025:11299:cadece75a114aa3f,spring_budget_2024__freeports_tax_reliefs_sunset_date_extension_from_5_to_10_years_2bd604f7,Freeports: tax reliefs sunset date extension from 5 to 10 years,not_expressible,other,2024-25,2024,Income tax,Tax Measures (Policy measures database),2024-25,0.0,0.0,,,,not_available,not_computed,"The announcement needs a targeted tax-base, entitlement, transaction or programme mechanism not established as an executable reform on the certified household population.","The announcement needs a targeted tax-base, entitlement, transaction or programme mechanism not established as an executable reform on the certified household population.","[""The announcement needs a targeted tax-base, entitlement, transaction or programme mechanism not established as an executable reform on the certified household population.""]",[],,,"[""baseline_vintage"",""behavioural_adjustment"",""cy_proxies_fy"",""head_scope"",""population_vintage""]",not_available,[],"[""baseline_vintage"",""behavioural_adjustment"",""cy_proxies_fy"",""head_scope"",""population_vintage""]",,residual_plus_unsized,,no computed counterpart,{}
spring_budget_2024,obr_pmd_nov2025:22452:6ff212c4fb4fab71,spring_budget_2024__freeports_tax_reliefs_sunset_date_extension_from_5_to_10_years_2bd604f7,Freeports: tax reliefs sunset date extension from 5 to 10 years,out_of_household_scope,other,2024-25,2024,Locally-financed current expenditure,Spending Measures (Policy measures database),2024-25,0.0,0.0,,,,not_available,not_computed,Source head is outside household tax-benefit scope; retained for event accounting.,"The announcement needs a targeted tax-base, entitlement, transaction or programme mechanism not established as an executable reform on the certified household population.","[""The announcement needs a targeted tax-base, entitlement, transaction or programme mechanism not established as an executable reform on the certified household population.""]",[],,,"[""baseline_vintage"",""behavioural_adjustment"",""cy_proxies_fy"",""head_scope"",""population_vintage""]",not_available,[],"[""baseline_vintage"",""behavioural_adjustment"",""cy_proxies_fy"",""head_scope"",""population_vintage""]",,residual_plus_unsized,,no computed counterpart,{}
spring_budget_2024,obr_pmd_nov2025:11281:0ea2a85869bd9968,spring_budget_2024__freeports_tax_reliefs_sunset_date_extension_from_5_to_10_years_2bd604f7,Freeports: tax reliefs sunset date extension from 5 to 10 years,not_expressible,other,2024-25,2024,NICs,Tax Measures (Policy measures database),2024-25,0.0,0.0,,,,not_available,not_computed,"The announcement needs a targeted tax-base, entitlement, transaction or programme mechanism not established as an executable reform on the certified household population.","The announcement needs a targeted tax-base, entitlement, transaction or programme mechanism not established as an executable reform on the certified household population.","[""The announcement needs a targeted tax-base, entitlement, transaction or programme mechanism not established as an executable reform on the certified household population.""]",[],,,"[""baseline_vintage"",""behavioural_adjustment"",""cy_proxies_fy"",""head_scope"",""population_vintage""]",not_available,[],"[""baseline_vintage"",""behavioural_adjustment"",""cy_proxies_fy"",""head_scope"",""population_vintage""]",,residual_plus_unsized,,no computed counterpart,{}
spring_budget_2024,obr_pmd_nov2025:22446:eba62e5cc5303996,spring_budget_2024__freeports_tax_reliefs_sunset_date_extension_from_5_to_10_years_2bd604f7,Freeports: tax reliefs sunset date extension from 5 to 10 years,not_expressible,other,2024-25,2024,Other AME (current),Spending Measures (Policy measures database),2024-25,0.0,0.0,,,,not_available,not_computed,"The announcement needs a targeted tax-base, entitlement, transaction or programme mechanism not established as an executable reform on the certified household population.","The announcement needs a targeted tax-base, entitlement, transaction or programme mechanism not established as an executable reform on the certified household population.","[""The announcement needs a targeted tax-base, entitlement, transaction or programme mechanism not established as an executable reform on the certified household population.""]",[],,,"[""baseline_vintage"",""behavioural_adjustment"",""cy_proxies_fy"",""head_scope"",""population_vintage""]",not_available,[],"[""baseline_vintage"",""behavioural_adjustment"",""cy_proxies_fy"",""head_scope"",""population_vintage""]",,residual_plus_unsized,,no computed counterpart,{}
spring_budget_2024,obr_pmd_nov2025:22440:11827d1594ab70bd,spring_budget_2024__freeports_tax_reliefs_sunset_date_extension_from_5_to_10_years_2bd604f7,Freeports: tax reliefs sunset date extension from 5 to 10 years,out_of_household_scope,other,2024-25,2024,PSCE in RDEL,Spending Measures (Policy measures database),2024-25,0.0,0.0,,,,not_available,not_computed,Source head is outside household tax-benefit scope; retained for event accounting.,"The announcement needs a targeted tax-base, entitlement, transaction or programme mechanism not established as an executable reform on the certified household population.","[""The announcement needs a targeted tax-base, entitlement, transaction or programme mechanism not established as an executable reform on the certified household population.""]",[],,,"[""baseline_vintage"",""behavioural_adjustment"",""cy_proxies_fy"",""head_scope"",""population_vintage""]",not_available,[],"[""baseline_vintage"",""behavioural_adjustment"",""cy_proxies_fy"",""head_scope"",""population_vintage""]",,residual_plus_unsized,,no computed counterpart,{}
spring_budget_2024,obr_pmd_nov2025:22434:be3cf74e72a67011,spring_budget_2024__freeports_tax_reliefs_sunset_date_extension_from_5_to_10_years_2bd604f7,Freeports: tax reliefs sunset date extension from 5 to 10 years,out_of_household_scope,other,2024-25,2024,Scottish BGA (current),Spending Measures (Policy measures database),2024-25,0.0,0.0,,,,not_available,not_computed,Source head is outside household tax-benefit scope; retained for event accounting.,"The announcement needs a targeted tax-base, entitlement, transaction or programme mechanism not established as an executable reform on the certified household population.","[""The announcement needs a targeted tax-base, entitlement, transaction or programme mechanism not established as an executable reform on the certified household population.""]",[],,,"[""baseline_vintage"",""behavioural_adjustment"",""cy_proxies_fy"",""head_scope"",""population_vintage""]",not_available,[],"[""baseline_vintage"",""behavioural_adjustment"",""cy_proxies_fy"",""head_scope"",""population_vintage""]",,residual_plus_unsized,,no computed counterpart,{}
spring_budget_2024,obr_pmd_nov2025:11287:854727aadcda3165,spring_budget_2024__freeports_tax_reliefs_sunset_date_extension_from_5_to_10_years_2bd604f7,Freeports: tax reliefs sunset date extension from 5 to 10 years,not_expressible,other,2024-25,2024,Stamp duty,Tax Measures (Policy measures database),2024-25,0.0,0.0,,,,not_available,not_computed,"The announcement needs a targeted tax-base, entitlement, transaction or programme mechanism not established as an executable reform on the certified household population.","The announcement needs a targeted tax-base, entitlement, transaction or programme mechanism not established as an executable reform on the certified household population.","[""The announcement needs a targeted tax-base, entitlement, transaction or programme mechanism not established as an executable reform on the certified household population.""]",[],,,"[""baseline_vintage"",""behavioural_adjustment"",""cy_proxies_fy"",""head_scope"",""population_vintage""]",not_available,[],"[""baseline_vintage"",""behavioural_adjustment"",""cy_proxies_fy"",""head_scope"",""population_vintage""]",,residual_plus_unsized,,no computed counterpart,{}
spring_budget_2024,obr_pmd_nov2025:11269:f984ef5e9453b755,spring_budget_2024__freeports_tax_reliefs_sunset_date_extension_from_5_to_10_years_2bd604f7,Freeports: tax reliefs sunset date extension from 5 to 10 years,not_expressible,other,2024-25,2024,VAT,Tax Measures (Policy measures database),2024-25,0.0,0.0,,,,not_available,not_computed,"The announcement needs a targeted tax-base, entitlement, transaction or programme mechanism not established as an executable reform on the certified household population.","The announcement needs a targeted tax-base, entitlement, transaction or programme mechanism not established as an executable reform on the certified household population.","[""The announcement needs a targeted tax-base, entitlement, transaction or programme mechanism not established as an executable reform on the certified household population.""]",[],,,"[""baseline_vintage"",""behavioural_adjustment"",""cy_proxies_fy"",""head_scope"",""population_vintage""]",not_available,[],"[""baseline_vintage"",""behavioural_adjustment"",""cy_proxies_fy"",""head_scope"",""population_vintage""]",,residual_plus_unsized,,no computed counterpart,{}
spring_budget_2024,obr_pmd_nov2025:11294:4b2da22c2e239e78,spring_budget_2024__freeports_tax_reliefs_sunset_date_extension_from_5_to_10_years_2bd604f7,Freeports: tax reliefs sunset date extension from 5 to 10 years,out_of_household_scope,other,2025-26,2025,Business rates,Tax Measures (Policy measures database),2025-26,0.0,0.0,,,,not_available,not_computed,Source head is outside household tax-benefit scope; retained for event accounting.,"The announcement needs a targeted tax-base, entitlement, transaction or programme mechanism not established as an executable reform on the certified household population.","[""The announcement needs a targeted tax-base, entitlement, transaction or programme mechanism not established as an executable reform on the certified household population.""]",[],,,"[""baseline_vintage"",""behavioural_adjustment"",""cy_proxies_fy"",""head_scope"",""population_vintage""]",not_available,[],"[""baseline_vintage"",""behavioural_adjustment"",""cy_proxies_fy"",""head_scope"",""population_vintage""]",,residual_plus_unsized,,no computed counterpart,{}
spring_budget_2024,obr_pmd_nov2025:11276:7fb603c5ce7b34d6,spring_budget_2024__freeports_tax_reliefs_sunset_date_extension_from_5_to_10_years_2bd604f7,Freeports: tax reliefs sunset date extension from 5 to 10 years,out_of_household_scope,other,2025-26,2025,Corporation tax (onshore),Tax Measures (Policy measures database),2025-26,319427.0,319427.0,,,,not_available,not_computed,Source head is outside household tax-benefit scope; retained for event accounting.,"The announcement needs a targeted tax-base, entitlement, transaction or programme mechanism not established as an executable reform on the certified household population.","[""The announcement needs a targeted tax-base, entitlement, transaction or programme mechanism not established as an executable reform on the certified household population.""]",[],,,"[""baseline_vintage"",""behavioural_adjustment"",""cy_proxies_fy"",""head_scope"",""population_vintage""]",not_available,[],"[""baseline_vintage"",""behavioural_adjustment"",""cy_proxies_fy"",""head_scope"",""population_vintage""]",,residual_plus_unsized,,no computed counterpart,{}
spring_budget_2024,obr_pmd_nov2025:11300:cd76ec4df42113ab,spring_budget_2024__freeports_tax_reliefs_sunset_date_extension_from_5_to_10_years_2bd604f7,Freeports: tax reliefs sunset date extension from 5 to 10 years,not_expressible,other,2025-26,2025,Income tax,Tax Measures (Policy measures database),2025-26,0.0,0.0,,,,not_available,not_computed,"The announcement needs a targeted tax-base, entitlement, transaction or programme mechanism not established as an executable reform on the certified household population.","The announcement needs a targeted tax-base, entitlement, transaction or programme mechanism not established as an executable reform on the certified household population.","[""The announcement needs a targeted tax-base, entitlement, transaction or programme mechanism not established as an executable reform on the certified household population.""]",[],,,"[""baseline_vintage"",""behavioural_adjustment"",""cy_proxies_fy"",""head_scope"",""population_vintage""]",not_available,[],"[""baseline_vintage"",""behavioural_adjustment"",""cy_proxies_fy"",""head_scope"",""population_vintage""]",,residual_plus_unsized,,no computed counterpart,{}
spring_budget_2024,obr_pmd_nov2025:22453:170e375b9711443d,spring_budget_2024__freeports_tax_reliefs_sunset_date_extension_from_5_to_10_years_2bd604f7,Freeports: tax reliefs sunset date extension from 5 to 10 years,out_of_household_scope,other,2025-26,2025,Locally-financed current expenditure,Spending Measures (Policy measures database),2025-26,0.0,0.0,,,,not_available,not_computed,Source head is outside household tax-benefit scope; retained for event accounting.,"The announcement needs a targeted tax-base, entitlement, transaction or programme mechanism not established as an executable reform on the certified household population.","[""The announcement needs a targeted tax-base, entitlement, transaction or programme mechanism not established as an executable reform on the certified household population.""]",[],,,"[""baseline_vintage"",""behavioural_adjustment"",""cy_proxies_fy"",""head_scope"",""population_vintage""]",not_available,[],"[""baseline_vintage"",""behavioural_adjustment"",""cy_proxies_fy"",""head_scope"",""population_vintage""]",,residual_plus_unsized,,no computed counterpart,{}
spring_budget_2024,obr_pmd_nov2025:11282:21125e3942b0b42b,spring_budget_2024__freeports_tax_reliefs_sunset_date_extension_from_5_to_10_years_2bd604f7,Freeports: tax reliefs sunset date extension from 5 to 10 years,not_expressible,other,2025-26,2025,NICs,Tax Measures (Policy measures database),2025-26,0.0,0.0,,,,not_available,not_computed,"The announcement needs a targeted tax-base, entitlement, transaction or programme mechanism not established as an executable reform on the certified household population.","The announcement needs a targeted tax-base, entitlement, transaction or programme mechanism not established as an executable reform on the certified household population.","[""The announcement needs a targeted tax-base, entitlement, transaction or programme mechanism not established as an executable reform on the certified household population.""]",[],,,"[""baseline_vintage"",""behavioural_adjustment"",""cy_proxies_fy"",""head_scope"",""population_vintage""]",not_available,[],"[""baseline_vintage"",""behavioural_adjustment"",""cy_proxies_fy"",""head_scope"",""population_vintage""]",,residual_plus_unsized,,no computed counterpart,{}
spring_budget_2024,obr_pmd_nov2025:22447:86e35e53a3e63fd8,spring_budget_2024__freeports_tax_reliefs_sunset_date_extension_from_5_to_10_years_2bd604f7,Freeports: tax reliefs sunset date extension from 5 to 10 years,not_expressible,other,2025-26,2025,Other AME (current),Spending Measures (Policy measures database),2025-26,0.0,0.0,,,,not_available,not_computed,"The announcement needs a targeted tax-base, entitlement, transaction or programme mechanism not established as an executable reform on the certified household population.","The announcement needs a targeted tax-base, entitlement, transaction or programme mechanism not established as an executable reform on the certified household population.","[""The announcement needs a targeted tax-base, entitlement, transaction or programme mechanism not established as an executable reform on the certified household population.""]",[],,,"[""baseline_vintage"",""behavioural_adjustment"",""cy_proxies_fy"",""head_scope"",""population_vintage""]",not_available,[],"[""baseline_vintage"",""behavioural_adjustment"",""cy_proxies_fy"",""head_scope"",""population_vintage""]",,residual_plus_unsized,,no computed counterpart,{}
spring_budget_2024,obr_pmd_nov2025:22441:edc3d26d809c0530,spring_budget_2024__freeports_tax_reliefs_sunset_date_extension_from_5_to_10_years_2bd604f7,Freeports: tax reliefs sunset date extension from 5 to 10 years,out_of_household_scope,other,2025-26,2025,PSCE in RDEL,Spending Measures (Policy measures database),2025-26,0.0,0.0,,,,not_available,not_computed,Source head is outside household tax-benefit scope; retained for event accounting.,"The announcement needs a targeted tax-base, entitlement, transaction or programme mechanism not established as an executable reform on the certified household population.","[""The announcement needs a targeted tax-base, entitlement, transaction or programme mechanism not established as an executable reform on the certified household population.""]",[],,,"[""baseline_vintage"",""behavioural_adjustment"",""cy_proxies_fy"",""head_scope"",""population_vintage""]",not_available,[],"[""baseline_vintage"",""behavioural_adjustment"",""cy_proxies_fy"",""head_scope"",""population_vintage""]",,residual_plus_unsized,,no computed counterpart,{}
spring_budget_2024,obr_pmd_nov2025:22435:d8b5df26b532083c,spring_budget_2024__freeports_tax_reliefs_sunset_date_extension_from_5_to_10_years_2bd604f7,Freeports: tax reliefs sunset date extension from 5 to 10 years,out_of_household_scope,other,2025-26,2025,Scottish BGA (current),Spending Measures (Policy measures database),2025-26,0.0,0.0,,,,not_available,not_computed,Source head is outside household tax-benefit scope; retained for event accounting.,"The announcement needs a targeted tax-base, entitlement, transaction or programme mechanism not established as an executable reform on the certified household population.","[""The announcement needs a targeted tax-base, entitlement, transaction or programme mechanism not established as an executable reform on the certified household population.""]",[],,,"[""baseline_vintage"",""behavioural_adjustment"",""cy_proxies_fy"",""head_scope"",""population_vintage""]",not_available,[],"[""baseline_vintage"",""behavioural_adjustment"",""cy_proxies_fy"",""head_scope"",""population_vintage""]",,residual_plus_unsized,,no computed counterpart,{}
spring_budget_2024,obr_pmd_nov2025:11288:4389106caae98c78,spring_budget_2024__freeports_tax_reliefs_sunset_date_extension_from_5_to_10_years_2bd604f7,Freeports: tax reliefs sunset date extension from 5 to 10 years,not_expressible,other,2025-26,2025,Stamp duty,Tax Measures (Policy measures database),2025-26,0.0,0.0,,,,not_available,not_computed,"The announcement needs a targeted tax-base, entitlement, transaction or programme mechanism not established as an executable reform on the certified household population.","The announcement needs a targeted tax-base, entitlement, transaction or programme mechanism not established as an executable reform on the certified household population.","[""The announcement needs a targeted tax-base, entitlement, transaction or programme mechanism not established as an executable reform on the certified household population.""]",[],,,"[""baseline_vintage"",""behavioural_adjustment"",""cy_proxies_fy"",""head_scope"",""population_vintage""]",not_available,[],"[""baseline_vintage"",""behavioural_adjustment"",""cy_proxies_fy"",""head_scope"",""population_vintage""]",,residual_plus_unsized,,no computed counterpart,{}
spring_budget_2024,obr_pmd_nov2025:11270:e2f954296ceebe7e,spring_budget_2024__freeports_tax_reliefs_sunset_date_extension_from_5_to_10_years_2bd604f7,Freeports: tax reliefs sunset date extension from 5 to 10 years,not_expressible,other,2025-26,2025,VAT,Tax Measures (Policy measures database),2025-26,0.0,0.0,,,,not_available,not_computed,"The announcement needs a targeted tax-base, entitlement, transaction or programme mechanism not established as an executable reform on the certified household population.","The announcement needs a targeted tax-base, entitlement, transaction or programme mechanism not established as an executable reform on the certified household population.","[""The announcement needs a targeted tax-base, entitlement, transaction or programme mechanism not established as an executable reform on the certified household population.""]",[],,,"[""baseline_vintage"",""behavioural_adjustment"",""cy_proxies_fy"",""head_scope"",""population_vintage""]",not_available,[],"[""baseline_vintage"",""behavioural_adjustment"",""cy_proxies_fy"",""head_scope"",""population_vintage""]",,residual_plus_unsized,,no computed counterpart,{}
spring_budget_2024,obr_pmd_nov2025:11295:0e8f1dca38745a3a,spring_budget_2024__freeports_tax_reliefs_sunset_date_extension_from_5_to_10_years_2bd604f7,Freeports: tax reliefs sunset date extension from 5 to 10 years,out_of_household_scope,other,2026-27,2026,Business rates,Tax Measures (Policy measures database),2026-27,-3463104.0,-3463104.0,,,,not_available,not_computed,Source head is outside household tax-benefit scope; retained for event accounting.,"The announcement needs a targeted tax-base, entitlement, transaction or programme mechanism not established as an executable reform on the certified household population.","[""The announcement needs a targeted tax-base, entitlement, transaction or programme mechanism not established as an executable reform on the certified household population.""]",[],,,"[""baseline_vintage"",""behavioural_adjustment"",""cy_proxies_fy"",""head_scope"",""population_vintage""]",not_available,[],"[""baseline_vintage"",""behavioural_adjustment"",""cy_proxies_fy"",""head_scope"",""population_vintage""]",,residual_plus_unsized,,no computed counterpart,{}
spring_budget_2024,obr_pmd_nov2025:11277:82e76ea41ec8426b,spring_budget_2024__freeports_tax_reliefs_sunset_date_extension_from_5_to_10_years_2bd604f7,Freeports: tax reliefs sunset date extension from 5 to 10 years,out_of_household_scope,other,2026-27,2026,Corporation tax (onshore),Tax Measures (Policy measures database),2026-27,867399.0,867399.0,,,,not_available,not_computed,Source head is outside household tax-benefit scope; retained for event accounting.,"The announcement needs a targeted tax-base, entitlement, transaction or programme mechanism not established as an executable reform on the certified household population.","[""The announcement needs a targeted tax-base, entitlement, transaction or programme mechanism not established as an executable reform on the certified household population.""]",[],,,"[""baseline_vintage"",""behavioural_adjustment"",""cy_proxies_fy"",""head_scope"",""population_vintage""]",not_available,[],"[""baseline_vintage"",""behavioural_adjustment"",""cy_proxies_fy"",""head_scope"",""population_vintage""]",,residual_plus_unsized,,no computed counterpart,{}
spring_budget_2024,obr_pmd_nov2025:11301:d175bba291a951bb,spring_budget_2024__freeports_tax_reliefs_sunset_date_extension_from_5_to_10_years_2bd604f7,Freeports: tax reliefs sunset date extension from 5 to 10 years,not_expressible,other,2026-27,2026,Income tax,Tax Measures (Policy measures database),2026-27,0.0,0.0,,,,not_available,not_computed,"The announcement needs a targeted tax-base, entitlement, transaction or programme mechanism not established as an executable reform on the certified household population.","The announcement needs a targeted tax-base, entitlement, transaction or programme mechanism not established as an executable reform on the certified household population.","[""The announcement needs a targeted tax-base, entitlement, transaction or programme mechanism not established as an executable reform on the certified household population.""]",[],,,"[""baseline_vintage"",""behavioural_adjustment"",""cy_proxies_fy"",""head_scope"",""population_vintage""]",not_available,[],"[""baseline_vintage"",""behavioural_adjustment"",""cy_proxies_fy"",""head_scope"",""population_vintage""]",,residual_plus_unsized,,no computed counterpart,{}
spring_budget_2024,obr_pmd_nov2025:22454:af9e8da6ebef35ed,spring_budget_2024__freeports_tax_reliefs_sunset_date_extension_from_5_to_10_years_2bd604f7,Freeports: tax reliefs sunset date extension from 5 to 10 years,out_of_household_scope,other,2026-27,2026,Locally-financed current expenditure,Spending Measures (Policy measures database),2026-27,3463104.0,3463104.0,,,,not_available,not_computed,Source head is outside household tax-benefit scope; retained for event accounting.,"The announcement needs a targeted tax-base, entitlement, transaction or programme mechanism not established as an executable reform on the certified household population.","[""The announcement needs a targeted tax-base, entitlement, transaction or programme mechanism not established as an executable reform on the certified household population.""]",[],,,"[""baseline_vintage"",""behavioural_adjustment"",""cy_proxies_fy"",""head_scope"",""population_vintage""]",not_available,[],"[""baseline_vintage"",""behavioural_adjustment"",""cy_proxies_fy"",""head_scope"",""population_vintage""]",,residual_plus_unsized,,no computed counterpart,{}
spring_budget_2024,obr_pmd_nov2025:11283:126355cadbb78a40,spring_budget_2024__freeports_tax_reliefs_sunset_date_extension_from_5_to_10_years_2bd604f7,Freeports: tax reliefs sunset date extension from 5 to 10 years,not_expressible,other,2026-27,2026,NICs,Tax Measures (Policy measures database),2026-27,-2960000.0,-2960000.0,,,,not_available,not_computed,"The announcement needs a targeted tax-base, entitlement, transaction or programme mechanism not established as an executable reform on the certified household population.","The announcement needs a targeted tax-base, entitlement, transaction or programme mechanism not established as an executable reform on the certified household population.","[""The announcement needs a targeted tax-base, entitlement, transaction or programme mechanism not established as an executable reform on the certified household population.""]",[],,,"[""baseline_vintage"",""behavioural_adjustment"",""cy_proxies_fy"",""head_scope"",""population_vintage""]",not_available,[],"[""baseline_vintage"",""behavioural_adjustment"",""cy_proxies_fy"",""head_scope"",""population_vintage""]",,residual_plus_unsized,,no computed counterpart,{}
spring_budget_2024,obr_pmd_nov2025:22448:e25f20a7a7f59de7,spring_budget_2024__freeports_tax_reliefs_sunset_date_extension_from_5_to_10_years_2bd604f7,Freeports: tax reliefs sunset date extension from 5 to 10 years,not_expressible,other,2026-27,2026,Other AME (current),Spending Measures (Policy measures database),2026-27,-3463104.0,-3463104.0,,,,not_available,not_computed,"The announcement needs a targeted tax-base, entitlement, transaction or programme mechanism not established as an executable reform on the certified household population.","The announcement needs a targeted tax-base, entitlement, transaction or programme mechanism not established as an executable reform on the certified household population.","[""The announcement needs a targeted tax-base, entitlement, transaction or programme mechanism not established as an executable reform on the certified household population.""]",[],,,"[""baseline_vintage"",""behavioural_adjustment"",""cy_proxies_fy"",""head_scope"",""population_vintage""]",not_available,[],"[""baseline_vintage"",""behavioural_adjustment"",""cy_proxies_fy"",""head_scope"",""population_vintage""]",,residual_plus_unsized,,no computed counterpart,{}
spring_budget_2024,obr_pmd_nov2025:22442:3bc3dbfab92f4949,spring_budget_2024__freeports_tax_reliefs_sunset_date_extension_from_5_to_10_years_2bd604f7,Freeports: tax reliefs sunset date extension from 5 to 10 years,out_of_household_scope,other,2026-27,2026,PSCE in RDEL,Spending Measures (Policy measures database),2026-27,-447944.63423533714,-447944.63423533714,,,,not_available,not_computed,Source head is outside household tax-benefit scope; retained for event accounting.,"The announcement needs a targeted tax-base, entitlement, transaction or programme mechanism not established as an executable reform on the certified household population.","[""The announcement needs a targeted tax-base, entitlement, transaction or programme mechanism not established as an executable reform on the certified household population.""]",[],,,"[""baseline_vintage"",""behavioural_adjustment"",""cy_proxies_fy"",""head_scope"",""population_vintage""]",not_available,[],"[""baseline_vintage"",""behavioural_adjustment"",""cy_proxies_fy"",""head_scope"",""population_vintage""]",,residual_plus_unsized,,no computed counterpart,{}
spring_budget_2024,obr_pmd_nov2025:22436:b8d9d05079b69518,spring_budget_2024__freeports_tax_reliefs_sunset_date_extension_from_5_to_10_years_2bd604f7,Freeports: tax reliefs sunset date extension from 5 to 10 years,out_of_household_scope,other,2026-27,2026,Scottish BGA (current),Spending Measures (Policy measures database),2026-27,-642426.8738877703,-642426.8738877703,,,,not_available,not_computed,Source head is outside household tax-benefit scope; retained for event accounting.,"The announcement needs a targeted tax-base, entitlement, transaction or programme mechanism not established as an executable reform on the certified household population.","[""The announcement needs a targeted tax-base, entitlement, transaction or programme mechanism not established as an executable reform on the certified household population.""]",[],,,"[""baseline_vintage"",""behavioural_adjustment"",""cy_proxies_fy"",""head_scope"",""population_vintage""]",not_available,[],"[""baseline_vintage"",""behavioural_adjustment"",""cy_proxies_fy"",""head_scope"",""population_vintage""]",,residual_plus_unsized,,no computed counterpart,{}
spring_budget_2024,obr_pmd_nov2025:11289:4fc76171ae1ce895,spring_budget_2024__freeports_tax_reliefs_sunset_date_extension_from_5_to_10_years_2bd604f7,Freeports: tax reliefs sunset date extension from 5 to 10 years,not_expressible,other,2026-27,2026,Stamp duty,Tax Measures (Policy measures database),2026-27,-6634304.918,-6634304.918,,,,not_available,not_computed,"The announcement needs a targeted tax-base, entitlement, transaction or programme mechanism not established as an executable reform on the certified household population.","The announcement needs a targeted tax-base, entitlement, transaction or programme mechanism not established as an executable reform on the certified household population.","[""The announcement needs a targeted tax-base, entitlement, transaction or programme mechanism not established as an executable reform on the certified household population.""]",[],,,"[""baseline_vintage"",""behavioural_adjustment"",""cy_proxies_fy"",""head_scope"",""population_vintage""]",not_available,[],"[""baseline_vintage"",""behavioural_adjustment"",""cy_proxies_fy"",""head_scope"",""population_vintage""]",,residual_plus_unsized,,no computed counterpart,{}
spring_budget_2024,obr_pmd_nov2025:11271:ff5b0277215d0d54,spring_budget_2024__freeports_tax_reliefs_sunset_date_extension_from_5_to_10_years_2bd604f7,Freeports: tax reliefs sunset date extension from 5 to 10 years,not_expressible,other,2026-27,2026,VAT,Tax Measures (Policy measures database),2026-27,-897244.6693770537,-897244.6693770537,,,,not_available,not_computed,"The announcement needs a targeted tax-base, entitlement, transaction or programme mechanism not established as an executable reform on the certified household population.","The announcement needs a targeted tax-base, entitlement, transaction or programme mechanism not established as an executable reform on the certified household population.","[""The announcement needs a targeted tax-base, entitlement, transaction or programme mechanism not established as an executable reform on the certified household population.""]",[],,,"[""baseline_vintage"",""behavioural_adjustment"",""cy_proxies_fy"",""head_scope"",""population_vintage""]",not_available,[],"[""baseline_vintage"",""behavioural_adjustment"",""cy_proxies_fy"",""head_scope"",""population_vintage""]",,residual_plus_unsized,,no computed counterpart,{}
spring_budget_2024,obr_pmd_nov2025:11296:161f431b3ed07f2d,spring_budget_2024__freeports_tax_reliefs_sunset_date_extension_from_5_to_10_years_2bd604f7,Freeports: tax reliefs sunset date extension from 5 to 10 years,out_of_household_scope,other,2027-28,2027,Business rates,Tax Measures (Policy measures database),2027-28,-8635989.0,-8635989.0,,,,not_available,not_computed,Source head is outside household tax-benefit scope; retained for event accounting.,"The announcement needs a targeted tax-base, entitlement, transaction or programme mechanism not established as an executable reform on the certified household population.","[""The announcement needs a targeted tax-base, entitlement, transaction or programme mechanism not established as an executable reform on the certified household population.""]",[],,,"[""baseline_vintage"",""behavioural_adjustment"",""cy_proxies_fy"",""head_scope"",""population_vintage""]",not_available,[],"[""baseline_vintage"",""behavioural_adjustment"",""cy_proxies_fy"",""head_scope"",""population_vintage""]",,residual_plus_unsized,,no computed counterpart,{}
spring_budget_2024,obr_pmd_nov2025:11278:502854b8ba2fb149,spring_budget_2024__freeports_tax_reliefs_sunset_date_extension_from_5_to_10_years_2bd604f7,Freeports: tax reliefs sunset date extension from 5 to 10 years,out_of_household_scope,other,2027-28,2027,Corporation tax (onshore),Tax Measures (Policy measures database),2027-28,918700.0000000001,918700.0000000001,,,,not_available,not_computed,Source head is outside household tax-benefit scope; retained for event accounting.,"The announcement needs a targeted tax-base, entitlement, transaction or programme mechanism not established as an executable reform on the certified household population.","[""The announcement needs a targeted tax-base, entitlement, transaction or programme mechanism not established as an executable reform on the certified household population.""]",[],,,"[""baseline_vintage"",""behavioural_adjustment"",""cy_proxies_fy"",""head_scope"",""population_vintage""]",not_available,[],"[""baseline_vintage"",""behavioural_adjustment"",""cy_proxies_fy"",""head_scope"",""population_vintage""]",,residual_plus_unsized,,no computed counterpart,{}
spring_budget_2024,obr_pmd_nov2025:11302:e415900b3c4ad7a5,spring_budget_2024__freeports_tax_reliefs_sunset_date_extension_from_5_to_10_years_2bd604f7,Freeports: tax reliefs sunset date extension from 5 to 10 years,not_expressible,other,2027-28,2027,Income tax,Tax Measures (Policy measures database),2027-28,68496.6391524408,68496.6391524408,,,,not_available,not_computed,"The announcement needs a targeted tax-base, entitlement, transaction or programme mechanism not established as an executable reform on the certified household population.","The announcement needs a targeted tax-base, entitlement, transaction or programme mechanism not established as an executable reform on the certified household population.","[""The announcement needs a targeted tax-base, entitlement, transaction or programme mechanism not established as an executable reform on the certified household population.""]",[],,,"[""baseline_vintage"",""behavioural_adjustment"",""cy_proxies_fy"",""head_scope"",""population_vintage""]",not_available,[],"[""baseline_vintage"",""behavioural_adjustment"",""cy_proxies_fy"",""head_scope"",""population_vintage""]",,residual_plus_unsized,,no computed counterpart,{}
spring_budget_2024,obr_pmd_nov2025:22455:0ec8e6960acb4f20,spring_budget_2024__freeports_tax_reliefs_sunset_date_extension_from_5_to_10_years_2bd604f7,Freeports: tax reliefs sunset date extension from 5 to 10 years,out_of_household_scope,other,2027-28,2027,Locally-financed current expenditure,Spending Measures (Policy measures database),2027-28,8635989.0,8635989.0,,,,not_available,not_computed,Source head is outside household tax-benefit scope; retained for event accounting.,"The announcement needs a targeted tax-base, entitlement, transaction or programme mechanism not established as an executable reform on the certified household population.","[""The announcement needs a targeted tax-base, entitlement, transaction or programme mechanism not established as an executable reform on the certified household population.""]",[],,,"[""baseline_vintage"",""behavioural_adjustment"",""cy_proxies_fy"",""head_scope"",""population_vintage""]",not_available,[],"[""baseline_vintage"",""behavioural_adjustment"",""cy_proxies_fy"",""head_scope"",""population_vintage""]",,residual_plus_unsized,,no computed counterpart,{}
spring_budget_2024,obr_pmd_nov2025:11284:e9962ada6a91bfb3,spring_budget_2024__freeports_tax_reliefs_sunset_date_extension_from_5_to_10_years_2bd604f7,Freeports: tax reliefs sunset date extension from 5 to 10 years,not_expressible,other,2027-28,2027,NICs,Tax Measures (Policy measures database),2027-28,-6551000.0,-6551000.0,,,,not_available,not_computed,"The announcement needs a targeted tax-base, entitlement, transaction or programme mechanism not established as an executable reform on the certified household population.","The announcement needs a targeted tax-base, entitlement, transaction or programme mechanism not established as an executable reform on the certified household population.","[""The announcement needs a targeted tax-base, entitlement, transaction or programme mechanism not established as an executable reform on the certified household population.""]",[],,,"[""baseline_vintage"",""behavioural_adjustment"",""cy_proxies_fy"",""head_scope"",""population_vintage""]",not_available,[],"[""baseline_vintage"",""behavioural_adjustment"",""cy_proxies_fy"",""head_scope"",""population_vintage""]",,residual_plus_unsized,,no computed counterpart,{}
spring_budget_2024,obr_pmd_nov2025:22449:6d882bdd6fd41446,spring_budget_2024__freeports_tax_reliefs_sunset_date_extension_from_5_to_10_years_2bd604f7,Freeports: tax reliefs sunset date extension from 5 to 10 years,not_expressible,other,2027-28,2027,Other AME (current),Spending Measures (Policy measures database),2027-28,-8635989.0,-8635989.0,,,,not_available,not_computed,"The announcement needs a targeted tax-base, entitlement, transaction or programme mechanism not established as an executable reform on the certified household population.","The announcement needs a targeted tax-base, entitlement, transaction or programme mechanism not established as an executable reform on the certified household population.","[""The announcement needs a targeted tax-base, entitlement, transaction or programme mechanism not established as an executable reform on the certified household population.""]",[],,,"[""baseline_vintage"",""behavioural_adjustment"",""cy_proxies_fy"",""head_scope"",""population_vintage""]",not_available,[],"[""baseline_vintage"",""behavioural_adjustment"",""cy_proxies_fy"",""head_scope"",""population_vintage""]",,residual_plus_unsized,,no computed counterpart,{}
spring_budget_2024,obr_pmd_nov2025:22443:3fa2f7296f3a1f45,spring_budget_2024__freeports_tax_reliefs_sunset_date_extension_from_5_to_10_years_2bd604f7,Freeports: tax reliefs sunset date extension from 5 to 10 years,out_of_household_scope,other,2027-28,2027,PSCE in RDEL,Spending Measures (Policy measures database),2027-28,-1294608.0673104383,-1294608.0673104383,,,,not_available,not_computed,Source head is outside household tax-benefit scope; retained for event accounting.,"The announcement needs a targeted tax-base, entitlement, transaction or programme mechanism not established as an executable reform on the certified household population.","[""The announcement needs a targeted tax-base, entitlement, transaction or programme mechanism not established as an executable reform on the certified household population.""]",[],,,"[""baseline_vintage"",""behavioural_adjustment"",""cy_proxies_fy"",""head_scope"",""population_vintage""]",not_available,[],"[""baseline_vintage"",""behavioural_adjustment"",""cy_proxies_fy"",""head_scope"",""population_vintage""]",,residual_plus_unsized,,no computed counterpart,{}
spring_budget_2024,obr_pmd_nov2025:22437:fd9a4ff575a1c70a,spring_budget_2024__freeports_tax_reliefs_sunset_date_extension_from_5_to_10_years_2bd604f7,Freeports: tax reliefs sunset date extension from 5 to 10 years,out_of_household_scope,other,2027-28,2027,Scottish BGA (current),Spending Measures (Policy measures database),2027-28,-2010280.8765950354,-2010280.8765950354,,,,not_available,not_computed,Source head is outside household tax-benefit scope; retained for event accounting.,"The announcement needs a targeted tax-base, entitlement, transaction or programme mechanism not established as an executable reform on the certified household population.","[""The announcement needs a targeted tax-base, entitlement, transaction or programme mechanism not established as an executable reform on the certified household population.""]",[],,,"[""baseline_vintage"",""behavioural_adjustment"",""cy_proxies_fy"",""head_scope"",""population_vintage""]",not_available,[],"[""baseline_vintage"",""behavioural_adjustment"",""cy_proxies_fy"",""head_scope"",""population_vintage""]",,residual_plus_unsized,,no computed counterpart,{}
spring_budget_2024,obr_pmd_nov2025:11290:272d3bf09f16630c,spring_budget_2024__freeports_tax_reliefs_sunset_date_extension_from_5_to_10_years_2bd604f7,Freeports: tax reliefs sunset date extension from 5 to 10 years,not_expressible,other,2027-28,2027,Stamp duty,Tax Measures (Policy measures database),2027-28,-25378578.8279,-25378578.8279,,,,not_available,not_computed,"The announcement needs a targeted tax-base, entitlement, transaction or programme mechanism not established as an executable reform on the certified household population.","The announcement needs a targeted tax-base, entitlement, transaction or programme mechanism not established as an executable reform on the certified household population.","[""The announcement needs a targeted tax-base, entitlement, transaction or programme mechanism not established as an executable reform on the certified household population.""]",[],,,"[""baseline_vintage"",""behavioural_adjustment"",""cy_proxies_fy"",""head_scope"",""population_vintage""]",not_available,[],"[""baseline_vintage"",""behavioural_adjustment"",""cy_proxies_fy"",""head_scope"",""population_vintage""]",,residual_plus_unsized,,no computed counterpart,{}
spring_budget_2024,obr_pmd_nov2025:11272:ed8ebf1a93bb1682,spring_budget_2024__freeports_tax_reliefs_sunset_date_extension_from_5_to_10_years_2bd604f7,Freeports: tax reliefs sunset date extension from 5 to 10 years,not_expressible,other,2027-28,2027,VAT,Tax Measures (Policy measures database),2027-28,-2190064.7242963635,-2190064.7242963635,,,,not_available,not_computed,"The announcement needs a targeted tax-base, entitlement, transaction or programme mechanism not established as an executable reform on the certified household population.","The announcement needs a targeted tax-base, entitlement, transaction or programme mechanism not established as an executable reform on the certified household population.","[""The announcement needs a targeted tax-base, entitlement, transaction or programme mechanism not established as an executable reform on the certified household population.""]",[],,,"[""baseline_vintage"",""behavioural_adjustment"",""cy_proxies_fy"",""head_scope"",""population_vintage""]",not_available,[],"[""baseline_vintage"",""behavioural_adjustment"",""cy_proxies_fy"",""head_scope"",""population_vintage""]",,residual_plus_unsized,,no computed counterpart,{}
spring_budget_2024,obr_pmd_nov2025:11297:28fb90a0535360cd,spring_budget_2024__freeports_tax_reliefs_sunset_date_extension_from_5_to_10_years_2bd604f7,Freeports: tax reliefs sunset date extension from 5 to 10 years,out_of_household_scope,other,2028-29,2028,Business rates,Tax Measures (Policy measures database),2028-29,-13365660.0,-13365660.0,,,,not_available,not_computed,Source head is outside household tax-benefit scope; retained for event accounting.,"The announcement needs a targeted tax-base, entitlement, transaction or programme mechanism not established as an executable reform on the certified household population.","[""The announcement needs a targeted tax-base, entitlement, transaction or programme mechanism not established as an executable reform on the certified household population.""]",[],,,"[""baseline_vintage"",""behavioural_adjustment"",""cy_proxies_fy"",""head_scope"",""population_vintage""]",not_available,[],"[""baseline_vintage"",""behavioural_adjustment"",""cy_proxies_fy"",""head_scope"",""population_vintage""]",,residual_plus_unsized,,no computed counterpart,{}
spring_budget_2024,obr_pmd_nov2025:11279:7420e4ab5e277693,spring_budget_2024__freeports_tax_reliefs_sunset_date_extension_from_5_to_10_years_2bd604f7,Freeports: tax reliefs sunset date extension from 5 to 10 years,out_of_household_scope,other,2028-29,2028,Corporation tax (onshore),Tax Measures (Policy measures database),2028-29,1735471.0,1735471.0,,,,not_available,not_computed,Source head is outside household tax-benefit scope; retained for event accounting.,"The announcement needs a targeted tax-base, entitlement, transaction or programme mechanism not established as an executable reform on the certified household population.","[""The announcement needs a targeted tax-base, entitlement, transaction or programme mechanism not established as an executable reform on the certified household population.""]",[],,,"[""baseline_vintage"",""behavioural_adjustment"",""cy_proxies_fy"",""head_scope"",""population_vintage""]",not_available,[],"[""baseline_vintage"",""behavioural_adjustment"",""cy_proxies_fy"",""head_scope"",""population_vintage""]",,residual_plus_unsized,,no computed counterpart,{}
spring_budget_2024,obr_pmd_nov2025:11303:f894b655e9ebf5ac,spring_budget_2024__freeports_tax_reliefs_sunset_date_extension_from_5_to_10_years_2bd604f7,Freeports: tax reliefs sunset date extension from 5 to 10 years,not_expressible,other,2028-29,2028,Income tax,Tax Measures (Policy measures database),2028-29,133341.85122080095,133341.85122080095,,,,not_available,not_computed,"The announcement needs a targeted tax-base, entitlement, transaction or programme mechanism not established as an executable reform on the certified household population.","The announcement needs a targeted tax-base, entitlement, transaction or programme mechanism not established as an executable reform on the certified household population.","[""The announcement needs a targeted tax-base, entitlement, transaction or programme mechanism not established as an executable reform on the certified household population.""]",[],,,"[""baseline_vintage"",""behavioural_adjustment"",""cy_proxies_fy"",""head_scope"",""population_vintage""]",not_available,[],"[""baseline_vintage"",""behavioural_adjustment"",""cy_proxies_fy"",""head_scope"",""population_vintage""]",,residual_plus_unsized,,no computed counterpart,{}
spring_budget_2024,obr_pmd_nov2025:22456:db13fbee27c2d35a,spring_budget_2024__freeports_tax_reliefs_sunset_date_extension_from_5_to_10_years_2bd604f7,Freeports: tax reliefs sunset date extension from 5 to 10 years,out_of_household_scope,other,2028-29,2028,Locally-financed current expenditure,Spending Measures (Policy measures database),2028-29,13365660.0,13365660.0,,,,not_available,not_computed,Source head is outside household tax-benefit scope; retained for event accounting.,"The announcement needs a targeted tax-base, entitlement, transaction or programme mechanism not established as an executable reform on the certified household population.","[""The announcement needs a targeted tax-base, entitlement, transaction or programme mechanism not established as an executable reform on the certified household population.""]",[],,,"[""baseline_vintage"",""behavioural_adjustment"",""cy_proxies_fy"",""head_scope"",""population_vintage""]",not_available,[],"[""baseline_vintage"",""behavioural_adjustment"",""cy_proxies_fy"",""head_scope"",""population_vintage""]",,residual_plus_unsized,,no computed counterpart,{}
spring_budget_2024,obr_pmd_nov2025:11285:83b034bb0991c9ae,spring_budget_2024__freeports_tax_reliefs_sunset_date_extension_from_5_to_10_years_2bd604f7,Freeports: tax reliefs sunset date extension from 5 to 10 years,not_expressible,other,2028-29,2028,NICs,Tax Measures (Policy measures database),2028-29,-6295000.0,-6295000.0,,,,not_available,not_computed,"The announcement needs a targeted tax-base, entitlement, transaction or programme mechanism not established as an executable reform on the certified household population.","The announcement needs a targeted tax-base, entitlement, transaction or programme mechanism not established as an executable reform on the certified household population.","[""The announcement needs a targeted tax-base, entitlement, transaction or programme mechanism not established as an executable reform on the certified household population.""]",[],,,"[""baseline_vintage"",""behavioural_adjustment"",""cy_proxies_fy"",""head_scope"",""population_vintage""]",not_available,[],"[""baseline_vintage"",""behavioural_adjustment"",""cy_proxies_fy"",""head_scope"",""population_vintage""]",,residual_plus_unsized,,no computed counterpart,{}
spring_budget_2024,obr_pmd_nov2025:22450:c25d961f376ae3fd,spring_budget_2024__freeports_tax_reliefs_sunset_date_extension_from_5_to_10_years_2bd604f7,Freeports: tax reliefs sunset date extension from 5 to 10 years,not_expressible,other,2028-29,2028,Other AME (current),Spending Measures (Policy measures database),2028-29,-13365660.0,-13365660.0,,,,not_available,not_computed,"The announcement needs a targeted tax-base, entitlement, transaction or programme mechanism not established as an executable reform on the certified household population.","The announcement needs a targeted tax-base, entitlement, transaction or programme mechanism not established as an executable reform on the certified household population.","[""The announcement needs a targeted tax-base, entitlement, transaction or programme mechanism not established as an executable reform on the certified household population.""]",[],,,"[""baseline_vintage"",""behavioural_adjustment"",""cy_proxies_fy"",""head_scope"",""population_vintage""]",not_available,[],"[""baseline_vintage"",""behavioural_adjustment"",""cy_proxies_fy"",""head_scope"",""population_vintage""]",,residual_plus_unsized,,no computed counterpart,{}
spring_budget_2024,obr_pmd_nov2025:22444:0b455c99536b733b,spring_budget_2024__freeports_tax_reliefs_sunset_date_extension_from_5_to_10_years_2bd604f7,Freeports: tax reliefs sunset date extension from 5 to 10 years,out_of_household_scope,other,2028-29,2028,PSCE in RDEL,Spending Measures (Policy measures database),2028-29,-1737899.714944954,-1737899.714944954,,,,not_available,not_computed,Source head is outside household tax-benefit scope; retained for event accounting.,"The announcement needs a targeted tax-base, entitlement, transaction or programme mechanism not established as an executable reform on the certified household population.","[""The announcement needs a targeted tax-base, entitlement, transaction or programme mechanism not established as an executable reform on the certified household population.""]",[],,,"[""baseline_vintage"",""behavioural_adjustment"",""cy_proxies_fy"",""head_scope"",""population_vintage""]",not_available,[],"[""baseline_vintage"",""behavioural_adjustment"",""cy_proxies_fy"",""head_scope"",""population_vintage""]",,residual_plus_unsized,,no computed counterpart,{}
spring_budget_2024,obr_pmd_nov2025:22438:60f0f75d5b7f77cb,spring_budget_2024__freeports_tax_reliefs_sunset_date_extension_from_5_to_10_years_2bd604f7,Freeports: tax reliefs sunset date extension from 5 to 10 years,out_of_household_scope,other,2028-29,2028,Scottish BGA (current),Spending Measures (Policy measures database),2028-29,-2507094.2016822854,-2507094.2016822854,,,,not_available,not_computed,Source head is outside household tax-benefit scope; retained for event accounting.,"The announcement needs a targeted tax-base, entitlement, transaction or programme mechanism not established as an executable reform on the certified household population.","[""The announcement needs a targeted tax-base, entitlement, transaction or programme mechanism not established as an executable reform on the certified household population.""]",[],,,"[""baseline_vintage"",""behavioural_adjustment"",""cy_proxies_fy"",""head_scope"",""population_vintage""]",not_available,[],"[""baseline_vintage"",""behavioural_adjustment"",""cy_proxies_fy"",""head_scope"",""population_vintage""]",,residual_plus_unsized,,no computed counterpart,{}
spring_budget_2024,obr_pmd_nov2025:11291:3ff4ce150979d386,spring_budget_2024__freeports_tax_reliefs_sunset_date_extension_from_5_to_10_years_2bd604f7,Freeports: tax reliefs sunset date extension from 5 to 10 years,not_expressible,other,2028-29,2028,Stamp duty,Tax Measures (Policy measures database),2028-29,-26201493.7817,-26201493.7817,,,,not_available,not_computed,"The announcement needs a targeted tax-base, entitlement, transaction or programme mechanism not established as an executable reform on the certified household population.","The announcement needs a targeted tax-base, entitlement, transaction or programme mechanism not established as an executable reform on the certified household population.","[""The announcement needs a targeted tax-base, entitlement, transaction or programme mechanism not established as an executable reform on the certified household population.""]",[],,,"[""baseline_vintage"",""behavioural_adjustment"",""cy_proxies_fy"",""head_scope"",""population_vintage""]",not_available,[],"[""baseline_vintage"",""behavioural_adjustment"",""cy_proxies_fy"",""head_scope"",""population_vintage""]",,residual_plus_unsized,,no computed counterpart,{}
spring_budget_2024,obr_pmd_nov2025:11273:8e9e300bd81abed9,spring_budget_2024__freeports_tax_reliefs_sunset_date_extension_from_5_to_10_years_2bd604f7,Freeports: tax reliefs sunset date extension from 5 to 10 years,not_expressible,other,2028-29,2028,VAT,Tax Measures (Policy measures database),2028-29,-2238093.859167586,-2238093.859167586,,,,not_available,not_computed,"The announcement needs a targeted tax-base, entitlement, transaction or programme mechanism not established as an executable reform on the certified household population.","The announcement needs a targeted tax-base, entitlement, transaction or programme mechanism not established as an executable reform on the certified household population.","[""The announcement needs a targeted tax-base, entitlement, transaction or programme mechanism not established as an executable reform on the certified household population.""]",[],,,"[""baseline_vintage"",""behavioural_adjustment"",""cy_proxies_fy"",""head_scope"",""population_vintage""]",not_available,[],"[""baseline_vintage"",""behavioural_adjustment"",""cy_proxies_fy"",""head_scope"",""population_vintage""]",,residual_plus_unsized,,no computed counterpart,{}
spring_budget_2024,obr_pmd_nov2025:10992:9a19d4af0b054f87,spring_budget_2024__fuel_duty_12_month_extension_to_the_5p_cut_in_rates_and_no_rpi_increase_in_2024_25_57ffd61d,Fuel Duty: 12 month extension to the 5p cut in rates and no RPI increase in 2024-25,not_expressible,fuel_duty,2023-24,2023,Fuel Duty,Tax Measures (Policy measures database),2023-24,-47215503.60657077,-47215503.60657077,,,,not_available,not_computed,"Fuel-duty current-law path is collapsed by later freezes. A single-event reversal needs an announcement-consistent counterfactual uprating path, which is not guessed from the later certified path.","Fuel-duty current-law path is collapsed by later freezes. A single-event reversal needs an announcement-consistent counterfactual uprating path, which is not guessed from the later certified path.","[""Fuel-duty current-law path is collapsed by later freezes. A single-event reversal needs an announcement-consistent counterfactual uprating path, which is not guessed from the later certified path.""]",[],,,"[""baseline_vintage"",""behavioural_adjustment"",""cy_proxies_fy"",""head_scope"",""population_vintage""]",not_available,[],"[""baseline_vintage"",""behavioural_adjustment"",""cy_proxies_fy"",""head_scope"",""population_vintage""]",,residual_plus_unsized,,no computed counterpart,{}
spring_budget_2024,obr_pmd_nov2025:10993:435837e9cbf01189,spring_budget_2024__fuel_duty_12_month_extension_to_the_5p_cut_in_rates_and_no_rpi_increase_in_2024_25_57ffd61d,Fuel Duty: 12 month extension to the 5p cut in rates and no RPI increase in 2024-25,not_expressible,fuel_duty,2024-25,2024,Fuel Duty,Tax Measures (Policy measures database),2024-25,-3090784284.5718093,-3090784284.5718093,,,,not_available,not_computed,"Fuel-duty current-law path is collapsed by later freezes. A single-event reversal needs an announcement-consistent counterfactual uprating path, which is not guessed from the later certified path.","Fuel-duty current-law path is collapsed by later freezes. A single-event reversal needs an announcement-consistent counterfactual uprating path, which is not guessed from the later certified path.","[""Fuel-duty current-law path is collapsed by later freezes. A single-event reversal needs an announcement-consistent counterfactual uprating path, which is not guessed from the later certified path.""]",[],,,"[""baseline_vintage"",""behavioural_adjustment"",""cy_proxies_fy"",""head_scope"",""population_vintage""]",not_available,[],"[""baseline_vintage"",""behavioural_adjustment"",""cy_proxies_fy"",""head_scope"",""population_vintage""]",,residual_plus_unsized,,no computed counterpart,{}
spring_budget_2024,obr_pmd_nov2025:10994:de791636b5807102,spring_budget_2024__fuel_duty_12_month_extension_to_the_5p_cut_in_rates_and_no_rpi_increase_in_2024_25_57ffd61d,Fuel Duty: 12 month extension to the 5p cut in rates and no RPI increase in 2024-25,not_expressible,fuel_duty,2025-26,2025,Fuel Duty,Tax Measures (Policy measures database),2025-26,-820809532.0098906,-820809532.0098906,,,,not_available,not_computed,"Fuel-duty current-law path is collapsed by later freezes. A single-event reversal needs an announcement-consistent counterfactual uprating path, which is not guessed from the later certified path.","Fuel-duty current-law path is collapsed by later freezes. A single-event reversal needs an announcement-consistent counterfactual uprating path, which is not guessed from the later certified path.","[""Fuel-duty current-law path is collapsed by later freezes. A single-event reversal needs an announcement-consistent counterfactual uprating path, which is not guessed from the later certified path.""]",[],,,"[""baseline_vintage"",""behavioural_adjustment"",""cy_proxies_fy"",""head_scope"",""population_vintage""]",not_available,[],"[""baseline_vintage"",""behavioural_adjustment"",""cy_proxies_fy"",""head_scope"",""population_vintage""]",,residual_plus_unsized,,no computed counterpart,{}
spring_budget_2024,obr_pmd_nov2025:10995:23ef6aeb91d574cf,spring_budget_2024__fuel_duty_12_month_extension_to_the_5p_cut_in_rates_and_no_rpi_increase_in_2024_25_57ffd61d,Fuel Duty: 12 month extension to the 5p cut in rates and no RPI increase in 2024-25,not_expressible,fuel_duty,2026-27,2026,Fuel Duty,Tax Measures (Policy measures database),2026-27,-827597530.281163,-827597530.281163,,,,not_available,not_computed,"Fuel-duty current-law path is collapsed by later freezes. A single-event reversal needs an announcement-consistent counterfactual uprating path, which is not guessed from the later certified path.","Fuel-duty current-law path is collapsed by later freezes. A single-event reversal needs an announcement-consistent counterfactual uprating path, which is not guessed from the later certified path.","[""Fuel-duty current-law path is collapsed by later freezes. A single-event reversal needs an announcement-consistent counterfactual uprating path, which is not guessed from the later certified path.""]",[],,,"[""baseline_vintage"",""behavioural_adjustment"",""cy_proxies_fy"",""head_scope"",""population_vintage""]",not_available,[],"[""baseline_vintage"",""behavioural_adjustment"",""cy_proxies_fy"",""head_scope"",""population_vintage""]",,residual_plus_unsized,,no computed counterpart,{}
spring_budget_2024,obr_pmd_nov2025:10996:98090cca40e34f92,spring_budget_2024__fuel_duty_12_month_extension_to_the_5p_cut_in_rates_and_no_rpi_increase_in_2024_25_57ffd61d,Fuel Duty: 12 month extension to the 5p cut in rates and no RPI increase in 2024-25,not_expressible,fuel_duty,2027-28,2027,Fuel Duty,Tax Measures (Policy measures database),2027-28,-836967115.8350025,-836967115.8350025,,,,not_available,not_computed,"Fuel-duty current-law path is collapsed by later freezes. A single-event reversal needs an announcement-consistent counterfactual uprating path, which is not guessed from the later certified path.","Fuel-duty current-law path is collapsed by later freezes. A single-event reversal needs an announcement-consistent counterfactual uprating path, which is not guessed from the later certified path.","[""Fuel-duty current-law path is collapsed by later freezes. A single-event reversal needs an announcement-consistent counterfactual uprating path, which is not guessed from the later certified path.""]",[],,,"[""baseline_vintage"",""behavioural_adjustment"",""cy_proxies_fy"",""head_scope"",""population_vintage""]",not_available,[],"[""baseline_vintage"",""behavioural_adjustment"",""cy_proxies_fy"",""head_scope"",""population_vintage""]",,residual_plus_unsized,,no computed counterpart,{}
spring_budget_2024,obr_pmd_nov2025:10997:1e0588241824ffe3,spring_budget_2024__fuel_duty_12_month_extension_to_the_5p_cut_in_rates_and_no_rpi_increase_in_2024_25_57ffd61d,Fuel Duty: 12 month extension to the 5p cut in rates and no RPI increase in 2024-25,not_expressible,fuel_duty,2028-29,2028,Fuel Duty,Tax Measures (Policy measures database),2028-29,-839082792.0540161,-839082792.0540161,,,,not_available,not_computed,"Fuel-duty current-law path is collapsed by later freezes. A single-event reversal needs an announcement-consistent counterfactual uprating path, which is not guessed from the later certified path.","Fuel-duty current-law path is collapsed by later freezes. A single-event reversal needs an announcement-consistent counterfactual uprating path, which is not guessed from the later certified path.","[""Fuel-duty current-law path is collapsed by later freezes. A single-event reversal needs an announcement-consistent counterfactual uprating path, which is not guessed from the later certified path.""]",[],,,"[""baseline_vintage"",""behavioural_adjustment"",""cy_proxies_fy"",""head_scope"",""population_vintage""]",not_available,[],"[""baseline_vintage"",""behavioural_adjustment"",""cy_proxies_fy"",""head_scope"",""population_vintage""]",,residual_plus_unsized,,no computed counterpart,{}
spring_budget_2024,obr_pmd_nov2025:11046:89192cf26bf6a849,spring_budget_2024__furnished_holiday_lets_abolish_preferential_tax_regime_from_6_april_2025_7b9f6256,Furnished Holiday Lets: abolish preferential tax regime from 6 April 2025,not_expressible,other,2023-24,2023,Capital gains tax,Tax Measures (Policy measures database),2023-24,0.0,0.0,,,,not_available,not_computed,"The announcement needs a targeted tax-base, entitlement, transaction or programme mechanism not established as an executable reform on the certified household population.","The announcement needs a targeted tax-base, entitlement, transaction or programme mechanism not established as an executable reform on the certified household population.","[""The announcement needs a targeted tax-base, entitlement, transaction or programme mechanism not established as an executable reform on the certified household population.""]",[],,,"[""baseline_vintage"",""behavioural_adjustment"",""cy_proxies_fy"",""head_scope"",""population_vintage""]",not_available,[],"[""baseline_vintage"",""behavioural_adjustment"",""cy_proxies_fy"",""head_scope"",""population_vintage""]",,residual_plus_unsized,,no computed counterpart,{}
spring_budget_2024,obr_pmd_nov2025:11052:241ab2cd964b9523,spring_budget_2024__furnished_holiday_lets_abolish_preferential_tax_regime_from_6_april_2025_7b9f6256,Furnished Holiday Lets: abolish preferential tax regime from 6 April 2025,out_of_household_scope,other,2023-24,2023,Corporation tax (onshore),Tax Measures (Policy measures database),2023-24,0.0,0.0,,,,not_available,not_computed,Source head is outside household tax-benefit scope; retained for event accounting.,"The announcement needs a targeted tax-base, entitlement, transaction or programme mechanism not established as an executable reform on the certified household population.","[""The announcement needs a targeted tax-base, entitlement, transaction or programme mechanism not established as an executable reform on the certified household population.""]",[],,,"[""baseline_vintage"",""behavioural_adjustment"",""cy_proxies_fy"",""head_scope"",""population_vintage""]",not_available,[],"[""baseline_vintage"",""behavioural_adjustment"",""cy_proxies_fy"",""head_scope"",""population_vintage""]",,residual_plus_unsized,,no computed counterpart,{}
spring_budget_2024,obr_pmd_nov2025:11058:4c79b7b8874cbaf8,spring_budget_2024__furnished_holiday_lets_abolish_preferential_tax_regime_from_6_april_2025_7b9f6256,Furnished Holiday Lets: abolish preferential tax regime from 6 April 2025,not_expressible,other,2023-24,2023,Income tax,Tax Measures (Policy measures database),2023-24,0.0,0.0,,,,not_available,not_computed,"The announcement needs a targeted tax-base, entitlement, transaction or programme mechanism not established as an executable reform on the certified household population.","The announcement needs a targeted tax-base, entitlement, transaction or programme mechanism not established as an executable reform on the certified household population.","[""The announcement needs a targeted tax-base, entitlement, transaction or programme mechanism not established as an executable reform on the certified household population.""]",[],,,"[""baseline_vintage"",""behavioural_adjustment"",""cy_proxies_fy"",""head_scope"",""population_vintage""]",not_available,[],"[""baseline_vintage"",""behavioural_adjustment"",""cy_proxies_fy"",""head_scope"",""population_vintage""]",,residual_plus_unsized,,no computed counterpart,{}
spring_budget_2024,obr_pmd_nov2025:22307:308b66f368ee261d,spring_budget_2024__furnished_holiday_lets_abolish_preferential_tax_regime_from_6_april_2025_7b9f6256,Furnished Holiday Lets: abolish preferential tax regime from 6 April 2025,out_of_household_scope,other,2023-24,2023,PSCE in RDEL,Spending Measures (Policy measures database),2023-24,0.0,0.0,,,,not_available,not_computed,Source head is outside household tax-benefit scope; retained for event accounting.,"The announcement needs a targeted tax-base, entitlement, transaction or programme mechanism not established as an executable reform on the certified household population.","[""The announcement needs a targeted tax-base, entitlement, transaction or programme mechanism not established as an executable reform on the certified household population.""]",[],,,"[""baseline_vintage"",""behavioural_adjustment"",""cy_proxies_fy"",""head_scope"",""population_vintage""]",not_available,[],"[""baseline_vintage"",""behavioural_adjustment"",""cy_proxies_fy"",""head_scope"",""population_vintage""]",,residual_plus_unsized,,no computed counterpart,{}
spring_budget_2024,obr_pmd_nov2025:22301:a58364e6f5f8acd7,spring_budget_2024__furnished_holiday_lets_abolish_preferential_tax_regime_from_6_april_2025_7b9f6256,Furnished Holiday Lets: abolish preferential tax regime from 6 April 2025,out_of_household_scope,other,2023-24,2023,Scottish BGA (current),Spending Measures (Policy measures database),2023-24,0.0,0.0,,,,not_available,not_computed,Source head is outside household tax-benefit scope; retained for event accounting.,"The announcement needs a targeted tax-base, entitlement, transaction or programme mechanism not established as an executable reform on the certified household population.","[""The announcement needs a targeted tax-base, entitlement, transaction or programme mechanism not established as an executable reform on the certified household population.""]",[],,,"[""baseline_vintage"",""behavioural_adjustment"",""cy_proxies_fy"",""head_scope"",""population_vintage""]",not_available,[],"[""baseline_vintage"",""behavioural_adjustment"",""cy_proxies_fy"",""head_scope"",""population_vintage""]",,residual_plus_unsized,,no computed counterpart,{}
spring_budget_2024,obr_pmd_nov2025:11047:68cf2c4a04d010a0,spring_budget_2024__furnished_holiday_lets_abolish_preferential_tax_regime_from_6_april_2025_7b9f6256,Furnished Holiday Lets: abolish preferential tax regime from 6 April 2025,not_expressible,other,2024-25,2024,Capital gains tax,Tax Measures (Policy measures database),2024-25,0.0,0.0,,,,not_available,not_computed,"The announcement needs a targeted tax-base, entitlement, transaction or programme mechanism not established as an executable reform on the certified household population.","The announcement needs a targeted tax-base, entitlement, transaction or programme mechanism not established as an executable reform on the certified household population.","[""The announcement needs a targeted tax-base, entitlement, transaction or programme mechanism not established as an executable reform on the certified household population.""]",[],,,"[""baseline_vintage"",""behavioural_adjustment"",""cy_proxies_fy"",""head_scope"",""population_vintage""]",not_available,[],"[""baseline_vintage"",""behavioural_adjustment"",""cy_proxies_fy"",""head_scope"",""population_vintage""]",,residual_plus_unsized,,no computed counterpart,{}
spring_budget_2024,obr_pmd_nov2025:11053:70de92d1aa587802,spring_budget_2024__furnished_holiday_lets_abolish_preferential_tax_regime_from_6_april_2025_7b9f6256,Furnished Holiday Lets: abolish preferential tax regime from 6 April 2025,out_of_household_scope,other,2024-25,2024,Corporation tax (onshore),Tax Measures (Policy measures database),2024-25,-2493.2903231770015,-2493.2903231770015,,,,not_available,not_computed,Source head is outside household tax-benefit scope; retained for event accounting.,"The announcement needs a targeted tax-base, entitlement, transaction or programme mechanism not established as an executable reform on the certified household population.","[""The announcement needs a targeted tax-base, entitlement, transaction or programme mechanism not established as an executable reform on the certified household population.""]",[],,,"[""baseline_vintage"",""behavioural_adjustment"",""cy_proxies_fy"",""head_scope"",""population_vintage""]",not_available,[],"[""baseline_vintage"",""behavioural_adjustment"",""cy_proxies_fy"",""head_scope"",""population_vintage""]",,residual_plus_unsized,,no computed counterpart,{}
spring_budget_2024,obr_pmd_nov2025:11059:7ac85b41ec7191f2,spring_budget_2024__furnished_holiday_lets_abolish_preferential_tax_regime_from_6_april_2025_7b9f6256,Furnished Holiday Lets: abolish preferential tax regime from 6 April 2025,not_expressible,other,2024-25,2024,Income tax,Tax Measures (Policy measures database),2024-25,0.0,0.0,,,,not_available,not_computed,"The announcement needs a targeted tax-base, entitlement, transaction or programme mechanism not established as an executable reform on the certified household population.","The announcement needs a targeted tax-base, entitlement, transaction or programme mechanism not established as an executable reform on the certified household population.","[""The announcement needs a targeted tax-base, entitlement, transaction or programme mechanism not established as an executable reform on the certified household population.""]",[],,,"[""baseline_vintage"",""behavioural_adjustment"",""cy_proxies_fy"",""head_scope"",""population_vintage""]",not_available,[],"[""baseline_vintage"",""behavioural_adjustment"",""cy_proxies_fy"",""head_scope"",""population_vintage""]",,residual_plus_unsized,,no computed counterpart,{}
spring_budget_2024,obr_pmd_nov2025:22308:cf96ea00ecf02d06,spring_budget_2024__furnished_holiday_lets_abolish_preferential_tax_regime_from_6_april_2025_7b9f6256,Furnished Holiday Lets: abolish preferential tax regime from 6 April 2025,out_of_household_scope,other,2024-25,2024,PSCE in RDEL,Spending Measures (Policy measures database),2024-25,0.0,0.0,,,,not_available,not_computed,Source head is outside household tax-benefit scope; retained for event accounting.,"The announcement needs a targeted tax-base, entitlement, transaction or programme mechanism not established as an executable reform on the certified household population.","[""The announcement needs a targeted tax-base, entitlement, transaction or programme mechanism not established as an executable reform on the certified household population.""]",[],,,"[""baseline_vintage"",""behavioural_adjustment"",""cy_proxies_fy"",""head_scope"",""population_vintage""]",not_available,[],"[""baseline_vintage"",""behavioural_adjustment"",""cy_proxies_fy"",""head_scope"",""population_vintage""]",,residual_plus_unsized,,no computed counterpart,{}
spring_budget_2024,obr_pmd_nov2025:22302:9c6a7d23d0634308,spring_budget_2024__furnished_holiday_lets_abolish_preferential_tax_regime_from_6_april_2025_7b9f6256,Furnished Holiday Lets: abolish preferential tax regime from 6 April 2025,out_of_household_scope,other,2024-25,2024,Scottish BGA (current),Spending Measures (Policy measures database),2024-25,0.0,0.0,,,,not_available,not_computed,Source head is outside household tax-benefit scope; retained for event accounting.,"The announcement needs a targeted tax-base, entitlement, transaction or programme mechanism not established as an executable reform on the certified household population.","[""The announcement needs a targeted tax-base, entitlement, transaction or programme mechanism not established as an executable reform on the certified household population.""]",[],,,"[""baseline_vintage"",""behavioural_adjustment"",""cy_proxies_fy"",""head_scope"",""population_vintage""]",not_available,[],"[""baseline_vintage"",""behavioural_adjustment"",""cy_proxies_fy"",""head_scope"",""population_vintage""]",,residual_plus_unsized,,no computed counterpart,{}
spring_budget_2024,obr_pmd_nov2025:11048:90119a5de27875e0,spring_budget_2024__furnished_holiday_lets_abolish_preferential_tax_regime_from_6_april_2025_7b9f6256,Furnished Holiday Lets: abolish preferential tax regime from 6 April 2025,not_expressible,other,2025-26,2025,Capital gains tax,Tax Measures (Policy measures database),2025-26,39919204.98435888,39919204.98435888,,,,not_available,not_computed,"The announcement needs a targeted tax-base, entitlement, transaction or programme mechanism not established as an executable reform on the certified household population.","The announcement needs a targeted tax-base, entitlement, transaction or programme mechanism not established as an executable reform on the certified household population.","[""The announcement needs a targeted tax-base, entitlement, transaction or programme mechanism not established as an executable reform on the certified household population.""]",[],,,"[""baseline_vintage"",""behavioural_adjustment"",""cy_proxies_fy"",""head_scope"",""population_vintage""]",not_available,[],"[""baseline_vintage"",""behavioural_adjustment"",""cy_proxies_fy"",""head_scope"",""population_vintage""]",,residual_plus_unsized,,no computed counterpart,{}
spring_budget_2024,obr_pmd_nov2025:11054:94ff4d8e10aac31e,spring_budget_2024__furnished_holiday_lets_abolish_preferential_tax_regime_from_6_april_2025_7b9f6256,Furnished Holiday Lets: abolish preferential tax regime from 6 April 2025,out_of_household_scope,other,2025-26,2025,Corporation tax (onshore),Tax Measures (Policy measures database),2025-26,289971.65171478805,289971.65171478805,,,,not_available,not_computed,Source head is outside household tax-benefit scope; retained for event accounting.,"The announcement needs a targeted tax-base, entitlement, transaction or programme mechanism not established as an executable reform on the certified household population.","[""The announcement needs a targeted tax-base, entitlement, transaction or programme mechanism not established as an executable reform on the certified household population.""]",[],,,"[""baseline_vintage"",""behavioural_adjustment"",""cy_proxies_fy"",""head_scope"",""population_vintage""]",not_available,[],"[""baseline_vintage"",""behavioural_adjustment"",""cy_proxies_fy"",""head_scope"",""population_vintage""]",,residual_plus_unsized,,no computed counterpart,{}
spring_budget_2024,obr_pmd_nov2025:11060:cdc84e844bf06a10,spring_budget_2024__furnished_holiday_lets_abolish_preferential_tax_regime_from_6_april_2025_7b9f6256,Furnished Holiday Lets: abolish preferential tax regime from 6 April 2025,not_expressible,other,2025-26,2025,Income tax,Tax Measures (Policy measures database),2025-26,-2811787.576689613,-2811787.576689613,,,,not_available,not_computed,"The announcement needs a targeted tax-base, entitlement, transaction or programme mechanism not established as an executable reform on the certified household population.","The announcement needs a targeted tax-base, entitlement, transaction or programme mechanism not established as an executable reform on the certified household population.","[""The announcement needs a targeted tax-base, entitlement, transaction or programme mechanism not established as an executable reform on the certified household population.""]",[],,,"[""baseline_vintage"",""behavioural_adjustment"",""cy_proxies_fy"",""head_scope"",""population_vintage""]",not_available,[],"[""baseline_vintage"",""behavioural_adjustment"",""cy_proxies_fy"",""head_scope"",""population_vintage""]",,residual_plus_unsized,,no computed counterpart,{}
spring_budget_2024,obr_pmd_nov2025:22309:4c661c068e95dced,spring_budget_2024__furnished_holiday_lets_abolish_preferential_tax_regime_from_6_april_2025_7b9f6256,Furnished Holiday Lets: abolish preferential tax regime from 6 April 2025,out_of_household_scope,other,2025-26,2025,PSCE in RDEL,Spending Measures (Policy measures database),2025-26,-29955.377095461732,-29955.377095461732,,,,not_available,not_computed,Source head is outside household tax-benefit scope; retained for event accounting.,"The announcement needs a targeted tax-base, entitlement, transaction or programme mechanism not established as an executable reform on the certified household population.","[""The announcement needs a targeted tax-base, entitlement, transaction or programme mechanism not established as an executable reform on the certified household population.""]",[],,,"[""baseline_vintage"",""behavioural_adjustment"",""cy_proxies_fy"",""head_scope"",""population_vintage""]",not_available,[],"[""baseline_vintage"",""behavioural_adjustment"",""cy_proxies_fy"",""head_scope"",""population_vintage""]",,residual_plus_unsized,,no computed counterpart,{}
spring_budget_2024,obr_pmd_nov2025:22303:2425dfaeb14a2a45,spring_budget_2024__furnished_holiday_lets_abolish_preferential_tax_regime_from_6_april_2025_7b9f6256,Furnished Holiday Lets: abolish preferential tax regime from 6 April 2025,out_of_household_scope,other,2025-26,2025,Scottish BGA (current),Spending Measures (Policy measures database),2025-26,-179857.09863538237,-179857.09863538237,,,,not_available,not_computed,Source head is outside household tax-benefit scope; retained for event accounting.,"The announcement needs a targeted tax-base, entitlement, transaction or programme mechanism not established as an executable reform on the certified household population.","[""The announcement needs a targeted tax-base, entitlement, transaction or programme mechanism not established as an executable reform on the certified household population.""]",[],,,"[""baseline_vintage"",""behavioural_adjustment"",""cy_proxies_fy"",""head_scope"",""population_vintage""]",not_available,[],"[""baseline_vintage"",""behavioural_adjustment"",""cy_proxies_fy"",""head_scope"",""population_vintage""]",,residual_plus_unsized,,no computed counterpart,{}
spring_budget_2024,obr_pmd_nov2025:11049:a60d78e0f8b4943c,spring_budget_2024__furnished_holiday_lets_abolish_preferential_tax_regime_from_6_april_2025_7b9f6256,Furnished Holiday Lets: abolish preferential tax regime from 6 April 2025,not_expressible,other,2026-27,2026,Capital gains tax,Tax Measures (Policy measures database),2026-27,84915247.7454586,84915247.7454586,,,,not_available,not_computed,"The announcement needs a targeted tax-base, entitlement, transaction or programme mechanism not established as an executable reform on the certified household population.","The announcement needs a targeted tax-base, entitlement, transaction or programme mechanism not established as an executable reform on the certified household population.","[""The announcement needs a targeted tax-base, entitlement, transaction or programme mechanism not established as an executable reform on the certified household population.""]",[],,,"[""baseline_vintage"",""behavioural_adjustment"",""cy_proxies_fy"",""head_scope"",""population_vintage""]",not_available,[],"[""baseline_vintage"",""behavioural_adjustment"",""cy_proxies_fy"",""head_scope"",""population_vintage""]",,residual_plus_unsized,,no computed counterpart,{}
spring_budget_2024,obr_pmd_nov2025:11055:fc85d57f72eace0f,spring_budget_2024__furnished_holiday_lets_abolish_preferential_tax_regime_from_6_april_2025_7b9f6256,Furnished Holiday Lets: abolish preferential tax regime from 6 April 2025,out_of_household_scope,other,2026-27,2026,Corporation tax (onshore),Tax Measures (Policy measures database),2026-27,2277027.6150585474,2277027.6150585474,,,,not_available,not_computed,Source head is outside household tax-benefit scope; retained for event accounting.,"The announcement needs a targeted tax-base, entitlement, transaction or programme mechanism not established as an executable reform on the certified household population.","[""The announcement needs a targeted tax-base, entitlement, transaction or programme mechanism not established as an executable reform on the certified household population.""]",[],,,"[""baseline_vintage"",""behavioural_adjustment"",""cy_proxies_fy"",""head_scope"",""population_vintage""]",not_available,[],"[""baseline_vintage"",""behavioural_adjustment"",""cy_proxies_fy"",""head_scope"",""population_vintage""]",,residual_plus_unsized,,no computed counterpart,{}
spring_budget_2024,obr_pmd_nov2025:11061:b88acc705790d5ec,spring_budget_2024__furnished_holiday_lets_abolish_preferential_tax_regime_from_6_april_2025_7b9f6256,Furnished Holiday Lets: abolish preferential tax regime from 6 April 2025,not_expressible,other,2026-27,2026,Income tax,Tax Measures (Policy measures database),2026-27,50559703.563169084,50559703.563169084,,,,not_available,not_computed,"The announcement needs a targeted tax-base, entitlement, transaction or programme mechanism not established as an executable reform on the certified household population.","The announcement needs a targeted tax-base, entitlement, transaction or programme mechanism not established as an executable reform on the certified household population.","[""The announcement needs a targeted tax-base, entitlement, transaction or programme mechanism not established as an executable reform on the certified household population.""]",[],,,"[""baseline_vintage"",""behavioural_adjustment"",""cy_proxies_fy"",""head_scope"",""population_vintage""]",not_available,[],"[""baseline_vintage"",""behavioural_adjustment"",""cy_proxies_fy"",""head_scope"",""population_vintage""]",,residual_plus_unsized,,no computed counterpart,{}
spring_budget_2024,obr_pmd_nov2025:22310:04d060b5fd64bf5d,spring_budget_2024__furnished_holiday_lets_abolish_preferential_tax_regime_from_6_april_2025_7b9f6256,Furnished Holiday Lets: abolish preferential tax regime from 6 April 2025,out_of_household_scope,other,2026-27,2026,PSCE in RDEL,Spending Measures (Policy measures database),2026-27,532789.1202986187,532789.1202986187,,,,not_available,not_computed,Source head is outside household tax-benefit scope; retained for event accounting.,"The announcement needs a targeted tax-base, entitlement, transaction or programme mechanism not established as an executable reform on the certified household population.","[""The announcement needs a targeted tax-base, entitlement, transaction or programme mechanism not established as an executable reform on the certified household population.""]",[],,,"[""baseline_vintage"",""behavioural_adjustment"",""cy_proxies_fy"",""head_scope"",""population_vintage""]",not_available,[],"[""baseline_vintage"",""behavioural_adjustment"",""cy_proxies_fy"",""head_scope"",""population_vintage""]",,residual_plus_unsized,,no computed counterpart,{}
spring_budget_2024,obr_pmd_nov2025:22304:e19bc75ab06257ba,spring_budget_2024__furnished_holiday_lets_abolish_preferential_tax_regime_from_6_april_2025_7b9f6256,Furnished Holiday Lets: abolish preferential tax regime from 6 April 2025,out_of_household_scope,other,2026-27,2026,Scottish BGA (current),Spending Measures (Policy measures database),2026-27,3236921.0980776437,3236921.0980776437,,,,not_available,not_computed,Source head is outside household tax-benefit scope; retained for event accounting.,"The announcement needs a targeted tax-base, entitlement, transaction or programme mechanism not established as an executable reform on the certified household population.","[""The announcement needs a targeted tax-base, entitlement, transaction or programme mechanism not established as an executable reform on the certified household population.""]",[],,,"[""baseline_vintage"",""behavioural_adjustment"",""cy_proxies_fy"",""head_scope"",""population_vintage""]",not_available,[],"[""baseline_vintage"",""behavioural_adjustment"",""cy_proxies_fy"",""head_scope"",""population_vintage""]",,residual_plus_unsized,,no computed counterpart,{}
spring_budget_2024,obr_pmd_nov2025:11050:9e5bad5e6a0267ca,spring_budget_2024__furnished_holiday_lets_abolish_preferential_tax_regime_from_6_april_2025_7b9f6256,Furnished Holiday Lets: abolish preferential tax regime from 6 April 2025,not_expressible,other,2027-28,2027,Capital gains tax,Tax Measures (Policy measures database),2027-28,83838925.58751419,83838925.58751419,,,,not_available,not_computed,"The announcement needs a targeted tax-base, entitlement, transaction or programme mechanism not established as an executable reform on the certified household population.","The announcement needs a targeted tax-base, entitlement, transaction or programme mechanism not established as an executable reform on the certified household population.","[""The announcement needs a targeted tax-base, entitlement, transaction or programme mechanism not established as an executable reform on the certified household population.""]",[],,,"[""baseline_vintage"",""behavioural_adjustment"",""cy_proxies_fy"",""head_scope"",""population_vintage""]",not_available,[],"[""baseline_vintage"",""behavioural_adjustment"",""cy_proxies_fy"",""head_scope"",""population_vintage""]",,residual_plus_unsized,,no computed counterpart,{}
spring_budget_2024,obr_pmd_nov2025:11056:ee477b2c390d7d50,spring_budget_2024__furnished_holiday_lets_abolish_preferential_tax_regime_from_6_april_2025_7b9f6256,Furnished Holiday Lets: abolish preferential tax regime from 6 April 2025,out_of_household_scope,other,2027-28,2027,Corporation tax (onshore),Tax Measures (Policy measures database),2027-28,2475990.0091944425,2475990.0091944425,,,,not_available,not_computed,Source head is outside household tax-benefit scope; retained for event accounting.,"The announcement needs a targeted tax-base, entitlement, transaction or programme mechanism not established as an executable reform on the certified household population.","[""The announcement needs a targeted tax-base, entitlement, transaction or programme mechanism not established as an executable reform on the certified household population.""]",[],,,"[""baseline_vintage"",""behavioural_adjustment"",""cy_proxies_fy"",""head_scope"",""population_vintage""]",not_available,[],"[""baseline_vintage"",""behavioural_adjustment"",""cy_proxies_fy"",""head_scope"",""population_vintage""]",,residual_plus_unsized,,no computed counterpart,{}
spring_budget_2024,obr_pmd_nov2025:11062:dd12b864c991ab2e,spring_budget_2024__furnished_holiday_lets_abolish_preferential_tax_regime_from_6_april_2025_7b9f6256,Furnished Holiday Lets: abolish preferential tax regime from 6 April 2025,not_expressible,other,2027-28,2027,Income tax,Tax Measures (Policy measures database),2027-28,87806850.33953957,87806850.33953957,,,,not_available,not_computed,"The announcement needs a targeted tax-base, entitlement, transaction or programme mechanism not established as an executable reform on the certified household population.","The announcement needs a targeted tax-base, entitlement, transaction or programme mechanism not established as an executable reform on the certified household population.","[""The announcement needs a targeted tax-base, entitlement, transaction or programme mechanism not established as an executable reform on the certified household population.""]",[],,,"[""baseline_vintage"",""behavioural_adjustment"",""cy_proxies_fy"",""head_scope"",""population_vintage""]",not_available,[],"[""baseline_vintage"",""behavioural_adjustment"",""cy_proxies_fy"",""head_scope"",""population_vintage""]",,residual_plus_unsized,,no computed counterpart,{}
spring_budget_2024,obr_pmd_nov2025:22311:1366b84dc35e1966,spring_budget_2024__furnished_holiday_lets_abolish_preferential_tax_regime_from_6_april_2025_7b9f6256,Furnished Holiday Lets: abolish preferential tax regime from 6 April 2025,out_of_household_scope,other,2027-28,2027,PSCE in RDEL,Spending Measures (Policy measures database),2027-28,913169.4843885441,913169.4843885441,,,,not_available,not_computed,Source head is outside household tax-benefit scope; retained for event accounting.,"The announcement needs a targeted tax-base, entitlement, transaction or programme mechanism not established as an executable reform on the certified household population.","[""The announcement needs a targeted tax-base, entitlement, transaction or programme mechanism not established as an executable reform on the certified household population.""]",[],,,"[""baseline_vintage"",""behavioural_adjustment"",""cy_proxies_fy"",""head_scope"",""population_vintage""]",not_available,[],"[""baseline_vintage"",""behavioural_adjustment"",""cy_proxies_fy"",""head_scope"",""population_vintage""]",,residual_plus_unsized,,no computed counterpart,{}
spring_budget_2024,obr_pmd_nov2025:22305:8aac4bf45f1d7311,spring_budget_2024__furnished_holiday_lets_abolish_preferential_tax_regime_from_6_april_2025_7b9f6256,Furnished Holiday Lets: abolish preferential tax regime from 6 April 2025,out_of_household_scope,other,2027-28,2027,Scottish BGA (current),Spending Measures (Policy measures database),2027-28,5622554.902503529,5622554.902503529,,,,not_available,not_computed,Source head is outside household tax-benefit scope; retained for event accounting.,"The announcement needs a targeted tax-base, entitlement, transaction or programme mechanism not established as an executable reform on the certified household population.","[""The announcement needs a targeted tax-base, entitlement, transaction or programme mechanism not established as an executable reform on the certified household population.""]",[],,,"[""baseline_vintage"",""behavioural_adjustment"",""cy_proxies_fy"",""head_scope"",""population_vintage""]",not_available,[],"[""baseline_vintage"",""behavioural_adjustment"",""cy_proxies_fy"",""head_scope"",""population_vintage""]",,residual_plus_unsized,,no computed counterpart,{}
spring_budget_2024,obr_pmd_nov2025:11051:70c93eaf49a88039,spring_budget_2024__furnished_holiday_lets_abolish_preferential_tax_regime_from_6_april_2025_7b9f6256,Furnished Holiday Lets: abolish preferential tax regime from 6 April 2025,not_expressible,other,2028-29,2028,Capital gains tax,Tax Measures (Policy measures database),2028-29,127880980.81545267,127880980.81545267,,,,not_available,not_computed,"The announcement needs a targeted tax-base, entitlement, transaction or programme mechanism not established as an executable reform on the certified household population.","The announcement needs a targeted tax-base, entitlement, transaction or programme mechanism not established as an executable reform on the certified household population.","[""The announcement needs a targeted tax-base, entitlement, transaction or programme mechanism not established as an executable reform on the certified household population.""]",[],,,"[""baseline_vintage"",""behavioural_adjustment"",""cy_proxies_fy"",""head_scope"",""population_vintage""]",not_available,[],"[""baseline_vintage"",""behavioural_adjustment"",""cy_proxies_fy"",""head_scope"",""population_vintage""]",,residual_plus_unsized,,no computed counterpart,{}
spring_budget_2024,obr_pmd_nov2025:11057:d8315b6054c40dbe,spring_budget_2024__furnished_holiday_lets_abolish_preferential_tax_regime_from_6_april_2025_7b9f6256,Furnished Holiday Lets: abolish preferential tax regime from 6 April 2025,out_of_household_scope,other,2028-29,2028,Corporation tax (onshore),Tax Measures (Policy measures database),2028-29,3330735.962604238,3330735.962604238,,,,not_available,not_computed,Source head is outside household tax-benefit scope; retained for event accounting.,"The announcement needs a targeted tax-base, entitlement, transaction or programme mechanism not established as an executable reform on the certified household population.","[""The announcement needs a targeted tax-base, entitlement, transaction or programme mechanism not established as an executable reform on the certified household population.""]",[],,,"[""baseline_vintage"",""behavioural_adjustment"",""cy_proxies_fy"",""head_scope"",""population_vintage""]",not_available,[],"[""baseline_vintage"",""behavioural_adjustment"",""cy_proxies_fy"",""head_scope"",""population_vintage""]",,residual_plus_unsized,,no computed counterpart,{}
spring_budget_2024,obr_pmd_nov2025:11063:05c2a80c4b799b22,spring_budget_2024__furnished_holiday_lets_abolish_preferential_tax_regime_from_6_april_2025_7b9f6256,Furnished Holiday Lets: abolish preferential tax regime from 6 April 2025,not_expressible,other,2028-29,2028,Income tax,Tax Measures (Policy measures database),2028-29,106108886.53160617,106108886.53160617,,,,not_available,not_computed,"The announcement needs a targeted tax-base, entitlement, transaction or programme mechanism not established as an executable reform on the certified household population.","The announcement needs a targeted tax-base, entitlement, transaction or programme mechanism not established as an executable reform on the certified household population.","[""The announcement needs a targeted tax-base, entitlement, transaction or programme mechanism not established as an executable reform on the certified household population.""]",[],,,"[""baseline_vintage"",""behavioural_adjustment"",""cy_proxies_fy"",""head_scope"",""population_vintage""]",not_available,[],"[""baseline_vintage"",""behavioural_adjustment"",""cy_proxies_fy"",""head_scope"",""population_vintage""]",,residual_plus_unsized,,no computed counterpart,{}
spring_budget_2024,obr_pmd_nov2025:22312:b746554a0a3f8c7e,spring_budget_2024__furnished_holiday_lets_abolish_preferential_tax_regime_from_6_april_2025_7b9f6256,Furnished Holiday Lets: abolish preferential tax regime from 6 April 2025,out_of_household_scope,other,2028-29,2028,PSCE in RDEL,Spending Measures (Policy measures database),2028-29,1095378.724767098,1095378.724767098,,,,not_available,not_computed,Source head is outside household tax-benefit scope; retained for event accounting.,"The announcement needs a targeted tax-base, entitlement, transaction or programme mechanism not established as an executable reform on the certified household population.","[""The announcement needs a targeted tax-base, entitlement, transaction or programme mechanism not established as an executable reform on the certified household population.""]",[],,,"[""baseline_vintage"",""behavioural_adjustment"",""cy_proxies_fy"",""head_scope"",""population_vintage""]",not_available,[],"[""baseline_vintage"",""behavioural_adjustment"",""cy_proxies_fy"",""head_scope"",""population_vintage""]",,residual_plus_unsized,,no computed counterpart,{}
spring_budget_2024,obr_pmd_nov2025:22306:6b72d0d7e2874653,spring_budget_2024__furnished_holiday_lets_abolish_preferential_tax_regime_from_6_april_2025_7b9f6256,Furnished Holiday Lets: abolish preferential tax regime from 6 April 2025,out_of_household_scope,other,2028-29,2028,Scottish BGA (current),Spending Measures (Policy measures database),2028-29,6812596.352890154,6812596.352890154,,,,not_available,not_computed,Source head is outside household tax-benefit scope; retained for event accounting.,"The announcement needs a targeted tax-base, entitlement, transaction or programme mechanism not established as an executable reform on the certified household population.","[""The announcement needs a targeted tax-base, entitlement, transaction or programme mechanism not established as an executable reform on the certified household population.""]",[],,,"[""baseline_vintage"",""behavioural_adjustment"",""cy_proxies_fy"",""head_scope"",""population_vintage""]",not_available,[],"[""baseline_vintage"",""behavioural_adjustment"",""cy_proxies_fy"",""head_scope"",""population_vintage""]",,residual_plus_unsized,,no computed counterpart,{}
spring_budget_2024,obr_pmd_nov2025:10986:8084652420f5c808,spring_budget_2024__hicbc_threshold_and_taper,"High Income Child Benefit Charge: increase income threshold to £60,000 and taper range to £60,000 to £80,000 from 6 April 2024",partial,child_benefit,2023-24,2023,Income tax,Tax Measures (Policy measures database),2023-24,0.0,0.0,0.0,0.0,,both_zero,constructed,Child Benefit take-up is fixed; OBR's additional claims response is absent.,"Restore the pre-announcement £50,000-£60,000 tax-charge taper; child_benefit mapping is provisional and does not assert the OBR welfare head's programme identity.","[""Child Benefit take-up is fixed; OBR's additional claims response is absent.""]","[""income_tax""]",results/uk/events/spring_budget_2024/spring_budget_2024__hicbc_threshold_and_taper_2023.json,29bce93f156d7820760343d483230c728cbbdbaaf091f3e3c852c298a6400bbf,"[""baseline_vintage"",""behavioural_adjustment"",""construction_scope"",""cy_proxies_fy"",""head_scope"",""population_vintage""]",partial,[],"[""baseline_vintage"",""behavioural_adjustment"",""construction_scope"",""cy_proxies_fy"",""head_scope"",""population_vintage""]",0.0,residual_plus_unsized,,"unsized axes: baseline_vintage, behavioural_adjustment, construction_scope, cy_proxies_fy, head_scope, population_vintage",{}
spring_budget_2024,obr_pmd_nov2025:22205:3c227ad5b7739a89,spring_budget_2024__hicbc_threshold_and_taper,"High Income Child Benefit Charge: increase income threshold to £60,000 and taper range to £60,000 to £80,000 from 6 April 2024",partial,child_benefit,2023-24,2023,Welfare inside cap,Spending Measures (Policy measures database),2023-24,0.0,0.0,0.0,0.0,,both_zero,constructed,Child Benefit take-up is fixed; OBR's additional claims response is absent.,"Restore the pre-announcement £50,000-£60,000 tax-charge taper; child_benefit mapping is provisional and does not assert the OBR welfare head's programme identity.","[""Child Benefit take-up is fixed; OBR's additional claims response is absent.""]","[""child_benefit""]",results/uk/events/spring_budget_2024/spring_budget_2024__hicbc_threshold_and_taper_2023.json,29bce93f156d7820760343d483230c728cbbdbaaf091f3e3c852c298a6400bbf,"[""baseline_vintage"",""behavioural_adjustment"",""construction_scope"",""cy_proxies_fy"",""head_scope"",""population_vintage""]",partial,[],"[""baseline_vintage"",""behavioural_adjustment"",""construction_scope"",""cy_proxies_fy"",""head_scope"",""population_vintage""]",0.0,residual_plus_unsized,,"unsized axes: baseline_vintage, behavioural_adjustment, construction_scope, cy_proxies_fy, head_scope, population_vintage",{}
spring_budget_2024,obr_pmd_nov2025:10987:0f254c98c34bc660,spring_budget_2024__hicbc_threshold_and_taper,"High Income Child Benefit Charge: increase income threshold to £60,000 and taper range to £60,000 to £80,000 from 6 April 2024",partial,child_benefit,2024-25,2024,Income tax,Tax Measures (Policy measures database),2024-25,-222000000.0,-222000000.0,-1491806310.2611084,-1269806310.2611084,6.719848244419407,same_sign_ratio_at_least_2,constructed,Child Benefit take-up is fixed; OBR's additional claims response is absent.,"Restore the pre-announcement £50,000-£60,000 tax-charge taper; child_benefit mapping is provisional and does not assert the OBR welfare head's programme identity.","[""Child Benefit take-up is fixed; OBR's additional claims response is absent.""]","[""income_tax""]",results/uk/events/spring_budget_2024/spring_budget_2024__hicbc_threshold_and_taper_2024.json,80f6e9f694dc205da1ad721c56e69b2db797da8ca50bfa74c6c07995994ce339,"[""baseline_vintage"",""behavioural_adjustment"",""construction_scope"",""cy_proxies_fy"",""head_scope"",""population_vintage""]",partial,[],"[""baseline_vintage"",""behavioural_adjustment"",""construction_scope"",""cy_proxies_fy"",""head_scope"",""population_vintage""]",-1269806310.2611084,residual_plus_unsized,,"unsized axes: baseline_vintage, behavioural_adjustment, construction_scope, cy_proxies_fy, head_scope, population_vintage",{}
spring_budget_2024,obr_pmd_nov2025:22206:49a0caec037600d2,spring_budget_2024__hicbc_threshold_and_taper,"High Income Child Benefit Charge: increase income threshold to £60,000 and taper range to £60,000 to £80,000 from 6 April 2024",partial,child_benefit,2024-25,2024,Welfare inside cap,Spending Measures (Policy measures database),2024-25,-319000000.0,-319000000.0,0.0,319000000.0,-0.0,pe_zero,constructed,Child Benefit take-up is fixed; OBR's additional claims response is absent.,"Restore the pre-announcement £50,000-£60,000 tax-charge taper; child_benefit mapping is provisional and does not assert the OBR welfare head's programme identity.","[""Child Benefit take-up is fixed; OBR's additional claims response is absent.""]","[""child_benefit""]",results/uk/events/spring_budget_2024/spring_budget_2024__hicbc_threshold_and_taper_2024.json,80f6e9f694dc205da1ad721c56e69b2db797da8ca50bfa74c6c07995994ce339,"[""baseline_vintage"",""behavioural_adjustment"",""construction_scope"",""cy_proxies_fy"",""head_scope"",""population_vintage""]",partial,[],"[""baseline_vintage"",""behavioural_adjustment"",""construction_scope"",""cy_proxies_fy"",""head_scope"",""population_vintage""]",319000000.0,residual_plus_unsized,,"unsized axes: baseline_vintage, behavioural_adjustment, construction_scope, cy_proxies_fy, head_scope, population_vintage",{}
spring_budget_2024,obr_pmd_nov2025:10988:6a33f7863750611c,spring_budget_2024__hicbc_threshold_and_taper,"High Income Child Benefit Charge: increase income threshold to £60,000 and taper range to £60,000 to £80,000 from 6 April 2024",partial,child_benefit,2025-26,2025,Income tax,Tax Measures (Policy measures database),2025-26,-277000000.0,-277000000.0,-1592760827.531311,-1315760827.531311,5.75003908856069,same_sign_ratio_at_least_2,constructed,Child Benefit take-up is fixed; OBR's additional claims response is absent.,"Restore the pre-announcement £50,000-£60,000 tax-charge taper; child_benefit mapping is provisional and does not assert the OBR welfare head's programme identity.","[""Child Benefit take-up is fixed; OBR's additional claims response is absent.""]","[""income_tax""]",results/uk/events/spring_budget_2024/spring_budget_2024__hicbc_threshold_and_taper_2025.json,19be94b2d580628b8d982fc38d0e321de5863a2c1fb21d1478d48a683ea115dd,"[""baseline_vintage"",""behavioural_adjustment"",""construction_scope"",""cy_proxies_fy"",""head_scope"",""population_vintage""]",partial,[],"[""baseline_vintage"",""behavioural_adjustment"",""construction_scope"",""cy_proxies_fy"",""head_scope"",""population_vintage""]",-1315760827.531311,residual_plus_unsized,,"unsized axes: baseline_vintage, behavioural_adjustment, construction_scope, cy_proxies_fy, head_scope, population_vintage",{}
spring_budget_2024,obr_pmd_nov2025:22207:01b31afdbe23dae6,spring_budget_2024__hicbc_threshold_and_taper,"High Income Child Benefit Charge: increase income threshold to £60,000 and taper range to £60,000 to £80,000 from 6 April 2024",partial,child_benefit,2025-26,2025,Welfare inside cap,Spending Measures (Policy measures database),2025-26,-359000000.0,-359000000.0,0.0,359000000.0,-0.0,pe_zero,constructed,Child Benefit take-up is fixed; OBR's additional claims response is absent.,"Restore the pre-announcement £50,000-£60,000 tax-charge taper; child_benefit mapping is provisional and does not assert the OBR welfare head's programme identity.","[""Child Benefit take-up is fixed; OBR's additional claims response is absent.""]","[""child_benefit""]",results/uk/events/spring_budget_2024/spring_budget_2024__hicbc_threshold_and_taper_2025.json,19be94b2d580628b8d982fc38d0e321de5863a2c1fb21d1478d48a683ea115dd,"[""baseline_vintage"",""behavioural_adjustment"",""construction_scope"",""cy_proxies_fy"",""head_scope"",""population_vintage""]",partial,[],"[""baseline_vintage"",""behavioural_adjustment"",""construction_scope"",""cy_proxies_fy"",""head_scope"",""population_vintage""]",359000000.0,residual_plus_unsized,,"unsized axes: baseline_vintage, behavioural_adjustment, construction_scope, cy_proxies_fy, head_scope, population_vintage",{}
spring_budget_2024,obr_pmd_nov2025:10989:43638ad22300c9c3,spring_budget_2024__hicbc_threshold_and_taper,"High Income Child Benefit Charge: increase income threshold to £60,000 and taper range to £60,000 to £80,000 from 6 April 2024",partial,child_benefit,2026-27,2026,Income tax,Tax Measures (Policy measures database),2026-27,-250000000.0,-250000000.0,-1720629444.0709229,-1470629444.0709229,6.8825177762836915,same_sign_ratio_at_least_2,constructed,Child Benefit take-up is fixed; OBR's additional claims response is absent.,"Restore the pre-announcement £50,000-£60,000 tax-charge taper; child_benefit mapping is provisional and does not assert the OBR welfare head's programme identity.","[""Child Benefit take-up is fixed; OBR's additional claims response is absent.""]","[""income_tax""]",results/uk/events/spring_budget_2024/spring_budget_2024__hicbc_threshold_and_taper_2026.json,213e032f2d5e895a9585842bac1c138bc6b7a28ea845c8cba6a5c82481816967,"[""baseline_vintage"",""behavioural_adjustment"",""construction_scope"",""cy_proxies_fy"",""head_scope"",""population_vintage""]",partial,[],"[""baseline_vintage"",""behavioural_adjustment"",""construction_scope"",""cy_proxies_fy"",""head_scope"",""population_vintage""]",-1470629444.0709229,residual_plus_unsized,,"unsized axes: baseline_vintage, behavioural_adjustment, construction_scope, cy_proxies_fy, head_scope, population_vintage",{}
spring_budget_2024,obr_pmd_nov2025:22208:6c19f800730945b5,spring_budget_2024__hicbc_threshold_and_taper,"High Income Child Benefit Charge: increase income threshold to £60,000 and taper range to £60,000 to £80,000 from 6 April 2024",partial,child_benefit,2026-27,2026,Welfare inside cap,Spending Measures (Policy measures database),2026-27,-391000000.0,-391000000.0,0.0,391000000.0,-0.0,pe_zero,constructed,Child Benefit take-up is fixed; OBR's additional claims response is absent.,"Restore the pre-announcement £50,000-£60,000 tax-charge taper; child_benefit mapping is provisional and does not assert the OBR welfare head's programme identity.","[""Child Benefit take-up is fixed; OBR's additional claims response is absent.""]","[""child_benefit""]",results/uk/events/spring_budget_2024/spring_budget_2024__hicbc_threshold_and_taper_2026.json,213e032f2d5e895a9585842bac1c138bc6b7a28ea845c8cba6a5c82481816967,"[""baseline_vintage"",""behavioural_adjustment"",""construction_scope"",""cy_proxies_fy"",""head_scope"",""population_vintage""]",partial,[],"[""baseline_vintage"",""behavioural_adjustment"",""construction_scope"",""cy_proxies_fy"",""head_scope"",""population_vintage""]",391000000.0,residual_plus_unsized,,"unsized axes: baseline_vintage, behavioural_adjustment, construction_scope, cy_proxies_fy, head_scope, population_vintage",{}
spring_budget_2024,obr_pmd_nov2025:10990:e86af1dbeb4da64e,spring_budget_2024__hicbc_threshold_and_taper,"High Income Child Benefit Charge: increase income threshold to £60,000 and taper range to £60,000 to £80,000 from 6 April 2024",partial,child_benefit,2027-28,2027,Income tax,Tax Measures (Policy measures database),2027-28,-221000000.0,-221000000.0,-1844209824.508789,-1623209824.508789,8.3448408348814,same_sign_ratio_at_least_2,constructed,Child Benefit take-up is fixed; OBR's additional claims response is absent.,"Restore the pre-announcement £50,000-£60,000 tax-charge taper; child_benefit mapping is provisional and does not assert the OBR welfare head's programme identity.","[""Child Benefit take-up is fixed; OBR's additional claims response is absent.""]","[""income_tax""]",results/uk/events/spring_budget_2024/spring_budget_2024__hicbc_threshold_and_taper_2027.json,79736a9be65e683ed261664c1c052f63d435462dec12bb585259d1c735814635,"[""baseline_vintage"",""behavioural_adjustment"",""construction_scope"",""cy_proxies_fy"",""head_scope"",""population_vintage""]",partial,[],"[""baseline_vintage"",""behavioural_adjustment"",""construction_scope"",""cy_proxies_fy"",""head_scope"",""population_vintage""]",-1623209824.508789,residual_plus_unsized,,"unsized axes: baseline_vintage, behavioural_adjustment, construction_scope, cy_proxies_fy, head_scope, population_vintage",{}
spring_budget_2024,obr_pmd_nov2025:22209:71f606ed0f936afe,spring_budget_2024__hicbc_threshold_and_taper,"High Income Child Benefit Charge: increase income threshold to £60,000 and taper range to £60,000 to £80,000 from 6 April 2024",partial,child_benefit,2027-28,2027,Welfare inside cap,Spending Measures (Policy measures database),2027-28,-426000000.0,-426000000.0,0.0,426000000.0,-0.0,pe_zero,constructed,Child Benefit take-up is fixed; OBR's additional claims response is absent.,"Restore the pre-announcement £50,000-£60,000 tax-charge taper; child_benefit mapping is provisional and does not assert the OBR welfare head's programme identity.","[""Child Benefit take-up is fixed; OBR's additional claims response is absent.""]","[""child_benefit""]",results/uk/events/spring_budget_2024/spring_budget_2024__hicbc_threshold_and_taper_2027.json,79736a9be65e683ed261664c1c052f63d435462dec12bb585259d1c735814635,"[""baseline_vintage"",""behavioural_adjustment"",""construction_scope"",""cy_proxies_fy"",""head_scope"",""population_vintage""]",partial,[],"[""baseline_vintage"",""behavioural_adjustment"",""construction_scope"",""cy_proxies_fy"",""head_scope"",""population_vintage""]",426000000.0,residual_plus_unsized,,"unsized axes: baseline_vintage, behavioural_adjustment, construction_scope, cy_proxies_fy, head_scope, population_vintage",{}
spring_budget_2024,obr_pmd_nov2025:10991:11a476b01436c0db,spring_budget_2024__hicbc_threshold_and_taper,"High Income Child Benefit Charge: increase income threshold to £60,000 and taper range to £60,000 to £80,000 from 6 April 2024",partial,child_benefit,2028-29,2028,Income tax,Tax Measures (Policy measures database),2028-29,-193000000.0,-193000000.0,-1972030891.008606,-1779030891.008606,10.21777663735029,same_sign_ratio_at_least_2,constructed,Child Benefit take-up is fixed; OBR's additional claims response is absent.,"Restore the pre-announcement £50,000-£60,000 tax-charge taper; child_benefit mapping is provisional and does not assert the OBR welfare head's programme identity.","[""Child Benefit take-up is fixed; OBR's additional claims response is absent.""]","[""income_tax""]",results/uk/events/spring_budget_2024/spring_budget_2024__hicbc_threshold_and_taper_2028.json,795f1654f1baf12ebaf9e5d69e37c9f9b8073c24cb18285b1451c9f0dc97b3aa,"[""baseline_vintage"",""behavioural_adjustment"",""construction_scope"",""cy_proxies_fy"",""head_scope"",""population_vintage""]",partial,[],"[""baseline_vintage"",""behavioural_adjustment"",""construction_scope"",""cy_proxies_fy"",""head_scope"",""population_vintage""]",-1779030891.008606,residual_plus_unsized,,"unsized axes: baseline_vintage, behavioural_adjustment, construction_scope, cy_proxies_fy, head_scope, population_vintage",{}
spring_budget_2024,obr_pmd_nov2025:22210:0ea61ade0bedb0f5,spring_budget_2024__hicbc_threshold_and_taper,"High Income Child Benefit Charge: increase income threshold to £60,000 and taper range to £60,000 to £80,000 from 6 April 2024",partial,child_benefit,2028-29,2028,Welfare inside cap,Spending Measures (Policy measures database),2028-29,-465000000.0,-465000000.0,0.0,465000000.0,-0.0,pe_zero,constructed,Child Benefit take-up is fixed; OBR's additional claims response is absent.,"Restore the pre-announcement £50,000-£60,000 tax-charge taper; child_benefit mapping is provisional and does not assert the OBR welfare head's programme identity.","[""Child Benefit take-up is fixed; OBR's additional claims response is absent.""]","[""child_benefit""]",results/uk/events/spring_budget_2024/spring_budget_2024__hicbc_threshold_and_taper_2028.json,795f1654f1baf12ebaf9e5d69e37c9f9b8073c24cb18285b1451c9f0dc97b3aa,"[""baseline_vintage"",""behavioural_adjustment"",""construction_scope"",""cy_proxies_fy"",""head_scope"",""population_vintage""]",partial,[],"[""baseline_vintage"",""behavioural_adjustment"",""construction_scope"",""cy_proxies_fy"",""head_scope"",""population_vintage""]",465000000.0,residual_plus_unsized,,"unsized axes: baseline_vintage, behavioural_adjustment, construction_scope, cy_proxies_fy, head_scope, population_vintage",{}
spring_budget_2024,obr_pmd_nov2025:11160:842b99d260697fe8,spring_budget_2024__hmrc_investment_in_debt_management_capacity_99f77d2e,HMRC: investment in debt management capacity,not_expressible,administration,2023-24,2023,Capital gains tax,Tax Measures (Policy measures database),2023-24,0.0,0.0,,,,not_available,not_computed,"Administrative collection, compliance, reporting or debt intervention; liability rules do not identify recovered debts, extra staff productivity or compliance behaviour.","Administrative collection, compliance, reporting or debt intervention; liability rules do not identify recovered debts, extra staff productivity or compliance behaviour.","[""Administrative collection, compliance, reporting or debt intervention; liability rules do not identify recovered debts, extra staff productivity or compliance behaviour.""]",[],,,"[""baseline_vintage"",""behavioural_adjustment"",""cy_proxies_fy"",""head_scope"",""population_vintage""]",not_available,[],"[""baseline_vintage"",""behavioural_adjustment"",""cy_proxies_fy"",""head_scope"",""population_vintage""]",,residual_plus_unsized,,no computed counterpart,{}
spring_budget_2024,obr_pmd_nov2025:11148:1ff506846ce19ea7,spring_budget_2024__hmrc_investment_in_debt_management_capacity_99f77d2e,HMRC: investment in debt management capacity,out_of_household_scope,administration,2023-24,2023,Corporation tax (onshore),Tax Measures (Policy measures database),2023-24,49246138.30518962,49246138.30518962,,,,not_available,not_computed,Source head is outside household tax-benefit scope; retained for event accounting.,"Administrative collection, compliance, reporting or debt intervention; liability rules do not identify recovered debts, extra staff productivity or compliance behaviour.","[""Administrative collection, compliance, reporting or debt intervention; liability rules do not identify recovered debts, extra staff productivity or compliance behaviour.""]",[],,,"[""baseline_vintage"",""behavioural_adjustment"",""cy_proxies_fy"",""head_scope"",""population_vintage""]",not_available,[],"[""baseline_vintage"",""behavioural_adjustment"",""cy_proxies_fy"",""head_scope"",""population_vintage""]",,residual_plus_unsized,,no computed counterpart,{}
spring_budget_2024,obr_pmd_nov2025:11166:d05c5c778da5bdef,spring_budget_2024__hmrc_investment_in_debt_management_capacity_99f77d2e,HMRC: investment in debt management capacity,not_expressible,administration,2023-24,2023,Income tax,Tax Measures (Policy measures database),2023-24,0.0,0.0,,,,not_available,not_computed,"Administrative collection, compliance, reporting or debt intervention; liability rules do not identify recovered debts, extra staff productivity or compliance behaviour.","Administrative collection, compliance, reporting or debt intervention; liability rules do not identify recovered debts, extra staff productivity or compliance behaviour.","[""Administrative collection, compliance, reporting or debt intervention; liability rules do not identify recovered debts, extra staff productivity or compliance behaviour.""]",[],,,"[""baseline_vintage"",""behavioural_adjustment"",""cy_proxies_fy"",""head_scope"",""population_vintage""]",not_available,[],"[""baseline_vintage"",""behavioural_adjustment"",""cy_proxies_fy"",""head_scope"",""population_vintage""]",,residual_plus_unsized,,no computed counterpart,{}
spring_budget_2024,obr_pmd_nov2025:22361:6e5a5fa9f02c9355,spring_budget_2024__hmrc_investment_in_debt_management_capacity_99f77d2e,HMRC: investment in debt management capacity,not_expressible,administration,2023-24,2023,Other AME (current),Spending Measures (Policy measures database),2023-24,0.0,0.0,,,,not_available,not_computed,"Administrative collection, compliance, reporting or debt intervention; liability rules do not identify recovered debts, extra staff productivity or compliance behaviour.","Administrative collection, compliance, reporting or debt intervention; liability rules do not identify recovered debts, extra staff productivity or compliance behaviour.","[""Administrative collection, compliance, reporting or debt intervention; liability rules do not identify recovered debts, extra staff productivity or compliance behaviour.""]",[],,,"[""baseline_vintage"",""behavioural_adjustment"",""cy_proxies_fy"",""head_scope"",""population_vintage""]",not_available,[],"[""baseline_vintage"",""behavioural_adjustment"",""cy_proxies_fy"",""head_scope"",""population_vintage""]",,residual_plus_unsized,,no computed counterpart,{}
spring_budget_2024,obr_pmd_nov2025:22349:76f2cd45c0c9c666,spring_budget_2024__hmrc_investment_in_debt_management_capacity_99f77d2e,HMRC: investment in debt management capacity,out_of_household_scope,administration,2023-24,2023,PSCE in RDEL,Spending Measures (Policy measures database),2023-24,0.0,0.0,,,,not_available,not_computed,Source head is outside household tax-benefit scope; retained for event accounting.,"Administrative collection, compliance, reporting or debt intervention; liability rules do not identify recovered debts, extra staff productivity or compliance behaviour.","[""Administrative collection, compliance, reporting or debt intervention; liability rules do not identify recovered debts, extra staff productivity or compliance behaviour.""]",[],,,"[""baseline_vintage"",""behavioural_adjustment"",""cy_proxies_fy"",""head_scope"",""population_vintage""]",not_available,[],"[""baseline_vintage"",""behavioural_adjustment"",""cy_proxies_fy"",""head_scope"",""population_vintage""]",,residual_plus_unsized,,no computed counterpart,{}
spring_budget_2024,obr_pmd_nov2025:22355:1d50c4512d256545,spring_budget_2024__hmrc_investment_in_debt_management_capacity_99f77d2e,HMRC: investment in debt management capacity,out_of_household_scope,administration,2023-24,2023,Scottish BGA (current),Spending Measures (Policy measures database),2023-24,0.0,0.0,,,,not_available,not_computed,Source head is outside household tax-benefit scope; retained for event accounting.,"Administrative collection, compliance, reporting or debt intervention; liability rules do not identify recovered debts, extra staff productivity or compliance behaviour.","[""Administrative collection, compliance, reporting or debt intervention; liability rules do not identify recovered debts, extra staff productivity or compliance behaviour.""]",[],,,"[""baseline_vintage"",""behavioural_adjustment"",""cy_proxies_fy"",""head_scope"",""population_vintage""]",not_available,[],"[""baseline_vintage"",""behavioural_adjustment"",""cy_proxies_fy"",""head_scope"",""population_vintage""]",,residual_plus_unsized,,no computed counterpart,{}
spring_budget_2024,obr_pmd_nov2025:11154:0b007d9c7d88cfad,spring_budget_2024__hmrc_investment_in_debt_management_capacity_99f77d2e,HMRC: investment in debt management capacity,not_expressible,administration,2023-24,2023,VAT,Tax Measures (Policy measures database),2023-24,0.0,0.0,,,,not_available,not_computed,"Administrative collection, compliance, reporting or debt intervention; liability rules do not identify recovered debts, extra staff productivity or compliance behaviour.","Administrative collection, compliance, reporting or debt intervention; liability rules do not identify recovered debts, extra staff productivity or compliance behaviour.","[""Administrative collection, compliance, reporting or debt intervention; liability rules do not identify recovered debts, extra staff productivity or compliance behaviour.""]",[],,,"[""baseline_vintage"",""behavioural_adjustment"",""cy_proxies_fy"",""head_scope"",""population_vintage""]",not_available,[],"[""baseline_vintage"",""behavioural_adjustment"",""cy_proxies_fy"",""head_scope"",""population_vintage""]",,residual_plus_unsized,,no computed counterpart,{}
spring_budget_2024,obr_pmd_nov2025:11161:6c4d8e9af6cb3da8,spring_budget_2024__hmrc_investment_in_debt_management_capacity_99f77d2e,HMRC: investment in debt management capacity,not_expressible,administration,2024-25,2024,Capital gains tax,Tax Measures (Policy measures database),2024-25,0.0,0.0,,,,not_available,not_computed,"Administrative collection, compliance, reporting or debt intervention; liability rules do not identify recovered debts, extra staff productivity or compliance behaviour.","Administrative collection, compliance, reporting or debt intervention; liability rules do not identify recovered debts, extra staff productivity or compliance behaviour.","[""Administrative collection, compliance, reporting or debt intervention; liability rules do not identify recovered debts, extra staff productivity or compliance behaviour.""]",[],,,"[""baseline_vintage"",""behavioural_adjustment"",""cy_proxies_fy"",""head_scope"",""population_vintage""]",not_available,[],"[""baseline_vintage"",""behavioural_adjustment"",""cy_proxies_fy"",""head_scope"",""population_vintage""]",,residual_plus_unsized,,no computed counterpart,{}
spring_budget_2024,obr_pmd_nov2025:11149:9dd6d5e2d11a3e57,spring_budget_2024__hmrc_investment_in_debt_management_capacity_99f77d2e,HMRC: investment in debt management capacity,out_of_household_scope,administration,2024-25,2024,Corporation tax (onshore),Tax Measures (Policy measures database),2024-25,215026815.95936856,215026815.95936856,,,,not_available,not_computed,Source head is outside household tax-benefit scope; retained for event accounting.,"Administrative collection, compliance, reporting or debt intervention; liability rules do not identify recovered debts, extra staff productivity or compliance behaviour.","[""Administrative collection, compliance, reporting or debt intervention; liability rules do not identify recovered debts, extra staff productivity or compliance behaviour.""]",[],,,"[""baseline_vintage"",""behavioural_adjustment"",""cy_proxies_fy"",""head_scope"",""population_vintage""]",not_available,[],"[""baseline_vintage"",""behavioural_adjustment"",""cy_proxies_fy"",""head_scope"",""population_vintage""]",,residual_plus_unsized,,no computed counterpart,{}
spring_budget_2024,obr_pmd_nov2025:11167:455df32bdf51eab3,spring_budget_2024__hmrc_investment_in_debt_management_capacity_99f77d2e,HMRC: investment in debt management capacity,not_expressible,administration,2024-25,2024,Income tax,Tax Measures (Policy measures database),2024-25,0.0,0.0,,,,not_available,not_computed,"Administrative collection, compliance, reporting or debt intervention; liability rules do not identify recovered debts, extra staff productivity or compliance behaviour.","Administrative collection, compliance, reporting or debt intervention; liability rules do not identify recovered debts, extra staff productivity or compliance behaviour.","[""Administrative collection, compliance, reporting or debt intervention; liability rules do not identify recovered debts, extra staff productivity or compliance behaviour.""]",[],,,"[""baseline_vintage"",""behavioural_adjustment"",""cy_proxies_fy"",""head_scope"",""population_vintage""]",not_available,[],"[""baseline_vintage"",""behavioural_adjustment"",""cy_proxies_fy"",""head_scope"",""population_vintage""]",,residual_plus_unsized,,no computed counterpart,{}
spring_budget_2024,obr_pmd_nov2025:22362:08bc14c811a24c94,spring_budget_2024__hmrc_investment_in_debt_management_capacity_99f77d2e,HMRC: investment in debt management capacity,not_expressible,administration,2024-25,2024,Other AME (current),Spending Measures (Policy measures database),2024-25,0.0,0.0,,,,not_available,not_computed,"Administrative collection, compliance, reporting or debt intervention; liability rules do not identify recovered debts, extra staff productivity or compliance behaviour.","Administrative collection, compliance, reporting or debt intervention; liability rules do not identify recovered debts, extra staff productivity or compliance behaviour.","[""Administrative collection, compliance, reporting or debt intervention; liability rules do not identify recovered debts, extra staff productivity or compliance behaviour.""]",[],,,"[""baseline_vintage"",""behavioural_adjustment"",""cy_proxies_fy"",""head_scope"",""population_vintage""]",not_available,[],"[""baseline_vintage"",""behavioural_adjustment"",""cy_proxies_fy"",""head_scope"",""population_vintage""]",,residual_plus_unsized,,no computed counterpart,{}
spring_budget_2024,obr_pmd_nov2025:22350:aab6a25dc892c4ca,spring_budget_2024__hmrc_investment_in_debt_management_capacity_99f77d2e,HMRC: investment in debt management capacity,out_of_household_scope,administration,2024-25,2024,PSCE in RDEL,Spending Measures (Policy measures database),2024-25,0.0,0.0,,,,not_available,not_computed,Source head is outside household tax-benefit scope; retained for event accounting.,"Administrative collection, compliance, reporting or debt intervention; liability rules do not identify recovered debts, extra staff productivity or compliance behaviour.","[""Administrative collection, compliance, reporting or debt intervention; liability rules do not identify recovered debts, extra staff productivity or compliance behaviour.""]",[],,,"[""baseline_vintage"",""behavioural_adjustment"",""cy_proxies_fy"",""head_scope"",""population_vintage""]",not_available,[],"[""baseline_vintage"",""behavioural_adjustment"",""cy_proxies_fy"",""head_scope"",""population_vintage""]",,residual_plus_unsized,,no computed counterpart,{}
spring_budget_2024,obr_pmd_nov2025:22356:435af7ff0fb37c8f,spring_budget_2024__hmrc_investment_in_debt_management_capacity_99f77d2e,HMRC: investment in debt management capacity,out_of_household_scope,administration,2024-25,2024,Scottish BGA (current),Spending Measures (Policy measures database),2024-25,0.0,0.0,,,,not_available,not_computed,Source head is outside household tax-benefit scope; retained for event accounting.,"Administrative collection, compliance, reporting or debt intervention; liability rules do not identify recovered debts, extra staff productivity or compliance behaviour.","[""Administrative collection, compliance, reporting or debt intervention; liability rules do not identify recovered debts, extra staff productivity or compliance behaviour.""]",[],,,"[""baseline_vintage"",""behavioural_adjustment"",""cy_proxies_fy"",""head_scope"",""population_vintage""]",not_available,[],"[""baseline_vintage"",""behavioural_adjustment"",""cy_proxies_fy"",""head_scope"",""population_vintage""]",,residual_plus_unsized,,no computed counterpart,{}
spring_budget_2024,obr_pmd_nov2025:11155:7c112b7619c73d1c,spring_budget_2024__hmrc_investment_in_debt_management_capacity_99f77d2e,HMRC: investment in debt management capacity,not_expressible,administration,2024-25,2024,VAT,Tax Measures (Policy measures database),2024-25,24020682.706157114,24020682.706157114,,,,not_available,not_computed,"Administrative collection, compliance, reporting or debt intervention; liability rules do not identify recovered debts, extra staff productivity or compliance behaviour.","Administrative collection, compliance, reporting or debt intervention; liability rules do not identify recovered debts, extra staff productivity or compliance behaviour.","[""Administrative collection, compliance, reporting or debt intervention; liability rules do not identify recovered debts, extra staff productivity or compliance behaviour.""]",[],,,"[""baseline_vintage"",""behavioural_adjustment"",""cy_proxies_fy"",""head_scope"",""population_vintage""]",not_available,[],"[""baseline_vintage"",""behavioural_adjustment"",""cy_proxies_fy"",""head_scope"",""population_vintage""]",,residual_plus_unsized,,no computed counterpart,{}
spring_budget_2024,obr_pmd_nov2025:11162:81dcc4d088e9bfde,spring_budget_2024__hmrc_investment_in_debt_management_capacity_99f77d2e,HMRC: investment in debt management capacity,not_expressible,administration,2025-26,2025,Capital gains tax,Tax Measures (Policy measures database),2025-26,0.0,0.0,,,,not_available,not_computed,"Administrative collection, compliance, reporting or debt intervention; liability rules do not identify recovered debts, extra staff productivity or compliance behaviour.","Administrative collection, compliance, reporting or debt intervention; liability rules do not identify recovered debts, extra staff productivity or compliance behaviour.","[""Administrative collection, compliance, reporting or debt intervention; liability rules do not identify recovered debts, extra staff productivity or compliance behaviour.""]",[],,,"[""baseline_vintage"",""behavioural_adjustment"",""cy_proxies_fy"",""head_scope"",""population_vintage""]",not_available,[],"[""baseline_vintage"",""behavioural_adjustment"",""cy_proxies_fy"",""head_scope"",""population_vintage""]",,residual_plus_unsized,,no computed counterpart,{}
spring_budget_2024,obr_pmd_nov2025:11150:8588633cb216e26f,spring_budget_2024__hmrc_investment_in_debt_management_capacity_99f77d2e,HMRC: investment in debt management capacity,out_of_household_scope,administration,2025-26,2025,Corporation tax (onshore),Tax Measures (Policy measures database),2025-26,297382029.3713535,297382029.3713535,,,,not_available,not_computed,Source head is outside household tax-benefit scope; retained for event accounting.,"Administrative collection, compliance, reporting or debt intervention; liability rules do not identify recovered debts, extra staff productivity or compliance behaviour.","[""Administrative collection, compliance, reporting or debt intervention; liability rules do not identify recovered debts, extra staff productivity or compliance behaviour.""]",[],,,"[""baseline_vintage"",""behavioural_adjustment"",""cy_proxies_fy"",""head_scope"",""population_vintage""]",not_available,[],"[""baseline_vintage"",""behavioural_adjustment"",""cy_proxies_fy"",""head_scope"",""population_vintage""]",,residual_plus_unsized,,no computed counterpart,{}
spring_budget_2024,obr_pmd_nov2025:11168:9b67ef4b1890d426,spring_budget_2024__hmrc_investment_in_debt_management_capacity_99f77d2e,HMRC: investment in debt management capacity,not_expressible,administration,2025-26,2025,Income tax,Tax Measures (Policy measures database),2025-26,448513724.96252966,448513724.96252966,,,,not_available,not_computed,"Administrative collection, compliance, reporting or debt intervention; liability rules do not identify recovered debts, extra staff productivity or compliance behaviour.","Administrative collection, compliance, reporting or debt intervention; liability rules do not identify recovered debts, extra staff productivity or compliance behaviour.","[""Administrative collection, compliance, reporting or debt intervention; liability rules do not identify recovered debts, extra staff productivity or compliance behaviour.""]",[],,,"[""baseline_vintage"",""behavioural_adjustment"",""cy_proxies_fy"",""head_scope"",""population_vintage""]",not_available,[],"[""baseline_vintage"",""behavioural_adjustment"",""cy_proxies_fy"",""head_scope"",""population_vintage""]",,residual_plus_unsized,,no computed counterpart,{}
spring_budget_2024,obr_pmd_nov2025:22363:a2b32437db079290,spring_budget_2024__hmrc_investment_in_debt_management_capacity_99f77d2e,HMRC: investment in debt management capacity,not_expressible,administration,2025-26,2025,Other AME (current),Spending Measures (Policy measures database),2025-26,1063426.8002244246,1063426.8002244246,,,,not_available,not_computed,"Administrative collection, compliance, reporting or debt intervention; liability rules do not identify recovered debts, extra staff productivity or compliance behaviour.","Administrative collection, compliance, reporting or debt intervention; liability rules do not identify recovered debts, extra staff productivity or compliance behaviour.","[""Administrative collection, compliance, reporting or debt intervention; liability rules do not identify recovered debts, extra staff productivity or compliance behaviour.""]",[],,,"[""baseline_vintage"",""behavioural_adjustment"",""cy_proxies_fy"",""head_scope"",""population_vintage""]",not_available,[],"[""baseline_vintage"",""behavioural_adjustment"",""cy_proxies_fy"",""head_scope"",""population_vintage""]",,residual_plus_unsized,,no computed counterpart,{}
spring_budget_2024,obr_pmd_nov2025:22351:5d777df5ad5bebaa,spring_budget_2024__hmrc_investment_in_debt_management_capacity_99f77d2e,HMRC: investment in debt management capacity,out_of_household_scope,administration,2025-26,2025,PSCE in RDEL,Spending Measures (Policy measures database),2025-26,-30558743.64895369,-30558743.64895369,,,,not_available,not_computed,Source head is outside household tax-benefit scope; retained for event accounting.,"Administrative collection, compliance, reporting or debt intervention; liability rules do not identify recovered debts, extra staff productivity or compliance behaviour.","[""Administrative collection, compliance, reporting or debt intervention; liability rules do not identify recovered debts, extra staff productivity or compliance behaviour.""]",[],,,"[""baseline_vintage"",""behavioural_adjustment"",""cy_proxies_fy"",""head_scope"",""population_vintage""]",not_available,[],"[""baseline_vintage"",""behavioural_adjustment"",""cy_proxies_fy"",""head_scope"",""population_vintage""]",,residual_plus_unsized,,no computed counterpart,{}
spring_budget_2024,obr_pmd_nov2025:22357:d6203acaa176bb74,spring_budget_2024__hmrc_investment_in_debt_management_capacity_99f77d2e,HMRC: investment in debt management capacity,out_of_household_scope,administration,2025-26,2025,Scottish BGA (current),Spending Measures (Policy measures database),2025-26,28359824.821548585,28359824.821548585,,,,not_available,not_computed,Source head is outside household tax-benefit scope; retained for event accounting.,"Administrative collection, compliance, reporting or debt intervention; liability rules do not identify recovered debts, extra staff productivity or compliance behaviour.","[""Administrative collection, compliance, reporting or debt intervention; liability rules do not identify recovered debts, extra staff productivity or compliance behaviour.""]",[],,,"[""baseline_vintage"",""behavioural_adjustment"",""cy_proxies_fy"",""head_scope"",""population_vintage""]",not_available,[],"[""baseline_vintage"",""behavioural_adjustment"",""cy_proxies_fy"",""head_scope"",""population_vintage""]",,residual_plus_unsized,,no computed counterpart,{}
spring_budget_2024,obr_pmd_nov2025:11156:9cc777e549692dd9,spring_budget_2024__hmrc_investment_in_debt_management_capacity_99f77d2e,HMRC: investment in debt management capacity,not_expressible,administration,2025-26,2025,VAT,Tax Measures (Policy measures database),2025-26,149587653.0660461,149587653.0660461,,,,not_available,not_computed,"Administrative collection, compliance, reporting or debt intervention; liability rules do not identify recovered debts, extra staff productivity or compliance behaviour.","Administrative collection, compliance, reporting or debt intervention; liability rules do not identify recovered debts, extra staff productivity or compliance behaviour.","[""Administrative collection, compliance, reporting or debt intervention; liability rules do not identify recovered debts, extra staff productivity or compliance behaviour.""]",[],,,"[""baseline_vintage"",""behavioural_adjustment"",""cy_proxies_fy"",""head_scope"",""population_vintage""]",not_available,[],"[""baseline_vintage"",""behavioural_adjustment"",""cy_proxies_fy"",""head_scope"",""population_vintage""]",,residual_plus_unsized,,no computed counterpart,{}
spring_budget_2024,obr_pmd_nov2025:11163:3df1fce988617ff6,spring_budget_2024__hmrc_investment_in_debt_management_capacity_99f77d2e,HMRC: investment in debt management capacity,not_expressible,administration,2026-27,2026,Capital gains tax,Tax Measures (Policy measures database),2026-27,0.0,0.0,,,,not_available,not_computed,"Administrative collection, compliance, reporting or debt intervention; liability rules do not identify recovered debts, extra staff productivity or compliance behaviour.","Administrative collection, compliance, reporting or debt intervention; liability rules do not identify recovered debts, extra staff productivity or compliance behaviour.","[""Administrative collection, compliance, reporting or debt intervention; liability rules do not identify recovered debts, extra staff productivity or compliance behaviour.""]",[],,,"[""baseline_vintage"",""behavioural_adjustment"",""cy_proxies_fy"",""head_scope"",""population_vintage""]",not_available,[],"[""baseline_vintage"",""behavioural_adjustment"",""cy_proxies_fy"",""head_scope"",""population_vintage""]",,residual_plus_unsized,,no computed counterpart,{}
spring_budget_2024,obr_pmd_nov2025:11151:06a014463df11687,spring_budget_2024__hmrc_investment_in_debt_management_capacity_99f77d2e,HMRC: investment in debt management capacity,out_of_household_scope,administration,2026-27,2026,Corporation tax (onshore),Tax Measures (Policy measures database),2026-27,306319257.7334837,306319257.7334837,,,,not_available,not_computed,Source head is outside household tax-benefit scope; retained for event accounting.,"Administrative collection, compliance, reporting or debt intervention; liability rules do not identify recovered debts, extra staff productivity or compliance behaviour.","[""Administrative collection, compliance, reporting or debt intervention; liability rules do not identify recovered debts, extra staff productivity or compliance behaviour.""]",[],,,"[""baseline_vintage"",""behavioural_adjustment"",""cy_proxies_fy"",""head_scope"",""population_vintage""]",not_available,[],"[""baseline_vintage"",""behavioural_adjustment"",""cy_proxies_fy"",""head_scope"",""population_vintage""]",,residual_plus_unsized,,no computed counterpart,{}
spring_budget_2024,obr_pmd_nov2025:11169:73cf3ca8254652b9,spring_budget_2024__hmrc_investment_in_debt_management_capacity_99f77d2e,HMRC: investment in debt management capacity,not_expressible,administration,2026-27,2026,Income tax,Tax Measures (Policy measures database),2026-27,604532496.7984036,604532496.7984036,,,,not_available,not_computed,"Administrative collection, compliance, reporting or debt intervention; liability rules do not identify recovered debts, extra staff productivity or compliance behaviour.","Administrative collection, compliance, reporting or debt intervention; liability rules do not identify recovered debts, extra staff productivity or compliance behaviour.","[""Administrative collection, compliance, reporting or debt intervention; liability rules do not identify recovered debts, extra staff productivity or compliance behaviour.""]",[],,,"[""baseline_vintage"",""behavioural_adjustment"",""cy_proxies_fy"",""head_scope"",""population_vintage""]",not_available,[],"[""baseline_vintage"",""behavioural_adjustment"",""cy_proxies_fy"",""head_scope"",""population_vintage""]",,residual_plus_unsized,,no computed counterpart,{}
spring_budget_2024,obr_pmd_nov2025:22364:f44126f4082a108a,spring_budget_2024__hmrc_investment_in_debt_management_capacity_99f77d2e,HMRC: investment in debt management capacity,not_expressible,administration,2026-27,2026,Other AME (current),Spending Measures (Policy measures database),2026-27,525631.8700251981,525631.8700251981,,,,not_available,not_computed,"Administrative collection, compliance, reporting or debt intervention; liability rules do not identify recovered debts, extra staff productivity or compliance behaviour.","Administrative collection, compliance, reporting or debt intervention; liability rules do not identify recovered debts, extra staff productivity or compliance behaviour.","[""Administrative collection, compliance, reporting or debt intervention; liability rules do not identify recovered debts, extra staff productivity or compliance behaviour.""]",[],,,"[""baseline_vintage"",""behavioural_adjustment"",""cy_proxies_fy"",""head_scope"",""population_vintage""]",not_available,[],"[""baseline_vintage"",""behavioural_adjustment"",""cy_proxies_fy"",""head_scope"",""population_vintage""]",,residual_plus_unsized,,no computed counterpart,{}
spring_budget_2024,obr_pmd_nov2025:22352:68cab332635b6168,spring_budget_2024__hmrc_investment_in_debt_management_capacity_99f77d2e,HMRC: investment in debt management capacity,out_of_household_scope,administration,2026-27,2026,PSCE in RDEL,Spending Measures (Policy measures database),2026-27,-29407376.652810924,-29407376.652810924,,,,not_available,not_computed,Source head is outside household tax-benefit scope; retained for event accounting.,"Administrative collection, compliance, reporting or debt intervention; liability rules do not identify recovered debts, extra staff productivity or compliance behaviour.","[""Administrative collection, compliance, reporting or debt intervention; liability rules do not identify recovered debts, extra staff productivity or compliance behaviour.""]",[],,,"[""baseline_vintage"",""behavioural_adjustment"",""cy_proxies_fy"",""head_scope"",""population_vintage""]",not_available,[],"[""baseline_vintage"",""behavioural_adjustment"",""cy_proxies_fy"",""head_scope"",""population_vintage""]",,residual_plus_unsized,,no computed counterpart,{}
spring_budget_2024,obr_pmd_nov2025:22358:d233322f83476c9f,spring_budget_2024__hmrc_investment_in_debt_management_capacity_99f77d2e,HMRC: investment in debt management capacity,out_of_household_scope,administration,2026-27,2026,Scottish BGA (current),Spending Measures (Policy measures database),2026-27,37928944.84988314,37928944.84988314,,,,not_available,not_computed,Source head is outside household tax-benefit scope; retained for event accounting.,"Administrative collection, compliance, reporting or debt intervention; liability rules do not identify recovered debts, extra staff productivity or compliance behaviour.","[""Administrative collection, compliance, reporting or debt intervention; liability rules do not identify recovered debts, extra staff productivity or compliance behaviour.""]",[],,,"[""baseline_vintage"",""behavioural_adjustment"",""cy_proxies_fy"",""head_scope"",""population_vintage""]",not_available,[],"[""baseline_vintage"",""behavioural_adjustment"",""cy_proxies_fy"",""head_scope"",""population_vintage""]",,residual_plus_unsized,,no computed counterpart,{}
spring_budget_2024,obr_pmd_nov2025:11157:27324a553b068d6d,spring_budget_2024__hmrc_investment_in_debt_management_capacity_99f77d2e,HMRC: investment in debt management capacity,not_expressible,administration,2026-27,2026,VAT,Tax Measures (Policy measures database),2026-27,197748122.33503777,197748122.33503777,,,,not_available,not_computed,"Administrative collection, compliance, reporting or debt intervention; liability rules do not identify recovered debts, extra staff productivity or compliance behaviour.","Administrative collection, compliance, reporting or debt intervention; liability rules do not identify recovered debts, extra staff productivity or compliance behaviour.","[""Administrative collection, compliance, reporting or debt intervention; liability rules do not identify recovered debts, extra staff productivity or compliance behaviour.""]",[],,,"[""baseline_vintage"",""behavioural_adjustment"",""cy_proxies_fy"",""head_scope"",""population_vintage""]",not_available,[],"[""baseline_vintage"",""behavioural_adjustment"",""cy_proxies_fy"",""head_scope"",""population_vintage""]",,residual_plus_unsized,,no computed counterpart,{}
spring_budget_2024,obr_pmd_nov2025:11164:a530fcf2112734e5,spring_budget_2024__hmrc_investment_in_debt_management_capacity_99f77d2e,HMRC: investment in debt management capacity,not_expressible,administration,2027-28,2027,Capital gains tax,Tax Measures (Policy measures database),2027-28,0.0,0.0,,,,not_available,not_computed,"Administrative collection, compliance, reporting or debt intervention; liability rules do not identify recovered debts, extra staff productivity or compliance behaviour.","Administrative collection, compliance, reporting or debt intervention; liability rules do not identify recovered debts, extra staff productivity or compliance behaviour.","[""Administrative collection, compliance, reporting or debt intervention; liability rules do not identify recovered debts, extra staff productivity or compliance behaviour.""]",[],,,"[""baseline_vintage"",""behavioural_adjustment"",""cy_proxies_fy"",""head_scope"",""population_vintage""]",not_available,[],"[""baseline_vintage"",""behavioural_adjustment"",""cy_proxies_fy"",""head_scope"",""population_vintage""]",,residual_plus_unsized,,no computed counterpart,{}
spring_budget_2024,obr_pmd_nov2025:11152:0dca0e54f6e81577,spring_budget_2024__hmrc_investment_in_debt_management_capacity_99f77d2e,HMRC: investment in debt management capacity,out_of_household_scope,administration,2027-28,2027,Corporation tax (onshore),Tax Measures (Policy measures database),2027-28,256863374.81513074,256863374.81513074,,,,not_available,not_computed,Source head is outside household tax-benefit scope; retained for event accounting.,"Administrative collection, compliance, reporting or debt intervention; liability rules do not identify recovered debts, extra staff productivity or compliance behaviour.","[""Administrative collection, compliance, reporting or debt intervention; liability rules do not identify recovered debts, extra staff productivity or compliance behaviour.""]",[],,,"[""baseline_vintage"",""behavioural_adjustment"",""cy_proxies_fy"",""head_scope"",""population_vintage""]",not_available,[],"[""baseline_vintage"",""behavioural_adjustment"",""cy_proxies_fy"",""head_scope"",""population_vintage""]",,residual_plus_unsized,,no computed counterpart,{}
spring_budget_2024,obr_pmd_nov2025:11170:c17088bb6198bec3,spring_budget_2024__hmrc_investment_in_debt_management_capacity_99f77d2e,HMRC: investment in debt management capacity,not_expressible,administration,2027-28,2027,Income tax,Tax Measures (Policy measures database),2027-28,624452595.584834,624452595.584834,,,,not_available,not_computed,"Administrative collection, compliance, reporting or debt intervention; liability rules do not identify recovered debts, extra staff productivity or compliance behaviour.","Administrative collection, compliance, reporting or debt intervention; liability rules do not identify recovered debts, extra staff productivity or compliance behaviour.","[""Administrative collection, compliance, reporting or debt intervention; liability rules do not identify recovered debts, extra staff productivity or compliance behaviour.""]",[],,,"[""baseline_vintage"",""behavioural_adjustment"",""cy_proxies_fy"",""head_scope"",""population_vintage""]",not_available,[],"[""baseline_vintage"",""behavioural_adjustment"",""cy_proxies_fy"",""head_scope"",""population_vintage""]",,residual_plus_unsized,,no computed counterpart,{}
spring_budget_2024,obr_pmd_nov2025:22365:b5530fe9b95a85f2,spring_budget_2024__hmrc_investment_in_debt_management_capacity_99f77d2e,HMRC: investment in debt management capacity,not_expressible,administration,2027-28,2027,Other AME (current),Spending Measures (Policy measures database),2027-28,3508621.5479331696,3508621.5479331696,,,,not_available,not_computed,"Administrative collection, compliance, reporting or debt intervention; liability rules do not identify recovered debts, extra staff productivity or compliance behaviour.","Administrative collection, compliance, reporting or debt intervention; liability rules do not identify recovered debts, extra staff productivity or compliance behaviour.","[""Administrative collection, compliance, reporting or debt intervention; liability rules do not identify recovered debts, extra staff productivity or compliance behaviour.""]",[],,,"[""baseline_vintage"",""behavioural_adjustment"",""cy_proxies_fy"",""head_scope"",""population_vintage""]",not_available,[],"[""baseline_vintage"",""behavioural_adjustment"",""cy_proxies_fy"",""head_scope"",""population_vintage""]",,residual_plus_unsized,,no computed counterpart,{}
spring_budget_2024,obr_pmd_nov2025:22353:beb53f31d375bf9e,spring_budget_2024__hmrc_investment_in_debt_management_capacity_99f77d2e,HMRC: investment in debt management capacity,out_of_household_scope,administration,2027-28,2027,PSCE in RDEL,Spending Measures (Policy measures database),2027-28,-29361511.362032227,-29361511.362032227,,,,not_available,not_computed,Source head is outside household tax-benefit scope; retained for event accounting.,"Administrative collection, compliance, reporting or debt intervention; liability rules do not identify recovered debts, extra staff productivity or compliance behaviour.","[""Administrative collection, compliance, reporting or debt intervention; liability rules do not identify recovered debts, extra staff productivity or compliance behaviour.""]",[],,,"[""baseline_vintage"",""behavioural_adjustment"",""cy_proxies_fy"",""head_scope"",""population_vintage""]",not_available,[],"[""baseline_vintage"",""behavioural_adjustment"",""cy_proxies_fy"",""head_scope"",""population_vintage""]",,residual_plus_unsized,,no computed counterpart,{}
spring_budget_2024,obr_pmd_nov2025:22359:d3895ec766c6093c,spring_budget_2024__hmrc_investment_in_debt_management_capacity_99f77d2e,HMRC: investment in debt management capacity,out_of_household_scope,administration,2027-28,2027,Scottish BGA (current),Spending Measures (Policy measures database),2027-28,39115637.49516276,39115637.49516276,,,,not_available,not_computed,Source head is outside household tax-benefit scope; retained for event accounting.,"Administrative collection, compliance, reporting or debt intervention; liability rules do not identify recovered debts, extra staff productivity or compliance behaviour.","[""Administrative collection, compliance, reporting or debt intervention; liability rules do not identify recovered debts, extra staff productivity or compliance behaviour.""]",[],,,"[""baseline_vintage"",""behavioural_adjustment"",""cy_proxies_fy"",""head_scope"",""population_vintage""]",not_available,[],"[""baseline_vintage"",""behavioural_adjustment"",""cy_proxies_fy"",""head_scope"",""population_vintage""]",,residual_plus_unsized,,no computed counterpart,{}
spring_budget_2024,obr_pmd_nov2025:11158:d5972b1a0e98565d,spring_budget_2024__hmrc_investment_in_debt_management_capacity_99f77d2e,HMRC: investment in debt management capacity,not_expressible,administration,2027-28,2027,VAT,Tax Measures (Policy measures database),2027-28,199976599.49987498,199976599.49987498,,,,not_available,not_computed,"Administrative collection, compliance, reporting or debt intervention; liability rules do not identify recovered debts, extra staff productivity or compliance behaviour.","Administrative collection, compliance, reporting or debt intervention; liability rules do not identify recovered debts, extra staff productivity or compliance behaviour.","[""Administrative collection, compliance, reporting or debt intervention; liability rules do not identify recovered debts, extra staff productivity or compliance behaviour.""]",[],,,"[""baseline_vintage"",""behavioural_adjustment"",""cy_proxies_fy"",""head_scope"",""population_vintage""]",not_available,[],"[""baseline_vintage"",""behavioural_adjustment"",""cy_proxies_fy"",""head_scope"",""population_vintage""]",,residual_plus_unsized,,no computed counterpart,{}
spring_budget_2024,obr_pmd_nov2025:11165:890dc6bc5ef75a5d,spring_budget_2024__hmrc_investment_in_debt_management_capacity_99f77d2e,HMRC: investment in debt management capacity,not_expressible,administration,2028-29,2028,Capital gains tax,Tax Measures (Policy measures database),2028-29,0.0,0.0,,,,not_available,not_computed,"Administrative collection, compliance, reporting or debt intervention; liability rules do not identify recovered debts, extra staff productivity or compliance behaviour.","Administrative collection, compliance, reporting or debt intervention; liability rules do not identify recovered debts, extra staff productivity or compliance behaviour.","[""Administrative collection, compliance, reporting or debt intervention; liability rules do not identify recovered debts, extra staff productivity or compliance behaviour.""]",[],,,"[""baseline_vintage"",""behavioural_adjustment"",""cy_proxies_fy"",""head_scope"",""population_vintage""]",not_available,[],"[""baseline_vintage"",""behavioural_adjustment"",""cy_proxies_fy"",""head_scope"",""population_vintage""]",,residual_plus_unsized,,no computed counterpart,{}
spring_budget_2024,obr_pmd_nov2025:11153:ed54f7c094231eaf,spring_budget_2024__hmrc_investment_in_debt_management_capacity_99f77d2e,HMRC: investment in debt management capacity,out_of_household_scope,administration,2028-29,2028,Corporation tax (onshore),Tax Measures (Policy measures database),2028-29,90063129.35631678,90063129.35631678,,,,not_available,not_computed,Source head is outside household tax-benefit scope; retained for event accounting.,"Administrative collection, compliance, reporting or debt intervention; liability rules do not identify recovered debts, extra staff productivity or compliance behaviour.","[""Administrative collection, compliance, reporting or debt intervention; liability rules do not identify recovered debts, extra staff productivity or compliance behaviour.""]",[],,,"[""baseline_vintage"",""behavioural_adjustment"",""cy_proxies_fy"",""head_scope"",""population_vintage""]",not_available,[],"[""baseline_vintage"",""behavioural_adjustment"",""cy_proxies_fy"",""head_scope"",""population_vintage""]",,residual_plus_unsized,,no computed counterpart,{}
spring_budget_2024,obr_pmd_nov2025:11171:523797828e452f3e,spring_budget_2024__hmrc_investment_in_debt_management_capacity_99f77d2e,HMRC: investment in debt management capacity,not_expressible,administration,2028-29,2028,Income tax,Tax Measures (Policy measures database),2028-29,624725848.5534188,624725848.5534188,,,,not_available,not_computed,"Administrative collection, compliance, reporting or debt intervention; liability rules do not identify recovered debts, extra staff productivity or compliance behaviour.","Administrative collection, compliance, reporting or debt intervention; liability rules do not identify recovered debts, extra staff productivity or compliance behaviour.","[""Administrative collection, compliance, reporting or debt intervention; liability rules do not identify recovered debts, extra staff productivity or compliance behaviour.""]",[],,,"[""baseline_vintage"",""behavioural_adjustment"",""cy_proxies_fy"",""head_scope"",""population_vintage""]",not_available,[],"[""baseline_vintage"",""behavioural_adjustment"",""cy_proxies_fy"",""head_scope"",""population_vintage""]",,residual_plus_unsized,,no computed counterpart,{}
spring_budget_2024,obr_pmd_nov2025:22366:854766900fdf0b8e,spring_budget_2024__hmrc_investment_in_debt_management_capacity_99f77d2e,HMRC: investment in debt management capacity,not_expressible,administration,2028-29,2028,Other AME (current),Spending Measures (Policy measures database),2028-29,0.0,0.0,,,,not_available,not_computed,"Administrative collection, compliance, reporting or debt intervention; liability rules do not identify recovered debts, extra staff productivity or compliance behaviour.","Administrative collection, compliance, reporting or debt intervention; liability rules do not identify recovered debts, extra staff productivity or compliance behaviour.","[""Administrative collection, compliance, reporting or debt intervention; liability rules do not identify recovered debts, extra staff productivity or compliance behaviour.""]",[],,,"[""baseline_vintage"",""behavioural_adjustment"",""cy_proxies_fy"",""head_scope"",""population_vintage""]",not_available,[],"[""baseline_vintage"",""behavioural_adjustment"",""cy_proxies_fy"",""head_scope"",""population_vintage""]",,residual_plus_unsized,,no computed counterpart,{}
spring_budget_2024,obr_pmd_nov2025:22354:616e727092b3a6a1,spring_budget_2024__hmrc_investment_in_debt_management_capacity_99f77d2e,HMRC: investment in debt management capacity,out_of_household_scope,administration,2028-29,2028,PSCE in RDEL,Spending Measures (Policy measures database),2028-29,-29391389.898488104,-29391389.898488104,,,,not_available,not_computed,Source head is outside household tax-benefit scope; retained for event accounting.,"Administrative collection, compliance, reporting or debt intervention; liability rules do not identify recovered debts, extra staff productivity or compliance behaviour.","[""Administrative collection, compliance, reporting or debt intervention; liability rules do not identify recovered debts, extra staff productivity or compliance behaviour.""]",[],,,"[""baseline_vintage"",""behavioural_adjustment"",""cy_proxies_fy"",""head_scope"",""population_vintage""]",not_available,[],"[""baseline_vintage"",""behavioural_adjustment"",""cy_proxies_fy"",""head_scope"",""population_vintage""]",,residual_plus_unsized,,no computed counterpart,{}
spring_budget_2024,obr_pmd_nov2025:22360:0811aa666621c305,spring_budget_2024__hmrc_investment_in_debt_management_capacity_99f77d2e,HMRC: investment in debt management capacity,out_of_household_scope,administration,2028-29,2028,Scottish BGA (current),Spending Measures (Policy measures database),2028-29,39257190.24876614,39257190.24876614,,,,not_available,not_computed,Source head is outside household tax-benefit scope; retained for event accounting.,"Administrative collection, compliance, reporting or debt intervention; liability rules do not identify recovered debts, extra staff productivity or compliance behaviour.","[""Administrative collection, compliance, reporting or debt intervention; liability rules do not identify recovered debts, extra staff productivity or compliance behaviour.""]",[],,,"[""baseline_vintage"",""behavioural_adjustment"",""cy_proxies_fy"",""head_scope"",""population_vintage""]",not_available,[],"[""baseline_vintage"",""behavioural_adjustment"",""cy_proxies_fy"",""head_scope"",""population_vintage""]",,residual_plus_unsized,,no computed counterpart,{}
spring_budget_2024,obr_pmd_nov2025:11159:7c0e742de5273412,spring_budget_2024__hmrc_investment_in_debt_management_capacity_99f77d2e,HMRC: investment in debt management capacity,not_expressible,administration,2028-29,2028,VAT,Tax Measures (Policy measures database),2028-29,175812706.92175034,175812706.92175034,,,,not_available,not_computed,"Administrative collection, compliance, reporting or debt intervention; liability rules do not identify recovered debts, extra staff productivity or compliance behaviour.","Administrative collection, compliance, reporting or debt intervention; liability rules do not identify recovered debts, extra staff productivity or compliance behaviour.","[""Administrative collection, compliance, reporting or debt intervention; liability rules do not identify recovered debts, extra staff productivity or compliance behaviour.""]",[],,,"[""baseline_vintage"",""behavioural_adjustment"",""cy_proxies_fy"",""head_scope"",""population_vintage""]",not_available,[],"[""baseline_vintage"",""behavioural_adjustment"",""cy_proxies_fy"",""head_scope"",""population_vintage""]",,residual_plus_unsized,,no computed counterpart,{}
spring_budget_2024,obr_pmd_nov2025:11172:608b4724745b7000,spring_budget_2024__hmrc_investment_in_digital_services_3a5f982b,HMRC: investment in digital services,not_expressible,other,2023-24,2023,Income tax,Tax Measures (Policy measures database),2023-24,0.0,0.0,,,,not_available,not_computed,"The announcement needs a targeted tax-base, entitlement, transaction or programme mechanism not established as an executable reform on the certified household population.","The announcement needs a targeted tax-base, entitlement, transaction or programme mechanism not established as an executable reform on the certified household population.","[""The announcement needs a targeted tax-base, entitlement, transaction or programme mechanism not established as an executable reform on the certified household population.""]",[],,,"[""baseline_vintage"",""behavioural_adjustment"",""cy_proxies_fy"",""head_scope"",""population_vintage""]",not_available,[],"[""baseline_vintage"",""behavioural_adjustment"",""cy_proxies_fy"",""head_scope"",""population_vintage""]",,residual_plus_unsized,,no computed counterpart,{}
spring_budget_2024,obr_pmd_nov2025:22367:2b613267a7b9aee8,spring_budget_2024__hmrc_investment_in_digital_services_3a5f982b,HMRC: investment in digital services,out_of_household_scope,other,2023-24,2023,PSCE in RDEL,Spending Measures (Policy measures database),2023-24,0.0,0.0,,,,not_available,not_computed,Source head is outside household tax-benefit scope; retained for event accounting.,"The announcement needs a targeted tax-base, entitlement, transaction or programme mechanism not established as an executable reform on the certified household population.","[""The announcement needs a targeted tax-base, entitlement, transaction or programme mechanism not established as an executable reform on the certified household population.""]",[],,,"[""baseline_vintage"",""behavioural_adjustment"",""cy_proxies_fy"",""head_scope"",""population_vintage""]",not_available,[],"[""baseline_vintage"",""behavioural_adjustment"",""cy_proxies_fy"",""head_scope"",""population_vintage""]",,residual_plus_unsized,,no computed counterpart,{}
spring_budget_2024,obr_pmd_nov2025:11173:c67df76a929cfa7a,spring_budget_2024__hmrc_investment_in_digital_services_3a5f982b,HMRC: investment in digital services,not_expressible,other,2024-25,2024,Income tax,Tax Measures (Policy measures database),2024-25,0.0,0.0,,,,not_available,not_computed,"The announcement needs a targeted tax-base, entitlement, transaction or programme mechanism not established as an executable reform on the certified household population.","The announcement needs a targeted tax-base, entitlement, transaction or programme mechanism not established as an executable reform on the certified household population.","[""The announcement needs a targeted tax-base, entitlement, transaction or programme mechanism not established as an executable reform on the certified household population.""]",[],,,"[""baseline_vintage"",""behavioural_adjustment"",""cy_proxies_fy"",""head_scope"",""population_vintage""]",not_available,[],"[""baseline_vintage"",""behavioural_adjustment"",""cy_proxies_fy"",""head_scope"",""population_vintage""]",,residual_plus_unsized,,no computed counterpart,{}
spring_budget_2024,obr_pmd_nov2025:22368:9dc13b33b68184ee,spring_budget_2024__hmrc_investment_in_digital_services_3a5f982b,HMRC: investment in digital services,out_of_household_scope,other,2024-25,2024,PSCE in RDEL,Spending Measures (Policy measures database),2024-25,-4000000.0,-4000000.0,,,,not_available,not_computed,Source head is outside household tax-benefit scope; retained for event accounting.,"The announcement needs a targeted tax-base, entitlement, transaction or programme mechanism not established as an executable reform on the certified household population.","[""The announcement needs a targeted tax-base, entitlement, transaction or programme mechanism not established as an executable reform on the certified household population.""]",[],,,"[""baseline_vintage"",""behavioural_adjustment"",""cy_proxies_fy"",""head_scope"",""population_vintage""]",not_available,[],"[""baseline_vintage"",""behavioural_adjustment"",""cy_proxies_fy"",""head_scope"",""population_vintage""]",,residual_plus_unsized,,no computed counterpart,{}
spring_budget_2024,obr_pmd_nov2025:11174:47b1aae92b0f53f0,spring_budget_2024__hmrc_investment_in_digital_services_3a5f982b,HMRC: investment in digital services,not_expressible,other,2025-26,2025,Income tax,Tax Measures (Policy measures database),2025-26,25399149.82232267,25399149.82232267,,,,not_available,not_computed,"The announcement needs a targeted tax-base, entitlement, transaction or programme mechanism not established as an executable reform on the certified household population.","The announcement needs a targeted tax-base, entitlement, transaction or programme mechanism not established as an executable reform on the certified household population.","[""The announcement needs a targeted tax-base, entitlement, transaction or programme mechanism not established as an executable reform on the certified household population.""]",[],,,"[""baseline_vintage"",""behavioural_adjustment"",""cy_proxies_fy"",""head_scope"",""population_vintage""]",not_available,[],"[""baseline_vintage"",""behavioural_adjustment"",""cy_proxies_fy"",""head_scope"",""population_vintage""]",,residual_plus_unsized,,no computed counterpart,{}
spring_budget_2024,obr_pmd_nov2025:22369:7b02506d91a35467,spring_budget_2024__hmrc_investment_in_digital_services_3a5f982b,HMRC: investment in digital services,out_of_household_scope,other,2025-26,2025,PSCE in RDEL,Spending Measures (Policy measures database),2025-26,0.0,0.0,,,,not_available,not_computed,Source head is outside household tax-benefit scope; retained for event accounting.,"The announcement needs a targeted tax-base, entitlement, transaction or programme mechanism not established as an executable reform on the certified household population.","[""The announcement needs a targeted tax-base, entitlement, transaction or programme mechanism not established as an executable reform on the certified household population.""]",[],,,"[""baseline_vintage"",""behavioural_adjustment"",""cy_proxies_fy"",""head_scope"",""population_vintage""]",not_available,[],"[""baseline_vintage"",""behavioural_adjustment"",""cy_proxies_fy"",""head_scope"",""population_vintage""]",,residual_plus_unsized,,no computed counterpart,{}
spring_budget_2024,obr_pmd_nov2025:11175:b2befae3cf82d396,spring_budget_2024__hmrc_investment_in_digital_services_3a5f982b,HMRC: investment in digital services,not_expressible,other,2026-27,2026,Income tax,Tax Measures (Policy measures database),2026-27,1595623.5042163506,1595623.5042163506,,,,not_available,not_computed,"The announcement needs a targeted tax-base, entitlement, transaction or programme mechanism not established as an executable reform on the certified household population.","The announcement needs a targeted tax-base, entitlement, transaction or programme mechanism not established as an executable reform on the certified household population.","[""The announcement needs a targeted tax-base, entitlement, transaction or programme mechanism not established as an executable reform on the certified household population.""]",[],,,"[""baseline_vintage"",""behavioural_adjustment"",""cy_proxies_fy"",""head_scope"",""population_vintage""]",not_available,[],"[""baseline_vintage"",""behavioural_adjustment"",""cy_proxies_fy"",""head_scope"",""population_vintage""]",,residual_plus_unsized,,no computed counterpart,{}
spring_budget_2024,obr_pmd_nov2025:22370:5422f5c6dc5e7a52,spring_budget_2024__hmrc_investment_in_digital_services_3a5f982b,HMRC: investment in digital services,out_of_household_scope,other,2026-27,2026,PSCE in RDEL,Spending Measures (Policy measures database),2026-27,0.0,0.0,,,,not_available,not_computed,Source head is outside household tax-benefit scope; retained for event accounting.,"The announcement needs a targeted tax-base, entitlement, transaction or programme mechanism not established as an executable reform on the certified household population.","[""The announcement needs a targeted tax-base, entitlement, transaction or programme mechanism not established as an executable reform on the certified household population.""]",[],,,"[""baseline_vintage"",""behavioural_adjustment"",""cy_proxies_fy"",""head_scope"",""population_vintage""]",not_available,[],"[""baseline_vintage"",""behavioural_adjustment"",""cy_proxies_fy"",""head_scope"",""population_vintage""]",,residual_plus_unsized,,no computed counterpart,{}
spring_budget_2024,obr_pmd_nov2025:11176:543678007bf0560d,spring_budget_2024__hmrc_investment_in_digital_services_3a5f982b,HMRC: investment in digital services,not_expressible,other,2027-28,2027,Income tax,Tax Measures (Policy measures database),2027-28,1933011.7856753918,1933011.7856753918,,,,not_available,not_computed,"The announcement needs a targeted tax-base, entitlement, transaction or programme mechanism not established as an executable reform on the certified household population.","The announcement needs a targeted tax-base, entitlement, transaction or programme mechanism not established as an executable reform on the certified household population.","[""The announcement needs a targeted tax-base, entitlement, transaction or programme mechanism not established as an executable reform on the certified household population.""]",[],,,"[""baseline_vintage"",""behavioural_adjustment"",""cy_proxies_fy"",""head_scope"",""population_vintage""]",not_available,[],"[""baseline_vintage"",""behavioural_adjustment"",""cy_proxies_fy"",""head_scope"",""population_vintage""]",,residual_plus_unsized,,no computed counterpart,{}
spring_budget_2024,obr_pmd_nov2025:22371:187a8b897f6add29,spring_budget_2024__hmrc_investment_in_digital_services_3a5f982b,HMRC: investment in digital services,out_of_household_scope,other,2027-28,2027,PSCE in RDEL,Spending Measures (Policy measures database),2027-28,0.0,0.0,,,,not_available,not_computed,Source head is outside household tax-benefit scope; retained for event accounting.,"The announcement needs a targeted tax-base, entitlement, transaction or programme mechanism not established as an executable reform on the certified household population.","[""The announcement needs a targeted tax-base, entitlement, transaction or programme mechanism not established as an executable reform on the certified household population.""]",[],,,"[""baseline_vintage"",""behavioural_adjustment"",""cy_proxies_fy"",""head_scope"",""population_vintage""]",not_available,[],"[""baseline_vintage"",""behavioural_adjustment"",""cy_proxies_fy"",""head_scope"",""population_vintage""]",,residual_plus_unsized,,no computed counterpart,{}
spring_budget_2024,obr_pmd_nov2025:11177:d59f02ae3e60cf38,spring_budget_2024__hmrc_investment_in_digital_services_3a5f982b,HMRC: investment in digital services,not_expressible,other,2028-29,2028,Income tax,Tax Measures (Policy measures database),2028-29,2060618.579057965,2060618.579057965,,,,not_available,not_computed,"The announcement needs a targeted tax-base, entitlement, transaction or programme mechanism not established as an executable reform on the certified household population.","The announcement needs a targeted tax-base, entitlement, transaction or programme mechanism not established as an executable reform on the certified household population.","[""The announcement needs a targeted tax-base, entitlement, transaction or programme mechanism not established as an executable reform on the certified household population.""]",[],,,"[""baseline_vintage"",""behavioural_adjustment"",""cy_proxies_fy"",""head_scope"",""population_vintage""]",not_available,[],"[""baseline_vintage"",""behavioural_adjustment"",""cy_proxies_fy"",""head_scope"",""population_vintage""]",,residual_plus_unsized,,no computed counterpart,{}
spring_budget_2024,obr_pmd_nov2025:22372:19c2b98256acfb4e,spring_budget_2024__hmrc_investment_in_digital_services_3a5f982b,HMRC: investment in digital services,out_of_household_scope,other,2028-29,2028,PSCE in RDEL,Spending Measures (Policy measures database),2028-29,0.0,0.0,,,,not_available,not_computed,Source head is outside household tax-benefit scope; retained for event accounting.,"The announcement needs a targeted tax-base, entitlement, transaction or programme mechanism not established as an executable reform on the certified household population.","[""The announcement needs a targeted tax-base, entitlement, transaction or programme mechanism not established as an executable reform on the certified household population.""]",[],,,"[""baseline_vintage"",""behavioural_adjustment"",""cy_proxies_fy"",""head_scope"",""population_vintage""]",not_available,[],"[""baseline_vintage"",""behavioural_adjustment"",""cy_proxies_fy"",""head_scope"",""population_vintage""]",,residual_plus_unsized,,no computed counterpart,{}
spring_budget_2024,obr_pmd_nov2025:22223:2b03f30db45f2c6a,spring_budget_2024__increased_capacity_for_processing_disability_benefits_from_2024_25_7ddb01be,Increased capacity for processing disability benefits from 2024-25,not_expressible,welfare,2023-24,2023,Welfare inside cap,Spending Measures (Policy measures database),2023-24,0.0,0.0,,,,not_available,not_computed,"Requires claim history, previous awards, assessment descriptors, administrative process or an announcement-specific caseload response; a current annual liability parameter alone cannot replay it.","Requires claim history, previous awards, assessment descriptors, administrative process or an announcement-specific caseload response; a current annual liability parameter alone cannot replay it.","[""Requires claim history, previous awards, assessment descriptors, administrative process or an announcement-specific caseload response; a current annual liability parameter alone cannot replay it.""]",[],,,"[""baseline_vintage"",""behavioural_adjustment"",""cy_proxies_fy"",""head_scope"",""population_vintage""]",not_available,[],"[""baseline_vintage"",""behavioural_adjustment"",""cy_proxies_fy"",""head_scope"",""population_vintage""]",,residual_plus_unsized,,no computed counterpart,{}
spring_budget_2024,obr_pmd_nov2025:22224:fcbec2a9991c15ca,spring_budget_2024__increased_capacity_for_processing_disability_benefits_from_2024_25_7ddb01be,Increased capacity for processing disability benefits from 2024-25,not_expressible,welfare,2024-25,2024,Welfare inside cap,Spending Measures (Policy measures database),2024-25,15502500.000000002,15502500.000000002,,,,not_available,not_computed,"Requires claim history, previous awards, assessment descriptors, administrative process or an announcement-specific caseload response; a current annual liability parameter alone cannot replay it.","Requires claim history, previous awards, assessment descriptors, administrative process or an announcement-specific caseload response; a current annual liability parameter alone cannot replay it.","[""Requires claim history, previous awards, assessment descriptors, administrative process or an announcement-specific caseload response; a current annual liability parameter alone cannot replay it.""]",[],,,"[""baseline_vintage"",""behavioural_adjustment"",""cy_proxies_fy"",""head_scope"",""population_vintage""]",not_available,[],"[""baseline_vintage"",""behavioural_adjustment"",""cy_proxies_fy"",""head_scope"",""population_vintage""]",,residual_plus_unsized,,no computed counterpart,{}
spring_budget_2024,obr_pmd_nov2025:22225:128ae4d0b74af49e,spring_budget_2024__increased_capacity_for_processing_disability_benefits_from_2024_25_7ddb01be,Increased capacity for processing disability benefits from 2024-25,not_expressible,welfare,2025-26,2025,Welfare inside cap,Spending Measures (Policy measures database),2025-26,63043500.00000001,63043500.00000001,,,,not_available,not_computed,"Requires claim history, previous awards, assessment descriptors, administrative process or an announcement-specific caseload response; a current annual liability parameter alone cannot replay it.","Requires claim history, previous awards, assessment descriptors, administrative process or an announcement-specific caseload response; a current annual liability parameter alone cannot replay it.","[""Requires claim history, previous awards, assessment descriptors, administrative process or an announcement-specific caseload response; a current annual liability parameter alone cannot replay it.""]",[],,,"[""baseline_vintage"",""behavioural_adjustment"",""cy_proxies_fy"",""head_scope"",""population_vintage""]",not_available,[],"[""baseline_vintage"",""behavioural_adjustment"",""cy_proxies_fy"",""head_scope"",""population_vintage""]",,residual_plus_unsized,,no computed counterpart,{}
spring_budget_2024,obr_pmd_nov2025:22226:b8d422781e4fd617,spring_budget_2024__increased_capacity_for_processing_disability_benefits_from_2024_25_7ddb01be,Increased capacity for processing disability benefits from 2024-25,not_expressible,welfare,2026-27,2026,Welfare inside cap,Spending Measures (Policy measures database),2026-27,98182500.0,98182500.0,,,,not_available,not_computed,"Requires claim history, previous awards, assessment descriptors, administrative process or an announcement-specific caseload response; a current annual liability parameter alone cannot replay it.","Requires claim history, previous awards, assessment descriptors, administrative process or an announcement-specific caseload response; a current annual liability parameter alone cannot replay it.","[""Requires claim history, previous awards, assessment descriptors, administrative process or an announcement-specific caseload response; a current annual liability parameter alone cannot replay it.""]",[],,,"[""baseline_vintage"",""behavioural_adjustment"",""cy_proxies_fy"",""head_scope"",""population_vintage""]",not_available,[],"[""baseline_vintage"",""behavioural_adjustment"",""cy_proxies_fy"",""head_scope"",""population_vintage""]",,residual_plus_unsized,,no computed counterpart,{}
spring_budget_2024,obr_pmd_nov2025:22227:a93bae027abf1ee5,spring_budget_2024__increased_capacity_for_processing_disability_benefits_from_2024_25_7ddb01be,Increased capacity for processing disability benefits from 2024-25,not_expressible,welfare,2027-28,2027,Welfare inside cap,Spending Measures (Policy measures database),2027-28,143656500.00000003,143656500.00000003,,,,not_available,not_computed,"Requires claim history, previous awards, assessment descriptors, administrative process or an announcement-specific caseload response; a current annual liability parameter alone cannot replay it.","Requires claim history, previous awards, assessment descriptors, administrative process or an announcement-specific caseload response; a current annual liability parameter alone cannot replay it.","[""Requires claim history, previous awards, assessment descriptors, administrative process or an announcement-specific caseload response; a current annual liability parameter alone cannot replay it.""]",[],,,"[""baseline_vintage"",""behavioural_adjustment"",""cy_proxies_fy"",""head_scope"",""population_vintage""]",not_available,[],"[""baseline_vintage"",""behavioural_adjustment"",""cy_proxies_fy"",""head_scope"",""population_vintage""]",,residual_plus_unsized,,no computed counterpart,{}
spring_budget_2024,obr_pmd_nov2025:22228:60599143d6207879,spring_budget_2024__increased_capacity_for_processing_disability_benefits_from_2024_25_7ddb01be,Increased capacity for processing disability benefits from 2024-25,not_expressible,welfare,2028-29,2028,Welfare inside cap,Spending Measures (Policy measures database),2028-29,190000000.0,190000000.0,,,,not_available,not_computed,"Requires claim history, previous awards, assessment descriptors, administrative process or an announcement-specific caseload response; a current annual liability parameter alone cannot replay it.","Requires claim history, previous awards, assessment descriptors, administrative process or an announcement-specific caseload response; a current annual liability parameter alone cannot replay it.","[""Requires claim history, previous awards, assessment descriptors, administrative process or an announcement-specific caseload response; a current annual liability parameter alone cannot replay it.""]",[],,,"[""baseline_vintage"",""behavioural_adjustment"",""cy_proxies_fy"",""head_scope"",""population_vintage""]",not_available,[],"[""baseline_vintage"",""behavioural_adjustment"",""cy_proxies_fy"",""head_scope"",""population_vintage""]",,residual_plus_unsized,,no computed counterpart,{}
spring_budget_2024,obr_pmd_nov2025:11214:00fca3e2d7c8ebd9,spring_budget_2024__inheritance_tax_changes_to_grants_on_credit_from_1_april_2024_4c97a773,Inheritance Tax: changes to grants on credit from 1 April 2024,not_expressible,inheritance_tax,2023-24,2023,Inheritance tax,Tax Measures (Policy measures database),2023-24,0.0,0.0,,,,not_available,not_computed,"No estates, bequests, death events or agricultural/business-property inheritance-tax relief model on the certified household population.","No estates, bequests, death events or agricultural/business-property inheritance-tax relief model on the certified household population.","[""No estates, bequests, death events or agricultural/business-property inheritance-tax relief model on the certified household population.""]",[],,,"[""baseline_vintage"",""behavioural_adjustment"",""cy_proxies_fy"",""head_scope"",""population_vintage""]",not_available,[],"[""baseline_vintage"",""behavioural_adjustment"",""cy_proxies_fy"",""head_scope"",""population_vintage""]",,residual_plus_unsized,,no computed counterpart,{}
spring_budget_2024,obr_pmd_nov2025:11215:856d8e6f437199be,spring_budget_2024__inheritance_tax_changes_to_grants_on_credit_from_1_april_2024_4c97a773,Inheritance Tax: changes to grants on credit from 1 April 2024,not_expressible,inheritance_tax,2024-25,2024,Inheritance tax,Tax Measures (Policy measures database),2024-25,-3151285.7372323815,-3151285.7372323815,,,,not_available,not_computed,"No estates, bequests, death events or agricultural/business-property inheritance-tax relief model on the certified household population.","No estates, bequests, death events or agricultural/business-property inheritance-tax relief model on the certified household population.","[""No estates, bequests, death events or agricultural/business-property inheritance-tax relief model on the certified household population.""]",[],,,"[""baseline_vintage"",""behavioural_adjustment"",""cy_proxies_fy"",""head_scope"",""population_vintage""]",not_available,[],"[""baseline_vintage"",""behavioural_adjustment"",""cy_proxies_fy"",""head_scope"",""population_vintage""]",,residual_plus_unsized,,no computed counterpart,{}
spring_budget_2024,obr_pmd_nov2025:11216:0a6a7c627cc29cf6,spring_budget_2024__inheritance_tax_changes_to_grants_on_credit_from_1_april_2024_4c97a773,Inheritance Tax: changes to grants on credit from 1 April 2024,not_expressible,inheritance_tax,2025-26,2025,Inheritance tax,Tax Measures (Policy measures database),2025-26,-4563741.684613959,-4563741.684613959,,,,not_available,not_computed,"No estates, bequests, death events or agricultural/business-property inheritance-tax relief model on the certified household population.","No estates, bequests, death events or agricultural/business-property inheritance-tax relief model on the certified household population.","[""No estates, bequests, death events or agricultural/business-property inheritance-tax relief model on the certified household population.""]",[],,,"[""baseline_vintage"",""behavioural_adjustment"",""cy_proxies_fy"",""head_scope"",""population_vintage""]",not_available,[],"[""baseline_vintage"",""behavioural_adjustment"",""cy_proxies_fy"",""head_scope"",""population_vintage""]",,residual_plus_unsized,,no computed counterpart,{}
spring_budget_2024,obr_pmd_nov2025:11217:c146594a790568dc,spring_budget_2024__inheritance_tax_changes_to_grants_on_credit_from_1_april_2024_4c97a773,Inheritance Tax: changes to grants on credit from 1 April 2024,not_expressible,inheritance_tax,2026-27,2026,Inheritance tax,Tax Measures (Policy measures database),2026-27,-5417949.774511484,-5417949.774511484,,,,not_available,not_computed,"No estates, bequests, death events or agricultural/business-property inheritance-tax relief model on the certified household population.","No estates, bequests, death events or agricultural/business-property inheritance-tax relief model on the certified household population.","[""No estates, bequests, death events or agricultural/business-property inheritance-tax relief model on the certified household population.""]",[],,,"[""baseline_vintage"",""behavioural_adjustment"",""cy_proxies_fy"",""head_scope"",""population_vintage""]",not_available,[],"[""baseline_vintage"",""behavioural_adjustment"",""cy_proxies_fy"",""head_scope"",""population_vintage""]",,residual_plus_unsized,,no computed counterpart,{}
spring_budget_2024,obr_pmd_nov2025:11218:80cc9fa7454d4b6d,spring_budget_2024__inheritance_tax_changes_to_grants_on_credit_from_1_april_2024_4c97a773,Inheritance Tax: changes to grants on credit from 1 April 2024,not_expressible,inheritance_tax,2027-28,2027,Inheritance tax,Tax Measures (Policy measures database),2027-28,-6512900.156941498,-6512900.156941498,,,,not_available,not_computed,"No estates, bequests, death events or agricultural/business-property inheritance-tax relief model on the certified household population.","No estates, bequests, death events or agricultural/business-property inheritance-tax relief model on the certified household population.","[""No estates, bequests, death events or agricultural/business-property inheritance-tax relief model on the certified household population.""]",[],,,"[""baseline_vintage"",""behavioural_adjustment"",""cy_proxies_fy"",""head_scope"",""population_vintage""]",not_available,[],"[""baseline_vintage"",""behavioural_adjustment"",""cy_proxies_fy"",""head_scope"",""population_vintage""]",,residual_plus_unsized,,no computed counterpart,{}
spring_budget_2024,obr_pmd_nov2025:11219:cf26b4fa04bcf987,spring_budget_2024__inheritance_tax_changes_to_grants_on_credit_from_1_april_2024_4c97a773,Inheritance Tax: changes to grants on credit from 1 April 2024,not_expressible,inheritance_tax,2028-29,2028,Inheritance tax,Tax Measures (Policy measures database),2028-29,-7199521.51366715,-7199521.51366715,,,,not_available,not_computed,"No estates, bequests, death events or agricultural/business-property inheritance-tax relief model on the certified household population.","No estates, bequests, death events or agricultural/business-property inheritance-tax relief model on the certified household population.","[""No estates, bequests, death events or agricultural/business-property inheritance-tax relief model on the certified household population.""]",[],,,"[""baseline_vintage"",""behavioural_adjustment"",""cy_proxies_fy"",""head_scope"",""population_vintage""]",not_available,[],"[""baseline_vintage"",""behavioural_adjustment"",""cy_proxies_fy"",""head_scope"",""population_vintage""]",,residual_plus_unsized,,no computed counterpart,{}
spring_budget_2024,obr_pmd_nov2025:11220:a7f91fe88a49745a,spring_budget_2024__inheritance_tax_extend_agricultural_property_relief_to_certain_environmental_land_management_agreements_from_6_52e8fd47,Inheritance Tax: extend agricultural property relief to certain environmental land management agreements from 6 April 2025,not_expressible,inheritance_tax,2023-24,2023,Inheritance tax,Tax Measures (Policy measures database),2023-24,0.0,0.0,,,,not_available,not_computed,"No estates, bequests, death events or agricultural/business-property inheritance-tax relief model on the certified household population.","No estates, bequests, death events or agricultural/business-property inheritance-tax relief model on the certified household population.","[""No estates, bequests, death events or agricultural/business-property inheritance-tax relief model on the certified household population.""]",[],,,"[""baseline_vintage"",""behavioural_adjustment"",""cy_proxies_fy"",""head_scope"",""population_vintage""]",not_available,[],"[""baseline_vintage"",""behavioural_adjustment"",""cy_proxies_fy"",""head_scope"",""population_vintage""]",,residual_plus_unsized,,no computed counterpart,{}
spring_budget_2024,obr_pmd_nov2025:11221:4d14fad25ae50fc5,spring_budget_2024__inheritance_tax_extend_agricultural_property_relief_to_certain_environmental_land_management_agreements_from_6_52e8fd47,Inheritance Tax: extend agricultural property relief to certain environmental land management agreements from 6 April 2025,not_expressible,inheritance_tax,2024-25,2024,Inheritance tax,Tax Measures (Policy measures database),2024-25,-25376.96580159272,-25376.96580159272,,,,not_available,not_computed,"No estates, bequests, death events or agricultural/business-property inheritance-tax relief model on the certified household population.","No estates, bequests, death events or agricultural/business-property inheritance-tax relief model on the certified household population.","[""No estates, bequests, death events or agricultural/business-property inheritance-tax relief model on the certified household population.""]",[],,,"[""baseline_vintage"",""behavioural_adjustment"",""cy_proxies_fy"",""head_scope"",""population_vintage""]",not_available,[],"[""baseline_vintage"",""behavioural_adjustment"",""cy_proxies_fy"",""head_scope"",""population_vintage""]",,residual_plus_unsized,,no computed counterpart,{}
spring_budget_2024,obr_pmd_nov2025:11222:b5d52499314f0cee,spring_budget_2024__inheritance_tax_extend_agricultural_property_relief_to_certain_environmental_land_management_agreements_from_6_52e8fd47,Inheritance Tax: extend agricultural property relief to certain environmental land management agreements from 6 April 2025,not_expressible,inheritance_tax,2025-26,2025,Inheritance tax,Tax Measures (Policy measures database),2025-26,-400311.71737527003,-400311.71737527003,,,,not_available,not_computed,"No estates, bequests, death events or agricultural/business-property inheritance-tax relief model on the certified household population.","No estates, bequests, death events or agricultural/business-property inheritance-tax relief model on the certified household population.","[""No estates, bequests, death events or agricultural/business-property inheritance-tax relief model on the certified household population.""]",[],,,"[""baseline_vintage"",""behavioural_adjustment"",""cy_proxies_fy"",""head_scope"",""population_vintage""]",not_available,[],"[""baseline_vintage"",""behavioural_adjustment"",""cy_proxies_fy"",""head_scope"",""population_vintage""]",,residual_plus_unsized,,no computed counterpart,{}
spring_budget_2024,obr_pmd_nov2025:11223:cf8b91f4711bac56,spring_budget_2024__inheritance_tax_extend_agricultural_property_relief_to_certain_environmental_land_management_agreements_from_6_52e8fd47,Inheritance Tax: extend agricultural property relief to certain environmental land management agreements from 6 April 2025,not_expressible,inheritance_tax,2026-27,2026,Inheritance tax,Tax Measures (Policy measures database),2026-27,-1415912.8783640617,-1415912.8783640617,,,,not_available,not_computed,"No estates, bequests, death events or agricultural/business-property inheritance-tax relief model on the certified household population.","No estates, bequests, death events or agricultural/business-property inheritance-tax relief model on the certified household population.","[""No estates, bequests, death events or agricultural/business-property inheritance-tax relief model on the certified household population.""]",[],,,"[""baseline_vintage"",""behavioural_adjustment"",""cy_proxies_fy"",""head_scope"",""population_vintage""]",not_available,[],"[""baseline_vintage"",""behavioural_adjustment"",""cy_proxies_fy"",""head_scope"",""population_vintage""]",,residual_plus_unsized,,no computed counterpart,{}
spring_budget_2024,obr_pmd_nov2025:11224:2f53299f4dfdb8b1,spring_budget_2024__inheritance_tax_extend_agricultural_property_relief_to_certain_environmental_land_management_agreements_from_6_52e8fd47,Inheritance Tax: extend agricultural property relief to certain environmental land management agreements from 6 April 2025,not_expressible,inheritance_tax,2027-28,2027,Inheritance tax,Tax Measures (Policy measures database),2027-28,-2829694.775489798,-2829694.775489798,,,,not_available,not_computed,"No estates, bequests, death events or agricultural/business-property inheritance-tax relief model on the certified household population.","No estates, bequests, death events or agricultural/business-property inheritance-tax relief model on the certified household population.","[""No estates, bequests, death events or agricultural/business-property inheritance-tax relief model on the certified household population.""]",[],,,"[""baseline_vintage"",""behavioural_adjustment"",""cy_proxies_fy"",""head_scope"",""population_vintage""]",not_available,[],"[""baseline_vintage"",""behavioural_adjustment"",""cy_proxies_fy"",""head_scope"",""population_vintage""]",,residual_plus_unsized,,no computed counterpart,{}
spring_budget_2024,obr_pmd_nov2025:11225:19a891ac7e491906,spring_budget_2024__inheritance_tax_extend_agricultural_property_relief_to_certain_environmental_land_management_agreements_from_6_52e8fd47,Inheritance Tax: extend agricultural property relief to certain environmental land management agreements from 6 April 2025,not_expressible,inheritance_tax,2028-29,2028,Inheritance tax,Tax Measures (Policy measures database),2028-29,-4595805.440451269,-4595805.440451269,,,,not_available,not_computed,"No estates, bequests, death events or agricultural/business-property inheritance-tax relief model on the certified household population.","No estates, bequests, death events or agricultural/business-property inheritance-tax relief model on the certified household population.","[""No estates, bequests, death events or agricultural/business-property inheritance-tax relief model on the certified household population.""]",[],,,"[""baseline_vintage"",""behavioural_adjustment"",""cy_proxies_fy"",""head_scope"",""population_vintage""]",not_available,[],"[""baseline_vintage"",""behavioural_adjustment"",""cy_proxies_fy"",""head_scope"",""population_vintage""]",,residual_plus_unsized,,no computed counterpart,{}
spring_budget_2024,obr_pmd_nov2025:11256:713c5bcd538eea7c,spring_budget_2024__investment_zones_in_england_tax_reliefs_and_business_rates_retention_16868695,Investment Zones in England: tax reliefs and business rates retention,out_of_household_scope,other,2023-24,2023,Business rates,Tax Measures (Policy measures database),2023-24,0.0,0.0,,,,not_available,not_computed,Source head is outside household tax-benefit scope; retained for event accounting.,"The announcement needs a targeted tax-base, entitlement, transaction or programme mechanism not established as an executable reform on the certified household population.","[""The announcement needs a targeted tax-base, entitlement, transaction or programme mechanism not established as an executable reform on the certified household population.""]",[],,,"[""baseline_vintage"",""behavioural_adjustment"",""cy_proxies_fy"",""head_scope"",""population_vintage""]",not_available,[],"[""baseline_vintage"",""behavioural_adjustment"",""cy_proxies_fy"",""head_scope"",""population_vintage""]",,residual_plus_unsized,,no computed counterpart,{}
spring_budget_2024,obr_pmd_nov2025:11250:46d962aa01d66629,spring_budget_2024__investment_zones_in_england_tax_reliefs_and_business_rates_retention_16868695,Investment Zones in England: tax reliefs and business rates retention,out_of_household_scope,other,2023-24,2023,Corporation tax (onshore),Tax Measures (Policy measures database),2023-24,-51100.0,-51100.0,,,,not_available,not_computed,Source head is outside household tax-benefit scope; retained for event accounting.,"The announcement needs a targeted tax-base, entitlement, transaction or programme mechanism not established as an executable reform on the certified household population.","[""The announcement needs a targeted tax-base, entitlement, transaction or programme mechanism not established as an executable reform on the certified household population.""]",[],,,"[""baseline_vintage"",""behavioural_adjustment"",""cy_proxies_fy"",""head_scope"",""population_vintage""]",not_available,[],"[""baseline_vintage"",""behavioural_adjustment"",""cy_proxies_fy"",""head_scope"",""population_vintage""]",,residual_plus_unsized,,no computed counterpart,{}
spring_budget_2024,obr_pmd_nov2025:11244:439c3bd895d9eb6d,spring_budget_2024__investment_zones_in_england_tax_reliefs_and_business_rates_retention_16868695,Investment Zones in England: tax reliefs and business rates retention,not_expressible,other,2023-24,2023,Income tax,Tax Measures (Policy measures database),2023-24,0.0,0.0,,,,not_available,not_computed,"The announcement needs a targeted tax-base, entitlement, transaction or programme mechanism not established as an executable reform on the certified household population.","The announcement needs a targeted tax-base, entitlement, transaction or programme mechanism not established as an executable reform on the certified household population.","[""The announcement needs a targeted tax-base, entitlement, transaction or programme mechanism not established as an executable reform on the certified household population.""]",[],,,"[""baseline_vintage"",""behavioural_adjustment"",""cy_proxies_fy"",""head_scope"",""population_vintage""]",not_available,[],"[""baseline_vintage"",""behavioural_adjustment"",""cy_proxies_fy"",""head_scope"",""population_vintage""]",,residual_plus_unsized,,no computed counterpart,{}
spring_budget_2024,obr_pmd_nov2025:22427:1047838f4ca3a01c,spring_budget_2024__investment_zones_in_england_tax_reliefs_and_business_rates_retention_16868695,Investment Zones in England: tax reliefs and business rates retention,out_of_household_scope,other,2023-24,2023,Locally-financed current expenditure,Spending Measures (Policy measures database),2023-24,0.0,0.0,,,,not_available,not_computed,Source head is outside household tax-benefit scope; retained for event accounting.,"The announcement needs a targeted tax-base, entitlement, transaction or programme mechanism not established as an executable reform on the certified household population.","[""The announcement needs a targeted tax-base, entitlement, transaction or programme mechanism not established as an executable reform on the certified household population.""]",[],,,"[""baseline_vintage"",""behavioural_adjustment"",""cy_proxies_fy"",""head_scope"",""population_vintage""]",not_available,[],"[""baseline_vintage"",""behavioural_adjustment"",""cy_proxies_fy"",""head_scope"",""population_vintage""]",,residual_plus_unsized,,no computed counterpart,{}
spring_budget_2024,obr_pmd_nov2025:11232:5542f6d7521f95e6,spring_budget_2024__investment_zones_in_england_tax_reliefs_and_business_rates_retention_16868695,Investment Zones in England: tax reliefs and business rates retention,not_expressible,other,2023-24,2023,NICs,Tax Measures (Policy measures database),2023-24,0.0,0.0,,,,not_available,not_computed,"The announcement needs a targeted tax-base, entitlement, transaction or programme mechanism not established as an executable reform on the certified household population.","The announcement needs a targeted tax-base, entitlement, transaction or programme mechanism not established as an executable reform on the certified household population.","[""The announcement needs a targeted tax-base, entitlement, transaction or programme mechanism not established as an executable reform on the certified household population.""]",[],,,"[""baseline_vintage"",""behavioural_adjustment"",""cy_proxies_fy"",""head_scope"",""population_vintage""]",not_available,[],"[""baseline_vintage"",""behavioural_adjustment"",""cy_proxies_fy"",""head_scope"",""population_vintage""]",,residual_plus_unsized,,no computed counterpart,{}
spring_budget_2024,obr_pmd_nov2025:22421:be4f21305ca25927,spring_budget_2024__investment_zones_in_england_tax_reliefs_and_business_rates_retention_16868695,Investment Zones in England: tax reliefs and business rates retention,not_expressible,other,2023-24,2023,Other AME (current),Spending Measures (Policy measures database),2023-24,0.0,0.0,,,,not_available,not_computed,"The announcement needs a targeted tax-base, entitlement, transaction or programme mechanism not established as an executable reform on the certified household population.","The announcement needs a targeted tax-base, entitlement, transaction or programme mechanism not established as an executable reform on the certified household population.","[""The announcement needs a targeted tax-base, entitlement, transaction or programme mechanism not established as an executable reform on the certified household population.""]",[],,,"[""baseline_vintage"",""behavioural_adjustment"",""cy_proxies_fy"",""head_scope"",""population_vintage""]",not_available,[],"[""baseline_vintage"",""behavioural_adjustment"",""cy_proxies_fy"",""head_scope"",""population_vintage""]",,residual_plus_unsized,,no computed counterpart,{}
spring_budget_2024,obr_pmd_nov2025:22415:1ce8418e0bd50449,spring_budget_2024__investment_zones_in_england_tax_reliefs_and_business_rates_retention_16868695,Investment Zones in England: tax reliefs and business rates retention,out_of_household_scope,other,2023-24,2023,PSCE in RDEL,Spending Measures (Policy measures database),2023-24,0.0,0.0,,,,not_available,not_computed,Source head is outside household tax-benefit scope; retained for event accounting.,"The announcement needs a targeted tax-base, entitlement, transaction or programme mechanism not established as an executable reform on the certified household population.","[""The announcement needs a targeted tax-base, entitlement, transaction or programme mechanism not established as an executable reform on the certified household population.""]",[],,,"[""baseline_vintage"",""behavioural_adjustment"",""cy_proxies_fy"",""head_scope"",""population_vintage""]",not_available,[],"[""baseline_vintage"",""behavioural_adjustment"",""cy_proxies_fy"",""head_scope"",""population_vintage""]",,residual_plus_unsized,,no computed counterpart,{}
spring_budget_2024,obr_pmd_nov2025:22409:a7873140867319f2,spring_budget_2024__investment_zones_in_england_tax_reliefs_and_business_rates_retention_16868695,Investment Zones in England: tax reliefs and business rates retention,out_of_household_scope,other,2023-24,2023,Scottish BGA (current),Spending Measures (Policy measures database),2023-24,0.0,0.0,,,,not_available,not_computed,Source head is outside household tax-benefit scope; retained for event accounting.,"The announcement needs a targeted tax-base, entitlement, transaction or programme mechanism not established as an executable reform on the certified household population.","[""The announcement needs a targeted tax-base, entitlement, transaction or programme mechanism not established as an executable reform on the certified household population.""]",[],,,"[""baseline_vintage"",""behavioural_adjustment"",""cy_proxies_fy"",""head_scope"",""population_vintage""]",not_available,[],"[""baseline_vintage"",""behavioural_adjustment"",""cy_proxies_fy"",""head_scope"",""population_vintage""]",,residual_plus_unsized,,no computed counterpart,{}
spring_budget_2024,obr_pmd_nov2025:11238:da9f2daa178748d0,spring_budget_2024__investment_zones_in_england_tax_reliefs_and_business_rates_retention_16868695,Investment Zones in England: tax reliefs and business rates retention,not_expressible,other,2023-24,2023,Stamp duty,Tax Measures (Policy measures database),2023-24,0.0,0.0,,,,not_available,not_computed,"The announcement needs a targeted tax-base, entitlement, transaction or programme mechanism not established as an executable reform on the certified household population.","The announcement needs a targeted tax-base, entitlement, transaction or programme mechanism not established as an executable reform on the certified household population.","[""The announcement needs a targeted tax-base, entitlement, transaction or programme mechanism not established as an executable reform on the certified household population.""]",[],,,"[""baseline_vintage"",""behavioural_adjustment"",""cy_proxies_fy"",""head_scope"",""population_vintage""]",not_available,[],"[""baseline_vintage"",""behavioural_adjustment"",""cy_proxies_fy"",""head_scope"",""population_vintage""]",,residual_plus_unsized,,no computed counterpart,{}
spring_budget_2024,obr_pmd_nov2025:11257:247392647f6669d6,spring_budget_2024__investment_zones_in_england_tax_reliefs_and_business_rates_retention_16868695,Investment Zones in England: tax reliefs and business rates retention,out_of_household_scope,other,2024-25,2024,Business rates,Tax Measures (Policy measures database),2024-25,-23420.0,-23420.0,,,,not_available,not_computed,Source head is outside household tax-benefit scope; retained for event accounting.,"The announcement needs a targeted tax-base, entitlement, transaction or programme mechanism not established as an executable reform on the certified household population.","[""The announcement needs a targeted tax-base, entitlement, transaction or programme mechanism not established as an executable reform on the certified household population.""]",[],,,"[""baseline_vintage"",""behavioural_adjustment"",""cy_proxies_fy"",""head_scope"",""population_vintage""]",not_available,[],"[""baseline_vintage"",""behavioural_adjustment"",""cy_proxies_fy"",""head_scope"",""population_vintage""]",,residual_plus_unsized,,no computed counterpart,{}
spring_budget_2024,obr_pmd_nov2025:11251:5602b8e0b9a345e2,spring_budget_2024__investment_zones_in_england_tax_reliefs_and_business_rates_retention_16868695,Investment Zones in England: tax reliefs and business rates retention,out_of_household_scope,other,2024-25,2024,Corporation tax (onshore),Tax Measures (Policy measures database),2024-25,-644700.0,-644700.0,,,,not_available,not_computed,Source head is outside household tax-benefit scope; retained for event accounting.,"The announcement needs a targeted tax-base, entitlement, transaction or programme mechanism not established as an executable reform on the certified household population.","[""The announcement needs a targeted tax-base, entitlement, transaction or programme mechanism not established as an executable reform on the certified household population.""]",[],,,"[""baseline_vintage"",""behavioural_adjustment"",""cy_proxies_fy"",""head_scope"",""population_vintage""]",not_available,[],"[""baseline_vintage"",""behavioural_adjustment"",""cy_proxies_fy"",""head_scope"",""population_vintage""]",,residual_plus_unsized,,no computed counterpart,{}
spring_budget_2024,obr_pmd_nov2025:11245:b581bb66e2def5c4,spring_budget_2024__investment_zones_in_england_tax_reliefs_and_business_rates_retention_16868695,Investment Zones in England: tax reliefs and business rates retention,not_expressible,other,2024-25,2024,Income tax,Tax Measures (Policy measures database),2024-25,0.0,0.0,,,,not_available,not_computed,"The announcement needs a targeted tax-base, entitlement, transaction or programme mechanism not established as an executable reform on the certified household population.","The announcement needs a targeted tax-base, entitlement, transaction or programme mechanism not established as an executable reform on the certified household population.","[""The announcement needs a targeted tax-base, entitlement, transaction or programme mechanism not established as an executable reform on the certified household population.""]",[],,,"[""baseline_vintage"",""behavioural_adjustment"",""cy_proxies_fy"",""head_scope"",""population_vintage""]",not_available,[],"[""baseline_vintage"",""behavioural_adjustment"",""cy_proxies_fy"",""head_scope"",""population_vintage""]",,residual_plus_unsized,,no computed counterpart,{}
spring_budget_2024,obr_pmd_nov2025:22428:ce0e97035aad8890,spring_budget_2024__investment_zones_in_england_tax_reliefs_and_business_rates_retention_16868695,Investment Zones in England: tax reliefs and business rates retention,out_of_household_scope,other,2024-25,2024,Locally-financed current expenditure,Spending Measures (Policy measures database),2024-25,8324.61,8324.61,,,,not_available,not_computed,Source head is outside household tax-benefit scope; retained for event accounting.,"The announcement needs a targeted tax-base, entitlement, transaction or programme mechanism not established as an executable reform on the certified household population.","[""The announcement needs a targeted tax-base, entitlement, transaction or programme mechanism not established as an executable reform on the certified household population.""]",[],,,"[""baseline_vintage"",""behavioural_adjustment"",""cy_proxies_fy"",""head_scope"",""population_vintage""]",not_available,[],"[""baseline_vintage"",""behavioural_adjustment"",""cy_proxies_fy"",""head_scope"",""population_vintage""]",,residual_plus_unsized,,no computed counterpart,{}
spring_budget_2024,obr_pmd_nov2025:11233:1d31eb468229bcac,spring_budget_2024__investment_zones_in_england_tax_reliefs_and_business_rates_retention_16868695,Investment Zones in England: tax reliefs and business rates retention,not_expressible,other,2024-25,2024,NICs,Tax Measures (Policy measures database),2024-25,-168102.0,-168102.0,,,,not_available,not_computed,"The announcement needs a targeted tax-base, entitlement, transaction or programme mechanism not established as an executable reform on the certified household population.","The announcement needs a targeted tax-base, entitlement, transaction or programme mechanism not established as an executable reform on the certified household population.","[""The announcement needs a targeted tax-base, entitlement, transaction or programme mechanism not established as an executable reform on the certified household population.""]",[],,,"[""baseline_vintage"",""behavioural_adjustment"",""cy_proxies_fy"",""head_scope"",""population_vintage""]",not_available,[],"[""baseline_vintage"",""behavioural_adjustment"",""cy_proxies_fy"",""head_scope"",""population_vintage""]",,residual_plus_unsized,,no computed counterpart,{}
spring_budget_2024,obr_pmd_nov2025:22422:f6dcbd857558d2dd,spring_budget_2024__investment_zones_in_england_tax_reliefs_and_business_rates_retention_16868695,Investment Zones in England: tax reliefs and business rates retention,not_expressible,other,2024-25,2024,Other AME (current),Spending Measures (Policy measures database),2024-25,-22143.61,-22143.61,,,,not_available,not_computed,"The announcement needs a targeted tax-base, entitlement, transaction or programme mechanism not established as an executable reform on the certified household population.","The announcement needs a targeted tax-base, entitlement, transaction or programme mechanism not established as an executable reform on the certified household population.","[""The announcement needs a targeted tax-base, entitlement, transaction or programme mechanism not established as an executable reform on the certified household population.""]",[],,,"[""baseline_vintage"",""behavioural_adjustment"",""cy_proxies_fy"",""head_scope"",""population_vintage""]",not_available,[],"[""baseline_vintage"",""behavioural_adjustment"",""cy_proxies_fy"",""head_scope"",""population_vintage""]",,residual_plus_unsized,,no computed counterpart,{}
spring_budget_2024,obr_pmd_nov2025:22416:4e12869cb388c97c,spring_budget_2024__investment_zones_in_england_tax_reliefs_and_business_rates_retention_16868695,Investment Zones in England: tax reliefs and business rates retention,out_of_household_scope,other,2024-25,2024,PSCE in RDEL,Spending Measures (Policy measures database),2024-25,-2119.958838098677,-2119.958838098677,,,,not_available,not_computed,Source head is outside household tax-benefit scope; retained for event accounting.,"The announcement needs a targeted tax-base, entitlement, transaction or programme mechanism not established as an executable reform on the certified household population.","[""The announcement needs a targeted tax-base, entitlement, transaction or programme mechanism not established as an executable reform on the certified household population.""]",[],,,"[""baseline_vintage"",""behavioural_adjustment"",""cy_proxies_fy"",""head_scope"",""population_vintage""]",not_available,[],"[""baseline_vintage"",""behavioural_adjustment"",""cy_proxies_fy"",""head_scope"",""population_vintage""]",,residual_plus_unsized,,no computed counterpart,{}
spring_budget_2024,obr_pmd_nov2025:22410:e307cc60c8b1e4ce,spring_budget_2024__investment_zones_in_england_tax_reliefs_and_business_rates_retention_16868695,Investment Zones in England: tax reliefs and business rates retention,out_of_household_scope,other,2024-25,2024,Scottish BGA (current),Spending Measures (Policy measures database),2024-25,-2270.0280681024383,-2270.0280681024383,,,,not_available,not_computed,Source head is outside household tax-benefit scope; retained for event accounting.,"The announcement needs a targeted tax-base, entitlement, transaction or programme mechanism not established as an executable reform on the certified household population.","[""The announcement needs a targeted tax-base, entitlement, transaction or programme mechanism not established as an executable reform on the certified household population.""]",[],,,"[""baseline_vintage"",""behavioural_adjustment"",""cy_proxies_fy"",""head_scope"",""population_vintage""]",not_available,[],"[""baseline_vintage"",""behavioural_adjustment"",""cy_proxies_fy"",""head_scope"",""population_vintage""]",,residual_plus_unsized,,no computed counterpart,{}
spring_budget_2024,obr_pmd_nov2025:11239:c281463544afaecb,spring_budget_2024__investment_zones_in_england_tax_reliefs_and_business_rates_retention_16868695,Investment Zones in England: tax reliefs and business rates retention,not_expressible,other,2024-25,2024,Stamp duty,Tax Measures (Policy measures database),2024-25,-1066637.0,-1066637.0,,,,not_available,not_computed,"The announcement needs a targeted tax-base, entitlement, transaction or programme mechanism not established as an executable reform on the certified household population.","The announcement needs a targeted tax-base, entitlement, transaction or programme mechanism not established as an executable reform on the certified household population.","[""The announcement needs a targeted tax-base, entitlement, transaction or programme mechanism not established as an executable reform on the certified household population.""]",[],,,"[""baseline_vintage"",""behavioural_adjustment"",""cy_proxies_fy"",""head_scope"",""population_vintage""]",not_available,[],"[""baseline_vintage"",""behavioural_adjustment"",""cy_proxies_fy"",""head_scope"",""population_vintage""]",,residual_plus_unsized,,no computed counterpart,{}
spring_budget_2024,obr_pmd_nov2025:11258:da18627b91309681,spring_budget_2024__investment_zones_in_england_tax_reliefs_and_business_rates_retention_16868695,Investment Zones in England: tax reliefs and business rates retention,out_of_household_scope,other,2025-26,2025,Business rates,Tax Measures (Policy measures database),2025-26,-190451.0,-190451.0,,,,not_available,not_computed,Source head is outside household tax-benefit scope; retained for event accounting.,"The announcement needs a targeted tax-base, entitlement, transaction or programme mechanism not established as an executable reform on the certified household population.","[""The announcement needs a targeted tax-base, entitlement, transaction or programme mechanism not established as an executable reform on the certified household population.""]",[],,,"[""baseline_vintage"",""behavioural_adjustment"",""cy_proxies_fy"",""head_scope"",""population_vintage""]",not_available,[],"[""baseline_vintage"",""behavioural_adjustment"",""cy_proxies_fy"",""head_scope"",""population_vintage""]",,residual_plus_unsized,,no computed counterpart,{}
spring_budget_2024,obr_pmd_nov2025:11252:878a7ac9c6a2dcb0,spring_budget_2024__investment_zones_in_england_tax_reliefs_and_business_rates_retention_16868695,Investment Zones in England: tax reliefs and business rates retention,out_of_household_scope,other,2025-26,2025,Corporation tax (onshore),Tax Measures (Policy measures database),2025-26,-905300.0,-905300.0,,,,not_available,not_computed,Source head is outside household tax-benefit scope; retained for event accounting.,"The announcement needs a targeted tax-base, entitlement, transaction or programme mechanism not established as an executable reform on the certified household population.","[""The announcement needs a targeted tax-base, entitlement, transaction or programme mechanism not established as an executable reform on the certified household population.""]",[],,,"[""baseline_vintage"",""behavioural_adjustment"",""cy_proxies_fy"",""head_scope"",""population_vintage""]",not_available,[],"[""baseline_vintage"",""behavioural_adjustment"",""cy_proxies_fy"",""head_scope"",""population_vintage""]",,residual_plus_unsized,,no computed counterpart,{}
spring_budget_2024,obr_pmd_nov2025:11246:217f39b348db0747,spring_budget_2024__investment_zones_in_england_tax_reliefs_and_business_rates_retention_16868695,Investment Zones in England: tax reliefs and business rates retention,not_expressible,other,2025-26,2025,Income tax,Tax Measures (Policy measures database),2025-26,490.2985800058458,490.2985800058458,,,,not_available,not_computed,"The announcement needs a targeted tax-base, entitlement, transaction or programme mechanism not established as an executable reform on the certified household population.","The announcement needs a targeted tax-base, entitlement, transaction or programme mechanism not established as an executable reform on the certified household population.","[""The announcement needs a targeted tax-base, entitlement, transaction or programme mechanism not established as an executable reform on the certified household population.""]",[],,,"[""baseline_vintage"",""behavioural_adjustment"",""cy_proxies_fy"",""head_scope"",""population_vintage""]",not_available,[],"[""baseline_vintage"",""behavioural_adjustment"",""cy_proxies_fy"",""head_scope"",""population_vintage""]",,residual_plus_unsized,,no computed counterpart,{}
spring_budget_2024,obr_pmd_nov2025:22429:341243e073d32788,spring_budget_2024__investment_zones_in_england_tax_reliefs_and_business_rates_retention_16868695,Investment Zones in England: tax reliefs and business rates retention,out_of_household_scope,other,2025-26,2025,Locally-financed current expenditure,Spending Measures (Policy measures database),2025-26,-12693.503200000012,-12693.503200000012,,,,not_available,not_computed,Source head is outside household tax-benefit scope; retained for event accounting.,"The announcement needs a targeted tax-base, entitlement, transaction or programme mechanism not established as an executable reform on the certified household population.","[""The announcement needs a targeted tax-base, entitlement, transaction or programme mechanism not established as an executable reform on the certified household population.""]",[],,,"[""baseline_vintage"",""behavioural_adjustment"",""cy_proxies_fy"",""head_scope"",""population_vintage""]",not_available,[],"[""baseline_vintage"",""behavioural_adjustment"",""cy_proxies_fy"",""head_scope"",""population_vintage""]",,residual_plus_unsized,,no computed counterpart,{}
spring_budget_2024,obr_pmd_nov2025:11234:bede74c14a2365b4,spring_budget_2024__investment_zones_in_england_tax_reliefs_and_business_rates_retention_16868695,Investment Zones in England: tax reliefs and business rates retention,not_expressible,other,2025-26,2025,NICs,Tax Measures (Policy measures database),2025-26,-582758.0,-582758.0,,,,not_available,not_computed,"The announcement needs a targeted tax-base, entitlement, transaction or programme mechanism not established as an executable reform on the certified household population.","The announcement needs a targeted tax-base, entitlement, transaction or programme mechanism not established as an executable reform on the certified household population.","[""The announcement needs a targeted tax-base, entitlement, transaction or programme mechanism not established as an executable reform on the certified household population.""]",[],,,"[""baseline_vintage"",""behavioural_adjustment"",""cy_proxies_fy"",""head_scope"",""population_vintage""]",not_available,[],"[""baseline_vintage"",""behavioural_adjustment"",""cy_proxies_fy"",""head_scope"",""population_vintage""]",,residual_plus_unsized,,no computed counterpart,{}
spring_budget_2024,obr_pmd_nov2025:22423:6c3ee7f35a1c9b8e,spring_budget_2024__investment_zones_in_england_tax_reliefs_and_business_rates_retention_16868695,Investment Zones in England: tax reliefs and business rates retention,not_expressible,other,2025-26,2025,Other AME (current),Spending Measures (Policy measures database),2025-26,-178414.4968,-178414.4968,,,,not_available,not_computed,"The announcement needs a targeted tax-base, entitlement, transaction or programme mechanism not established as an executable reform on the certified household population.","The announcement needs a targeted tax-base, entitlement, transaction or programme mechanism not established as an executable reform on the certified household population.","[""The announcement needs a targeted tax-base, entitlement, transaction or programme mechanism not established as an executable reform on the certified household population.""]",[],,,"[""baseline_vintage"",""behavioural_adjustment"",""cy_proxies_fy"",""head_scope"",""population_vintage""]",not_available,[],"[""baseline_vintage"",""behavioural_adjustment"",""cy_proxies_fy"",""head_scope"",""population_vintage""]",,residual_plus_unsized,,no computed counterpart,{}
spring_budget_2024,obr_pmd_nov2025:22417:54cb425e54a297b0,spring_budget_2024__investment_zones_in_england_tax_reliefs_and_business_rates_retention_16868695,Investment Zones in England: tax reliefs and business rates retention,out_of_household_scope,other,2025-26,2025,PSCE in RDEL,Spending Measures (Policy measures database),2025-26,-17232.708902679467,-17232.708902679467,,,,not_available,not_computed,Source head is outside household tax-benefit scope; retained for event accounting.,"The announcement needs a targeted tax-base, entitlement, transaction or programme mechanism not established as an executable reform on the certified household population.","[""The announcement needs a targeted tax-base, entitlement, transaction or programme mechanism not established as an executable reform on the certified household population.""]",[],,,"[""baseline_vintage"",""behavioural_adjustment"",""cy_proxies_fy"",""head_scope"",""population_vintage""]",not_available,[],"[""baseline_vintage"",""behavioural_adjustment"",""cy_proxies_fy"",""head_scope"",""population_vintage""]",,residual_plus_unsized,,no computed counterpart,{}
spring_budget_2024,obr_pmd_nov2025:22411:648199ee0b4ed875,spring_budget_2024__investment_zones_in_england_tax_reliefs_and_business_rates_retention_16868695,Investment Zones in England: tax reliefs and business rates retention,out_of_household_scope,other,2025-26,2025,Scottish BGA (current),Spending Measures (Policy measures database),2025-26,-18435.908195790584,-18435.908195790584,,,,not_available,not_computed,Source head is outside household tax-benefit scope; retained for event accounting.,"The announcement needs a targeted tax-base, entitlement, transaction or programme mechanism not established as an executable reform on the certified household population.","[""The announcement needs a targeted tax-base, entitlement, transaction or programme mechanism not established as an executable reform on the certified household population.""]",[],,,"[""baseline_vintage"",""behavioural_adjustment"",""cy_proxies_fy"",""head_scope"",""population_vintage""]",not_available,[],"[""baseline_vintage"",""behavioural_adjustment"",""cy_proxies_fy"",""head_scope"",""population_vintage""]",,residual_plus_unsized,,no computed counterpart,{}
spring_budget_2024,obr_pmd_nov2025:11240:9911c1fff3b7deb5,spring_budget_2024__investment_zones_in_england_tax_reliefs_and_business_rates_retention_16868695,Investment Zones in England: tax reliefs and business rates retention,not_expressible,other,2025-26,2025,Stamp duty,Tax Measures (Policy measures database),2025-26,-1808372.0,-1808372.0,,,,not_available,not_computed,"The announcement needs a targeted tax-base, entitlement, transaction or programme mechanism not established as an executable reform on the certified household population.","The announcement needs a targeted tax-base, entitlement, transaction or programme mechanism not established as an executable reform on the certified household population.","[""The announcement needs a targeted tax-base, entitlement, transaction or programme mechanism not established as an executable reform on the certified household population.""]",[],,,"[""baseline_vintage"",""behavioural_adjustment"",""cy_proxies_fy"",""head_scope"",""population_vintage""]",not_available,[],"[""baseline_vintage"",""behavioural_adjustment"",""cy_proxies_fy"",""head_scope"",""population_vintage""]",,residual_plus_unsized,,no computed counterpart,{}
spring_budget_2024,obr_pmd_nov2025:11259:ba3b2826638489ac,spring_budget_2024__investment_zones_in_england_tax_reliefs_and_business_rates_retention_16868695,Investment Zones in England: tax reliefs and business rates retention,out_of_household_scope,other,2026-27,2026,Business rates,Tax Measures (Policy measures database),2026-27,-629004.0,-629004.0,,,,not_available,not_computed,Source head is outside household tax-benefit scope; retained for event accounting.,"The announcement needs a targeted tax-base, entitlement, transaction or programme mechanism not established as an executable reform on the certified household population.","[""The announcement needs a targeted tax-base, entitlement, transaction or programme mechanism not established as an executable reform on the certified household population.""]",[],,,"[""baseline_vintage"",""behavioural_adjustment"",""cy_proxies_fy"",""head_scope"",""population_vintage""]",not_available,[],"[""baseline_vintage"",""behavioural_adjustment"",""cy_proxies_fy"",""head_scope"",""population_vintage""]",,residual_plus_unsized,,no computed counterpart,{}
spring_budget_2024,obr_pmd_nov2025:11253:cc8542ec58a7f89a,spring_budget_2024__investment_zones_in_england_tax_reliefs_and_business_rates_retention_16868695,Investment Zones in England: tax reliefs and business rates retention,out_of_household_scope,other,2026-27,2026,Corporation tax (onshore),Tax Measures (Policy measures database),2026-27,-947600.0,-947600.0,,,,not_available,not_computed,Source head is outside household tax-benefit scope; retained for event accounting.,"The announcement needs a targeted tax-base, entitlement, transaction or programme mechanism not established as an executable reform on the certified household population.","[""The announcement needs a targeted tax-base, entitlement, transaction or programme mechanism not established as an executable reform on the certified household population.""]",[],,,"[""baseline_vintage"",""behavioural_adjustment"",""cy_proxies_fy"",""head_scope"",""population_vintage""]",not_available,[],"[""baseline_vintage"",""behavioural_adjustment"",""cy_proxies_fy"",""head_scope"",""population_vintage""]",,residual_plus_unsized,,no computed counterpart,{}
spring_budget_2024,obr_pmd_nov2025:11247:0ef45141b239e877,spring_budget_2024__investment_zones_in_england_tax_reliefs_and_business_rates_retention_16868695,Investment Zones in England: tax reliefs and business rates retention,not_expressible,other,2026-27,2026,Income tax,Tax Measures (Policy measures database),2026-27,3842.7404173863324,3842.7404173863324,,,,not_available,not_computed,"The announcement needs a targeted tax-base, entitlement, transaction or programme mechanism not established as an executable reform on the certified household population.","The announcement needs a targeted tax-base, entitlement, transaction or programme mechanism not established as an executable reform on the certified household population.","[""The announcement needs a targeted tax-base, entitlement, transaction or programme mechanism not established as an executable reform on the certified household population.""]",[],,,"[""baseline_vintage"",""behavioural_adjustment"",""cy_proxies_fy"",""head_scope"",""population_vintage""]",not_available,[],"[""baseline_vintage"",""behavioural_adjustment"",""cy_proxies_fy"",""head_scope"",""population_vintage""]",,residual_plus_unsized,,no computed counterpart,{}
spring_budget_2024,obr_pmd_nov2025:22430:68efce995115261f,spring_budget_2024__investment_zones_in_england_tax_reliefs_and_business_rates_retention_16868695,Investment Zones in England: tax reliefs and business rates retention,out_of_household_scope,other,2026-27,2026,Locally-financed current expenditure,Spending Measures (Policy measures database),2026-27,-41921.05280000003,-41921.05280000003,,,,not_available,not_computed,Source head is outside household tax-benefit scope; retained for event accounting.,"The announcement needs a targeted tax-base, entitlement, transaction or programme mechanism not established as an executable reform on the certified household population.","[""The announcement needs a targeted tax-base, entitlement, transaction or programme mechanism not established as an executable reform on the certified household population.""]",[],,,"[""baseline_vintage"",""behavioural_adjustment"",""cy_proxies_fy"",""head_scope"",""population_vintage""]",not_available,[],"[""baseline_vintage"",""behavioural_adjustment"",""cy_proxies_fy"",""head_scope"",""population_vintage""]",,residual_plus_unsized,,no computed counterpart,{}
spring_budget_2024,obr_pmd_nov2025:11235:35fa328844f4c616,spring_budget_2024__investment_zones_in_england_tax_reliefs_and_business_rates_retention_16868695,Investment Zones in England: tax reliefs and business rates retention,not_expressible,other,2026-27,2026,NICs,Tax Measures (Policy measures database),2026-27,-2113858.0,-2113858.0,,,,not_available,not_computed,"The announcement needs a targeted tax-base, entitlement, transaction or programme mechanism not established as an executable reform on the certified household population.","The announcement needs a targeted tax-base, entitlement, transaction or programme mechanism not established as an executable reform on the certified household population.","[""The announcement needs a targeted tax-base, entitlement, transaction or programme mechanism not established as an executable reform on the certified household population.""]",[],,,"[""baseline_vintage"",""behavioural_adjustment"",""cy_proxies_fy"",""head_scope"",""population_vintage""]",not_available,[],"[""baseline_vintage"",""behavioural_adjustment"",""cy_proxies_fy"",""head_scope"",""population_vintage""]",,residual_plus_unsized,,no computed counterpart,{}
spring_budget_2024,obr_pmd_nov2025:22424:01eaca3e66854bd9,spring_budget_2024__investment_zones_in_england_tax_reliefs_and_business_rates_retention_16868695,Investment Zones in England: tax reliefs and business rates retention,not_expressible,other,2026-27,2026,Other AME (current),Spending Measures (Policy measures database),2026-27,-589250.9471999999,-589250.9471999999,,,,not_available,not_computed,"The announcement needs a targeted tax-base, entitlement, transaction or programme mechanism not established as an executable reform on the certified household population.","The announcement needs a targeted tax-base, entitlement, transaction or programme mechanism not established as an executable reform on the certified household population.","[""The announcement needs a targeted tax-base, entitlement, transaction or programme mechanism not established as an executable reform on the certified household population.""]",[],,,"[""baseline_vintage"",""behavioural_adjustment"",""cy_proxies_fy"",""head_scope"",""population_vintage""]",not_available,[],"[""baseline_vintage"",""behavioural_adjustment"",""cy_proxies_fy"",""head_scope"",""population_vintage""]",,residual_plus_unsized,,no computed counterpart,{}
spring_budget_2024,obr_pmd_nov2025:22418:b116c379adad1e5e,spring_budget_2024__investment_zones_in_england_tax_reliefs_and_business_rates_retention_16868695,Investment Zones in England: tax reliefs and business rates retention,out_of_household_scope,other,2026-27,2026,PSCE in RDEL,Spending Measures (Policy measures database),2026-27,-56884.01946593938,-56884.01946593938,,,,not_available,not_computed,Source head is outside household tax-benefit scope; retained for event accounting.,"The announcement needs a targeted tax-base, entitlement, transaction or programme mechanism not established as an executable reform on the certified household population.","[""The announcement needs a targeted tax-base, entitlement, transaction or programme mechanism not established as an executable reform on the certified household population.""]",[],,,"[""baseline_vintage"",""behavioural_adjustment"",""cy_proxies_fy"",""head_scope"",""population_vintage""]",not_available,[],"[""baseline_vintage"",""behavioural_adjustment"",""cy_proxies_fy"",""head_scope"",""population_vintage""]",,residual_plus_unsized,,no computed counterpart,{}
spring_budget_2024,obr_pmd_nov2025:22412:557b1debda8fb0a1,spring_budget_2024__investment_zones_in_england_tax_reliefs_and_business_rates_retention_16868695,Investment Zones in England: tax reliefs and business rates retention,out_of_household_scope,other,2026-27,2026,Scottish BGA (current),Spending Measures (Policy measures database),2026-27,-60779.46408684726,-60779.46408684726,,,,not_available,not_computed,Source head is outside household tax-benefit scope; retained for event accounting.,"The announcement needs a targeted tax-base, entitlement, transaction or programme mechanism not established as an executable reform on the certified household population.","[""The announcement needs a targeted tax-base, entitlement, transaction or programme mechanism not established as an executable reform on the certified household population.""]",[],,,"[""baseline_vintage"",""behavioural_adjustment"",""cy_proxies_fy"",""head_scope"",""population_vintage""]",not_available,[],"[""baseline_vintage"",""behavioural_adjustment"",""cy_proxies_fy"",""head_scope"",""population_vintage""]",,residual_plus_unsized,,no computed counterpart,{}
spring_budget_2024,obr_pmd_nov2025:11241:17cf28703d8e9634,spring_budget_2024__investment_zones_in_england_tax_reliefs_and_business_rates_retention_16868695,Investment Zones in England: tax reliefs and business rates retention,not_expressible,other,2026-27,2026,Stamp duty,Tax Measures (Policy measures database),2026-27,-1932676.0,-1932676.0,,,,not_available,not_computed,"The announcement needs a targeted tax-base, entitlement, transaction or programme mechanism not established as an executable reform on the certified household population.","The announcement needs a targeted tax-base, entitlement, transaction or programme mechanism not established as an executable reform on the certified household population.","[""The announcement needs a targeted tax-base, entitlement, transaction or programme mechanism not established as an executable reform on the certified household population.""]",[],,,"[""baseline_vintage"",""behavioural_adjustment"",""cy_proxies_fy"",""head_scope"",""population_vintage""]",not_available,[],"[""baseline_vintage"",""behavioural_adjustment"",""cy_proxies_fy"",""head_scope"",""population_vintage""]",,residual_plus_unsized,,no computed counterpart,{}
spring_budget_2024,obr_pmd_nov2025:11260:554b832f3bf0089f,spring_budget_2024__investment_zones_in_england_tax_reliefs_and_business_rates_retention_16868695,Investment Zones in England: tax reliefs and business rates retention,out_of_household_scope,other,2027-28,2027,Business rates,Tax Measures (Policy measures database),2027-28,-1228925.0,-1228925.0,,,,not_available,not_computed,Source head is outside household tax-benefit scope; retained for event accounting.,"The announcement needs a targeted tax-base, entitlement, transaction or programme mechanism not established as an executable reform on the certified household population.","[""The announcement needs a targeted tax-base, entitlement, transaction or programme mechanism not established as an executable reform on the certified household population.""]",[],,,"[""baseline_vintage"",""behavioural_adjustment"",""cy_proxies_fy"",""head_scope"",""population_vintage""]",not_available,[],"[""baseline_vintage"",""behavioural_adjustment"",""cy_proxies_fy"",""head_scope"",""population_vintage""]",,residual_plus_unsized,,no computed counterpart,{}
spring_budget_2024,obr_pmd_nov2025:11254:869d30b8706d15f1,spring_budget_2024__investment_zones_in_england_tax_reliefs_and_business_rates_retention_16868695,Investment Zones in England: tax reliefs and business rates retention,out_of_household_scope,other,2027-28,2027,Corporation tax (onshore),Tax Measures (Policy measures database),2027-28,-972099.9999999999,-972099.9999999999,,,,not_available,not_computed,Source head is outside household tax-benefit scope; retained for event accounting.,"The announcement needs a targeted tax-base, entitlement, transaction or programme mechanism not established as an executable reform on the certified household population.","[""The announcement needs a targeted tax-base, entitlement, transaction or programme mechanism not established as an executable reform on the certified household population.""]",[],,,"[""baseline_vintage"",""behavioural_adjustment"",""cy_proxies_fy"",""head_scope"",""population_vintage""]",not_available,[],"[""baseline_vintage"",""behavioural_adjustment"",""cy_proxies_fy"",""head_scope"",""population_vintage""]",,residual_plus_unsized,,no computed counterpart,{}
spring_budget_2024,obr_pmd_nov2025:11248:8e54a1b18deaf6b0,spring_budget_2024__investment_zones_in_england_tax_reliefs_and_business_rates_retention_16868695,Investment Zones in England: tax reliefs and business rates retention,not_expressible,other,2027-28,2027,Income tax,Tax Measures (Policy measures database),2027-28,11992.360462570565,11992.360462570565,,,,not_available,not_computed,"The announcement needs a targeted tax-base, entitlement, transaction or programme mechanism not established as an executable reform on the certified household population.","The announcement needs a targeted tax-base, entitlement, transaction or programme mechanism not established as an executable reform on the certified household population.","[""The announcement needs a targeted tax-base, entitlement, transaction or programme mechanism not established as an executable reform on the certified household population.""]",[],,,"[""baseline_vintage"",""behavioural_adjustment"",""cy_proxies_fy"",""head_scope"",""population_vintage""]",not_available,[],"[""baseline_vintage"",""behavioural_adjustment"",""cy_proxies_fy"",""head_scope"",""population_vintage""]",,residual_plus_unsized,,no computed counterpart,{}
spring_budget_2024,obr_pmd_nov2025:22431:6bf42f3760b35c67,spring_budget_2024__investment_zones_in_england_tax_reliefs_and_business_rates_retention_16868695,Investment Zones in England: tax reliefs and business rates retention,out_of_household_scope,other,2027-28,2027,Locally-financed current expenditure,Spending Measures (Policy measures database),2027-28,-81905.0600000002,-81905.0600000002,,,,not_available,not_computed,Source head is outside household tax-benefit scope; retained for event accounting.,"The announcement needs a targeted tax-base, entitlement, transaction or programme mechanism not established as an executable reform on the certified household population.","[""The announcement needs a targeted tax-base, entitlement, transaction or programme mechanism not established as an executable reform on the certified household population.""]",[],,,"[""baseline_vintage"",""behavioural_adjustment"",""cy_proxies_fy"",""head_scope"",""population_vintage""]",not_available,[],"[""baseline_vintage"",""behavioural_adjustment"",""cy_proxies_fy"",""head_scope"",""population_vintage""]",,residual_plus_unsized,,no computed counterpart,{}
spring_budget_2024,obr_pmd_nov2025:11236:db9d74fe897d9667,spring_budget_2024__investment_zones_in_england_tax_reliefs_and_business_rates_retention_16868695,Investment Zones in England: tax reliefs and business rates retention,not_expressible,other,2027-28,2027,NICs,Tax Measures (Policy measures database),2027-28,-4669570.999999999,-4669570.999999999,,,,not_available,not_computed,"The announcement needs a targeted tax-base, entitlement, transaction or programme mechanism not established as an executable reform on the certified household population.","The announcement needs a targeted tax-base, entitlement, transaction or programme mechanism not established as an executable reform on the certified household population.","[""The announcement needs a targeted tax-base, entitlement, transaction or programme mechanism not established as an executable reform on the certified household population.""]",[],,,"[""baseline_vintage"",""behavioural_adjustment"",""cy_proxies_fy"",""head_scope"",""population_vintage""]",not_available,[],"[""baseline_vintage"",""behavioural_adjustment"",""cy_proxies_fy"",""head_scope"",""population_vintage""]",,residual_plus_unsized,,no computed counterpart,{}
spring_budget_2024,obr_pmd_nov2025:22425:96d9811199e55119,spring_budget_2024__investment_zones_in_england_tax_reliefs_and_business_rates_retention_16868695,Investment Zones in England: tax reliefs and business rates retention,not_expressible,other,2027-28,2027,Other AME (current),Spending Measures (Policy measures database),2027-28,-1151256.94,-1151256.94,,,,not_available,not_computed,"The announcement needs a targeted tax-base, entitlement, transaction or programme mechanism not established as an executable reform on the certified household population.","The announcement needs a targeted tax-base, entitlement, transaction or programme mechanism not established as an executable reform on the certified household population.","[""The announcement needs a targeted tax-base, entitlement, transaction or programme mechanism not established as an executable reform on the certified household population.""]",[],,,"[""baseline_vintage"",""behavioural_adjustment"",""cy_proxies_fy"",""head_scope"",""population_vintage""]",not_available,[],"[""baseline_vintage"",""behavioural_adjustment"",""cy_proxies_fy"",""head_scope"",""population_vintage""]",,residual_plus_unsized,,no computed counterpart,{}
spring_budget_2024,obr_pmd_nov2025:22419:216aa185a5ac118f,spring_budget_2024__investment_zones_in_england_tax_reliefs_and_business_rates_retention_16868695,Investment Zones in England: tax reliefs and business rates retention,out_of_household_scope,other,2027-28,2027,PSCE in RDEL,Spending Measures (Policy measures database),2027-28,-111076.35337990358,-111076.35337990358,,,,not_available,not_computed,Source head is outside household tax-benefit scope; retained for event accounting.,"The announcement needs a targeted tax-base, entitlement, transaction or programme mechanism not established as an executable reform on the certified household population.","[""The announcement needs a targeted tax-base, entitlement, transaction or programme mechanism not established as an executable reform on the certified household population.""]",[],,,"[""baseline_vintage"",""behavioural_adjustment"",""cy_proxies_fy"",""head_scope"",""population_vintage""]",not_available,[],"[""baseline_vintage"",""behavioural_adjustment"",""cy_proxies_fy"",""head_scope"",""population_vintage""]",,residual_plus_unsized,,no computed counterpart,{}
spring_budget_2024,obr_pmd_nov2025:22413:9aa1b92a9954b08b,spring_budget_2024__investment_zones_in_england_tax_reliefs_and_business_rates_retention_16868695,Investment Zones in England: tax reliefs and business rates retention,out_of_household_scope,other,2027-28,2027,Scottish BGA (current),Spending Measures (Policy measures database),2027-28,-118527.81823368244,-118527.81823368244,,,,not_available,not_computed,Source head is outside household tax-benefit scope; retained for event accounting.,"The announcement needs a targeted tax-base, entitlement, transaction or programme mechanism not established as an executable reform on the certified household population.","[""The announcement needs a targeted tax-base, entitlement, transaction or programme mechanism not established as an executable reform on the certified household population.""]",[],,,"[""baseline_vintage"",""behavioural_adjustment"",""cy_proxies_fy"",""head_scope"",""population_vintage""]",not_available,[],"[""baseline_vintage"",""behavioural_adjustment"",""cy_proxies_fy"",""head_scope"",""population_vintage""]",,residual_plus_unsized,,no computed counterpart,{}
spring_budget_2024,obr_pmd_nov2025:11242:e15196847fb583bb,spring_budget_2024__investment_zones_in_england_tax_reliefs_and_business_rates_retention_16868695,Investment Zones in England: tax reliefs and business rates retention,not_expressible,other,2027-28,2027,Stamp duty,Tax Measures (Policy measures database),2027-28,-2095933.0,-2095933.0,,,,not_available,not_computed,"The announcement needs a targeted tax-base, entitlement, transaction or programme mechanism not established as an executable reform on the certified household population.","The announcement needs a targeted tax-base, entitlement, transaction or programme mechanism not established as an executable reform on the certified household population.","[""The announcement needs a targeted tax-base, entitlement, transaction or programme mechanism not established as an executable reform on the certified household population.""]",[],,,"[""baseline_vintage"",""behavioural_adjustment"",""cy_proxies_fy"",""head_scope"",""population_vintage""]",not_available,[],"[""baseline_vintage"",""behavioural_adjustment"",""cy_proxies_fy"",""head_scope"",""population_vintage""]",,residual_plus_unsized,,no computed counterpart,{}
spring_budget_2024,obr_pmd_nov2025:11261:d14a7bcd435a0f85,spring_budget_2024__investment_zones_in_england_tax_reliefs_and_business_rates_retention_16868695,Investment Zones in England: tax reliefs and business rates retention,out_of_household_scope,other,2028-29,2028,Business rates,Tax Measures (Policy measures database),2028-29,-2054126.9999999998,-2054126.9999999998,,,,not_available,not_computed,Source head is outside household tax-benefit scope; retained for event accounting.,"The announcement needs a targeted tax-base, entitlement, transaction or programme mechanism not established as an executable reform on the certified household population.","[""The announcement needs a targeted tax-base, entitlement, transaction or programme mechanism not established as an executable reform on the certified household population.""]",[],,,"[""baseline_vintage"",""behavioural_adjustment"",""cy_proxies_fy"",""head_scope"",""population_vintage""]",not_available,[],"[""baseline_vintage"",""behavioural_adjustment"",""cy_proxies_fy"",""head_scope"",""population_vintage""]",,residual_plus_unsized,,no computed counterpart,{}
spring_budget_2024,obr_pmd_nov2025:11255:26a73024dada3436,spring_budget_2024__investment_zones_in_england_tax_reliefs_and_business_rates_retention_16868695,Investment Zones in England: tax reliefs and business rates retention,out_of_household_scope,other,2028-29,2028,Corporation tax (onshore),Tax Measures (Policy measures database),2028-29,-897999.9999999999,-897999.9999999999,,,,not_available,not_computed,Source head is outside household tax-benefit scope; retained for event accounting.,"The announcement needs a targeted tax-base, entitlement, transaction or programme mechanism not established as an executable reform on the certified household population.","[""The announcement needs a targeted tax-base, entitlement, transaction or programme mechanism not established as an executable reform on the certified household population.""]",[],,,"[""baseline_vintage"",""behavioural_adjustment"",""cy_proxies_fy"",""head_scope"",""population_vintage""]",not_available,[],"[""baseline_vintage"",""behavioural_adjustment"",""cy_proxies_fy"",""head_scope"",""population_vintage""]",,residual_plus_unsized,,no computed counterpart,{}
spring_budget_2024,obr_pmd_nov2025:11249:51f8b8939dd7d5d9,spring_budget_2024__investment_zones_in_england_tax_reliefs_and_business_rates_retention_16868695,Investment Zones in England: tax reliefs and business rates retention,not_expressible,other,2028-29,2028,Income tax,Tax Measures (Policy measures database),2028-29,21941.854487244924,21941.854487244924,,,,not_available,not_computed,"The announcement needs a targeted tax-base, entitlement, transaction or programme mechanism not established as an executable reform on the certified household population.","The announcement needs a targeted tax-base, entitlement, transaction or programme mechanism not established as an executable reform on the certified household population.","[""The announcement needs a targeted tax-base, entitlement, transaction or programme mechanism not established as an executable reform on the certified household population.""]",[],,,"[""baseline_vintage"",""behavioural_adjustment"",""cy_proxies_fy"",""head_scope"",""population_vintage""]",not_available,[],"[""baseline_vintage"",""behavioural_adjustment"",""cy_proxies_fy"",""head_scope"",""population_vintage""]",,residual_plus_unsized,,no computed counterpart,{}
spring_budget_2024,obr_pmd_nov2025:22432:30197699cd7c7b95,spring_budget_2024__investment_zones_in_england_tax_reliefs_and_business_rates_retention_16868695,Investment Zones in England: tax reliefs and business rates retention,out_of_household_scope,other,2028-29,2028,Locally-financed current expenditure,Spending Measures (Policy measures database),2028-29,-136903.8264000002,-136903.8264000002,,,,not_available,not_computed,Source head is outside household tax-benefit scope; retained for event accounting.,"The announcement needs a targeted tax-base, entitlement, transaction or programme mechanism not established as an executable reform on the certified household population.","[""The announcement needs a targeted tax-base, entitlement, transaction or programme mechanism not established as an executable reform on the certified household population.""]",[],,,"[""baseline_vintage"",""behavioural_adjustment"",""cy_proxies_fy"",""head_scope"",""population_vintage""]",not_available,[],"[""baseline_vintage"",""behavioural_adjustment"",""cy_proxies_fy"",""head_scope"",""population_vintage""]",,residual_plus_unsized,,no computed counterpart,{}
spring_budget_2024,obr_pmd_nov2025:11237:b08a60d45ed8d4b1,spring_budget_2024__investment_zones_in_england_tax_reliefs_and_business_rates_retention_16868695,Investment Zones in England: tax reliefs and business rates retention,not_expressible,other,2028-29,2028,NICs,Tax Measures (Policy measures database),2028-29,-7046589.0,-7046589.0,,,,not_available,not_computed,"The announcement needs a targeted tax-base, entitlement, transaction or programme mechanism not established as an executable reform on the certified household population.","The announcement needs a targeted tax-base, entitlement, transaction or programme mechanism not established as an executable reform on the certified household population.","[""The announcement needs a targeted tax-base, entitlement, transaction or programme mechanism not established as an executable reform on the certified household population.""]",[],,,"[""baseline_vintage"",""behavioural_adjustment"",""cy_proxies_fy"",""head_scope"",""population_vintage""]",not_available,[],"[""baseline_vintage"",""behavioural_adjustment"",""cy_proxies_fy"",""head_scope"",""population_vintage""]",,residual_plus_unsized,,no computed counterpart,{}
spring_budget_2024,obr_pmd_nov2025:22426:2eb882eedb36105b,spring_budget_2024__investment_zones_in_england_tax_reliefs_and_business_rates_retention_16868695,Investment Zones in England: tax reliefs and business rates retention,not_expressible,other,2028-29,2028,Other AME (current),Spending Measures (Policy measures database),2028-29,-1924306.1735999999,-1924306.1735999999,,,,not_available,not_computed,"The announcement needs a targeted tax-base, entitlement, transaction or programme mechanism not established as an executable reform on the certified household population.","The announcement needs a targeted tax-base, entitlement, transaction or programme mechanism not established as an executable reform on the certified household population.","[""The announcement needs a targeted tax-base, entitlement, transaction or programme mechanism not established as an executable reform on the certified household population.""]",[],,,"[""baseline_vintage"",""behavioural_adjustment"",""cy_proxies_fy"",""head_scope"",""population_vintage""]",not_available,[],"[""baseline_vintage"",""behavioural_adjustment"",""cy_proxies_fy"",""head_scope"",""population_vintage""]",,residual_plus_unsized,,no computed counterpart,{}
spring_budget_2024,obr_pmd_nov2025:22420:d8f6deb020613cd6,spring_budget_2024__investment_zones_in_england_tax_reliefs_and_business_rates_retention_16868695,Investment Zones in England: tax reliefs and business rates retention,out_of_household_scope,other,2028-29,2028,PSCE in RDEL,Spending Measures (Policy measures database),2028-29,-185636.37405768366,-185636.37405768366,,,,not_available,not_computed,Source head is outside household tax-benefit scope; retained for event accounting.,"The announcement needs a targeted tax-base, entitlement, transaction or programme mechanism not established as an executable reform on the certified household population.","[""The announcement needs a targeted tax-base, entitlement, transaction or programme mechanism not established as an executable reform on the certified household population.""]",[],,,"[""baseline_vintage"",""behavioural_adjustment"",""cy_proxies_fy"",""head_scope"",""population_vintage""]",not_available,[],"[""baseline_vintage"",""behavioural_adjustment"",""cy_proxies_fy"",""head_scope"",""population_vintage""]",,residual_plus_unsized,,no computed counterpart,{}
spring_budget_2024,obr_pmd_nov2025:22414:1308c709dc4f5b46,spring_budget_2024__investment_zones_in_england_tax_reliefs_and_business_rates_retention_16868695,Investment Zones in England: tax reliefs and business rates retention,out_of_household_scope,other,2028-29,2028,Scottish BGA (current),Spending Measures (Policy measures database),2028-29,-198021.37126181758,-198021.37126181758,,,,not_available,not_computed,Source head is outside household tax-benefit scope; retained for event accounting.,"The announcement needs a targeted tax-base, entitlement, transaction or programme mechanism not established as an executable reform on the certified household population.","[""The announcement needs a targeted tax-base, entitlement, transaction or programme mechanism not established as an executable reform on the certified household population.""]",[],,,"[""baseline_vintage"",""behavioural_adjustment"",""cy_proxies_fy"",""head_scope"",""population_vintage""]",not_available,[],"[""baseline_vintage"",""behavioural_adjustment"",""cy_proxies_fy"",""head_scope"",""population_vintage""]",,residual_plus_unsized,,no computed counterpart,{}
spring_budget_2024,obr_pmd_nov2025:11243:5c93147b154e9ca0,spring_budget_2024__investment_zones_in_england_tax_reliefs_and_business_rates_retention_16868695,Investment Zones in England: tax reliefs and business rates retention,not_expressible,other,2028-29,2028,Stamp duty,Tax Measures (Policy measures database),2028-29,-2238606.0,-2238606.0,,,,not_available,not_computed,"The announcement needs a targeted tax-base, entitlement, transaction or programme mechanism not established as an executable reform on the certified household population.","The announcement needs a targeted tax-base, entitlement, transaction or programme mechanism not established as an executable reform on the certified household population.","[""The announcement needs a targeted tax-base, entitlement, transaction or programme mechanism not established as an executable reform on the certified household population.""]",[],,,"[""baseline_vintage"",""behavioural_adjustment"",""cy_proxies_fy"",""head_scope"",""population_vintage""]",not_available,[],"[""baseline_vintage"",""behavioural_adjustment"",""cy_proxies_fy"",""head_scope"",""population_vintage""]",,residual_plus_unsized,,no computed counterpart,{}
spring_budget_2024,obr_pmd_nov2025:11130:1fb1c059cd23a4d3,spring_budget_2024__landfill_tax_rpi_adjustment_to_2025_26_rates_c54976c2,Landfill tax: RPI adjustment to 2025-26 rates,out_of_household_scope,scope,2023-24,2023,Landfill tax,Tax Measures (Policy measures database),2023-24,0.0,0.0,,,,not_available,not_computed,Source head is outside household tax-benefit scope; retained for event accounting.,"Business, departmental, local-authority, financing or block-grant accounts; no household tax/benefit counterpart for these source heads.","[""Business, departmental, local-authority, financing or block-grant accounts; no household tax/benefit counterpart for these source heads.""]",[],,,"[""baseline_vintage"",""behavioural_adjustment"",""cy_proxies_fy"",""head_scope"",""population_vintage""]",not_available,[],"[""baseline_vintage"",""behavioural_adjustment"",""cy_proxies_fy"",""head_scope"",""population_vintage""]",,residual_plus_unsized,,no computed counterpart,{}
spring_budget_2024,obr_pmd_nov2025:11131:05f9386a23e37345,spring_budget_2024__landfill_tax_rpi_adjustment_to_2025_26_rates_c54976c2,Landfill tax: RPI adjustment to 2025-26 rates,out_of_household_scope,scope,2024-25,2024,Landfill tax,Tax Measures (Policy measures database),2024-25,0.0,0.0,,,,not_available,not_computed,Source head is outside household tax-benefit scope; retained for event accounting.,"Business, departmental, local-authority, financing or block-grant accounts; no household tax/benefit counterpart for these source heads.","[""Business, departmental, local-authority, financing or block-grant accounts; no household tax/benefit counterpart for these source heads.""]",[],,,"[""baseline_vintage"",""behavioural_adjustment"",""cy_proxies_fy"",""head_scope"",""population_vintage""]",not_available,[],"[""baseline_vintage"",""behavioural_adjustment"",""cy_proxies_fy"",""head_scope"",""population_vintage""]",,residual_plus_unsized,,no computed counterpart,{}
spring_budget_2024,obr_pmd_nov2025:11132:eb40f08e9c774499,spring_budget_2024__landfill_tax_rpi_adjustment_to_2025_26_rates_c54976c2,Landfill tax: RPI adjustment to 2025-26 rates,out_of_household_scope,scope,2025-26,2025,Landfill tax,Tax Measures (Policy measures database),2025-26,51946467.06709955,51946467.06709955,,,,not_available,not_computed,Source head is outside household tax-benefit scope; retained for event accounting.,"Business, departmental, local-authority, financing or block-grant accounts; no household tax/benefit counterpart for these source heads.","[""Business, departmental, local-authority, financing or block-grant accounts; no household tax/benefit counterpart for these source heads.""]",[],,,"[""baseline_vintage"",""behavioural_adjustment"",""cy_proxies_fy"",""head_scope"",""population_vintage""]",not_available,[],"[""baseline_vintage"",""behavioural_adjustment"",""cy_proxies_fy"",""head_scope"",""population_vintage""]",,residual_plus_unsized,,no computed counterpart,{}
spring_budget_2024,obr_pmd_nov2025:11133:1f8bd8c244b9a13f,spring_budget_2024__landfill_tax_rpi_adjustment_to_2025_26_rates_c54976c2,Landfill tax: RPI adjustment to 2025-26 rates,out_of_household_scope,scope,2026-27,2026,Landfill tax,Tax Measures (Policy measures database),2026-27,48802244.207358286,48802244.207358286,,,,not_available,not_computed,Source head is outside household tax-benefit scope; retained for event accounting.,"Business, departmental, local-authority, financing or block-grant accounts; no household tax/benefit counterpart for these source heads.","[""Business, departmental, local-authority, financing or block-grant accounts; no household tax/benefit counterpart for these source heads.""]",[],,,"[""baseline_vintage"",""behavioural_adjustment"",""cy_proxies_fy"",""head_scope"",""population_vintage""]",not_available,[],"[""baseline_vintage"",""behavioural_adjustment"",""cy_proxies_fy"",""head_scope"",""population_vintage""]",,residual_plus_unsized,,no computed counterpart,{}
spring_budget_2024,obr_pmd_nov2025:11134:fc234661c49985af,spring_budget_2024__landfill_tax_rpi_adjustment_to_2025_26_rates_c54976c2,Landfill tax: RPI adjustment to 2025-26 rates,out_of_household_scope,scope,2027-28,2027,Landfill tax,Tax Measures (Policy measures database),2027-28,48861236.891644634,48861236.891644634,,,,not_available,not_computed,Source head is outside household tax-benefit scope; retained for event accounting.,"Business, departmental, local-authority, financing or block-grant accounts; no household tax/benefit counterpart for these source heads.","[""Business, departmental, local-authority, financing or block-grant accounts; no household tax/benefit counterpart for these source heads.""]",[],,,"[""baseline_vintage"",""behavioural_adjustment"",""cy_proxies_fy"",""head_scope"",""population_vintage""]",not_available,[],"[""baseline_vintage"",""behavioural_adjustment"",""cy_proxies_fy"",""head_scope"",""population_vintage""]",,residual_plus_unsized,,no computed counterpart,{}
spring_budget_2024,obr_pmd_nov2025:11135:f843817473a4d0cb,spring_budget_2024__landfill_tax_rpi_adjustment_to_2025_26_rates_c54976c2,Landfill tax: RPI adjustment to 2025-26 rates,out_of_household_scope,scope,2028-29,2028,Landfill tax,Tax Measures (Policy measures database),2028-29,47177651.36518926,47177651.36518926,,,,not_available,not_computed,Source head is outside household tax-benefit scope; retained for event accounting.,"Business, departmental, local-authority, financing or block-grant accounts; no household tax/benefit counterpart for these source heads.","[""Business, departmental, local-authority, financing or block-grant accounts; no household tax/benefit counterpart for these source heads.""]",[],,,"[""baseline_vintage"",""behavioural_adjustment"",""cy_proxies_fy"",""head_scope"",""population_vintage""]",not_available,[],"[""baseline_vintage"",""behavioural_adjustment"",""cy_proxies_fy"",""head_scope"",""population_vintage""]",,residual_plus_unsized,,no computed counterpart,{}
spring_budget_2024,obr_pmd_nov2025:11070:bf2273a5c82dc519,spring_budget_2024__multiple_dwellings_relief_abolish_from_1_june_2024_65aecdc4,Multiple Dwellings Relief: abolish from 1 June 2024,not_expressible,other,2023-24,2023,Capital gains tax,Tax Measures (Policy measures database),2023-24,0.0,0.0,,,,not_available,not_computed,"The announcement needs a targeted tax-base, entitlement, transaction or programme mechanism not established as an executable reform on the certified household population.","The announcement needs a targeted tax-base, entitlement, transaction or programme mechanism not established as an executable reform on the certified household population.","[""The announcement needs a targeted tax-base, entitlement, transaction or programme mechanism not established as an executable reform on the certified household population.""]",[],,,"[""baseline_vintage"",""behavioural_adjustment"",""cy_proxies_fy"",""head_scope"",""population_vintage""]",not_available,[],"[""baseline_vintage"",""behavioural_adjustment"",""cy_proxies_fy"",""head_scope"",""population_vintage""]",,residual_plus_unsized,,no computed counterpart,{}
spring_budget_2024,obr_pmd_nov2025:11076:afae952b2a43da5c,spring_budget_2024__multiple_dwellings_relief_abolish_from_1_june_2024_65aecdc4,Multiple Dwellings Relief: abolish from 1 June 2024,not_expressible,other,2023-24,2023,Inheritance tax,Tax Measures (Policy measures database),2023-24,0.0,0.0,,,,not_available,not_computed,"The announcement needs a targeted tax-base, entitlement, transaction or programme mechanism not established as an executable reform on the certified household population.","The announcement needs a targeted tax-base, entitlement, transaction or programme mechanism not established as an executable reform on the certified household population.","[""The announcement needs a targeted tax-base, entitlement, transaction or programme mechanism not established as an executable reform on the certified household population.""]",[],,,"[""baseline_vintage"",""behavioural_adjustment"",""cy_proxies_fy"",""head_scope"",""population_vintage""]",not_available,[],"[""baseline_vintage"",""behavioural_adjustment"",""cy_proxies_fy"",""head_scope"",""population_vintage""]",,residual_plus_unsized,,no computed counterpart,{}
spring_budget_2024,obr_pmd_nov2025:22319:2e2d0847d3d1f168,spring_budget_2024__multiple_dwellings_relief_abolish_from_1_june_2024_65aecdc4,Multiple Dwellings Relief: abolish from 1 June 2024,out_of_household_scope,other,2023-24,2023,PSCE in RDEL,Spending Measures (Policy measures database),2023-24,0.0,0.0,,,,not_available,not_computed,Source head is outside household tax-benefit scope; retained for event accounting.,"The announcement needs a targeted tax-base, entitlement, transaction or programme mechanism not established as an executable reform on the certified household population.","[""The announcement needs a targeted tax-base, entitlement, transaction or programme mechanism not established as an executable reform on the certified household population.""]",[],,,"[""baseline_vintage"",""behavioural_adjustment"",""cy_proxies_fy"",""head_scope"",""population_vintage""]",not_available,[],"[""baseline_vintage"",""behavioural_adjustment"",""cy_proxies_fy"",""head_scope"",""population_vintage""]",,residual_plus_unsized,,no computed counterpart,{}
spring_budget_2024,obr_pmd_nov2025:22313:d1742c9cc1fa4377,spring_budget_2024__multiple_dwellings_relief_abolish_from_1_june_2024_65aecdc4,Multiple Dwellings Relief: abolish from 1 June 2024,out_of_household_scope,other,2023-24,2023,Scottish BGA (current),Spending Measures (Policy measures database),2023-24,0.0,0.0,,,,not_available,not_computed,Source head is outside household tax-benefit scope; retained for event accounting.,"The announcement needs a targeted tax-base, entitlement, transaction or programme mechanism not established as an executable reform on the certified household population.","[""The announcement needs a targeted tax-base, entitlement, transaction or programme mechanism not established as an executable reform on the certified household population.""]",[],,,"[""baseline_vintage"",""behavioural_adjustment"",""cy_proxies_fy"",""head_scope"",""population_vintage""]",not_available,[],"[""baseline_vintage"",""behavioural_adjustment"",""cy_proxies_fy"",""head_scope"",""population_vintage""]",,residual_plus_unsized,,no computed counterpart,{}
spring_budget_2024,obr_pmd_nov2025:11064:ee290f585c6c271e,spring_budget_2024__multiple_dwellings_relief_abolish_from_1_june_2024_65aecdc4,Multiple Dwellings Relief: abolish from 1 June 2024,not_expressible,other,2023-24,2023,Stamp duty,Tax Measures (Policy measures database),2023-24,0.0,0.0,,,,not_available,not_computed,"The announcement needs a targeted tax-base, entitlement, transaction or programme mechanism not established as an executable reform on the certified household population.","The announcement needs a targeted tax-base, entitlement, transaction or programme mechanism not established as an executable reform on the certified household population.","[""The announcement needs a targeted tax-base, entitlement, transaction or programme mechanism not established as an executable reform on the certified household population.""]",[],,,"[""baseline_vintage"",""behavioural_adjustment"",""cy_proxies_fy"",""head_scope"",""population_vintage""]",not_available,[],"[""baseline_vintage"",""behavioural_adjustment"",""cy_proxies_fy"",""head_scope"",""population_vintage""]",,residual_plus_unsized,,no computed counterpart,{}
spring_budget_2024,obr_pmd_nov2025:11071:83634a111447f307,spring_budget_2024__multiple_dwellings_relief_abolish_from_1_june_2024_65aecdc4,Multiple Dwellings Relief: abolish from 1 June 2024,not_expressible,other,2024-25,2024,Capital gains tax,Tax Measures (Policy measures database),2024-25,-11021671.170523653,-11021671.170523653,,,,not_available,not_computed,"The announcement needs a targeted tax-base, entitlement, transaction or programme mechanism not established as an executable reform on the certified household population.","The announcement needs a targeted tax-base, entitlement, transaction or programme mechanism not established as an executable reform on the certified household population.","[""The announcement needs a targeted tax-base, entitlement, transaction or programme mechanism not established as an executable reform on the certified household population.""]",[],,,"[""baseline_vintage"",""behavioural_adjustment"",""cy_proxies_fy"",""head_scope"",""population_vintage""]",not_available,[],"[""baseline_vintage"",""behavioural_adjustment"",""cy_proxies_fy"",""head_scope"",""population_vintage""]",,residual_plus_unsized,,no computed counterpart,{}
spring_budget_2024,obr_pmd_nov2025:11077:f8ab5804adafb93d,spring_budget_2024__multiple_dwellings_relief_abolish_from_1_june_2024_65aecdc4,Multiple Dwellings Relief: abolish from 1 June 2024,not_expressible,other,2024-25,2024,Inheritance tax,Tax Measures (Policy measures database),2024-25,-5704083.495429556,-5704083.495429556,,,,not_available,not_computed,"The announcement needs a targeted tax-base, entitlement, transaction or programme mechanism not established as an executable reform on the certified household population.","The announcement needs a targeted tax-base, entitlement, transaction or programme mechanism not established as an executable reform on the certified household population.","[""The announcement needs a targeted tax-base, entitlement, transaction or programme mechanism not established as an executable reform on the certified household population.""]",[],,,"[""baseline_vintage"",""behavioural_adjustment"",""cy_proxies_fy"",""head_scope"",""population_vintage""]",not_available,[],"[""baseline_vintage"",""behavioural_adjustment"",""cy_proxies_fy"",""head_scope"",""population_vintage""]",,residual_plus_unsized,,no computed counterpart,{}
spring_budget_2024,obr_pmd_nov2025:22320:6862771528242ab6,spring_budget_2024__multiple_dwellings_relief_abolish_from_1_june_2024_65aecdc4,Multiple Dwellings Relief: abolish from 1 June 2024,out_of_household_scope,other,2024-25,2024,PSCE in RDEL,Spending Measures (Policy measures database),2024-25,1612345.3643043276,1612345.3643043276,,,,not_available,not_computed,Source head is outside household tax-benefit scope; retained for event accounting.,"The announcement needs a targeted tax-base, entitlement, transaction or programme mechanism not established as an executable reform on the certified household population.","[""The announcement needs a targeted tax-base, entitlement, transaction or programme mechanism not established as an executable reform on the certified household population.""]",[],,,"[""baseline_vintage"",""behavioural_adjustment"",""cy_proxies_fy"",""head_scope"",""population_vintage""]",not_available,[],"[""baseline_vintage"",""behavioural_adjustment"",""cy_proxies_fy"",""head_scope"",""population_vintage""]",,residual_plus_unsized,,no computed counterpart,{}
spring_budget_2024,obr_pmd_nov2025:22314:5b480977cc61779f,spring_budget_2024__multiple_dwellings_relief_abolish_from_1_june_2024_65aecdc4,Multiple Dwellings Relief: abolish from 1 June 2024,out_of_household_scope,other,2024-25,2024,Scottish BGA (current),Spending Measures (Policy measures database),2024-25,3678226.1719029415,3678226.1719029415,,,,not_available,not_computed,Source head is outside household tax-benefit scope; retained for event accounting.,"The announcement needs a targeted tax-base, entitlement, transaction or programme mechanism not established as an executable reform on the certified household population.","[""The announcement needs a targeted tax-base, entitlement, transaction or programme mechanism not established as an executable reform on the certified household population.""]",[],,,"[""baseline_vintage"",""behavioural_adjustment"",""cy_proxies_fy"",""head_scope"",""population_vintage""]",not_available,[],"[""baseline_vintage"",""behavioural_adjustment"",""cy_proxies_fy"",""head_scope"",""population_vintage""]",,residual_plus_unsized,,no computed counterpart,{}
spring_budget_2024,obr_pmd_nov2025:11065:750dda10d7c57737,spring_budget_2024__multiple_dwellings_relief_abolish_from_1_june_2024_65aecdc4,Multiple Dwellings Relief: abolish from 1 June 2024,not_expressible,other,2024-25,2024,Stamp duty,Tax Measures (Policy measures database),2024-25,79549352.01765534,79549352.01765534,,,,not_available,not_computed,"The announcement needs a targeted tax-base, entitlement, transaction or programme mechanism not established as an executable reform on the certified household population.","The announcement needs a targeted tax-base, entitlement, transaction or programme mechanism not established as an executable reform on the certified household population.","[""The announcement needs a targeted tax-base, entitlement, transaction or programme mechanism not established as an executable reform on the certified household population.""]",[],,,"[""baseline_vintage"",""behavioural_adjustment"",""cy_proxies_fy"",""head_scope"",""population_vintage""]",not_available,[],"[""baseline_vintage"",""behavioural_adjustment"",""cy_proxies_fy"",""head_scope"",""population_vintage""]",,residual_plus_unsized,,no computed counterpart,{}
spring_budget_2024,obr_pmd_nov2025:11072:290178b585115749,spring_budget_2024__multiple_dwellings_relief_abolish_from_1_june_2024_65aecdc4,Multiple Dwellings Relief: abolish from 1 June 2024,not_expressible,other,2025-26,2025,Capital gains tax,Tax Measures (Policy measures database),2025-26,-12043230.297331864,-12043230.297331864,,,,not_available,not_computed,"The announcement needs a targeted tax-base, entitlement, transaction or programme mechanism not established as an executable reform on the certified household population.","The announcement needs a targeted tax-base, entitlement, transaction or programme mechanism not established as an executable reform on the certified household population.","[""The announcement needs a targeted tax-base, entitlement, transaction or programme mechanism not established as an executable reform on the certified household population.""]",[],,,"[""baseline_vintage"",""behavioural_adjustment"",""cy_proxies_fy"",""head_scope"",""population_vintage""]",not_available,[],"[""baseline_vintage"",""behavioural_adjustment"",""cy_proxies_fy"",""head_scope"",""population_vintage""]",,residual_plus_unsized,,no computed counterpart,{}
spring_budget_2024,obr_pmd_nov2025:11078:684bc44efab4a3c9,spring_budget_2024__multiple_dwellings_relief_abolish_from_1_june_2024_65aecdc4,Multiple Dwellings Relief: abolish from 1 June 2024,not_expressible,other,2025-26,2025,Inheritance tax,Tax Measures (Policy measures database),2025-26,-8261401.206731709,-8261401.206731709,,,,not_available,not_computed,"The announcement needs a targeted tax-base, entitlement, transaction or programme mechanism not established as an executable reform on the certified household population.","The announcement needs a targeted tax-base, entitlement, transaction or programme mechanism not established as an executable reform on the certified household population.","[""The announcement needs a targeted tax-base, entitlement, transaction or programme mechanism not established as an executable reform on the certified household population.""]",[],,,"[""baseline_vintage"",""behavioural_adjustment"",""cy_proxies_fy"",""head_scope"",""population_vintage""]",not_available,[],"[""baseline_vintage"",""behavioural_adjustment"",""cy_proxies_fy"",""head_scope"",""population_vintage""]",,residual_plus_unsized,,no computed counterpart,{}
spring_budget_2024,obr_pmd_nov2025:22321:728edda2f332f067,spring_budget_2024__multiple_dwellings_relief_abolish_from_1_june_2024_65aecdc4,Multiple Dwellings Relief: abolish from 1 June 2024,out_of_household_scope,other,2025-26,2025,PSCE in RDEL,Spending Measures (Policy measures database),2025-26,4601490.812978101,4601490.812978101,,,,not_available,not_computed,Source head is outside household tax-benefit scope; retained for event accounting.,"The announcement needs a targeted tax-base, entitlement, transaction or programme mechanism not established as an executable reform on the certified household population.","[""The announcement needs a targeted tax-base, entitlement, transaction or programme mechanism not established as an executable reform on the certified household population.""]",[],,,"[""baseline_vintage"",""behavioural_adjustment"",""cy_proxies_fy"",""head_scope"",""population_vintage""]",not_available,[],"[""baseline_vintage"",""behavioural_adjustment"",""cy_proxies_fy"",""head_scope"",""population_vintage""]",,residual_plus_unsized,,no computed counterpart,{}
spring_budget_2024,obr_pmd_nov2025:22315:616dfae974dbdea3,spring_budget_2024__multiple_dwellings_relief_abolish_from_1_june_2024_65aecdc4,Multiple Dwellings Relief: abolish from 1 June 2024,out_of_household_scope,other,2025-26,2025,Scottish BGA (current),Spending Measures (Policy measures database),2025-26,10535693.911086677,10535693.911086677,,,,not_available,not_computed,Source head is outside household tax-benefit scope; retained for event accounting.,"The announcement needs a targeted tax-base, entitlement, transaction or programme mechanism not established as an executable reform on the certified household population.","[""The announcement needs a targeted tax-base, entitlement, transaction or programme mechanism not established as an executable reform on the certified household population.""]",[],,,"[""baseline_vintage"",""behavioural_adjustment"",""cy_proxies_fy"",""head_scope"",""population_vintage""]",not_available,[],"[""baseline_vintage"",""behavioural_adjustment"",""cy_proxies_fy"",""head_scope"",""population_vintage""]",,residual_plus_unsized,,no computed counterpart,{}
spring_budget_2024,obr_pmd_nov2025:11066:16a165e77be1f3a7,spring_budget_2024__multiple_dwellings_relief_abolish_from_1_june_2024_65aecdc4,Multiple Dwellings Relief: abolish from 1 June 2024,not_expressible,other,2025-26,2025,Stamp duty,Tax Measures (Policy measures database),2025-26,227260355.51153153,227260355.51153153,,,,not_available,not_computed,"The announcement needs a targeted tax-base, entitlement, transaction or programme mechanism not established as an executable reform on the certified household population.","The announcement needs a targeted tax-base, entitlement, transaction or programme mechanism not established as an executable reform on the certified household population.","[""The announcement needs a targeted tax-base, entitlement, transaction or programme mechanism not established as an executable reform on the certified household population.""]",[],,,"[""baseline_vintage"",""behavioural_adjustment"",""cy_proxies_fy"",""head_scope"",""population_vintage""]",not_available,[],"[""baseline_vintage"",""behavioural_adjustment"",""cy_proxies_fy"",""head_scope"",""population_vintage""]",,residual_plus_unsized,,no computed counterpart,{}
spring_budget_2024,obr_pmd_nov2025:11073:d531a564fdfeed32,spring_budget_2024__multiple_dwellings_relief_abolish_from_1_june_2024_65aecdc4,Multiple Dwellings Relief: abolish from 1 June 2024,not_expressible,other,2026-27,2026,Capital gains tax,Tax Measures (Policy measures database),2026-27,-13430783.7739121,-13430783.7739121,,,,not_available,not_computed,"The announcement needs a targeted tax-base, entitlement, transaction or programme mechanism not established as an executable reform on the certified household population.","The announcement needs a targeted tax-base, entitlement, transaction or programme mechanism not established as an executable reform on the certified household population.","[""The announcement needs a targeted tax-base, entitlement, transaction or programme mechanism not established as an executable reform on the certified household population.""]",[],,,"[""baseline_vintage"",""behavioural_adjustment"",""cy_proxies_fy"",""head_scope"",""population_vintage""]",not_available,[],"[""baseline_vintage"",""behavioural_adjustment"",""cy_proxies_fy"",""head_scope"",""population_vintage""]",,residual_plus_unsized,,no computed counterpart,{}
spring_budget_2024,obr_pmd_nov2025:11079:db75bfdb669c706e,spring_budget_2024__multiple_dwellings_relief_abolish_from_1_june_2024_65aecdc4,Multiple Dwellings Relief: abolish from 1 June 2024,not_expressible,other,2026-27,2026,Inheritance tax,Tax Measures (Policy measures database),2026-27,-9048274.97669341,-9048274.97669341,,,,not_available,not_computed,"The announcement needs a targeted tax-base, entitlement, transaction or programme mechanism not established as an executable reform on the certified household population.","The announcement needs a targeted tax-base, entitlement, transaction or programme mechanism not established as an executable reform on the certified household population.","[""The announcement needs a targeted tax-base, entitlement, transaction or programme mechanism not established as an executable reform on the certified household population.""]",[],,,"[""baseline_vintage"",""behavioural_adjustment"",""cy_proxies_fy"",""head_scope"",""population_vintage""]",not_available,[],"[""baseline_vintage"",""behavioural_adjustment"",""cy_proxies_fy"",""head_scope"",""population_vintage""]",,residual_plus_unsized,,no computed counterpart,{}
spring_budget_2024,obr_pmd_nov2025:22322:e64e1a901c2e03a2,spring_budget_2024__multiple_dwellings_relief_abolish_from_1_june_2024_65aecdc4,Multiple Dwellings Relief: abolish from 1 June 2024,out_of_household_scope,other,2026-27,2026,PSCE in RDEL,Spending Measures (Policy measures database),2026-27,6117488.0630060565,6117488.0630060565,,,,not_available,not_computed,Source head is outside household tax-benefit scope; retained for event accounting.,"The announcement needs a targeted tax-base, entitlement, transaction or programme mechanism not established as an executable reform on the certified household population.","[""The announcement needs a targeted tax-base, entitlement, transaction or programme mechanism not established as an executable reform on the certified household population.""]",[],,,"[""baseline_vintage"",""behavioural_adjustment"",""cy_proxies_fy"",""head_scope"",""population_vintage""]",not_available,[],"[""baseline_vintage"",""behavioural_adjustment"",""cy_proxies_fy"",""head_scope"",""population_vintage""]",,residual_plus_unsized,,no computed counterpart,{}
spring_budget_2024,obr_pmd_nov2025:22316:511b050e7f4b8872,spring_budget_2024__multiple_dwellings_relief_abolish_from_1_june_2024_65aecdc4,Multiple Dwellings Relief: abolish from 1 June 2024,out_of_household_scope,other,2026-27,2026,Scottish BGA (current),Spending Measures (Policy measures database),2026-27,14054860.941276753,14054860.941276753,,,,not_available,not_computed,Source head is outside household tax-benefit scope; retained for event accounting.,"The announcement needs a targeted tax-base, entitlement, transaction or programme mechanism not established as an executable reform on the certified household population.","[""The announcement needs a targeted tax-base, entitlement, transaction or programme mechanism not established as an executable reform on the certified household population.""]",[],,,"[""baseline_vintage"",""behavioural_adjustment"",""cy_proxies_fy"",""head_scope"",""population_vintage""]",not_available,[],"[""baseline_vintage"",""behavioural_adjustment"",""cy_proxies_fy"",""head_scope"",""population_vintage""]",,residual_plus_unsized,,no computed counterpart,{}
spring_budget_2024,obr_pmd_nov2025:11067:5f87f7ebad17d832,spring_budget_2024__multiple_dwellings_relief_abolish_from_1_june_2024_65aecdc4,Multiple Dwellings Relief: abolish from 1 June 2024,not_expressible,other,2026-27,2026,Stamp duty,Tax Measures (Policy measures database),2026-27,302377457.36695015,302377457.36695015,,,,not_available,not_computed,"The announcement needs a targeted tax-base, entitlement, transaction or programme mechanism not established as an executable reform on the certified household population.","The announcement needs a targeted tax-base, entitlement, transaction or programme mechanism not established as an executable reform on the certified household population.","[""The announcement needs a targeted tax-base, entitlement, transaction or programme mechanism not established as an executable reform on the certified household population.""]",[],,,"[""baseline_vintage"",""behavioural_adjustment"",""cy_proxies_fy"",""head_scope"",""population_vintage""]",not_available,[],"[""baseline_vintage"",""behavioural_adjustment"",""cy_proxies_fy"",""head_scope"",""population_vintage""]",,residual_plus_unsized,,no computed counterpart,{}
spring_budget_2024,obr_pmd_nov2025:11074:0aa1abe3ca403425,spring_budget_2024__multiple_dwellings_relief_abolish_from_1_june_2024_65aecdc4,Multiple Dwellings Relief: abolish from 1 June 2024,not_expressible,other,2027-28,2027,Capital gains tax,Tax Measures (Policy measures database),2027-28,-13421397.088178964,-13421397.088178964,,,,not_available,not_computed,"The announcement needs a targeted tax-base, entitlement, transaction or programme mechanism not established as an executable reform on the certified household population.","The announcement needs a targeted tax-base, entitlement, transaction or programme mechanism not established as an executable reform on the certified household population.","[""The announcement needs a targeted tax-base, entitlement, transaction or programme mechanism not established as an executable reform on the certified household population.""]",[],,,"[""baseline_vintage"",""behavioural_adjustment"",""cy_proxies_fy"",""head_scope"",""population_vintage""]",not_available,[],"[""baseline_vintage"",""behavioural_adjustment"",""cy_proxies_fy"",""head_scope"",""population_vintage""]",,residual_plus_unsized,,no computed counterpart,{}
spring_budget_2024,obr_pmd_nov2025:11080:ddbffa4160d19dbe,spring_budget_2024__multiple_dwellings_relief_abolish_from_1_june_2024_65aecdc4,Multiple Dwellings Relief: abolish from 1 June 2024,not_expressible,other,2027-28,2027,Inheritance tax,Tax Measures (Policy measures database),2027-28,-9584501.158332707,-9584501.158332707,,,,not_available,not_computed,"The announcement needs a targeted tax-base, entitlement, transaction or programme mechanism not established as an executable reform on the certified household population.","The announcement needs a targeted tax-base, entitlement, transaction or programme mechanism not established as an executable reform on the certified household population.","[""The announcement needs a targeted tax-base, entitlement, transaction or programme mechanism not established as an executable reform on the certified household population.""]",[],,,"[""baseline_vintage"",""behavioural_adjustment"",""cy_proxies_fy"",""head_scope"",""population_vintage""]",not_available,[],"[""baseline_vintage"",""behavioural_adjustment"",""cy_proxies_fy"",""head_scope"",""population_vintage""]",,residual_plus_unsized,,no computed counterpart,{}
spring_budget_2024,obr_pmd_nov2025:22323:7ff46007c034d4c8,spring_budget_2024__multiple_dwellings_relief_abolish_from_1_june_2024_65aecdc4,Multiple Dwellings Relief: abolish from 1 June 2024,out_of_household_scope,other,2027-28,2027,PSCE in RDEL,Spending Measures (Policy measures database),2027-28,6898081.4977983115,6898081.4977983115,,,,not_available,not_computed,Source head is outside household tax-benefit scope; retained for event accounting.,"The announcement needs a targeted tax-base, entitlement, transaction or programme mechanism not established as an executable reform on the certified household population.","[""The announcement needs a targeted tax-base, entitlement, transaction or programme mechanism not established as an executable reform on the certified household population.""]",[],,,"[""baseline_vintage"",""behavioural_adjustment"",""cy_proxies_fy"",""head_scope"",""population_vintage""]",not_available,[],"[""baseline_vintage"",""behavioural_adjustment"",""cy_proxies_fy"",""head_scope"",""population_vintage""]",,residual_plus_unsized,,no computed counterpart,{}
spring_budget_2024,obr_pmd_nov2025:22317:2c68ded941e2671a,spring_budget_2024__multiple_dwellings_relief_abolish_from_1_june_2024_65aecdc4,Multiple Dwellings Relief: abolish from 1 June 2024,out_of_household_scope,other,2027-28,2027,Scottish BGA (current),Spending Measures (Policy measures database),2027-28,15901991.988475602,15901991.988475602,,,,not_available,not_computed,Source head is outside household tax-benefit scope; retained for event accounting.,"The announcement needs a targeted tax-base, entitlement, transaction or programme mechanism not established as an executable reform on the certified household population.","[""The announcement needs a targeted tax-base, entitlement, transaction or programme mechanism not established as an executable reform on the certified household population.""]",[],,,"[""baseline_vintage"",""behavioural_adjustment"",""cy_proxies_fy"",""head_scope"",""population_vintage""]",not_available,[],"[""baseline_vintage"",""behavioural_adjustment"",""cy_proxies_fy"",""head_scope"",""population_vintage""]",,residual_plus_unsized,,no computed counterpart,{}
spring_budget_2024,obr_pmd_nov2025:11068:c288ba05ef4dd79e,spring_budget_2024__multiple_dwellings_relief_abolish_from_1_june_2024_65aecdc4,Multiple Dwellings Relief: abolish from 1 June 2024,not_expressible,other,2027-28,2027,Stamp duty,Tax Measures (Policy measures database),2027-28,341221752.2849192,341221752.2849192,,,,not_available,not_computed,"The announcement needs a targeted tax-base, entitlement, transaction or programme mechanism not established as an executable reform on the certified household population.","The announcement needs a targeted tax-base, entitlement, transaction or programme mechanism not established as an executable reform on the certified household population.","[""The announcement needs a targeted tax-base, entitlement, transaction or programme mechanism not established as an executable reform on the certified household population.""]",[],,,"[""baseline_vintage"",""behavioural_adjustment"",""cy_proxies_fy"",""head_scope"",""population_vintage""]",not_available,[],"[""baseline_vintage"",""behavioural_adjustment"",""cy_proxies_fy"",""head_scope"",""population_vintage""]",,residual_plus_unsized,,no computed counterpart,{}
spring_budget_2024,obr_pmd_nov2025:11075:e37df68fe2bff137,spring_budget_2024__multiple_dwellings_relief_abolish_from_1_june_2024_65aecdc4,Multiple Dwellings Relief: abolish from 1 June 2024,not_expressible,other,2028-29,2028,Capital gains tax,Tax Measures (Policy measures database),2028-29,-15089932.243124664,-15089932.243124664,,,,not_available,not_computed,"The announcement needs a targeted tax-base, entitlement, transaction or programme mechanism not established as an executable reform on the certified household population.","The announcement needs a targeted tax-base, entitlement, transaction or programme mechanism not established as an executable reform on the certified household population.","[""The announcement needs a targeted tax-base, entitlement, transaction or programme mechanism not established as an executable reform on the certified household population.""]",[],,,"[""baseline_vintage"",""behavioural_adjustment"",""cy_proxies_fy"",""head_scope"",""population_vintage""]",not_available,[],"[""baseline_vintage"",""behavioural_adjustment"",""cy_proxies_fy"",""head_scope"",""population_vintage""]",,residual_plus_unsized,,no computed counterpart,{}
spring_budget_2024,obr_pmd_nov2025:11081:8e9bf92aea25d277,spring_budget_2024__multiple_dwellings_relief_abolish_from_1_june_2024_65aecdc4,Multiple Dwellings Relief: abolish from 1 June 2024,not_expressible,other,2028-29,2028,Inheritance tax,Tax Measures (Policy measures database),2028-29,-10776037.107997824,-10776037.107997824,,,,not_available,not_computed,"The announcement needs a targeted tax-base, entitlement, transaction or programme mechanism not established as an executable reform on the certified household population.","The announcement needs a targeted tax-base, entitlement, transaction or programme mechanism not established as an executable reform on the certified household population.","[""The announcement needs a targeted tax-base, entitlement, transaction or programme mechanism not established as an executable reform on the certified household population.""]",[],,,"[""baseline_vintage"",""behavioural_adjustment"",""cy_proxies_fy"",""head_scope"",""population_vintage""]",not_available,[],"[""baseline_vintage"",""behavioural_adjustment"",""cy_proxies_fy"",""head_scope"",""population_vintage""]",,residual_plus_unsized,,no computed counterpart,{}
spring_budget_2024,obr_pmd_nov2025:22324:fe10855e0e415c47,spring_budget_2024__multiple_dwellings_relief_abolish_from_1_june_2024_65aecdc4,Multiple Dwellings Relief: abolish from 1 June 2024,out_of_household_scope,other,2028-29,2028,PSCE in RDEL,Spending Measures (Policy measures database),2028-29,7755644.343539182,7755644.343539182,,,,not_available,not_computed,Source head is outside household tax-benefit scope; retained for event accounting.,"The announcement needs a targeted tax-base, entitlement, transaction or programme mechanism not established as an executable reform on the certified household population.","[""The announcement needs a targeted tax-base, entitlement, transaction or programme mechanism not established as an executable reform on the certified household population.""]",[],,,"[""baseline_vintage"",""behavioural_adjustment"",""cy_proxies_fy"",""head_scope"",""population_vintage""]",not_available,[],"[""baseline_vintage"",""behavioural_adjustment"",""cy_proxies_fy"",""head_scope"",""population_vintage""]",,residual_plus_unsized,,no computed counterpart,{}
spring_budget_2024,obr_pmd_nov2025:22318:dab6be074987e2a1,spring_budget_2024__multiple_dwellings_relief_abolish_from_1_june_2024_65aecdc4,Multiple Dwellings Relief: abolish from 1 June 2024,out_of_household_scope,other,2028-29,2028,Scottish BGA (current),Spending Measures (Policy measures database),2028-29,17878912.311457902,17878912.311457902,,,,not_available,not_computed,Source head is outside household tax-benefit scope; retained for event accounting.,"The announcement needs a targeted tax-base, entitlement, transaction or programme mechanism not established as an executable reform on the certified household population.","[""The announcement needs a targeted tax-base, entitlement, transaction or programme mechanism not established as an executable reform on the certified household population.""]",[],,,"[""baseline_vintage"",""behavioural_adjustment"",""cy_proxies_fy"",""head_scope"",""population_vintage""]",not_available,[],"[""baseline_vintage"",""behavioural_adjustment"",""cy_proxies_fy"",""head_scope"",""population_vintage""]",,residual_plus_unsized,,no computed counterpart,{}
spring_budget_2024,obr_pmd_nov2025:11069:fef3f20090c2a171,spring_budget_2024__multiple_dwellings_relief_abolish_from_1_june_2024_65aecdc4,Multiple Dwellings Relief: abolish from 1 June 2024,not_expressible,other,2028-29,2028,Stamp duty,Tax Measures (Policy measures database),2028-29,383642111.7735014,383642111.7735014,,,,not_available,not_computed,"The announcement needs a targeted tax-base, entitlement, transaction or programme mechanism not established as an executable reform on the certified household population.","The announcement needs a targeted tax-base, entitlement, transaction or programme mechanism not established as an executable reform on the certified household population.","[""The announcement needs a targeted tax-base, entitlement, transaction or programme mechanism not established as an executable reform on the certified household population.""]",[],,,"[""baseline_vintage"",""behavioural_adjustment"",""cy_proxies_fy"",""head_scope"",""population_vintage""]",not_available,[],"[""baseline_vintage"",""behavioural_adjustment"",""cy_proxies_fy"",""head_scope"",""population_vintage""]",,residual_plus_unsized,,no computed counterpart,{}
spring_budget_2024,obr_pmd_nov2025:11316:41b5a2d29399e89c,spring_budget_2024__national_insurance_contributions_nics_freeze_class_2_and_3_rates_for_2024_25_fd2a7666,National Insurance contributions (NICs): freeze Class 2 and 3 rates for 2024-25,out_of_household_scope,tax_benefit,2023-24,2023,Corporation tax (onshore),Tax Measures (Policy measures database),2023-24,0.0,0.0,,,,not_available,not_computed,Source head is outside household tax-benefit scope; retained for event accounting.,"The relevant liability exists, but this announcement's counterfactual path or targeted eligibility has not been established on the certified population; no guessed parameter or baseline.","[""The relevant liability exists, but this announcement's counterfactual path or targeted eligibility has not been established on the certified population; no guessed parameter or baseline.""]",[],,,"[""baseline_vintage"",""behavioural_adjustment"",""cy_proxies_fy"",""head_scope"",""population_vintage""]",not_available,[],"[""baseline_vintage"",""behavioural_adjustment"",""cy_proxies_fy"",""head_scope"",""population_vintage""]",,residual_plus_unsized,,no computed counterpart,{}
spring_budget_2024,obr_pmd_nov2025:11304:85fae4ff318057d8,spring_budget_2024__national_insurance_contributions_nics_freeze_class_2_and_3_rates_for_2024_25_fd2a7666,National Insurance contributions (NICs): freeze Class 2 and 3 rates for 2024-25,not_expressible,tax_benefit,2023-24,2023,Income tax,Tax Measures (Policy measures database),2023-24,0.0,0.0,,,,not_available,not_computed,"The relevant liability exists, but this announcement's counterfactual path or targeted eligibility has not been established on the certified population; no guessed parameter or baseline.","The relevant liability exists, but this announcement's counterfactual path or targeted eligibility has not been established on the certified population; no guessed parameter or baseline.","[""The relevant liability exists, but this announcement's counterfactual path or targeted eligibility has not been established on the certified population; no guessed parameter or baseline.""]",[],,,"[""baseline_vintage"",""behavioural_adjustment"",""cy_proxies_fy"",""head_scope"",""population_vintage""]",not_available,[],"[""baseline_vintage"",""behavioural_adjustment"",""cy_proxies_fy"",""head_scope"",""population_vintage""]",,residual_plus_unsized,,no computed counterpart,{}
spring_budget_2024,obr_pmd_nov2025:11310:f47f4585aa1b7880,spring_budget_2024__national_insurance_contributions_nics_freeze_class_2_and_3_rates_for_2024_25_fd2a7666,National Insurance contributions (NICs): freeze Class 2 and 3 rates for 2024-25,not_expressible,tax_benefit,2023-24,2023,NICs,Tax Measures (Policy measures database),2023-24,0.0,0.0,,,,not_available,not_computed,"The relevant liability exists, but this announcement's counterfactual path or targeted eligibility has not been established on the certified population; no guessed parameter or baseline.","The relevant liability exists, but this announcement's counterfactual path or targeted eligibility has not been established on the certified population; no guessed parameter or baseline.","[""The relevant liability exists, but this announcement's counterfactual path or targeted eligibility has not been established on the certified population; no guessed parameter or baseline.""]",[],,,"[""baseline_vintage"",""behavioural_adjustment"",""cy_proxies_fy"",""head_scope"",""population_vintage""]",not_available,[],"[""baseline_vintage"",""behavioural_adjustment"",""cy_proxies_fy"",""head_scope"",""population_vintage""]",,residual_plus_unsized,,no computed counterpart,{}
spring_budget_2024,obr_pmd_nov2025:22463:b60e7a3b04d5f0e1,spring_budget_2024__national_insurance_contributions_nics_freeze_class_2_and_3_rates_for_2024_25_fd2a7666,National Insurance contributions (NICs): freeze Class 2 and 3 rates for 2024-25,out_of_household_scope,tax_benefit,2023-24,2023,PSCE in RDEL,Spending Measures (Policy measures database),2023-24,0.0,0.0,,,,not_available,not_computed,Source head is outside household tax-benefit scope; retained for event accounting.,"The relevant liability exists, but this announcement's counterfactual path or targeted eligibility has not been established on the certified population; no guessed parameter or baseline.","[""The relevant liability exists, but this announcement's counterfactual path or targeted eligibility has not been established on the certified population; no guessed parameter or baseline.""]",[],,,"[""baseline_vintage"",""behavioural_adjustment"",""cy_proxies_fy"",""head_scope"",""population_vintage""]",not_available,[],"[""baseline_vintage"",""behavioural_adjustment"",""cy_proxies_fy"",""head_scope"",""population_vintage""]",,residual_plus_unsized,,no computed counterpart,{}
spring_budget_2024,obr_pmd_nov2025:22469:8e6d17d8159f403e,spring_budget_2024__national_insurance_contributions_nics_freeze_class_2_and_3_rates_for_2024_25_fd2a7666,National Insurance contributions (NICs): freeze Class 2 and 3 rates for 2024-25,out_of_household_scope,tax_benefit,2023-24,2023,Scottish BGA (current),Spending Measures (Policy measures database),2023-24,0.0,0.0,,,,not_available,not_computed,Source head is outside household tax-benefit scope; retained for event accounting.,"The relevant liability exists, but this announcement's counterfactual path or targeted eligibility has not been established on the certified population; no guessed parameter or baseline.","[""The relevant liability exists, but this announcement's counterfactual path or targeted eligibility has not been established on the certified population; no guessed parameter or baseline.""]",[],,,"[""baseline_vintage"",""behavioural_adjustment"",""cy_proxies_fy"",""head_scope"",""population_vintage""]",not_available,[],"[""baseline_vintage"",""behavioural_adjustment"",""cy_proxies_fy"",""head_scope"",""population_vintage""]",,residual_plus_unsized,,no computed counterpart,{}
spring_budget_2024,obr_pmd_nov2025:22457:47716934c5ea78a4,spring_budget_2024__national_insurance_contributions_nics_freeze_class_2_and_3_rates_for_2024_25_fd2a7666,National Insurance contributions (NICs): freeze Class 2 and 3 rates for 2024-25,not_expressible,tax_benefit,2023-24,2023,Welfare inside cap,Spending Measures (Policy measures database),2023-24,0.0,0.0,,,,not_available,not_computed,"The relevant liability exists, but this announcement's counterfactual path or targeted eligibility has not been established on the certified population; no guessed parameter or baseline.","The relevant liability exists, but this announcement's counterfactual path or targeted eligibility has not been established on the certified population; no guessed parameter or baseline.","[""The relevant liability exists, but this announcement's counterfactual path or targeted eligibility has not been established on the certified population; no guessed parameter or baseline.""]",[],,,"[""baseline_vintage"",""behavioural_adjustment"",""cy_proxies_fy"",""head_scope"",""population_vintage""]",not_available,[],"[""baseline_vintage"",""behavioural_adjustment"",""cy_proxies_fy"",""head_scope"",""population_vintage""]",,residual_plus_unsized,,no computed counterpart,{}
spring_budget_2024,obr_pmd_nov2025:11317:61d0727846dc87e6,spring_budget_2024__national_insurance_contributions_nics_freeze_class_2_and_3_rates_for_2024_25_fd2a7666,National Insurance contributions (NICs): freeze Class 2 and 3 rates for 2024-25,out_of_household_scope,tax_benefit,2024-25,2024,Corporation tax (onshore),Tax Measures (Policy measures database),2024-25,0.0,0.0,,,,not_available,not_computed,Source head is outside household tax-benefit scope; retained for event accounting.,"The relevant liability exists, but this announcement's counterfactual path or targeted eligibility has not been established on the certified population; no guessed parameter or baseline.","[""The relevant liability exists, but this announcement's counterfactual path or targeted eligibility has not been established on the certified population; no guessed parameter or baseline.""]",[],,,"[""baseline_vintage"",""behavioural_adjustment"",""cy_proxies_fy"",""head_scope"",""population_vintage""]",not_available,[],"[""baseline_vintage"",""behavioural_adjustment"",""cy_proxies_fy"",""head_scope"",""population_vintage""]",,residual_plus_unsized,,no computed counterpart,{}
spring_budget_2024,obr_pmd_nov2025:11305:c9edba5036fdecd1,spring_budget_2024__national_insurance_contributions_nics_freeze_class_2_and_3_rates_for_2024_25_fd2a7666,National Insurance contributions (NICs): freeze Class 2 and 3 rates for 2024-25,not_expressible,tax_benefit,2024-25,2024,Income tax,Tax Measures (Policy measures database),2024-25,0.0,0.0,,,,not_available,not_computed,"The relevant liability exists, but this announcement's counterfactual path or targeted eligibility has not been established on the certified population; no guessed parameter or baseline.","The relevant liability exists, but this announcement's counterfactual path or targeted eligibility has not been established on the certified population; no guessed parameter or baseline.","[""The relevant liability exists, but this announcement's counterfactual path or targeted eligibility has not been established on the certified population; no guessed parameter or baseline.""]",[],,,"[""baseline_vintage"",""behavioural_adjustment"",""cy_proxies_fy"",""head_scope"",""population_vintage""]",not_available,[],"[""baseline_vintage"",""behavioural_adjustment"",""cy_proxies_fy"",""head_scope"",""population_vintage""]",,residual_plus_unsized,,no computed counterpart,{}
spring_budget_2024,obr_pmd_nov2025:11311:920ff9217c797b44,spring_budget_2024__national_insurance_contributions_nics_freeze_class_2_and_3_rates_for_2024_25_fd2a7666,National Insurance contributions (NICs): freeze Class 2 and 3 rates for 2024-25,not_expressible,tax_benefit,2024-25,2024,NICs,Tax Measures (Policy measures database),2024-25,-16434623.000000002,-16434623.000000002,,,,not_available,not_computed,"The relevant liability exists, but this announcement's counterfactual path or targeted eligibility has not been established on the certified population; no guessed parameter or baseline.","The relevant liability exists, but this announcement's counterfactual path or targeted eligibility has not been established on the certified population; no guessed parameter or baseline.","[""The relevant liability exists, but this announcement's counterfactual path or targeted eligibility has not been established on the certified population; no guessed parameter or baseline.""]",[],,,"[""baseline_vintage"",""behavioural_adjustment"",""cy_proxies_fy"",""head_scope"",""population_vintage""]",not_available,[],"[""baseline_vintage"",""behavioural_adjustment"",""cy_proxies_fy"",""head_scope"",""population_vintage""]",,residual_plus_unsized,,no computed counterpart,{}
spring_budget_2024,obr_pmd_nov2025:22464:9dd071fdaed505f5,spring_budget_2024__national_insurance_contributions_nics_freeze_class_2_and_3_rates_for_2024_25_fd2a7666,National Insurance contributions (NICs): freeze Class 2 and 3 rates for 2024-25,out_of_household_scope,tax_benefit,2024-25,2024,PSCE in RDEL,Spending Measures (Policy measures database),2024-25,0.0,0.0,,,,not_available,not_computed,Source head is outside household tax-benefit scope; retained for event accounting.,"The relevant liability exists, but this announcement's counterfactual path or targeted eligibility has not been established on the certified population; no guessed parameter or baseline.","[""The relevant liability exists, but this announcement's counterfactual path or targeted eligibility has not been established on the certified population; no guessed parameter or baseline.""]",[],,,"[""baseline_vintage"",""behavioural_adjustment"",""cy_proxies_fy"",""head_scope"",""population_vintage""]",not_available,[],"[""baseline_vintage"",""behavioural_adjustment"",""cy_proxies_fy"",""head_scope"",""population_vintage""]",,residual_plus_unsized,,no computed counterpart,{}
spring_budget_2024,obr_pmd_nov2025:22470:1c0ad07a36e3f225,spring_budget_2024__national_insurance_contributions_nics_freeze_class_2_and_3_rates_for_2024_25_fd2a7666,National Insurance contributions (NICs): freeze Class 2 and 3 rates for 2024-25,out_of_household_scope,tax_benefit,2024-25,2024,Scottish BGA (current),Spending Measures (Policy measures database),2024-25,0.0,0.0,,,,not_available,not_computed,Source head is outside household tax-benefit scope; retained for event accounting.,"The relevant liability exists, but this announcement's counterfactual path or targeted eligibility has not been established on the certified population; no guessed parameter or baseline.","[""The relevant liability exists, but this announcement's counterfactual path or targeted eligibility has not been established on the certified population; no guessed parameter or baseline.""]",[],,,"[""baseline_vintage"",""behavioural_adjustment"",""cy_proxies_fy"",""head_scope"",""population_vintage""]",not_available,[],"[""baseline_vintage"",""behavioural_adjustment"",""cy_proxies_fy"",""head_scope"",""population_vintage""]",,residual_plus_unsized,,no computed counterpart,{}
spring_budget_2024,obr_pmd_nov2025:22458:cce856b84c82bbdf,spring_budget_2024__national_insurance_contributions_nics_freeze_class_2_and_3_rates_for_2024_25_fd2a7666,National Insurance contributions (NICs): freeze Class 2 and 3 rates for 2024-25,not_expressible,tax_benefit,2024-25,2024,Welfare inside cap,Spending Measures (Policy measures database),2024-25,0.0,0.0,,,,not_available,not_computed,"The relevant liability exists, but this announcement's counterfactual path or targeted eligibility has not been established on the certified population; no guessed parameter or baseline.","The relevant liability exists, but this announcement's counterfactual path or targeted eligibility has not been established on the certified population; no guessed parameter or baseline.","[""The relevant liability exists, but this announcement's counterfactual path or targeted eligibility has not been established on the certified population; no guessed parameter or baseline.""]",[],,,"[""baseline_vintage"",""behavioural_adjustment"",""cy_proxies_fy"",""head_scope"",""population_vintage""]",not_available,[],"[""baseline_vintage"",""behavioural_adjustment"",""cy_proxies_fy"",""head_scope"",""population_vintage""]",,residual_plus_unsized,,no computed counterpart,{}
spring_budget_2024,obr_pmd_nov2025:11318:3aa0b10e58c31631,spring_budget_2024__national_insurance_contributions_nics_freeze_class_2_and_3_rates_for_2024_25_fd2a7666,National Insurance contributions (NICs): freeze Class 2 and 3 rates for 2024-25,out_of_household_scope,tax_benefit,2025-26,2025,Corporation tax (onshore),Tax Measures (Policy measures database),2025-26,0.0,0.0,,,,not_available,not_computed,Source head is outside household tax-benefit scope; retained for event accounting.,"The relevant liability exists, but this announcement's counterfactual path or targeted eligibility has not been established on the certified population; no guessed parameter or baseline.","[""The relevant liability exists, but this announcement's counterfactual path or targeted eligibility has not been established on the certified population; no guessed parameter or baseline.""]",[],,,"[""baseline_vintage"",""behavioural_adjustment"",""cy_proxies_fy"",""head_scope"",""population_vintage""]",not_available,[],"[""baseline_vintage"",""behavioural_adjustment"",""cy_proxies_fy"",""head_scope"",""population_vintage""]",,residual_plus_unsized,,no computed counterpart,{}
spring_budget_2024,obr_pmd_nov2025:11306:35c792adc0a608f7,spring_budget_2024__national_insurance_contributions_nics_freeze_class_2_and_3_rates_for_2024_25_fd2a7666,National Insurance contributions (NICs): freeze Class 2 and 3 rates for 2024-25,not_expressible,tax_benefit,2025-26,2025,Income tax,Tax Measures (Policy measures database),2025-26,0.0,0.0,,,,not_available,not_computed,"The relevant liability exists, but this announcement's counterfactual path or targeted eligibility has not been established on the certified population; no guessed parameter or baseline.","The relevant liability exists, but this announcement's counterfactual path or targeted eligibility has not been established on the certified population; no guessed parameter or baseline.","[""The relevant liability exists, but this announcement's counterfactual path or targeted eligibility has not been established on the certified population; no guessed parameter or baseline.""]",[],,,"[""baseline_vintage"",""behavioural_adjustment"",""cy_proxies_fy"",""head_scope"",""population_vintage""]",not_available,[],"[""baseline_vintage"",""behavioural_adjustment"",""cy_proxies_fy"",""head_scope"",""population_vintage""]",,residual_plus_unsized,,no computed counterpart,{}
spring_budget_2024,obr_pmd_nov2025:11312:ce91aef5e8adc365,spring_budget_2024__national_insurance_contributions_nics_freeze_class_2_and_3_rates_for_2024_25_fd2a7666,National Insurance contributions (NICs): freeze Class 2 and 3 rates for 2024-25,not_expressible,tax_benefit,2025-26,2025,NICs,Tax Measures (Policy measures database),2025-26,-16501148.0,-16501148.0,,,,not_available,not_computed,"The relevant liability exists, but this announcement's counterfactual path or targeted eligibility has not been established on the certified population; no guessed parameter or baseline.","The relevant liability exists, but this announcement's counterfactual path or targeted eligibility has not been established on the certified population; no guessed parameter or baseline.","[""The relevant liability exists, but this announcement's counterfactual path or targeted eligibility has not been established on the certified population; no guessed parameter or baseline.""]",[],,,"[""baseline_vintage"",""behavioural_adjustment"",""cy_proxies_fy"",""head_scope"",""population_vintage""]",not_available,[],"[""baseline_vintage"",""behavioural_adjustment"",""cy_proxies_fy"",""head_scope"",""population_vintage""]",,residual_plus_unsized,,no computed counterpart,{}
spring_budget_2024,obr_pmd_nov2025:22465:44b06087b5e174a9,spring_budget_2024__national_insurance_contributions_nics_freeze_class_2_and_3_rates_for_2024_25_fd2a7666,National Insurance contributions (NICs): freeze Class 2 and 3 rates for 2024-25,out_of_household_scope,tax_benefit,2025-26,2025,PSCE in RDEL,Spending Measures (Policy measures database),2025-26,0.0,0.0,,,,not_available,not_computed,Source head is outside household tax-benefit scope; retained for event accounting.,"The relevant liability exists, but this announcement's counterfactual path or targeted eligibility has not been established on the certified population; no guessed parameter or baseline.","[""The relevant liability exists, but this announcement's counterfactual path or targeted eligibility has not been established on the certified population; no guessed parameter or baseline.""]",[],,,"[""baseline_vintage"",""behavioural_adjustment"",""cy_proxies_fy"",""head_scope"",""population_vintage""]",not_available,[],"[""baseline_vintage"",""behavioural_adjustment"",""cy_proxies_fy"",""head_scope"",""population_vintage""]",,residual_plus_unsized,,no computed counterpart,{}
spring_budget_2024,obr_pmd_nov2025:22471:55066888a84f982e,spring_budget_2024__national_insurance_contributions_nics_freeze_class_2_and_3_rates_for_2024_25_fd2a7666,National Insurance contributions (NICs): freeze Class 2 and 3 rates for 2024-25,out_of_household_scope,tax_benefit,2025-26,2025,Scottish BGA (current),Spending Measures (Policy measures database),2025-26,0.0,0.0,,,,not_available,not_computed,Source head is outside household tax-benefit scope; retained for event accounting.,"The relevant liability exists, but this announcement's counterfactual path or targeted eligibility has not been established on the certified population; no guessed parameter or baseline.","[""The relevant liability exists, but this announcement's counterfactual path or targeted eligibility has not been established on the certified population; no guessed parameter or baseline.""]",[],,,"[""baseline_vintage"",""behavioural_adjustment"",""cy_proxies_fy"",""head_scope"",""population_vintage""]",not_available,[],"[""baseline_vintage"",""behavioural_adjustment"",""cy_proxies_fy"",""head_scope"",""population_vintage""]",,residual_plus_unsized,,no computed counterpart,{}
spring_budget_2024,obr_pmd_nov2025:22459:f7c432f0626e50ef,spring_budget_2024__national_insurance_contributions_nics_freeze_class_2_and_3_rates_for_2024_25_fd2a7666,National Insurance contributions (NICs): freeze Class 2 and 3 rates for 2024-25,not_expressible,tax_benefit,2025-26,2025,Welfare inside cap,Spending Measures (Policy measures database),2025-26,0.0,0.0,,,,not_available,not_computed,"The relevant liability exists, but this announcement's counterfactual path or targeted eligibility has not been established on the certified population; no guessed parameter or baseline.","The relevant liability exists, but this announcement's counterfactual path or targeted eligibility has not been established on the certified population; no guessed parameter or baseline.","[""The relevant liability exists, but this announcement's counterfactual path or targeted eligibility has not been established on the certified population; no guessed parameter or baseline.""]",[],,,"[""baseline_vintage"",""behavioural_adjustment"",""cy_proxies_fy"",""head_scope"",""population_vintage""]",not_available,[],"[""baseline_vintage"",""behavioural_adjustment"",""cy_proxies_fy"",""head_scope"",""population_vintage""]",,residual_plus_unsized,,no computed counterpart,{}
spring_budget_2024,obr_pmd_nov2025:11319:77e87329751f46cc,spring_budget_2024__national_insurance_contributions_nics_freeze_class_2_and_3_rates_for_2024_25_fd2a7666,National Insurance contributions (NICs): freeze Class 2 and 3 rates for 2024-25,out_of_household_scope,tax_benefit,2026-27,2026,Corporation tax (onshore),Tax Measures (Policy measures database),2026-27,0.0,0.0,,,,not_available,not_computed,Source head is outside household tax-benefit scope; retained for event accounting.,"The relevant liability exists, but this announcement's counterfactual path or targeted eligibility has not been established on the certified population; no guessed parameter or baseline.","[""The relevant liability exists, but this announcement's counterfactual path or targeted eligibility has not been established on the certified population; no guessed parameter or baseline.""]",[],,,"[""baseline_vintage"",""behavioural_adjustment"",""cy_proxies_fy"",""head_scope"",""population_vintage""]",not_available,[],"[""baseline_vintage"",""behavioural_adjustment"",""cy_proxies_fy"",""head_scope"",""population_vintage""]",,residual_plus_unsized,,no computed counterpart,{}
spring_budget_2024,obr_pmd_nov2025:11307:c137c354f3181151,spring_budget_2024__national_insurance_contributions_nics_freeze_class_2_and_3_rates_for_2024_25_fd2a7666,National Insurance contributions (NICs): freeze Class 2 and 3 rates for 2024-25,not_expressible,tax_benefit,2026-27,2026,Income tax,Tax Measures (Policy measures database),2026-27,0.0,0.0,,,,not_available,not_computed,"The relevant liability exists, but this announcement's counterfactual path or targeted eligibility has not been established on the certified population; no guessed parameter or baseline.","The relevant liability exists, but this announcement's counterfactual path or targeted eligibility has not been established on the certified population; no guessed parameter or baseline.","[""The relevant liability exists, but this announcement's counterfactual path or targeted eligibility has not been established on the certified population; no guessed parameter or baseline.""]",[],,,"[""baseline_vintage"",""behavioural_adjustment"",""cy_proxies_fy"",""head_scope"",""population_vintage""]",not_available,[],"[""baseline_vintage"",""behavioural_adjustment"",""cy_proxies_fy"",""head_scope"",""population_vintage""]",,residual_plus_unsized,,no computed counterpart,{}
spring_budget_2024,obr_pmd_nov2025:11313:df5d104fa5faa6e6,spring_budget_2024__national_insurance_contributions_nics_freeze_class_2_and_3_rates_for_2024_25_fd2a7666,National Insurance contributions (NICs): freeze Class 2 and 3 rates for 2024-25,not_expressible,tax_benefit,2026-27,2026,NICs,Tax Measures (Policy measures database),2026-27,-17086786.0,-17086786.0,,,,not_available,not_computed,"The relevant liability exists, but this announcement's counterfactual path or targeted eligibility has not been established on the certified population; no guessed parameter or baseline.","The relevant liability exists, but this announcement's counterfactual path or targeted eligibility has not been established on the certified population; no guessed parameter or baseline.","[""The relevant liability exists, but this announcement's counterfactual path or targeted eligibility has not been established on the certified population; no guessed parameter or baseline.""]",[],,,"[""baseline_vintage"",""behavioural_adjustment"",""cy_proxies_fy"",""head_scope"",""population_vintage""]",not_available,[],"[""baseline_vintage"",""behavioural_adjustment"",""cy_proxies_fy"",""head_scope"",""population_vintage""]",,residual_plus_unsized,,no computed counterpart,{}
spring_budget_2024,obr_pmd_nov2025:22466:614520f36e269c16,spring_budget_2024__national_insurance_contributions_nics_freeze_class_2_and_3_rates_for_2024_25_fd2a7666,National Insurance contributions (NICs): freeze Class 2 and 3 rates for 2024-25,out_of_household_scope,tax_benefit,2026-27,2026,PSCE in RDEL,Spending Measures (Policy measures database),2026-27,0.0,0.0,,,,not_available,not_computed,Source head is outside household tax-benefit scope; retained for event accounting.,"The relevant liability exists, but this announcement's counterfactual path or targeted eligibility has not been established on the certified population; no guessed parameter or baseline.","[""The relevant liability exists, but this announcement's counterfactual path or targeted eligibility has not been established on the certified population; no guessed parameter or baseline.""]",[],,,"[""baseline_vintage"",""behavioural_adjustment"",""cy_proxies_fy"",""head_scope"",""population_vintage""]",not_available,[],"[""baseline_vintage"",""behavioural_adjustment"",""cy_proxies_fy"",""head_scope"",""population_vintage""]",,residual_plus_unsized,,no computed counterpart,{}
spring_budget_2024,obr_pmd_nov2025:22472:e11a49224cbe2a85,spring_budget_2024__national_insurance_contributions_nics_freeze_class_2_and_3_rates_for_2024_25_fd2a7666,National Insurance contributions (NICs): freeze Class 2 and 3 rates for 2024-25,out_of_household_scope,tax_benefit,2026-27,2026,Scottish BGA (current),Spending Measures (Policy measures database),2026-27,0.0,0.0,,,,not_available,not_computed,Source head is outside household tax-benefit scope; retained for event accounting.,"The relevant liability exists, but this announcement's counterfactual path or targeted eligibility has not been established on the certified population; no guessed parameter or baseline.","[""The relevant liability exists, but this announcement's counterfactual path or targeted eligibility has not been established on the certified population; no guessed parameter or baseline.""]",[],,,"[""baseline_vintage"",""behavioural_adjustment"",""cy_proxies_fy"",""head_scope"",""population_vintage""]",not_available,[],"[""baseline_vintage"",""behavioural_adjustment"",""cy_proxies_fy"",""head_scope"",""population_vintage""]",,residual_plus_unsized,,no computed counterpart,{}
spring_budget_2024,obr_pmd_nov2025:22460:5e0f44845f3b938e,spring_budget_2024__national_insurance_contributions_nics_freeze_class_2_and_3_rates_for_2024_25_fd2a7666,National Insurance contributions (NICs): freeze Class 2 and 3 rates for 2024-25,not_expressible,tax_benefit,2026-27,2026,Welfare inside cap,Spending Measures (Policy measures database),2026-27,0.0,0.0,,,,not_available,not_computed,"The relevant liability exists, but this announcement's counterfactual path or targeted eligibility has not been established on the certified population; no guessed parameter or baseline.","The relevant liability exists, but this announcement's counterfactual path or targeted eligibility has not been established on the certified population; no guessed parameter or baseline.","[""The relevant liability exists, but this announcement's counterfactual path or targeted eligibility has not been established on the certified population; no guessed parameter or baseline.""]",[],,,"[""baseline_vintage"",""behavioural_adjustment"",""cy_proxies_fy"",""head_scope"",""population_vintage""]",not_available,[],"[""baseline_vintage"",""behavioural_adjustment"",""cy_proxies_fy"",""head_scope"",""population_vintage""]",,residual_plus_unsized,,no computed counterpart,{}
spring_budget_2024,obr_pmd_nov2025:11320:f4c1d491d57d5a7f,spring_budget_2024__national_insurance_contributions_nics_freeze_class_2_and_3_rates_for_2024_25_fd2a7666,National Insurance contributions (NICs): freeze Class 2 and 3 rates for 2024-25,out_of_household_scope,tax_benefit,2027-28,2027,Corporation tax (onshore),Tax Measures (Policy measures database),2027-28,0.0,0.0,,,,not_available,not_computed,Source head is outside household tax-benefit scope; retained for event accounting.,"The relevant liability exists, but this announcement's counterfactual path or targeted eligibility has not been established on the certified population; no guessed parameter or baseline.","[""The relevant liability exists, but this announcement's counterfactual path or targeted eligibility has not been established on the certified population; no guessed parameter or baseline.""]",[],,,"[""baseline_vintage"",""behavioural_adjustment"",""cy_proxies_fy"",""head_scope"",""population_vintage""]",not_available,[],"[""baseline_vintage"",""behavioural_adjustment"",""cy_proxies_fy"",""head_scope"",""population_vintage""]",,residual_plus_unsized,,no computed counterpart,{}
spring_budget_2024,obr_pmd_nov2025:11308:7ef47f6957579e3c,spring_budget_2024__national_insurance_contributions_nics_freeze_class_2_and_3_rates_for_2024_25_fd2a7666,National Insurance contributions (NICs): freeze Class 2 and 3 rates for 2024-25,not_expressible,tax_benefit,2027-28,2027,Income tax,Tax Measures (Policy measures database),2027-28,0.0,0.0,,,,not_available,not_computed,"The relevant liability exists, but this announcement's counterfactual path or targeted eligibility has not been established on the certified population; no guessed parameter or baseline.","The relevant liability exists, but this announcement's counterfactual path or targeted eligibility has not been established on the certified population; no guessed parameter or baseline.","[""The relevant liability exists, but this announcement's counterfactual path or targeted eligibility has not been established on the certified population; no guessed parameter or baseline.""]",[],,,"[""baseline_vintage"",""behavioural_adjustment"",""cy_proxies_fy"",""head_scope"",""population_vintage""]",not_available,[],"[""baseline_vintage"",""behavioural_adjustment"",""cy_proxies_fy"",""head_scope"",""population_vintage""]",,residual_plus_unsized,,no computed counterpart,{}
spring_budget_2024,obr_pmd_nov2025:11314:928f8bd4c18e0114,spring_budget_2024__national_insurance_contributions_nics_freeze_class_2_and_3_rates_for_2024_25_fd2a7666,National Insurance contributions (NICs): freeze Class 2 and 3 rates for 2024-25,not_expressible,tax_benefit,2027-28,2027,NICs,Tax Measures (Policy measures database),2027-28,-17210050.0,-17210050.0,,,,not_available,not_computed,"The relevant liability exists, but this announcement's counterfactual path or targeted eligibility has not been established on the certified population; no guessed parameter or baseline.","The relevant liability exists, but this announcement's counterfactual path or targeted eligibility has not been established on the certified population; no guessed parameter or baseline.","[""The relevant liability exists, but this announcement's counterfactual path or targeted eligibility has not been established on the certified population; no guessed parameter or baseline.""]",[],,,"[""baseline_vintage"",""behavioural_adjustment"",""cy_proxies_fy"",""head_scope"",""population_vintage""]",not_available,[],"[""baseline_vintage"",""behavioural_adjustment"",""cy_proxies_fy"",""head_scope"",""population_vintage""]",,residual_plus_unsized,,no computed counterpart,{}
spring_budget_2024,obr_pmd_nov2025:22467:89d96390c08cdabd,spring_budget_2024__national_insurance_contributions_nics_freeze_class_2_and_3_rates_for_2024_25_fd2a7666,National Insurance contributions (NICs): freeze Class 2 and 3 rates for 2024-25,out_of_household_scope,tax_benefit,2027-28,2027,PSCE in RDEL,Spending Measures (Policy measures database),2027-28,0.0,0.0,,,,not_available,not_computed,Source head is outside household tax-benefit scope; retained for event accounting.,"The relevant liability exists, but this announcement's counterfactual path or targeted eligibility has not been established on the certified population; no guessed parameter or baseline.","[""The relevant liability exists, but this announcement's counterfactual path or targeted eligibility has not been established on the certified population; no guessed parameter or baseline.""]",[],,,"[""baseline_vintage"",""behavioural_adjustment"",""cy_proxies_fy"",""head_scope"",""population_vintage""]",not_available,[],"[""baseline_vintage"",""behavioural_adjustment"",""cy_proxies_fy"",""head_scope"",""population_vintage""]",,residual_plus_unsized,,no computed counterpart,{}
spring_budget_2024,obr_pmd_nov2025:22473:23a9171a70cd5ed2,spring_budget_2024__national_insurance_contributions_nics_freeze_class_2_and_3_rates_for_2024_25_fd2a7666,National Insurance contributions (NICs): freeze Class 2 and 3 rates for 2024-25,out_of_household_scope,tax_benefit,2027-28,2027,Scottish BGA (current),Spending Measures (Policy measures database),2027-28,0.0,0.0,,,,not_available,not_computed,Source head is outside household tax-benefit scope; retained for event accounting.,"The relevant liability exists, but this announcement's counterfactual path or targeted eligibility has not been established on the certified population; no guessed parameter or baseline.","[""The relevant liability exists, but this announcement's counterfactual path or targeted eligibility has not been established on the certified population; no guessed parameter or baseline.""]",[],,,"[""baseline_vintage"",""behavioural_adjustment"",""cy_proxies_fy"",""head_scope"",""population_vintage""]",not_available,[],"[""baseline_vintage"",""behavioural_adjustment"",""cy_proxies_fy"",""head_scope"",""population_vintage""]",,residual_plus_unsized,,no computed counterpart,{}
spring_budget_2024,obr_pmd_nov2025:22461:1094b2789877f984,spring_budget_2024__national_insurance_contributions_nics_freeze_class_2_and_3_rates_for_2024_25_fd2a7666,National Insurance contributions (NICs): freeze Class 2 and 3 rates for 2024-25,not_expressible,tax_benefit,2027-28,2027,Welfare inside cap,Spending Measures (Policy measures database),2027-28,0.0,0.0,,,,not_available,not_computed,"The relevant liability exists, but this announcement's counterfactual path or targeted eligibility has not been established on the certified population; no guessed parameter or baseline.","The relevant liability exists, but this announcement's counterfactual path or targeted eligibility has not been established on the certified population; no guessed parameter or baseline.","[""The relevant liability exists, but this announcement's counterfactual path or targeted eligibility has not been established on the certified population; no guessed parameter or baseline.""]",[],,,"[""baseline_vintage"",""behavioural_adjustment"",""cy_proxies_fy"",""head_scope"",""population_vintage""]",not_available,[],"[""baseline_vintage"",""behavioural_adjustment"",""cy_proxies_fy"",""head_scope"",""population_vintage""]",,residual_plus_unsized,,no computed counterpart,{}
spring_budget_2024,obr_pmd_nov2025:11321:737dcc09e3fbb8f7,spring_budget_2024__national_insurance_contributions_nics_freeze_class_2_and_3_rates_for_2024_25_fd2a7666,National Insurance contributions (NICs): freeze Class 2 and 3 rates for 2024-25,out_of_household_scope,tax_benefit,2028-29,2028,Corporation tax (onshore),Tax Measures (Policy measures database),2028-29,0.0,0.0,,,,not_available,not_computed,Source head is outside household tax-benefit scope; retained for event accounting.,"The relevant liability exists, but this announcement's counterfactual path or targeted eligibility has not been established on the certified population; no guessed parameter or baseline.","[""The relevant liability exists, but this announcement's counterfactual path or targeted eligibility has not been established on the certified population; no guessed parameter or baseline.""]",[],,,"[""baseline_vintage"",""behavioural_adjustment"",""cy_proxies_fy"",""head_scope"",""population_vintage""]",not_available,[],"[""baseline_vintage"",""behavioural_adjustment"",""cy_proxies_fy"",""head_scope"",""population_vintage""]",,residual_plus_unsized,,no computed counterpart,{}
spring_budget_2024,obr_pmd_nov2025:11309:2fe7bd12fa6aaa07,spring_budget_2024__national_insurance_contributions_nics_freeze_class_2_and_3_rates_for_2024_25_fd2a7666,National Insurance contributions (NICs): freeze Class 2 and 3 rates for 2024-25,not_expressible,tax_benefit,2028-29,2028,Income tax,Tax Measures (Policy measures database),2028-29,0.0,0.0,,,,not_available,not_computed,"The relevant liability exists, but this announcement's counterfactual path or targeted eligibility has not been established on the certified population; no guessed parameter or baseline.","The relevant liability exists, but this announcement's counterfactual path or targeted eligibility has not been established on the certified population; no guessed parameter or baseline.","[""The relevant liability exists, but this announcement's counterfactual path or targeted eligibility has not been established on the certified population; no guessed parameter or baseline.""]",[],,,"[""baseline_vintage"",""behavioural_adjustment"",""cy_proxies_fy"",""head_scope"",""population_vintage""]",not_available,[],"[""baseline_vintage"",""behavioural_adjustment"",""cy_proxies_fy"",""head_scope"",""population_vintage""]",,residual_plus_unsized,,no computed counterpart,{}
spring_budget_2024,obr_pmd_nov2025:11315:92b021c81901bbac,spring_budget_2024__national_insurance_contributions_nics_freeze_class_2_and_3_rates_for_2024_25_fd2a7666,National Insurance contributions (NICs): freeze Class 2 and 3 rates for 2024-25,not_expressible,tax_benefit,2028-29,2028,NICs,Tax Measures (Policy measures database),2028-29,-18521973.0,-18521973.0,,,,not_available,not_computed,"The relevant liability exists, but this announcement's counterfactual path or targeted eligibility has not been established on the certified population; no guessed parameter or baseline.","The relevant liability exists, but this announcement's counterfactual path or targeted eligibility has not been established on the certified population; no guessed parameter or baseline.","[""The relevant liability exists, but this announcement's counterfactual path or targeted eligibility has not been established on the certified population; no guessed parameter or baseline.""]",[],,,"[""baseline_vintage"",""behavioural_adjustment"",""cy_proxies_fy"",""head_scope"",""population_vintage""]",not_available,[],"[""baseline_vintage"",""behavioural_adjustment"",""cy_proxies_fy"",""head_scope"",""population_vintage""]",,residual_plus_unsized,,no computed counterpart,{}
spring_budget_2024,obr_pmd_nov2025:22468:105612f0d41aa715,spring_budget_2024__national_insurance_contributions_nics_freeze_class_2_and_3_rates_for_2024_25_fd2a7666,National Insurance contributions (NICs): freeze Class 2 and 3 rates for 2024-25,out_of_household_scope,tax_benefit,2028-29,2028,PSCE in RDEL,Spending Measures (Policy measures database),2028-29,0.0,0.0,,,,not_available,not_computed,Source head is outside household tax-benefit scope; retained for event accounting.,"The relevant liability exists, but this announcement's counterfactual path or targeted eligibility has not been established on the certified population; no guessed parameter or baseline.","[""The relevant liability exists, but this announcement's counterfactual path or targeted eligibility has not been established on the certified population; no guessed parameter or baseline.""]",[],,,"[""baseline_vintage"",""behavioural_adjustment"",""cy_proxies_fy"",""head_scope"",""population_vintage""]",not_available,[],"[""baseline_vintage"",""behavioural_adjustment"",""cy_proxies_fy"",""head_scope"",""population_vintage""]",,residual_plus_unsized,,no computed counterpart,{}
spring_budget_2024,obr_pmd_nov2025:22474:7a48629bab2c5652,spring_budget_2024__national_insurance_contributions_nics_freeze_class_2_and_3_rates_for_2024_25_fd2a7666,National Insurance contributions (NICs): freeze Class 2 and 3 rates for 2024-25,out_of_household_scope,tax_benefit,2028-29,2028,Scottish BGA (current),Spending Measures (Policy measures database),2028-29,0.0,0.0,,,,not_available,not_computed,Source head is outside household tax-benefit scope; retained for event accounting.,"The relevant liability exists, but this announcement's counterfactual path or targeted eligibility has not been established on the certified population; no guessed parameter or baseline.","[""The relevant liability exists, but this announcement's counterfactual path or targeted eligibility has not been established on the certified population; no guessed parameter or baseline.""]",[],,,"[""baseline_vintage"",""behavioural_adjustment"",""cy_proxies_fy"",""head_scope"",""population_vintage""]",not_available,[],"[""baseline_vintage"",""behavioural_adjustment"",""cy_proxies_fy"",""head_scope"",""population_vintage""]",,residual_plus_unsized,,no computed counterpart,{}
spring_budget_2024,obr_pmd_nov2025:22462:1bd19b9fec04a4a3,spring_budget_2024__national_insurance_contributions_nics_freeze_class_2_and_3_rates_for_2024_25_fd2a7666,National Insurance contributions (NICs): freeze Class 2 and 3 rates for 2024-25,not_expressible,tax_benefit,2028-29,2028,Welfare inside cap,Spending Measures (Policy measures database),2028-29,0.0,0.0,,,,not_available,not_computed,"The relevant liability exists, but this announcement's counterfactual path or targeted eligibility has not been established on the certified population; no guessed parameter or baseline.","The relevant liability exists, but this announcement's counterfactual path or targeted eligibility has not been established on the certified population; no guessed parameter or baseline.","[""The relevant liability exists, but this announcement's counterfactual path or targeted eligibility has not been established on the certified population; no guessed parameter or baseline.""]",[],,,"[""baseline_vintage"",""behavioural_adjustment"",""cy_proxies_fy"",""head_scope"",""population_vintage""]",not_available,[],"[""baseline_vintage"",""behavioural_adjustment"",""cy_proxies_fy"",""head_scope"",""population_vintage""]",,residual_plus_unsized,,no computed counterpart,{}
spring_budget_2024,obr_pmd_nov2025:22265:df2b0d375d4366a5,spring_budget_2024__orchestra_theatre_and_museums_galleries_tax_relief_permanent_extension_of_40_for_non_touring_productions_and_4_21f9c44f,"Orchestra, theatre and museums/galleries tax relief: permanent extension of 40% for non-touring productions and 45% for touring and orchestral production",out_of_household_scope,business_tax,2023-24,2023,Company and other credits,Spending Measures (Policy measures database),2023-24,0.0,0.0,,,,not_available,not_computed,Source head is outside household tax-benefit scope; retained for event accounting.,"Business/sector tax, firm allowance or credit; household income-tax spillovers in the PMD do not make the underlying business measure a household reform.","[""Business/sector tax, firm allowance or credit; household income-tax spillovers in the PMD do not make the underlying business measure a household reform.""]",[],,,"[""baseline_vintage"",""behavioural_adjustment"",""cy_proxies_fy"",""head_scope"",""population_vintage""]",not_available,[],"[""baseline_vintage"",""behavioural_adjustment"",""cy_proxies_fy"",""head_scope"",""population_vintage""]",,residual_plus_unsized,,no computed counterpart,{}
spring_budget_2024,obr_pmd_nov2025:22266:5c1ac987ba0fcfd8,spring_budget_2024__orchestra_theatre_and_museums_galleries_tax_relief_permanent_extension_of_40_for_non_touring_productions_and_4_21f9c44f,"Orchestra, theatre and museums/galleries tax relief: permanent extension of 40% for non-touring productions and 45% for touring and orchestral production",out_of_household_scope,business_tax,2024-25,2024,Company and other credits,Spending Measures (Policy measures database),2024-25,0.0,0.0,,,,not_available,not_computed,Source head is outside household tax-benefit scope; retained for event accounting.,"Business/sector tax, firm allowance or credit; household income-tax spillovers in the PMD do not make the underlying business measure a household reform.","[""Business/sector tax, firm allowance or credit; household income-tax spillovers in the PMD do not make the underlying business measure a household reform.""]",[],,,"[""baseline_vintage"",""behavioural_adjustment"",""cy_proxies_fy"",""head_scope"",""population_vintage""]",not_available,[],"[""baseline_vintage"",""behavioural_adjustment"",""cy_proxies_fy"",""head_scope"",""population_vintage""]",,residual_plus_unsized,,no computed counterpart,{}
spring_budget_2024,obr_pmd_nov2025:22267:69bcc37fd42c74be,spring_budget_2024__orchestra_theatre_and_museums_galleries_tax_relief_permanent_extension_of_40_for_non_touring_productions_and_4_21f9c44f,"Orchestra, theatre and museums/galleries tax relief: permanent extension of 40% for non-touring productions and 45% for touring and orchestral production",out_of_household_scope,business_tax,2025-26,2025,Company and other credits,Spending Measures (Policy measures database),2025-26,-8000000.0,-8000000.0,,,,not_available,not_computed,Source head is outside household tax-benefit scope; retained for event accounting.,"Business/sector tax, firm allowance or credit; household income-tax spillovers in the PMD do not make the underlying business measure a household reform.","[""Business/sector tax, firm allowance or credit; household income-tax spillovers in the PMD do not make the underlying business measure a household reform.""]",[],,,"[""baseline_vintage"",""behavioural_adjustment"",""cy_proxies_fy"",""head_scope"",""population_vintage""]",not_available,[],"[""baseline_vintage"",""behavioural_adjustment"",""cy_proxies_fy"",""head_scope"",""population_vintage""]",,residual_plus_unsized,,no computed counterpart,{}
spring_budget_2024,obr_pmd_nov2025:22268:5f348598195502bf,spring_budget_2024__orchestra_theatre_and_museums_galleries_tax_relief_permanent_extension_of_40_for_non_touring_productions_and_4_21f9c44f,"Orchestra, theatre and museums/galleries tax relief: permanent extension of 40% for non-touring productions and 45% for touring and orchestral production",out_of_household_scope,business_tax,2026-27,2026,Company and other credits,Spending Measures (Policy measures database),2026-27,-61000000.0,-61000000.0,,,,not_available,not_computed,Source head is outside household tax-benefit scope; retained for event accounting.,"Business/sector tax, firm allowance or credit; household income-tax spillovers in the PMD do not make the underlying business measure a household reform.","[""Business/sector tax, firm allowance or credit; household income-tax spillovers in the PMD do not make the underlying business measure a household reform.""]",[],,,"[""baseline_vintage"",""behavioural_adjustment"",""cy_proxies_fy"",""head_scope"",""population_vintage""]",not_available,[],"[""baseline_vintage"",""behavioural_adjustment"",""cy_proxies_fy"",""head_scope"",""population_vintage""]",,residual_plus_unsized,,no computed counterpart,{}
spring_budget_2024,obr_pmd_nov2025:22269:addc50247d034f6d,spring_budget_2024__orchestra_theatre_and_museums_galleries_tax_relief_permanent_extension_of_40_for_non_touring_productions_and_4_21f9c44f,"Orchestra, theatre and museums/galleries tax relief: permanent extension of 40% for non-touring productions and 45% for touring and orchestral production",out_of_household_scope,business_tax,2027-28,2027,Company and other credits,Spending Measures (Policy measures database),2027-28,-130000000.0,-130000000.0,,,,not_available,not_computed,Source head is outside household tax-benefit scope; retained for event accounting.,"Business/sector tax, firm allowance or credit; household income-tax spillovers in the PMD do not make the underlying business measure a household reform.","[""Business/sector tax, firm allowance or credit; household income-tax spillovers in the PMD do not make the underlying business measure a household reform.""]",[],,,"[""baseline_vintage"",""behavioural_adjustment"",""cy_proxies_fy"",""head_scope"",""population_vintage""]",not_available,[],"[""baseline_vintage"",""behavioural_adjustment"",""cy_proxies_fy"",""head_scope"",""population_vintage""]",,residual_plus_unsized,,no computed counterpart,{}
spring_budget_2024,obr_pmd_nov2025:22270:9b445b4e9dbf3829,spring_budget_2024__orchestra_theatre_and_museums_galleries_tax_relief_permanent_extension_of_40_for_non_touring_productions_and_4_21f9c44f,"Orchestra, theatre and museums/galleries tax relief: permanent extension of 40% for non-touring productions and 45% for touring and orchestral production",out_of_household_scope,business_tax,2028-29,2028,Company and other credits,Spending Measures (Policy measures database),2028-29,-168000000.0,-168000000.0,,,,not_available,not_computed,Source head is outside household tax-benefit scope; retained for event accounting.,"Business/sector tax, firm allowance or credit; household income-tax spillovers in the PMD do not make the underlying business measure a household reform.","[""Business/sector tax, firm allowance or credit; household income-tax spillovers in the PMD do not make the underlying business measure a household reform.""]",[],,,"[""baseline_vintage"",""behavioural_adjustment"",""cy_proxies_fy"",""head_scope"",""population_vintage""]",not_available,[],"[""baseline_vintage"",""behavioural_adjustment"",""cy_proxies_fy"",""head_scope"",""population_vintage""]",,residual_plus_unsized,,no computed counterpart,{}
spring_budget_2024,obr_pmd_nov2025:22535:1600c8c677c89f6d,spring_budget_2024__other_non_scorecard_del_changes_2d0cd888,Other non-scorecard DEL changes,out_of_household_scope,scope,2023-24,2023,PSCE in RDEL,Spending Measures (Policy measures database),2023-24,0.0,0.0,,,,not_available,not_computed,Source head is outside household tax-benefit scope; retained for event accounting.,"Business, departmental, local-authority, financing or block-grant accounts; no household tax/benefit counterpart for these source heads.","[""Business, departmental, local-authority, financing or block-grant accounts; no household tax/benefit counterpart for these source heads.""]",[],,,"[""baseline_vintage"",""behavioural_adjustment"",""cy_proxies_fy"",""head_scope"",""population_vintage""]",not_available,[],"[""baseline_vintage"",""behavioural_adjustment"",""cy_proxies_fy"",""head_scope"",""population_vintage""]",,residual_plus_unsized,,no computed counterpart,{}
spring_budget_2024,obr_pmd_nov2025:22541:b5d4908618ee15de,spring_budget_2024__other_non_scorecard_del_changes_2d0cd888,Other non-scorecard DEL changes,out_of_household_scope,scope,2023-24,2023,Scottish BGA (current),Spending Measures (Policy measures database),2023-24,0.0,0.0,,,,not_available,not_computed,Source head is outside household tax-benefit scope; retained for event accounting.,"Business, departmental, local-authority, financing or block-grant accounts; no household tax/benefit counterpart for these source heads.","[""Business, departmental, local-authority, financing or block-grant accounts; no household tax/benefit counterpart for these source heads.""]",[],,,"[""baseline_vintage"",""behavioural_adjustment"",""cy_proxies_fy"",""head_scope"",""population_vintage""]",not_available,[],"[""baseline_vintage"",""behavioural_adjustment"",""cy_proxies_fy"",""head_scope"",""population_vintage""]",,residual_plus_unsized,,no computed counterpart,{}
spring_budget_2024,obr_pmd_nov2025:22536:3af247d5b00c9d8f,spring_budget_2024__other_non_scorecard_del_changes_2d0cd888,Other non-scorecard DEL changes,out_of_household_scope,scope,2024-25,2024,PSCE in RDEL,Spending Measures (Policy measures database),2024-25,-115487121.08745022,-115487121.08745022,,,,not_available,not_computed,Source head is outside household tax-benefit scope; retained for event accounting.,"Business, departmental, local-authority, financing or block-grant accounts; no household tax/benefit counterpart for these source heads.","[""Business, departmental, local-authority, financing or block-grant accounts; no household tax/benefit counterpart for these source heads.""]",[],,,"[""baseline_vintage"",""behavioural_adjustment"",""cy_proxies_fy"",""head_scope"",""population_vintage""]",not_available,[],"[""baseline_vintage"",""behavioural_adjustment"",""cy_proxies_fy"",""head_scope"",""population_vintage""]",,residual_plus_unsized,,no computed counterpart,{}
spring_budget_2024,obr_pmd_nov2025:22542:b6b64c6f29ada768,spring_budget_2024__other_non_scorecard_del_changes_2d0cd888,Other non-scorecard DEL changes,out_of_household_scope,scope,2024-25,2024,Scottish BGA (current),Spending Measures (Policy measures database),2024-25,-10290576.434200233,-10290576.434200233,,,,not_available,not_computed,Source head is outside household tax-benefit scope; retained for event accounting.,"Business, departmental, local-authority, financing or block-grant accounts; no household tax/benefit counterpart for these source heads.","[""Business, departmental, local-authority, financing or block-grant accounts; no household tax/benefit counterpart for these source heads.""]",[],,,"[""baseline_vintage"",""behavioural_adjustment"",""cy_proxies_fy"",""head_scope"",""population_vintage""]",not_available,[],"[""baseline_vintage"",""behavioural_adjustment"",""cy_proxies_fy"",""head_scope"",""population_vintage""]",,residual_plus_unsized,,no computed counterpart,{}
spring_budget_2024,obr_pmd_nov2025:22537:6f13bc72c8ef985f,spring_budget_2024__other_non_scorecard_del_changes_2d0cd888,Other non-scorecard DEL changes,out_of_household_scope,scope,2025-26,2025,PSCE in RDEL,Spending Measures (Policy measures database),2025-26,-91771015.86413455,-91771015.86413455,,,,not_available,not_computed,Source head is outside household tax-benefit scope; retained for event accounting.,"Business, departmental, local-authority, financing or block-grant accounts; no household tax/benefit counterpart for these source heads.","[""Business, departmental, local-authority, financing or block-grant accounts; no household tax/benefit counterpart for these source heads.""]",[],,,"[""baseline_vintage"",""behavioural_adjustment"",""cy_proxies_fy"",""head_scope"",""population_vintage""]",not_available,[],"[""baseline_vintage"",""behavioural_adjustment"",""cy_proxies_fy"",""head_scope"",""population_vintage""]",,residual_plus_unsized,,no computed counterpart,{}
spring_budget_2024,obr_pmd_nov2025:22543:0eb95f768ae4d2ae,spring_budget_2024__other_non_scorecard_del_changes_2d0cd888,Other non-scorecard DEL changes,out_of_household_scope,scope,2025-26,2025,Scottish BGA (current),Spending Measures (Policy measures database),2025-26,-8177333.059319828,-8177333.059319828,,,,not_available,not_computed,Source head is outside household tax-benefit scope; retained for event accounting.,"Business, departmental, local-authority, financing or block-grant accounts; no household tax/benefit counterpart for these source heads.","[""Business, departmental, local-authority, financing or block-grant accounts; no household tax/benefit counterpart for these source heads.""]",[],,,"[""baseline_vintage"",""behavioural_adjustment"",""cy_proxies_fy"",""head_scope"",""population_vintage""]",not_available,[],"[""baseline_vintage"",""behavioural_adjustment"",""cy_proxies_fy"",""head_scope"",""population_vintage""]",,residual_plus_unsized,,no computed counterpart,{}
spring_budget_2024,obr_pmd_nov2025:22538:b8348b91982a8a44,spring_budget_2024__other_non_scorecard_del_changes_2d0cd888,Other non-scorecard DEL changes,out_of_household_scope,scope,2026-27,2026,PSCE in RDEL,Spending Measures (Policy measures database),2026-27,-91771015.86413455,-91771015.86413455,,,,not_available,not_computed,Source head is outside household tax-benefit scope; retained for event accounting.,"Business, departmental, local-authority, financing or block-grant accounts; no household tax/benefit counterpart for these source heads.","[""Business, departmental, local-authority, financing or block-grant accounts; no household tax/benefit counterpart for these source heads.""]",[],,,"[""baseline_vintage"",""behavioural_adjustment"",""cy_proxies_fy"",""head_scope"",""population_vintage""]",not_available,[],"[""baseline_vintage"",""behavioural_adjustment"",""cy_proxies_fy"",""head_scope"",""population_vintage""]",,residual_plus_unsized,,no computed counterpart,{}
spring_budget_2024,obr_pmd_nov2025:22544:0e1ae1ee68410e34,spring_budget_2024__other_non_scorecard_del_changes_2d0cd888,Other non-scorecard DEL changes,out_of_household_scope,scope,2026-27,2026,Scottish BGA (current),Spending Measures (Policy measures database),2026-27,-8177333.059319828,-8177333.059319828,,,,not_available,not_computed,Source head is outside household tax-benefit scope; retained for event accounting.,"Business, departmental, local-authority, financing or block-grant accounts; no household tax/benefit counterpart for these source heads.","[""Business, departmental, local-authority, financing or block-grant accounts; no household tax/benefit counterpart for these source heads.""]",[],,,"[""baseline_vintage"",""behavioural_adjustment"",""cy_proxies_fy"",""head_scope"",""population_vintage""]",not_available,[],"[""baseline_vintage"",""behavioural_adjustment"",""cy_proxies_fy"",""head_scope"",""population_vintage""]",,residual_plus_unsized,,no computed counterpart,{}
spring_budget_2024,obr_pmd_nov2025:22539:853b37a3bb8cfa38,spring_budget_2024__other_non_scorecard_del_changes_2d0cd888,Other non-scorecard DEL changes,out_of_household_scope,scope,2027-28,2027,PSCE in RDEL,Spending Measures (Policy measures database),2027-28,-91771015.86413455,-91771015.86413455,,,,not_available,not_computed,Source head is outside household tax-benefit scope; retained for event accounting.,"Business, departmental, local-authority, financing or block-grant accounts; no household tax/benefit counterpart for these source heads.","[""Business, departmental, local-authority, financing or block-grant accounts; no household tax/benefit counterpart for these source heads.""]",[],,,"[""baseline_vintage"",""behavioural_adjustment"",""cy_proxies_fy"",""head_scope"",""population_vintage""]",not_available,[],"[""baseline_vintage"",""behavioural_adjustment"",""cy_proxies_fy"",""head_scope"",""population_vintage""]",,residual_plus_unsized,,no computed counterpart,{}
spring_budget_2024,obr_pmd_nov2025:22545:8357be5b90260d9e,spring_budget_2024__other_non_scorecard_del_changes_2d0cd888,Other non-scorecard DEL changes,out_of_household_scope,scope,2027-28,2027,Scottish BGA (current),Spending Measures (Policy measures database),2027-28,-8177333.059319828,-8177333.059319828,,,,not_available,not_computed,Source head is outside household tax-benefit scope; retained for event accounting.,"Business, departmental, local-authority, financing or block-grant accounts; no household tax/benefit counterpart for these source heads.","[""Business, departmental, local-authority, financing or block-grant accounts; no household tax/benefit counterpart for these source heads.""]",[],,,"[""baseline_vintage"",""behavioural_adjustment"",""cy_proxies_fy"",""head_scope"",""population_vintage""]",not_available,[],"[""baseline_vintage"",""behavioural_adjustment"",""cy_proxies_fy"",""head_scope"",""population_vintage""]",,residual_plus_unsized,,no computed counterpart,{}
spring_budget_2024,obr_pmd_nov2025:22540:dd8db9d00a79daeb,spring_budget_2024__other_non_scorecard_del_changes_2d0cd888,Other non-scorecard DEL changes,out_of_household_scope,scope,2028-29,2028,PSCE in RDEL,Spending Measures (Policy measures database),2028-29,-38151995.35924695,-38151995.35924695,,,,not_available,not_computed,Source head is outside household tax-benefit scope; retained for event accounting.,"Business, departmental, local-authority, financing or block-grant accounts; no household tax/benefit counterpart for these source heads.","[""Business, departmental, local-authority, financing or block-grant accounts; no household tax/benefit counterpart for these source heads.""]",[],,,"[""baseline_vintage"",""behavioural_adjustment"",""cy_proxies_fy"",""head_scope"",""population_vintage""]",not_available,[],"[""baseline_vintage"",""behavioural_adjustment"",""cy_proxies_fy"",""head_scope"",""population_vintage""]",,residual_plus_unsized,,no computed counterpart,{}
spring_budget_2024,obr_pmd_nov2025:22546:2dcc3918603cd143,spring_budget_2024__other_non_scorecard_del_changes_2d0cd888,Other non-scorecard DEL changes,out_of_household_scope,scope,2028-29,2028,Scottish BGA (current),Spending Measures (Policy measures database),2028-29,-3399565.429155434,-3399565.429155434,,,,not_available,not_computed,Source head is outside household tax-benefit scope; retained for event accounting.,"Business, departmental, local-authority, financing or block-grant accounts; no household tax/benefit counterpart for these source heads.","[""Business, departmental, local-authority, financing or block-grant accounts; no household tax/benefit counterpart for these source heads.""]",[],,,"[""baseline_vintage"",""behavioural_adjustment"",""cy_proxies_fy"",""head_scope"",""population_vintage""]",not_available,[],"[""baseline_vintage"",""behavioural_adjustment"",""cy_proxies_fy"",""head_scope"",""population_vintage""]",,residual_plus_unsized,,no computed counterpart,{}
spring_budget_2024,obr_pmd_nov2025:11226:82a5dbb0e7390530,spring_budget_2024__penalty_reform_for_income_tax_self_assessment_making_tax_digital_volunteers_33b26602,Penalty reform for income tax Self Assessment: Making Tax Digital Volunteers,out_of_household_scope,scope,2023-24,2023,Penalties,Tax Measures (Policy measures database),2023-24,0.0,0.0,,,,not_available,not_computed,Source head is outside household tax-benefit scope; retained for event accounting.,"Business, departmental, local-authority, financing or block-grant accounts; no household tax/benefit counterpart for these source heads.","[""Business, departmental, local-authority, financing or block-grant accounts; no household tax/benefit counterpart for these source heads.""]",[],,,"[""baseline_vintage"",""behavioural_adjustment"",""cy_proxies_fy"",""head_scope"",""population_vintage""]",not_available,[],"[""baseline_vintage"",""behavioural_adjustment"",""cy_proxies_fy"",""head_scope"",""population_vintage""]",,residual_plus_unsized,,no computed counterpart,{}
spring_budget_2024,obr_pmd_nov2025:11227:1550374d2ef6a26a,spring_budget_2024__penalty_reform_for_income_tax_self_assessment_making_tax_digital_volunteers_33b26602,Penalty reform for income tax Self Assessment: Making Tax Digital Volunteers,out_of_household_scope,scope,2024-25,2024,Penalties,Tax Measures (Policy measures database),2024-25,0.0,0.0,,,,not_available,not_computed,Source head is outside household tax-benefit scope; retained for event accounting.,"Business, departmental, local-authority, financing or block-grant accounts; no household tax/benefit counterpart for these source heads.","[""Business, departmental, local-authority, financing or block-grant accounts; no household tax/benefit counterpart for these source heads.""]",[],,,"[""baseline_vintage"",""behavioural_adjustment"",""cy_proxies_fy"",""head_scope"",""population_vintage""]",not_available,[],"[""baseline_vintage"",""behavioural_adjustment"",""cy_proxies_fy"",""head_scope"",""population_vintage""]",,residual_plus_unsized,,no computed counterpart,{}
spring_budget_2024,obr_pmd_nov2025:11228:2641f0748b5bc6e7,spring_budget_2024__penalty_reform_for_income_tax_self_assessment_making_tax_digital_volunteers_33b26602,Penalty reform for income tax Self Assessment: Making Tax Digital Volunteers,out_of_household_scope,scope,2025-26,2025,Penalties,Tax Measures (Policy measures database),2025-26,0.0,0.0,,,,not_available,not_computed,Source head is outside household tax-benefit scope; retained for event accounting.,"Business, departmental, local-authority, financing or block-grant accounts; no household tax/benefit counterpart for these source heads.","[""Business, departmental, local-authority, financing or block-grant accounts; no household tax/benefit counterpart for these source heads.""]",[],,,"[""baseline_vintage"",""behavioural_adjustment"",""cy_proxies_fy"",""head_scope"",""population_vintage""]",not_available,[],"[""baseline_vintage"",""behavioural_adjustment"",""cy_proxies_fy"",""head_scope"",""population_vintage""]",,residual_plus_unsized,,no computed counterpart,{}
spring_budget_2024,obr_pmd_nov2025:11229:468ff127575e54a9,spring_budget_2024__penalty_reform_for_income_tax_self_assessment_making_tax_digital_volunteers_33b26602,Penalty reform for income tax Self Assessment: Making Tax Digital Volunteers,out_of_household_scope,scope,2026-27,2026,Penalties,Tax Measures (Policy measures database),2026-27,-158522.59653975544,-158522.59653975544,,,,not_available,not_computed,Source head is outside household tax-benefit scope; retained for event accounting.,"Business, departmental, local-authority, financing or block-grant accounts; no household tax/benefit counterpart for these source heads.","[""Business, departmental, local-authority, financing or block-grant accounts; no household tax/benefit counterpart for these source heads.""]",[],,,"[""baseline_vintage"",""behavioural_adjustment"",""cy_proxies_fy"",""head_scope"",""population_vintage""]",not_available,[],"[""baseline_vintage"",""behavioural_adjustment"",""cy_proxies_fy"",""head_scope"",""population_vintage""]",,residual_plus_unsized,,no computed counterpart,{}
spring_budget_2024,obr_pmd_nov2025:11230:3df340357f5d6923,spring_budget_2024__penalty_reform_for_income_tax_self_assessment_making_tax_digital_volunteers_33b26602,Penalty reform for income tax Self Assessment: Making Tax Digital Volunteers,out_of_household_scope,scope,2027-28,2027,Penalties,Tax Measures (Policy measures database),2027-28,-2432019.8810393233,-2432019.8810393233,,,,not_available,not_computed,Source head is outside household tax-benefit scope; retained for event accounting.,"Business, departmental, local-authority, financing or block-grant accounts; no household tax/benefit counterpart for these source heads.","[""Business, departmental, local-authority, financing or block-grant accounts; no household tax/benefit counterpart for these source heads.""]",[],,,"[""baseline_vintage"",""behavioural_adjustment"",""cy_proxies_fy"",""head_scope"",""population_vintage""]",not_available,[],"[""baseline_vintage"",""behavioural_adjustment"",""cy_proxies_fy"",""head_scope"",""population_vintage""]",,residual_plus_unsized,,no computed counterpart,{}
spring_budget_2024,obr_pmd_nov2025:11231:7e7f80f11d89012f,spring_budget_2024__penalty_reform_for_income_tax_self_assessment_making_tax_digital_volunteers_33b26602,Penalty reform for income tax Self Assessment: Making Tax Digital Volunteers,out_of_household_scope,scope,2028-29,2028,Penalties,Tax Measures (Policy measures database),2028-29,-3236295.3393282313,-3236295.3393282313,,,,not_available,not_computed,Source head is outside household tax-benefit scope; retained for event accounting.,"Business, departmental, local-authority, financing or block-grant accounts; no household tax/benefit counterpart for these source heads.","[""Business, departmental, local-authority, financing or block-grant accounts; no household tax/benefit counterpart for these source heads.""]",[],,,"[""baseline_vintage"",""behavioural_adjustment"",""cy_proxies_fy"",""head_scope"",""population_vintage""]",not_available,[],"[""baseline_vintage"",""behavioural_adjustment"",""cy_proxies_fy"",""head_scope"",""population_vintage""]",,residual_plus_unsized,,no computed counterpart,{}
spring_budget_2024,obr_pmd_nov2025:22277:80cc5ad2b09030ac,spring_budget_2024__public_sector_productivity_programme_nhs_investment_aa90d115,Public Sector Productivity Programme: NHS investment,out_of_household_scope,scope,2023-24,2023,PSGI in CDEL,Spending Measures (Policy measures database),2023-24,0.0,0.0,,,,not_available,not_computed,Source head is outside household tax-benefit scope; retained for event accounting.,"Business, departmental, local-authority, financing or block-grant accounts; no household tax/benefit counterpart for these source heads.","[""Business, departmental, local-authority, financing or block-grant accounts; no household tax/benefit counterpart for these source heads.""]",[],,,"[""baseline_vintage"",""behavioural_adjustment"",""cy_proxies_fy"",""head_scope"",""population_vintage""]",not_available,[],"[""baseline_vintage"",""behavioural_adjustment"",""cy_proxies_fy"",""head_scope"",""population_vintage""]",,residual_plus_unsized,,no computed counterpart,{}
spring_budget_2024,obr_pmd_nov2025:22283:072a40f19a1d0241,spring_budget_2024__public_sector_productivity_programme_nhs_investment_aa90d115,Public Sector Productivity Programme: NHS investment,out_of_household_scope,scope,2023-24,2023,Scottish BGA (capital),Spending Measures (Policy measures database),2023-24,0.0,0.0,,,,not_available,not_computed,Source head is outside household tax-benefit scope; retained for event accounting.,"Business, departmental, local-authority, financing or block-grant accounts; no household tax/benefit counterpart for these source heads.","[""Business, departmental, local-authority, financing or block-grant accounts; no household tax/benefit counterpart for these source heads.""]",[],,,"[""baseline_vintage"",""behavioural_adjustment"",""cy_proxies_fy"",""head_scope"",""population_vintage""]",not_available,[],"[""baseline_vintage"",""behavioural_adjustment"",""cy_proxies_fy"",""head_scope"",""population_vintage""]",,residual_plus_unsized,,no computed counterpart,{}
spring_budget_2024,obr_pmd_nov2025:22278:42bc902cd5d1c6a0,spring_budget_2024__public_sector_productivity_programme_nhs_investment_aa90d115,Public Sector Productivity Programme: NHS investment,out_of_household_scope,scope,2024-25,2024,PSGI in CDEL,Spending Measures (Policy measures database),2024-25,0.0,0.0,,,,not_available,not_computed,Source head is outside household tax-benefit scope; retained for event accounting.,"Business, departmental, local-authority, financing or block-grant accounts; no household tax/benefit counterpart for these source heads.","[""Business, departmental, local-authority, financing or block-grant accounts; no household tax/benefit counterpart for these source heads.""]",[],,,"[""baseline_vintage"",""behavioural_adjustment"",""cy_proxies_fy"",""head_scope"",""population_vintage""]",not_available,[],"[""baseline_vintage"",""behavioural_adjustment"",""cy_proxies_fy"",""head_scope"",""population_vintage""]",,residual_plus_unsized,,no computed counterpart,{}
spring_budget_2024,obr_pmd_nov2025:22284:1ede3eccd5fa6fba,spring_budget_2024__public_sector_productivity_programme_nhs_investment_aa90d115,Public Sector Productivity Programme: NHS investment,out_of_household_scope,scope,2024-25,2024,Scottish BGA (capital),Spending Measures (Policy measures database),2024-25,0.0,0.0,,,,not_available,not_computed,Source head is outside household tax-benefit scope; retained for event accounting.,"Business, departmental, local-authority, financing or block-grant accounts; no household tax/benefit counterpart for these source heads.","[""Business, departmental, local-authority, financing or block-grant accounts; no household tax/benefit counterpart for these source heads.""]",[],,,"[""baseline_vintage"",""behavioural_adjustment"",""cy_proxies_fy"",""head_scope"",""population_vintage""]",not_available,[],"[""baseline_vintage"",""behavioural_adjustment"",""cy_proxies_fy"",""head_scope"",""population_vintage""]",,residual_plus_unsized,,no computed counterpart,{}
spring_budget_2024,obr_pmd_nov2025:22279:acccb458794900bc,spring_budget_2024__public_sector_productivity_programme_nhs_investment_aa90d115,Public Sector Productivity Programme: NHS investment,out_of_household_scope,scope,2025-26,2025,PSGI in CDEL,Spending Measures (Policy measures database),2025-26,-826613526.8692912,-826613526.8692912,,,,not_available,not_computed,Source head is outside household tax-benefit scope; retained for event accounting.,"Business, departmental, local-authority, financing or block-grant accounts; no household tax/benefit counterpart for these source heads.","[""Business, departmental, local-authority, financing or block-grant accounts; no household tax/benefit counterpart for these source heads.""]",[],,,"[""baseline_vintage"",""behavioural_adjustment"",""cy_proxies_fy"",""head_scope"",""population_vintage""]",not_available,[],"[""baseline_vintage"",""behavioural_adjustment"",""cy_proxies_fy"",""head_scope"",""population_vintage""]",,residual_plus_unsized,,no computed counterpart,{}
spring_budget_2024,obr_pmd_nov2025:22285:c0f52c65a6f261e9,spring_budget_2024__public_sector_productivity_programme_nhs_investment_aa90d115,Public Sector Productivity Programme: NHS investment,out_of_household_scope,scope,2025-26,2025,Scottish BGA (capital),Spending Measures (Policy measures database),2025-26,-73470592.46890044,-73470592.46890044,,,,not_available,not_computed,Source head is outside household tax-benefit scope; retained for event accounting.,"Business, departmental, local-authority, financing or block-grant accounts; no household tax/benefit counterpart for these source heads.","[""Business, departmental, local-authority, financing or block-grant accounts; no household tax/benefit counterpart for these source heads.""]",[],,,"[""baseline_vintage"",""behavioural_adjustment"",""cy_proxies_fy"",""head_scope"",""population_vintage""]",not_available,[],"[""baseline_vintage"",""behavioural_adjustment"",""cy_proxies_fy"",""head_scope"",""population_vintage""]",,residual_plus_unsized,,no computed counterpart,{}
spring_budget_2024,obr_pmd_nov2025:22280:e1added877410df4,spring_budget_2024__public_sector_productivity_programme_nhs_investment_aa90d115,Public Sector Productivity Programme: NHS investment,out_of_household_scope,scope,2026-27,2026,PSGI in CDEL,Spending Measures (Policy measures database),2026-27,-826613526.8692912,-826613526.8692912,,,,not_available,not_computed,Source head is outside household tax-benefit scope; retained for event accounting.,"Business, departmental, local-authority, financing or block-grant accounts; no household tax/benefit counterpart for these source heads.","[""Business, departmental, local-authority, financing or block-grant accounts; no household tax/benefit counterpart for these source heads.""]",[],,,"[""baseline_vintage"",""behavioural_adjustment"",""cy_proxies_fy"",""head_scope"",""population_vintage""]",not_available,[],"[""baseline_vintage"",""behavioural_adjustment"",""cy_proxies_fy"",""head_scope"",""population_vintage""]",,residual_plus_unsized,,no computed counterpart,{}
spring_budget_2024,obr_pmd_nov2025:22286:ba22f83120f33924,spring_budget_2024__public_sector_productivity_programme_nhs_investment_aa90d115,Public Sector Productivity Programme: NHS investment,out_of_household_scope,scope,2026-27,2026,Scottish BGA (capital),Spending Measures (Policy measures database),2026-27,-73470592.46890044,-73470592.46890044,,,,not_available,not_computed,Source head is outside household tax-benefit scope; retained for event accounting.,"Business, departmental, local-authority, financing or block-grant accounts; no household tax/benefit counterpart for these source heads.","[""Business, departmental, local-authority, financing or block-grant accounts; no household tax/benefit counterpart for these source heads.""]",[],,,"[""baseline_vintage"",""behavioural_adjustment"",""cy_proxies_fy"",""head_scope"",""population_vintage""]",not_available,[],"[""baseline_vintage"",""behavioural_adjustment"",""cy_proxies_fy"",""head_scope"",""population_vintage""]",,residual_plus_unsized,,no computed counterpart,{}
spring_budget_2024,obr_pmd_nov2025:22281:d9eba67758b95cf4,spring_budget_2024__public_sector_productivity_programme_nhs_investment_aa90d115,Public Sector Productivity Programme: NHS investment,out_of_household_scope,scope,2027-28,2027,PSGI in CDEL,Spending Measures (Policy measures database),2027-28,-735009917.0315331,-735009917.0315331,,,,not_available,not_computed,Source head is outside household tax-benefit scope; retained for event accounting.,"Business, departmental, local-authority, financing or block-grant accounts; no household tax/benefit counterpart for these source heads.","[""Business, departmental, local-authority, financing or block-grant accounts; no household tax/benefit counterpart for these source heads.""]",[],,,"[""baseline_vintage"",""behavioural_adjustment"",""cy_proxies_fy"",""head_scope"",""population_vintage""]",not_available,[],"[""baseline_vintage"",""behavioural_adjustment"",""cy_proxies_fy"",""head_scope"",""population_vintage""]",,residual_plus_unsized,,no computed counterpart,{}
spring_budget_2024,obr_pmd_nov2025:22287:222f7d3b4666e51d,spring_budget_2024__public_sector_productivity_programme_nhs_investment_aa90d115,Public Sector Productivity Programme: NHS investment,out_of_household_scope,scope,2027-28,2027,Scottish BGA (capital),Spending Measures (Policy measures database),2027-28,-65328732.61746556,-65328732.61746556,,,,not_available,not_computed,Source head is outside household tax-benefit scope; retained for event accounting.,"Business, departmental, local-authority, financing or block-grant accounts; no household tax/benefit counterpart for these source heads.","[""Business, departmental, local-authority, financing or block-grant accounts; no household tax/benefit counterpart for these source heads.""]",[],,,"[""baseline_vintage"",""behavioural_adjustment"",""cy_proxies_fy"",""head_scope"",""population_vintage""]",not_available,[],"[""baseline_vintage"",""behavioural_adjustment"",""cy_proxies_fy"",""head_scope"",""population_vintage""]",,residual_plus_unsized,,no computed counterpart,{}
spring_budget_2024,obr_pmd_nov2025:22282:a3f01c84390c8a8a,spring_budget_2024__public_sector_productivity_programme_nhs_investment_aa90d115,Public Sector Productivity Programme: NHS investment,out_of_household_scope,scope,2028-29,2028,PSGI in CDEL,Spending Measures (Policy measures database),2028-29,0.0,0.0,,,,not_available,not_computed,Source head is outside household tax-benefit scope; retained for event accounting.,"Business, departmental, local-authority, financing or block-grant accounts; no household tax/benefit counterpart for these source heads.","[""Business, departmental, local-authority, financing or block-grant accounts; no household tax/benefit counterpart for these source heads.""]",[],,,"[""baseline_vintage"",""behavioural_adjustment"",""cy_proxies_fy"",""head_scope"",""population_vintage""]",not_available,[],"[""baseline_vintage"",""behavioural_adjustment"",""cy_proxies_fy"",""head_scope"",""population_vintage""]",,residual_plus_unsized,,no computed counterpart,{}
spring_budget_2024,obr_pmd_nov2025:22288:ff5141039a2ecf58,spring_budget_2024__public_sector_productivity_programme_nhs_investment_aa90d115,Public Sector Productivity Programme: NHS investment,out_of_household_scope,scope,2028-29,2028,Scottish BGA (capital),Spending Measures (Policy measures database),2028-29,0.0,0.0,,,,not_available,not_computed,Source head is outside household tax-benefit scope; retained for event accounting.,"Business, departmental, local-authority, financing or block-grant accounts; no household tax/benefit counterpart for these source heads.","[""Business, departmental, local-authority, financing or block-grant accounts; no household tax/benefit counterpart for these source heads.""]",[],,,"[""baseline_vintage"",""behavioural_adjustment"",""cy_proxies_fy"",""head_scope"",""population_vintage""]",not_available,[],"[""baseline_vintage"",""behavioural_adjustment"",""cy_proxies_fy"",""head_scope"",""population_vintage""]",,residual_plus_unsized,,no computed counterpart,{}
spring_budget_2024,obr_pmd_nov2025:22271:b5b39562f6b4cb3e,spring_budget_2024__reserved_investor_fund_tax_rules_to_facilitate_the_introduction_of_a_new_investment_fund_vehicle_9679eaf9,Reserved Investor Fund: tax rules to facilitate the introduction of a new investment fund vehicle,out_of_household_scope,transport,2023-24,2023,Company and other credits,Spending Measures (Policy measures database),2023-24,0.0,0.0,,,,not_available,not_computed,Source head is outside household tax-benefit scope; retained for event accounting.,"Targeted transport tax needs vehicle emissions/ownership, company-car benefit attributes or passenger journeys absent from the certified household inputs.","[""Targeted transport tax needs vehicle emissions/ownership, company-car benefit attributes or passenger journeys absent from the certified household inputs.""]",[],,,"[""baseline_vintage"",""behavioural_adjustment"",""cy_proxies_fy"",""head_scope"",""population_vintage""]",not_available,[],"[""baseline_vintage"",""behavioural_adjustment"",""cy_proxies_fy"",""head_scope"",""population_vintage""]",,residual_plus_unsized,,no computed counterpart,{}
spring_budget_2024,obr_pmd_nov2025:11022:1b1c6a3af210701d,spring_budget_2024__reserved_investor_fund_tax_rules_to_facilitate_the_introduction_of_a_new_investment_fund_vehicle_9679eaf9,Reserved Investor Fund: tax rules to facilitate the introduction of a new investment fund vehicle,not_expressible,transport,2023-24,2023,Stamp duty,Tax Measures (Policy measures database),2023-24,0.0,0.0,,,,not_available,not_computed,"Targeted transport tax needs vehicle emissions/ownership, company-car benefit attributes or passenger journeys absent from the certified household inputs.","Targeted transport tax needs vehicle emissions/ownership, company-car benefit attributes or passenger journeys absent from the certified household inputs.","[""Targeted transport tax needs vehicle emissions/ownership, company-car benefit attributes or passenger journeys absent from the certified household inputs.""]",[],,,"[""baseline_vintage"",""behavioural_adjustment"",""cy_proxies_fy"",""head_scope"",""population_vintage""]",not_available,[],"[""baseline_vintage"",""behavioural_adjustment"",""cy_proxies_fy"",""head_scope"",""population_vintage""]",,residual_plus_unsized,,no computed counterpart,{}
spring_budget_2024,obr_pmd_nov2025:22272:24cf0ab2a5420584,spring_budget_2024__reserved_investor_fund_tax_rules_to_facilitate_the_introduction_of_a_new_investment_fund_vehicle_9679eaf9,Reserved Investor Fund: tax rules to facilitate the introduction of a new investment fund vehicle,out_of_household_scope,transport,2024-25,2024,Company and other credits,Spending Measures (Policy measures database),2024-25,0.0,0.0,,,,not_available,not_computed,Source head is outside household tax-benefit scope; retained for event accounting.,"Targeted transport tax needs vehicle emissions/ownership, company-car benefit attributes or passenger journeys absent from the certified household inputs.","[""Targeted transport tax needs vehicle emissions/ownership, company-car benefit attributes or passenger journeys absent from the certified household inputs.""]",[],,,"[""baseline_vintage"",""behavioural_adjustment"",""cy_proxies_fy"",""head_scope"",""population_vintage""]",not_available,[],"[""baseline_vintage"",""behavioural_adjustment"",""cy_proxies_fy"",""head_scope"",""population_vintage""]",,residual_plus_unsized,,no computed counterpart,{}
spring_budget_2024,obr_pmd_nov2025:11023:e46c60db925792cf,spring_budget_2024__reserved_investor_fund_tax_rules_to_facilitate_the_introduction_of_a_new_investment_fund_vehicle_9679eaf9,Reserved Investor Fund: tax rules to facilitate the introduction of a new investment fund vehicle,not_expressible,transport,2024-25,2024,Stamp duty,Tax Measures (Policy measures database),2024-25,-884492.9955430134,-884492.9955430134,,,,not_available,not_computed,"Targeted transport tax needs vehicle emissions/ownership, company-car benefit attributes or passenger journeys absent from the certified household inputs.","Targeted transport tax needs vehicle emissions/ownership, company-car benefit attributes or passenger journeys absent from the certified household inputs.","[""Targeted transport tax needs vehicle emissions/ownership, company-car benefit attributes or passenger journeys absent from the certified household inputs.""]",[],,,"[""baseline_vintage"",""behavioural_adjustment"",""cy_proxies_fy"",""head_scope"",""population_vintage""]",not_available,[],"[""baseline_vintage"",""behavioural_adjustment"",""cy_proxies_fy"",""head_scope"",""population_vintage""]",,residual_plus_unsized,,no computed counterpart,{}
spring_budget_2024,obr_pmd_nov2025:22273:d8f5eff777dc27e2,spring_budget_2024__reserved_investor_fund_tax_rules_to_facilitate_the_introduction_of_a_new_investment_fund_vehicle_9679eaf9,Reserved Investor Fund: tax rules to facilitate the introduction of a new investment fund vehicle,out_of_household_scope,transport,2025-26,2025,Company and other credits,Spending Measures (Policy measures database),2025-26,0.0,0.0,,,,not_available,not_computed,Source head is outside household tax-benefit scope; retained for event accounting.,"Targeted transport tax needs vehicle emissions/ownership, company-car benefit attributes or passenger journeys absent from the certified household inputs.","[""Targeted transport tax needs vehicle emissions/ownership, company-car benefit attributes or passenger journeys absent from the certified household inputs.""]",[],,,"[""baseline_vintage"",""behavioural_adjustment"",""cy_proxies_fy"",""head_scope"",""population_vintage""]",not_available,[],"[""baseline_vintage"",""behavioural_adjustment"",""cy_proxies_fy"",""head_scope"",""population_vintage""]",,residual_plus_unsized,,no computed counterpart,{}
spring_budget_2024,obr_pmd_nov2025:11024:179f0b86e592d636,spring_budget_2024__reserved_investor_fund_tax_rules_to_facilitate_the_introduction_of_a_new_investment_fund_vehicle_9679eaf9,Reserved Investor Fund: tax rules to facilitate the introduction of a new investment fund vehicle,not_expressible,transport,2025-26,2025,Stamp duty,Tax Measures (Policy measures database),2025-26,-1786310.1004161343,-1786310.1004161343,,,,not_available,not_computed,"Targeted transport tax needs vehicle emissions/ownership, company-car benefit attributes or passenger journeys absent from the certified household inputs.","Targeted transport tax needs vehicle emissions/ownership, company-car benefit attributes or passenger journeys absent from the certified household inputs.","[""Targeted transport tax needs vehicle emissions/ownership, company-car benefit attributes or passenger journeys absent from the certified household inputs.""]",[],,,"[""baseline_vintage"",""behavioural_adjustment"",""cy_proxies_fy"",""head_scope"",""population_vintage""]",not_available,[],"[""baseline_vintage"",""behavioural_adjustment"",""cy_proxies_fy"",""head_scope"",""population_vintage""]",,residual_plus_unsized,,no computed counterpart,{}
spring_budget_2024,obr_pmd_nov2025:22274:4c8fc487a99792d6,spring_budget_2024__reserved_investor_fund_tax_rules_to_facilitate_the_introduction_of_a_new_investment_fund_vehicle_9679eaf9,Reserved Investor Fund: tax rules to facilitate the introduction of a new investment fund vehicle,out_of_household_scope,transport,2026-27,2026,Company and other credits,Spending Measures (Policy measures database),2026-27,0.0,0.0,,,,not_available,not_computed,Source head is outside household tax-benefit scope; retained for event accounting.,"Targeted transport tax needs vehicle emissions/ownership, company-car benefit attributes or passenger journeys absent from the certified household inputs.","[""Targeted transport tax needs vehicle emissions/ownership, company-car benefit attributes or passenger journeys absent from the certified household inputs.""]",[],,,"[""baseline_vintage"",""behavioural_adjustment"",""cy_proxies_fy"",""head_scope"",""population_vintage""]",not_available,[],"[""baseline_vintage"",""behavioural_adjustment"",""cy_proxies_fy"",""head_scope"",""population_vintage""]",,residual_plus_unsized,,no computed counterpart,{}
spring_budget_2024,obr_pmd_nov2025:11025:19e4e0d940949301,spring_budget_2024__reserved_investor_fund_tax_rules_to_facilitate_the_introduction_of_a_new_investment_fund_vehicle_9679eaf9,Reserved Investor Fund: tax rules to facilitate the introduction of a new investment fund vehicle,not_expressible,transport,2026-27,2026,Stamp duty,Tax Measures (Policy measures database),2026-27,-2722269.7278670403,-2722269.7278670403,,,,not_available,not_computed,"Targeted transport tax needs vehicle emissions/ownership, company-car benefit attributes or passenger journeys absent from the certified household inputs.","Targeted transport tax needs vehicle emissions/ownership, company-car benefit attributes or passenger journeys absent from the certified household inputs.","[""Targeted transport tax needs vehicle emissions/ownership, company-car benefit attributes or passenger journeys absent from the certified household inputs.""]",[],,,"[""baseline_vintage"",""behavioural_adjustment"",""cy_proxies_fy"",""head_scope"",""population_vintage""]",not_available,[],"[""baseline_vintage"",""behavioural_adjustment"",""cy_proxies_fy"",""head_scope"",""population_vintage""]",,residual_plus_unsized,,no computed counterpart,{}
spring_budget_2024,obr_pmd_nov2025:22275:1b2cb3af4ad8d5bf,spring_budget_2024__reserved_investor_fund_tax_rules_to_facilitate_the_introduction_of_a_new_investment_fund_vehicle_9679eaf9,Reserved Investor Fund: tax rules to facilitate the introduction of a new investment fund vehicle,out_of_household_scope,transport,2027-28,2027,Company and other credits,Spending Measures (Policy measures database),2027-28,0.0,0.0,,,,not_available,not_computed,Source head is outside household tax-benefit scope; retained for event accounting.,"Targeted transport tax needs vehicle emissions/ownership, company-car benefit attributes or passenger journeys absent from the certified household inputs.","[""Targeted transport tax needs vehicle emissions/ownership, company-car benefit attributes or passenger journeys absent from the certified household inputs.""]",[],,,"[""baseline_vintage"",""behavioural_adjustment"",""cy_proxies_fy"",""head_scope"",""population_vintage""]",not_available,[],"[""baseline_vintage"",""behavioural_adjustment"",""cy_proxies_fy"",""head_scope"",""population_vintage""]",,residual_plus_unsized,,no computed counterpart,{}
spring_budget_2024,obr_pmd_nov2025:11026:028b49d88db39951,spring_budget_2024__reserved_investor_fund_tax_rules_to_facilitate_the_introduction_of_a_new_investment_fund_vehicle_9679eaf9,Reserved Investor Fund: tax rules to facilitate the introduction of a new investment fund vehicle,not_expressible,transport,2027-28,2027,Stamp duty,Tax Measures (Policy measures database),2027-28,-3695943.521911161,-3695943.521911161,,,,not_available,not_computed,"Targeted transport tax needs vehicle emissions/ownership, company-car benefit attributes or passenger journeys absent from the certified household inputs.","Targeted transport tax needs vehicle emissions/ownership, company-car benefit attributes or passenger journeys absent from the certified household inputs.","[""Targeted transport tax needs vehicle emissions/ownership, company-car benefit attributes or passenger journeys absent from the certified household inputs.""]",[],,,"[""baseline_vintage"",""behavioural_adjustment"",""cy_proxies_fy"",""head_scope"",""population_vintage""]",not_available,[],"[""baseline_vintage"",""behavioural_adjustment"",""cy_proxies_fy"",""head_scope"",""population_vintage""]",,residual_plus_unsized,,no computed counterpart,{}
spring_budget_2024,obr_pmd_nov2025:22276:cb2fcc4cc410ae17,spring_budget_2024__reserved_investor_fund_tax_rules_to_facilitate_the_introduction_of_a_new_investment_fund_vehicle_9679eaf9,Reserved Investor Fund: tax rules to facilitate the introduction of a new investment fund vehicle,out_of_household_scope,transport,2028-29,2028,Company and other credits,Spending Measures (Policy measures database),2028-29,0.0,0.0,,,,not_available,not_computed,Source head is outside household tax-benefit scope; retained for event accounting.,"Targeted transport tax needs vehicle emissions/ownership, company-car benefit attributes or passenger journeys absent from the certified household inputs.","[""Targeted transport tax needs vehicle emissions/ownership, company-car benefit attributes or passenger journeys absent from the certified household inputs.""]",[],,,"[""baseline_vintage"",""behavioural_adjustment"",""cy_proxies_fy"",""head_scope"",""population_vintage""]",not_available,[],"[""baseline_vintage"",""behavioural_adjustment"",""cy_proxies_fy"",""head_scope"",""population_vintage""]",,residual_plus_unsized,,no computed counterpart,{}
spring_budget_2024,obr_pmd_nov2025:11027:fe85df4c0bd2b3f5,spring_budget_2024__reserved_investor_fund_tax_rules_to_facilitate_the_introduction_of_a_new_investment_fund_vehicle_9679eaf9,Reserved Investor Fund: tax rules to facilitate the introduction of a new investment fund vehicle,not_expressible,transport,2028-29,2028,Stamp duty,Tax Measures (Policy measures database),2028-29,-4705043.931663844,-4705043.931663844,,,,not_available,not_computed,"Targeted transport tax needs vehicle emissions/ownership, company-car benefit attributes or passenger journeys absent from the certified household inputs.","Targeted transport tax needs vehicle emissions/ownership, company-car benefit attributes or passenger journeys absent from the certified household inputs.","[""Targeted transport tax needs vehicle emissions/ownership, company-car benefit attributes or passenger journeys absent from the certified household inputs.""]",[],,,"[""baseline_vintage"",""behavioural_adjustment"",""cy_proxies_fy"",""head_scope"",""population_vintage""]",not_available,[],"[""baseline_vintage"",""behavioural_adjustment"",""cy_proxies_fy"",""head_scope"",""population_vintage""]",,residual_plus_unsized,,no computed counterpart,{}
spring_budget_2024,obr_pmd_nov2025:11184:e8b32cab3eb5419a,spring_budget_2024__stamp_duty_land_tax_acquisitions_by_registered_social_landlords_public_bodies_from_6_march_2024_8d15e462,Stamp Duty Land Tax: Acquisitions by Registered Social Landlords & Public Bodies from 6 March 2024,not_expressible,other,2023-24,2023,Stamp duty,Tax Measures (Policy measures database),2023-24,-235977.072440569,-235977.072440569,,,,not_available,not_computed,"The announcement needs a targeted tax-base, entitlement, transaction or programme mechanism not established as an executable reform on the certified household population.","The announcement needs a targeted tax-base, entitlement, transaction or programme mechanism not established as an executable reform on the certified household population.","[""The announcement needs a targeted tax-base, entitlement, transaction or programme mechanism not established as an executable reform on the certified household population.""]",[],,,"[""baseline_vintage"",""behavioural_adjustment"",""cy_proxies_fy"",""head_scope"",""population_vintage""]",not_available,[],"[""baseline_vintage"",""behavioural_adjustment"",""cy_proxies_fy"",""head_scope"",""population_vintage""]",,residual_plus_unsized,,no computed counterpart,{}
spring_budget_2024,obr_pmd_nov2025:11185:f1105620bf74fe17,spring_budget_2024__stamp_duty_land_tax_acquisitions_by_registered_social_landlords_public_bodies_from_6_march_2024_8d15e462,Stamp Duty Land Tax: Acquisitions by Registered Social Landlords & Public Bodies from 6 March 2024,not_expressible,other,2024-25,2024,Stamp duty,Tax Measures (Policy measures database),2024-25,-3388200.6766141113,-3388200.6766141113,,,,not_available,not_computed,"The announcement needs a targeted tax-base, entitlement, transaction or programme mechanism not established as an executable reform on the certified household population.","The announcement needs a targeted tax-base, entitlement, transaction or programme mechanism not established as an executable reform on the certified household population.","[""The announcement needs a targeted tax-base, entitlement, transaction or programme mechanism not established as an executable reform on the certified household population.""]",[],,,"[""baseline_vintage"",""behavioural_adjustment"",""cy_proxies_fy"",""head_scope"",""population_vintage""]",not_available,[],"[""baseline_vintage"",""behavioural_adjustment"",""cy_proxies_fy"",""head_scope"",""population_vintage""]",,residual_plus_unsized,,no computed counterpart,{}
spring_budget_2024,obr_pmd_nov2025:11186:a0e320549c4e38ed,spring_budget_2024__stamp_duty_land_tax_acquisitions_by_registered_social_landlords_public_bodies_from_6_march_2024_8d15e462,Stamp Duty Land Tax: Acquisitions by Registered Social Landlords & Public Bodies from 6 March 2024,not_expressible,other,2025-26,2025,Stamp duty,Tax Measures (Policy measures database),2025-26,-3421382.148513716,-3421382.148513716,,,,not_available,not_computed,"The announcement needs a targeted tax-base, entitlement, transaction or programme mechanism not established as an executable reform on the certified household population.","The announcement needs a targeted tax-base, entitlement, transaction or programme mechanism not established as an executable reform on the certified household population.","[""The announcement needs a targeted tax-base, entitlement, transaction or programme mechanism not established as an executable reform on the certified household population.""]",[],,,"[""baseline_vintage"",""behavioural_adjustment"",""cy_proxies_fy"",""head_scope"",""population_vintage""]",not_available,[],"[""baseline_vintage"",""behavioural_adjustment"",""cy_proxies_fy"",""head_scope"",""population_vintage""]",,residual_plus_unsized,,no computed counterpart,{}
spring_budget_2024,obr_pmd_nov2025:11187:2398974bb683abd7,spring_budget_2024__stamp_duty_land_tax_acquisitions_by_registered_social_landlords_public_bodies_from_6_march_2024_8d15e462,Stamp Duty Land Tax: Acquisitions by Registered Social Landlords & Public Bodies from 6 March 2024,not_expressible,other,2026-27,2026,Stamp duty,Tax Measures (Policy measures database),2026-27,-3476038.8834293415,-3476038.8834293415,,,,not_available,not_computed,"The announcement needs a targeted tax-base, entitlement, transaction or programme mechanism not established as an executable reform on the certified household population.","The announcement needs a targeted tax-base, entitlement, transaction or programme mechanism not established as an executable reform on the certified household population.","[""The announcement needs a targeted tax-base, entitlement, transaction or programme mechanism not established as an executable reform on the certified household population.""]",[],,,"[""baseline_vintage"",""behavioural_adjustment"",""cy_proxies_fy"",""head_scope"",""population_vintage""]",not_available,[],"[""baseline_vintage"",""behavioural_adjustment"",""cy_proxies_fy"",""head_scope"",""population_vintage""]",,residual_plus_unsized,,no computed counterpart,{}
spring_budget_2024,obr_pmd_nov2025:11188:0297643ba5b3a44a,spring_budget_2024__stamp_duty_land_tax_acquisitions_by_registered_social_landlords_public_bodies_from_6_march_2024_8d15e462,Stamp Duty Land Tax: Acquisitions by Registered Social Landlords & Public Bodies from 6 March 2024,not_expressible,other,2027-28,2027,Stamp duty,Tax Measures (Policy measures database),2027-28,-3539484.881386478,-3539484.881386478,,,,not_available,not_computed,"The announcement needs a targeted tax-base, entitlement, transaction or programme mechanism not established as an executable reform on the certified household population.","The announcement needs a targeted tax-base, entitlement, transaction or programme mechanism not established as an executable reform on the certified household population.","[""The announcement needs a targeted tax-base, entitlement, transaction or programme mechanism not established as an executable reform on the certified household population.""]",[],,,"[""baseline_vintage"",""behavioural_adjustment"",""cy_proxies_fy"",""head_scope"",""population_vintage""]",not_available,[],"[""baseline_vintage"",""behavioural_adjustment"",""cy_proxies_fy"",""head_scope"",""population_vintage""]",,residual_plus_unsized,,no computed counterpart,{}
spring_budget_2024,obr_pmd_nov2025:11189:7104fec7527d3bef,spring_budget_2024__stamp_duty_land_tax_acquisitions_by_registered_social_landlords_public_bodies_from_6_march_2024_8d15e462,Stamp Duty Land Tax: Acquisitions by Registered Social Landlords & Public Bodies from 6 March 2024,not_expressible,other,2028-29,2028,Stamp duty,Tax Measures (Policy measures database),2028-29,-3607114.39017676,-3607114.39017676,,,,not_available,not_computed,"The announcement needs a targeted tax-base, entitlement, transaction or programme mechanism not established as an executable reform on the certified household population.","The announcement needs a targeted tax-base, entitlement, transaction or programme mechanism not established as an executable reform on the certified household population.","[""The announcement needs a targeted tax-base, entitlement, transaction or programme mechanism not established as an executable reform on the certified household population.""]",[],,,"[""baseline_vintage"",""behavioural_adjustment"",""cy_proxies_fy"",""head_scope"",""population_vintage""]",not_available,[],"[""baseline_vintage"",""behavioural_adjustment"",""cy_proxies_fy"",""head_scope"",""population_vintage""]",,residual_plus_unsized,,no computed counterpart,{}
spring_budget_2024,obr_pmd_nov2025:11142:9efa65090142bdfe,spring_budget_2024__starting_rate_for_savings_maintain_at_5_000_for_2024_25_0f5f70e7,"Starting Rate for Savings: maintain at £5,000 for 2024-25",not_expressible,tax_benefit,2023-24,2023,Income tax,Tax Measures (Policy measures database),2023-24,0.0,0.0,,,,not_available,not_computed,"The relevant liability exists, but this announcement's counterfactual path or targeted eligibility has not been established on the certified population; no guessed parameter or baseline.","The relevant liability exists, but this announcement's counterfactual path or targeted eligibility has not been established on the certified population; no guessed parameter or baseline.","[""The relevant liability exists, but this announcement's counterfactual path or targeted eligibility has not been established on the certified population; no guessed parameter or baseline.""]",[],,,"[""baseline_vintage"",""behavioural_adjustment"",""cy_proxies_fy"",""head_scope"",""population_vintage""]",not_available,[],"[""baseline_vintage"",""behavioural_adjustment"",""cy_proxies_fy"",""head_scope"",""population_vintage""]",,residual_plus_unsized,,no computed counterpart,{}
spring_budget_2024,obr_pmd_nov2025:11143:10e79a649b6cd812,spring_budget_2024__starting_rate_for_savings_maintain_at_5_000_for_2024_25_0f5f70e7,"Starting Rate for Savings: maintain at £5,000 for 2024-25",not_expressible,tax_benefit,2024-25,2024,Income tax,Tax Measures (Policy measures database),2024-25,9166737.524077281,9166737.524077281,,,,not_available,not_computed,"The relevant liability exists, but this announcement's counterfactual path or targeted eligibility has not been established on the certified population; no guessed parameter or baseline.","The relevant liability exists, but this announcement's counterfactual path or targeted eligibility has not been established on the certified population; no guessed parameter or baseline.","[""The relevant liability exists, but this announcement's counterfactual path or targeted eligibility has not been established on the certified population; no guessed parameter or baseline.""]",[],,,"[""baseline_vintage"",""behavioural_adjustment"",""cy_proxies_fy"",""head_scope"",""population_vintage""]",not_available,[],"[""baseline_vintage"",""behavioural_adjustment"",""cy_proxies_fy"",""head_scope"",""population_vintage""]",,residual_plus_unsized,,no computed counterpart,{}
spring_budget_2024,obr_pmd_nov2025:11144:2312d375d1921200,spring_budget_2024__starting_rate_for_savings_maintain_at_5_000_for_2024_25_0f5f70e7,"Starting Rate for Savings: maintain at £5,000 for 2024-25",not_expressible,tax_benefit,2025-26,2025,Income tax,Tax Measures (Policy measures database),2025-26,23479616.29027376,23479616.29027376,,,,not_available,not_computed,"The relevant liability exists, but this announcement's counterfactual path or targeted eligibility has not been established on the certified population; no guessed parameter or baseline.","The relevant liability exists, but this announcement's counterfactual path or targeted eligibility has not been established on the certified population; no guessed parameter or baseline.","[""The relevant liability exists, but this announcement's counterfactual path or targeted eligibility has not been established on the certified population; no guessed parameter or baseline.""]",[],,,"[""baseline_vintage"",""behavioural_adjustment"",""cy_proxies_fy"",""head_scope"",""population_vintage""]",not_available,[],"[""baseline_vintage"",""behavioural_adjustment"",""cy_proxies_fy"",""head_scope"",""population_vintage""]",,residual_plus_unsized,,no computed counterpart,{}
spring_budget_2024,obr_pmd_nov2025:11145:692be91fe9e22705,spring_budget_2024__starting_rate_for_savings_maintain_at_5_000_for_2024_25_0f5f70e7,"Starting Rate for Savings: maintain at £5,000 for 2024-25",not_expressible,tax_benefit,2026-27,2026,Income tax,Tax Measures (Policy measures database),2026-27,20744277.660105843,20744277.660105843,,,,not_available,not_computed,"The relevant liability exists, but this announcement's counterfactual path or targeted eligibility has not been established on the certified population; no guessed parameter or baseline.","The relevant liability exists, but this announcement's counterfactual path or targeted eligibility has not been established on the certified population; no guessed parameter or baseline.","[""The relevant liability exists, but this announcement's counterfactual path or targeted eligibility has not been established on the certified population; no guessed parameter or baseline.""]",[],,,"[""baseline_vintage"",""behavioural_adjustment"",""cy_proxies_fy"",""head_scope"",""population_vintage""]",not_available,[],"[""baseline_vintage"",""behavioural_adjustment"",""cy_proxies_fy"",""head_scope"",""population_vintage""]",,residual_plus_unsized,,no computed counterpart,{}
spring_budget_2024,obr_pmd_nov2025:11146:1fd44f8b08b5c548,spring_budget_2024__starting_rate_for_savings_maintain_at_5_000_for_2024_25_0f5f70e7,"Starting Rate for Savings: maintain at £5,000 for 2024-25",not_expressible,tax_benefit,2027-28,2027,Income tax,Tax Measures (Policy measures database),2027-28,21379690.854069375,21379690.854069375,,,,not_available,not_computed,"The relevant liability exists, but this announcement's counterfactual path or targeted eligibility has not been established on the certified population; no guessed parameter or baseline.","The relevant liability exists, but this announcement's counterfactual path or targeted eligibility has not been established on the certified population; no guessed parameter or baseline.","[""The relevant liability exists, but this announcement's counterfactual path or targeted eligibility has not been established on the certified population; no guessed parameter or baseline.""]",[],,,"[""baseline_vintage"",""behavioural_adjustment"",""cy_proxies_fy"",""head_scope"",""population_vintage""]",not_available,[],"[""baseline_vintage"",""behavioural_adjustment"",""cy_proxies_fy"",""head_scope"",""population_vintage""]",,residual_plus_unsized,,no computed counterpart,{}
spring_budget_2024,obr_pmd_nov2025:11147:d644ddde7d4bce01,spring_budget_2024__starting_rate_for_savings_maintain_at_5_000_for_2024_25_0f5f70e7,"Starting Rate for Savings: maintain at £5,000 for 2024-25",not_expressible,tax_benefit,2028-29,2028,Income tax,Tax Measures (Policy measures database),2028-29,22155618.13216925,22155618.13216925,,,,not_available,not_computed,"The relevant liability exists, but this announcement's counterfactual path or targeted eligibility has not been established on the certified population; no guessed parameter or baseline.","The relevant liability exists, but this announcement's counterfactual path or targeted eligibility has not been established on the certified population; no guessed parameter or baseline.","[""The relevant liability exists, but this announcement's counterfactual path or targeted eligibility has not been established on the certified population; no guessed parameter or baseline.""]",[],,,"[""baseline_vintage"",""behavioural_adjustment"",""cy_proxies_fy"",""head_scope"",""population_vintage""]",not_available,[],"[""baseline_vintage"",""behavioural_adjustment"",""cy_proxies_fy"",""head_scope"",""population_vintage""]",,residual_plus_unsized,,no computed counterpart,{}
spring_budget_2024,obr_pmd_nov2025:22487:927d3d7532069a2d,spring_budget_2024__student_finance_impact_of_ukraine_permission_extension_scheme_from_march_2025_bf3c41a9,Student finance: impact of Ukraine Permission Extension Scheme from March 2025,out_of_household_scope,scope,2023-24,2023,Student loans,Spending Measures (Policy measures database),2023-24,0.0,0.0,,,,not_available,not_computed,Source head is outside household tax-benefit scope; retained for event accounting.,"Business, departmental, local-authority, financing or block-grant accounts; no household tax/benefit counterpart for these source heads.","[""Business, departmental, local-authority, financing or block-grant accounts; no household tax/benefit counterpart for these source heads.""]",[],,,"[""baseline_vintage"",""behavioural_adjustment"",""cy_proxies_fy"",""head_scope"",""population_vintage""]",not_available,[],"[""baseline_vintage"",""behavioural_adjustment"",""cy_proxies_fy"",""head_scope"",""population_vintage""]",,residual_plus_unsized,,no computed counterpart,{}
spring_budget_2024,obr_pmd_nov2025:22488:1b9c83cc754b2e82,spring_budget_2024__student_finance_impact_of_ukraine_permission_extension_scheme_from_march_2025_bf3c41a9,Student finance: impact of Ukraine Permission Extension Scheme from March 2025,out_of_household_scope,scope,2024-25,2024,Student loans,Spending Measures (Policy measures database),2024-25,0.0,0.0,,,,not_available,not_computed,Source head is outside household tax-benefit scope; retained for event accounting.,"Business, departmental, local-authority, financing or block-grant accounts; no household tax/benefit counterpart for these source heads.","[""Business, departmental, local-authority, financing or block-grant accounts; no household tax/benefit counterpart for these source heads.""]",[],,,"[""baseline_vintage"",""behavioural_adjustment"",""cy_proxies_fy"",""head_scope"",""population_vintage""]",not_available,[],"[""baseline_vintage"",""behavioural_adjustment"",""cy_proxies_fy"",""head_scope"",""population_vintage""]",,residual_plus_unsized,,no computed counterpart,{}
spring_budget_2024,obr_pmd_nov2025:22489:1072d40d6cb6e9b1,spring_budget_2024__student_finance_impact_of_ukraine_permission_extension_scheme_from_march_2025_bf3c41a9,Student finance: impact of Ukraine Permission Extension Scheme from March 2025,out_of_household_scope,scope,2025-26,2025,Student loans,Spending Measures (Policy measures database),2025-26,-2000000.0,-2000000.0,,,,not_available,not_computed,Source head is outside household tax-benefit scope; retained for event accounting.,"Business, departmental, local-authority, financing or block-grant accounts; no household tax/benefit counterpart for these source heads.","[""Business, departmental, local-authority, financing or block-grant accounts; no household tax/benefit counterpart for these source heads.""]",[],,,"[""baseline_vintage"",""behavioural_adjustment"",""cy_proxies_fy"",""head_scope"",""population_vintage""]",not_available,[],"[""baseline_vintage"",""behavioural_adjustment"",""cy_proxies_fy"",""head_scope"",""population_vintage""]",,residual_plus_unsized,,no computed counterpart,{}
spring_budget_2024,obr_pmd_nov2025:22490:9ecc296eb01e9af3,spring_budget_2024__student_finance_impact_of_ukraine_permission_extension_scheme_from_march_2025_bf3c41a9,Student finance: impact of Ukraine Permission Extension Scheme from March 2025,out_of_household_scope,scope,2026-27,2026,Student loans,Spending Measures (Policy measures database),2026-27,-6000000.0,-6000000.0,,,,not_available,not_computed,Source head is outside household tax-benefit scope; retained for event accounting.,"Business, departmental, local-authority, financing or block-grant accounts; no household tax/benefit counterpart for these source heads.","[""Business, departmental, local-authority, financing or block-grant accounts; no household tax/benefit counterpart for these source heads.""]",[],,,"[""baseline_vintage"",""behavioural_adjustment"",""cy_proxies_fy"",""head_scope"",""population_vintage""]",not_available,[],"[""baseline_vintage"",""behavioural_adjustment"",""cy_proxies_fy"",""head_scope"",""population_vintage""]",,residual_plus_unsized,,no computed counterpart,{}
spring_budget_2024,obr_pmd_nov2025:22491:8fc2f30b1730a345,spring_budget_2024__student_finance_impact_of_ukraine_permission_extension_scheme_from_march_2025_bf3c41a9,Student finance: impact of Ukraine Permission Extension Scheme from March 2025,out_of_household_scope,scope,2027-28,2027,Student loans,Spending Measures (Policy measures database),2027-28,-9000000.0,-9000000.0,,,,not_available,not_computed,Source head is outside household tax-benefit scope; retained for event accounting.,"Business, departmental, local-authority, financing or block-grant accounts; no household tax/benefit counterpart for these source heads.","[""Business, departmental, local-authority, financing or block-grant accounts; no household tax/benefit counterpart for these source heads.""]",[],,,"[""baseline_vintage"",""behavioural_adjustment"",""cy_proxies_fy"",""head_scope"",""population_vintage""]",not_available,[],"[""baseline_vintage"",""behavioural_adjustment"",""cy_proxies_fy"",""head_scope"",""population_vintage""]",,residual_plus_unsized,,no computed counterpart,{}
spring_budget_2024,obr_pmd_nov2025:22492:1dcafcc373dd0d36,spring_budget_2024__student_finance_impact_of_ukraine_permission_extension_scheme_from_march_2025_bf3c41a9,Student finance: impact of Ukraine Permission Extension Scheme from March 2025,out_of_household_scope,scope,2028-29,2028,Student loans,Spending Measures (Policy measures database),2028-29,-9000000.0,-9000000.0,,,,not_available,not_computed,Source head is outside household tax-benefit scope; retained for event accounting.,"Business, departmental, local-authority, financing or block-grant accounts; no household tax/benefit counterpart for these source heads.","[""Business, departmental, local-authority, financing or block-grant accounts; no household tax/benefit counterpart for these source heads.""]",[],,,"[""baseline_vintage"",""behavioural_adjustment"",""cy_proxies_fy"",""head_scope"",""population_vintage""]",not_available,[],"[""baseline_vintage"",""behavioural_adjustment"",""cy_proxies_fy"",""head_scope"",""population_vintage""]",,residual_plus_unsized,,no computed counterpart,{}
spring_budget_2024,obr_pmd_nov2025:22547:a6ef8737c5057d17,spring_budget_2024__supplementary_estimates_a315fcd1,Supplementary estimates,out_of_household_scope,scope,2023-24,2023,PSCE in RDEL,Spending Measures (Policy measures database),2023-24,-3238205306.933801,-3238205306.933801,,,,not_available,not_computed,Source head is outside household tax-benefit scope; retained for event accounting.,"Business, departmental, local-authority, financing or block-grant accounts; no household tax/benefit counterpart for these source heads.","[""Business, departmental, local-authority, financing or block-grant accounts; no household tax/benefit counterpart for these source heads.""]",[],,,"[""baseline_vintage"",""behavioural_adjustment"",""cy_proxies_fy"",""head_scope"",""population_vintage""]",not_available,[],"[""baseline_vintage"",""behavioural_adjustment"",""cy_proxies_fy"",""head_scope"",""population_vintage""]",,residual_plus_unsized,,no computed counterpart,{}
spring_budget_2024,obr_pmd_nov2025:22553:e87f16fdabc0903e,spring_budget_2024__supplementary_estimates_a315fcd1,Supplementary estimates,out_of_household_scope,scope,2023-24,2023,PSGI in CDEL,Spending Measures (Policy measures database),2023-24,3496978490.6964984,3496978490.6964984,,,,not_available,not_computed,Source head is outside household tax-benefit scope; retained for event accounting.,"Business, departmental, local-authority, financing or block-grant accounts; no household tax/benefit counterpart for these source heads.","[""Business, departmental, local-authority, financing or block-grant accounts; no household tax/benefit counterpart for these source heads.""]",[],,,"[""baseline_vintage"",""behavioural_adjustment"",""cy_proxies_fy"",""head_scope"",""population_vintage""]",not_available,[],"[""baseline_vintage"",""behavioural_adjustment"",""cy_proxies_fy"",""head_scope"",""population_vintage""]",,residual_plus_unsized,,no computed counterpart,{}
spring_budget_2024,obr_pmd_nov2025:22559:0ffa30c47394b63a,spring_budget_2024__supplementary_estimates_a315fcd1,Supplementary estimates,out_of_household_scope,scope,2023-24,2023,Scottish BGA (capital),Spending Measures (Policy measures database),2023-24,22286006.140098736,22286006.140098736,,,,not_available,not_computed,Source head is outside household tax-benefit scope; retained for event accounting.,"Business, departmental, local-authority, financing or block-grant accounts; no household tax/benefit counterpart for these source heads.","[""Business, departmental, local-authority, financing or block-grant accounts; no household tax/benefit counterpart for these source heads.""]",[],,,"[""baseline_vintage"",""behavioural_adjustment"",""cy_proxies_fy"",""head_scope"",""population_vintage""]",not_available,[],"[""baseline_vintage"",""behavioural_adjustment"",""cy_proxies_fy"",""head_scope"",""population_vintage""]",,residual_plus_unsized,,no computed counterpart,{}
spring_budget_2024,obr_pmd_nov2025:22565:4e434ea4e0954e63,spring_budget_2024__supplementary_estimates_a315fcd1,Supplementary estimates,out_of_household_scope,scope,2023-24,2023,Scottish BGA (current),Spending Measures (Policy measures database),2023-24,-149730764.30525962,-149730764.30525962,,,,not_available,not_computed,Source head is outside household tax-benefit scope; retained for event accounting.,"Business, departmental, local-authority, financing or block-grant accounts; no household tax/benefit counterpart for these source heads.","[""Business, departmental, local-authority, financing or block-grant accounts; no household tax/benefit counterpart for these source heads.""]",[],,,"[""baseline_vintage"",""behavioural_adjustment"",""cy_proxies_fy"",""head_scope"",""population_vintage""]",not_available,[],"[""baseline_vintage"",""behavioural_adjustment"",""cy_proxies_fy"",""head_scope"",""population_vintage""]",,residual_plus_unsized,,no computed counterpart,{}
spring_budget_2024,obr_pmd_nov2025:22548:ca797311e42218c6,spring_budget_2024__supplementary_estimates_a315fcd1,Supplementary estimates,out_of_household_scope,scope,2024-25,2024,PSCE in RDEL,Spending Measures (Policy measures database),2024-25,3057.8084871331625,3057.8084871331625,,,,not_available,not_computed,Source head is outside household tax-benefit scope; retained for event accounting.,"Business, departmental, local-authority, financing or block-grant accounts; no household tax/benefit counterpart for these source heads.","[""Business, departmental, local-authority, financing or block-grant accounts; no household tax/benefit counterpart for these source heads.""]",[],,,"[""baseline_vintage"",""behavioural_adjustment"",""cy_proxies_fy"",""head_scope"",""population_vintage""]",not_available,[],"[""baseline_vintage"",""behavioural_adjustment"",""cy_proxies_fy"",""head_scope"",""population_vintage""]",,residual_plus_unsized,,no computed counterpart,{}
spring_budget_2024,obr_pmd_nov2025:22554:ff273f309a6efadd,spring_budget_2024__supplementary_estimates_a315fcd1,Supplementary estimates,out_of_household_scope,scope,2024-25,2024,PSGI in CDEL,Spending Measures (Policy measures database),2024-25,-499.0000000284454,-499.0000000284454,,,,not_available,not_computed,Source head is outside household tax-benefit scope; retained for event accounting.,"Business, departmental, local-authority, financing or block-grant accounts; no household tax/benefit counterpart for these source heads.","[""Business, departmental, local-authority, financing or block-grant accounts; no household tax/benefit counterpart for these source heads.""]",[],,,"[""baseline_vintage"",""behavioural_adjustment"",""cy_proxies_fy"",""head_scope"",""population_vintage""]",not_available,[],"[""baseline_vintage"",""behavioural_adjustment"",""cy_proxies_fy"",""head_scope"",""population_vintage""]",,residual_plus_unsized,,no computed counterpart,{}
spring_budget_2024,obr_pmd_nov2025:22560:8f2571f78e40429a,spring_budget_2024__supplementary_estimates_a315fcd1,Supplementary estimates,out_of_household_scope,scope,2024-25,2024,Scottish BGA (capital),Spending Measures (Policy measures database),2024-25,0.0,0.0,,,,not_available,not_computed,Source head is outside household tax-benefit scope; retained for event accounting.,"Business, departmental, local-authority, financing or block-grant accounts; no household tax/benefit counterpart for these source heads.","[""Business, departmental, local-authority, financing or block-grant accounts; no household tax/benefit counterpart for these source heads.""]",[],,,"[""baseline_vintage"",""behavioural_adjustment"",""cy_proxies_fy"",""head_scope"",""population_vintage""]",not_available,[],"[""baseline_vintage"",""behavioural_adjustment"",""cy_proxies_fy"",""head_scope"",""population_vintage""]",,residual_plus_unsized,,no computed counterpart,{}
spring_budget_2024,obr_pmd_nov2025:22566:5eadcfef9d140659,spring_budget_2024__supplementary_estimates_a315fcd1,Supplementary estimates,out_of_household_scope,scope,2024-25,2024,Scottish BGA (current),Spending Measures (Policy measures database),2024-25,0.0,0.0,,,,not_available,not_computed,Source head is outside household tax-benefit scope; retained for event accounting.,"Business, departmental, local-authority, financing or block-grant accounts; no household tax/benefit counterpart for these source heads.","[""Business, departmental, local-authority, financing or block-grant accounts; no household tax/benefit counterpart for these source heads.""]",[],,,"[""baseline_vintage"",""behavioural_adjustment"",""cy_proxies_fy"",""head_scope"",""population_vintage""]",not_available,[],"[""baseline_vintage"",""behavioural_adjustment"",""cy_proxies_fy"",""head_scope"",""population_vintage""]",,residual_plus_unsized,,no computed counterpart,{}
spring_budget_2024,obr_pmd_nov2025:22549:714c398005650651,spring_budget_2024__supplementary_estimates_a315fcd1,Supplementary estimates,out_of_household_scope,scope,2025-26,2025,PSCE in RDEL,Spending Measures (Policy measures database),2025-26,2739.47962840948,2739.47962840948,,,,not_available,not_computed,Source head is outside household tax-benefit scope; retained for event accounting.,"Business, departmental, local-authority, financing or block-grant accounts; no household tax/benefit counterpart for these source heads.","[""Business, departmental, local-authority, financing or block-grant accounts; no household tax/benefit counterpart for these source heads.""]",[],,,"[""baseline_vintage"",""behavioural_adjustment"",""cy_proxies_fy"",""head_scope"",""population_vintage""]",not_available,[],"[""baseline_vintage"",""behavioural_adjustment"",""cy_proxies_fy"",""head_scope"",""population_vintage""]",,residual_plus_unsized,,no computed counterpart,{}
spring_budget_2024,obr_pmd_nov2025:22555:3f9ed000e7e4d843,spring_budget_2024__supplementary_estimates_a315fcd1,Supplementary estimates,out_of_household_scope,scope,2025-26,2025,PSGI in CDEL,Spending Measures (Policy measures database),2025-26,-489.0708345901551,-489.0708345901551,,,,not_available,not_computed,Source head is outside household tax-benefit scope; retained for event accounting.,"Business, departmental, local-authority, financing or block-grant accounts; no household tax/benefit counterpart for these source heads.","[""Business, departmental, local-authority, financing or block-grant accounts; no household tax/benefit counterpart for these source heads.""]",[],,,"[""baseline_vintage"",""behavioural_adjustment"",""cy_proxies_fy"",""head_scope"",""population_vintage""]",not_available,[],"[""baseline_vintage"",""behavioural_adjustment"",""cy_proxies_fy"",""head_scope"",""population_vintage""]",,residual_plus_unsized,,no computed counterpart,{}
spring_budget_2024,obr_pmd_nov2025:22561:9a5261377211473d,spring_budget_2024__supplementary_estimates_a315fcd1,Supplementary estimates,out_of_household_scope,scope,2025-26,2025,Scottish BGA (capital),Spending Measures (Policy measures database),2025-26,0.0,0.0,,,,not_available,not_computed,Source head is outside household tax-benefit scope; retained for event accounting.,"Business, departmental, local-authority, financing or block-grant accounts; no household tax/benefit counterpart for these source heads.","[""Business, departmental, local-authority, financing or block-grant accounts; no household tax/benefit counterpart for these source heads.""]",[],,,"[""baseline_vintage"",""behavioural_adjustment"",""cy_proxies_fy"",""head_scope"",""population_vintage""]",not_available,[],"[""baseline_vintage"",""behavioural_adjustment"",""cy_proxies_fy"",""head_scope"",""population_vintage""]",,residual_plus_unsized,,no computed counterpart,{}
spring_budget_2024,obr_pmd_nov2025:22567:37b64f1b0e2f123e,spring_budget_2024__supplementary_estimates_a315fcd1,Supplementary estimates,out_of_household_scope,scope,2025-26,2025,Scottish BGA (current),Spending Measures (Policy measures database),2025-26,0.0,0.0,,,,not_available,not_computed,Source head is outside household tax-benefit scope; retained for event accounting.,"Business, departmental, local-authority, financing or block-grant accounts; no household tax/benefit counterpart for these source heads.","[""Business, departmental, local-authority, financing or block-grant accounts; no household tax/benefit counterpart for these source heads.""]",[],,,"[""baseline_vintage"",""behavioural_adjustment"",""cy_proxies_fy"",""head_scope"",""population_vintage""]",not_available,[],"[""baseline_vintage"",""behavioural_adjustment"",""cy_proxies_fy"",""head_scope"",""population_vintage""]",,residual_plus_unsized,,no computed counterpart,{}
spring_budget_2024,obr_pmd_nov2025:22550:91791929c1830a36,spring_budget_2024__supplementary_estimates_a315fcd1,Supplementary estimates,out_of_household_scope,scope,2026-27,2026,PSCE in RDEL,Spending Measures (Policy measures database),2026-27,1082.0345272644083,1082.0345272644083,,,,not_available,not_computed,Source head is outside household tax-benefit scope; retained for event accounting.,"Business, departmental, local-authority, financing or block-grant accounts; no household tax/benefit counterpart for these source heads.","[""Business, departmental, local-authority, financing or block-grant accounts; no household tax/benefit counterpart for these source heads.""]",[],,,"[""baseline_vintage"",""behavioural_adjustment"",""cy_proxies_fy"",""head_scope"",""population_vintage""]",not_available,[],"[""baseline_vintage"",""behavioural_adjustment"",""cy_proxies_fy"",""head_scope"",""population_vintage""]",,residual_plus_unsized,,no computed counterpart,{}
spring_budget_2024,obr_pmd_nov2025:22556:4570b0a2aff30bee,spring_budget_2024__supplementary_estimates_a315fcd1,Supplementary estimates,out_of_household_scope,scope,2026-27,2026,PSGI in CDEL,Spending Measures (Policy measures database),2026-27,-490.5160609312009,-490.5160609312009,,,,not_available,not_computed,Source head is outside household tax-benefit scope; retained for event accounting.,"Business, departmental, local-authority, financing or block-grant accounts; no household tax/benefit counterpart for these source heads.","[""Business, departmental, local-authority, financing or block-grant accounts; no household tax/benefit counterpart for these source heads.""]",[],,,"[""baseline_vintage"",""behavioural_adjustment"",""cy_proxies_fy"",""head_scope"",""population_vintage""]",not_available,[],"[""baseline_vintage"",""behavioural_adjustment"",""cy_proxies_fy"",""head_scope"",""population_vintage""]",,residual_plus_unsized,,no computed counterpart,{}
spring_budget_2024,obr_pmd_nov2025:22562:da696f1fd3602a8e,spring_budget_2024__supplementary_estimates_a315fcd1,Supplementary estimates,out_of_household_scope,scope,2026-27,2026,Scottish BGA (capital),Spending Measures (Policy measures database),2026-27,0.0,0.0,,,,not_available,not_computed,Source head is outside household tax-benefit scope; retained for event accounting.,"Business, departmental, local-authority, financing or block-grant accounts; no household tax/benefit counterpart for these source heads.","[""Business, departmental, local-authority, financing or block-grant accounts; no household tax/benefit counterpart for these source heads.""]",[],,,"[""baseline_vintage"",""behavioural_adjustment"",""cy_proxies_fy"",""head_scope"",""population_vintage""]",not_available,[],"[""baseline_vintage"",""behavioural_adjustment"",""cy_proxies_fy"",""head_scope"",""population_vintage""]",,residual_plus_unsized,,no computed counterpart,{}
spring_budget_2024,obr_pmd_nov2025:22568:c61a4db92298b5a6,spring_budget_2024__supplementary_estimates_a315fcd1,Supplementary estimates,out_of_household_scope,scope,2026-27,2026,Scottish BGA (current),Spending Measures (Policy measures database),2026-27,0.0,0.0,,,,not_available,not_computed,Source head is outside household tax-benefit scope; retained for event accounting.,"Business, departmental, local-authority, financing or block-grant accounts; no household tax/benefit counterpart for these source heads.","[""Business, departmental, local-authority, financing or block-grant accounts; no household tax/benefit counterpart for these source heads.""]",[],,,"[""baseline_vintage"",""behavioural_adjustment"",""cy_proxies_fy"",""head_scope"",""population_vintage""]",not_available,[],"[""baseline_vintage"",""behavioural_adjustment"",""cy_proxies_fy"",""head_scope"",""population_vintage""]",,residual_plus_unsized,,no computed counterpart,{}
spring_budget_2024,obr_pmd_nov2025:22551:376996ce63e5f3ca,spring_budget_2024__supplementary_estimates_a315fcd1,Supplementary estimates,out_of_household_scope,scope,2027-28,2027,PSCE in RDEL,Spending Measures (Policy measures database),2027-28,1409.014338596859,1409.014338596859,,,,not_available,not_computed,Source head is outside household tax-benefit scope; retained for event accounting.,"Business, departmental, local-authority, financing or block-grant accounts; no household tax/benefit counterpart for these source heads.","[""Business, departmental, local-authority, financing or block-grant accounts; no household tax/benefit counterpart for these source heads.""]",[],,,"[""baseline_vintage"",""behavioural_adjustment"",""cy_proxies_fy"",""head_scope"",""population_vintage""]",not_available,[],"[""baseline_vintage"",""behavioural_adjustment"",""cy_proxies_fy"",""head_scope"",""population_vintage""]",,residual_plus_unsized,,no computed counterpart,{}
spring_budget_2024,obr_pmd_nov2025:22557:d83aa8743a18a887,spring_budget_2024__supplementary_estimates_a315fcd1,Supplementary estimates,out_of_household_scope,scope,2027-28,2027,PSGI in CDEL,Spending Measures (Policy measures database),2027-28,-490.95972661417073,-490.95972661417073,,,,not_available,not_computed,Source head is outside household tax-benefit scope; retained for event accounting.,"Business, departmental, local-authority, financing or block-grant accounts; no household tax/benefit counterpart for these source heads.","[""Business, departmental, local-authority, financing or block-grant accounts; no household tax/benefit counterpart for these source heads.""]",[],,,"[""baseline_vintage"",""behavioural_adjustment"",""cy_proxies_fy"",""head_scope"",""population_vintage""]",not_available,[],"[""baseline_vintage"",""behavioural_adjustment"",""cy_proxies_fy"",""head_scope"",""population_vintage""]",,residual_plus_unsized,,no computed counterpart,{}
spring_budget_2024,obr_pmd_nov2025:22563:78a6d34da6327dca,spring_budget_2024__supplementary_estimates_a315fcd1,Supplementary estimates,out_of_household_scope,scope,2027-28,2027,Scottish BGA (capital),Spending Measures (Policy measures database),2027-28,0.0,0.0,,,,not_available,not_computed,Source head is outside household tax-benefit scope; retained for event accounting.,"Business, departmental, local-authority, financing or block-grant accounts; no household tax/benefit counterpart for these source heads.","[""Business, departmental, local-authority, financing or block-grant accounts; no household tax/benefit counterpart for these source heads.""]",[],,,"[""baseline_vintage"",""behavioural_adjustment"",""cy_proxies_fy"",""head_scope"",""population_vintage""]",not_available,[],"[""baseline_vintage"",""behavioural_adjustment"",""cy_proxies_fy"",""head_scope"",""population_vintage""]",,residual_plus_unsized,,no computed counterpart,{}
spring_budget_2024,obr_pmd_nov2025:22569:91b2b01518c34331,spring_budget_2024__supplementary_estimates_a315fcd1,Supplementary estimates,out_of_household_scope,scope,2027-28,2027,Scottish BGA (current),Spending Measures (Policy measures database),2027-28,0.0,0.0,,,,not_available,not_computed,Source head is outside household tax-benefit scope; retained for event accounting.,"Business, departmental, local-authority, financing or block-grant accounts; no household tax/benefit counterpart for these source heads.","[""Business, departmental, local-authority, financing or block-grant accounts; no household tax/benefit counterpart for these source heads.""]",[],,,"[""baseline_vintage"",""behavioural_adjustment"",""cy_proxies_fy"",""head_scope"",""population_vintage""]",not_available,[],"[""baseline_vintage"",""behavioural_adjustment"",""cy_proxies_fy"",""head_scope"",""population_vintage""]",,residual_plus_unsized,,no computed counterpart,{}
spring_budget_2024,obr_pmd_nov2025:22552:ab6f7941e48d1745,spring_budget_2024__supplementary_estimates_a315fcd1,Supplementary estimates,out_of_household_scope,scope,2028-29,2028,PSCE in RDEL,Spending Measures (Policy measures database),2028-29,1835.8472585744412,1835.8472585744412,,,,not_available,not_computed,Source head is outside household tax-benefit scope; retained for event accounting.,"Business, departmental, local-authority, financing or block-grant accounts; no household tax/benefit counterpart for these source heads.","[""Business, departmental, local-authority, financing or block-grant accounts; no household tax/benefit counterpart for these source heads.""]",[],,,"[""baseline_vintage"",""behavioural_adjustment"",""cy_proxies_fy"",""head_scope"",""population_vintage""]",not_available,[],"[""baseline_vintage"",""behavioural_adjustment"",""cy_proxies_fy"",""head_scope"",""population_vintage""]",,residual_plus_unsized,,no computed counterpart,{}
spring_budget_2024,obr_pmd_nov2025:22558:dba9a49bc7a893b8,spring_budget_2024__supplementary_estimates_a315fcd1,Supplementary estimates,out_of_household_scope,scope,2028-29,2028,PSGI in CDEL,Spending Measures (Policy measures database),2028-29,-489.75413233165455,-489.75413233165455,,,,not_available,not_computed,Source head is outside household tax-benefit scope; retained for event accounting.,"Business, departmental, local-authority, financing or block-grant accounts; no household tax/benefit counterpart for these source heads.","[""Business, departmental, local-authority, financing or block-grant accounts; no household tax/benefit counterpart for these source heads.""]",[],,,"[""baseline_vintage"",""behavioural_adjustment"",""cy_proxies_fy"",""head_scope"",""population_vintage""]",not_available,[],"[""baseline_vintage"",""behavioural_adjustment"",""cy_proxies_fy"",""head_scope"",""population_vintage""]",,residual_plus_unsized,,no computed counterpart,{}
spring_budget_2024,obr_pmd_nov2025:22564:7352c61e059220a3,spring_budget_2024__supplementary_estimates_a315fcd1,Supplementary estimates,out_of_household_scope,scope,2028-29,2028,Scottish BGA (capital),Spending Measures (Policy measures database),2028-29,0.0,0.0,,,,not_available,not_computed,Source head is outside household tax-benefit scope; retained for event accounting.,"Business, departmental, local-authority, financing or block-grant accounts; no household tax/benefit counterpart for these source heads.","[""Business, departmental, local-authority, financing or block-grant accounts; no household tax/benefit counterpart for these source heads.""]",[],,,"[""baseline_vintage"",""behavioural_adjustment"",""cy_proxies_fy"",""head_scope"",""population_vintage""]",not_available,[],"[""baseline_vintage"",""behavioural_adjustment"",""cy_proxies_fy"",""head_scope"",""population_vintage""]",,residual_plus_unsized,,no computed counterpart,{}
spring_budget_2024,obr_pmd_nov2025:22570:c771b839be444553,spring_budget_2024__supplementary_estimates_a315fcd1,Supplementary estimates,out_of_household_scope,scope,2028-29,2028,Scottish BGA (current),Spending Measures (Policy measures database),2028-29,0.0,0.0,,,,not_available,not_computed,Source head is outside household tax-benefit scope; retained for event accounting.,"Business, departmental, local-authority, financing or block-grant accounts; no household tax/benefit counterpart for these source heads.","[""Business, departmental, local-authority, financing or block-grant accounts; no household tax/benefit counterpart for these source heads.""]",[],,,"[""baseline_vintage"",""behavioural_adjustment"",""cy_proxies_fy"",""head_scope"",""population_vintage""]",not_available,[],"[""baseline_vintage"",""behavioural_adjustment"",""cy_proxies_fy"",""head_scope"",""population_vintage""]",,residual_plus_unsized,,no computed counterpart,{}
spring_budget_2024,obr_pmd_nov2025:11262:f25f571921990485,spring_budget_2024__tariff_changes_since_autumn_budget_2023_70d15309,Tariff changes since Autumn Budget 2023,out_of_household_scope,scope,2023-24,2023,Customs duty,Tax Measures (Policy measures database),2023-24,-122415885.84925635,-122415885.84925635,,,,not_available,not_computed,Source head is outside household tax-benefit scope; retained for event accounting.,"Business, departmental, local-authority, financing or block-grant accounts; no household tax/benefit counterpart for these source heads.","[""Business, departmental, local-authority, financing or block-grant accounts; no household tax/benefit counterpart for these source heads.""]",[],,,"[""baseline_vintage"",""behavioural_adjustment"",""cy_proxies_fy"",""head_scope"",""population_vintage""]",not_available,[],"[""baseline_vintage"",""behavioural_adjustment"",""cy_proxies_fy"",""head_scope"",""population_vintage""]",,residual_plus_unsized,,no computed counterpart,{}
spring_budget_2024,obr_pmd_nov2025:11263:6d297e86073265eb,spring_budget_2024__tariff_changes_since_autumn_budget_2023_70d15309,Tariff changes since Autumn Budget 2023,out_of_household_scope,scope,2024-25,2024,Customs duty,Tax Measures (Policy measures database),2024-25,-371080977.2127744,-371080977.2127744,,,,not_available,not_computed,Source head is outside household tax-benefit scope; retained for event accounting.,"Business, departmental, local-authority, financing or block-grant accounts; no household tax/benefit counterpart for these source heads.","[""Business, departmental, local-authority, financing or block-grant accounts; no household tax/benefit counterpart for these source heads.""]",[],,,"[""baseline_vintage"",""behavioural_adjustment"",""cy_proxies_fy"",""head_scope"",""population_vintage""]",not_available,[],"[""baseline_vintage"",""behavioural_adjustment"",""cy_proxies_fy"",""head_scope"",""population_vintage""]",,residual_plus_unsized,,no computed counterpart,{}
spring_budget_2024,obr_pmd_nov2025:11264:54269d3bfbbb829d,spring_budget_2024__tariff_changes_since_autumn_budget_2023_70d15309,Tariff changes since Autumn Budget 2023,out_of_household_scope,scope,2025-26,2025,Customs duty,Tax Measures (Policy measures database),2025-26,-233042377.38677517,-233042377.38677517,,,,not_available,not_computed,Source head is outside household tax-benefit scope; retained for event accounting.,"Business, departmental, local-authority, financing or block-grant accounts; no household tax/benefit counterpart for these source heads.","[""Business, departmental, local-authority, financing or block-grant accounts; no household tax/benefit counterpart for these source heads.""]",[],,,"[""baseline_vintage"",""behavioural_adjustment"",""cy_proxies_fy"",""head_scope"",""population_vintage""]",not_available,[],"[""baseline_vintage"",""behavioural_adjustment"",""cy_proxies_fy"",""head_scope"",""population_vintage""]",,residual_plus_unsized,,no computed counterpart,{}
spring_budget_2024,obr_pmd_nov2025:11265:03d1207b1d95ab11,spring_budget_2024__tariff_changes_since_autumn_budget_2023_70d15309,Tariff changes since Autumn Budget 2023,out_of_household_scope,scope,2026-27,2026,Customs duty,Tax Measures (Policy measures database),2026-27,-74997622.21639152,-74997622.21639152,,,,not_available,not_computed,Source head is outside household tax-benefit scope; retained for event accounting.,"Business, departmental, local-authority, financing or block-grant accounts; no household tax/benefit counterpart for these source heads.","[""Business, departmental, local-authority, financing or block-grant accounts; no household tax/benefit counterpart for these source heads.""]",[],,,"[""baseline_vintage"",""behavioural_adjustment"",""cy_proxies_fy"",""head_scope"",""population_vintage""]",not_available,[],"[""baseline_vintage"",""behavioural_adjustment"",""cy_proxies_fy"",""head_scope"",""population_vintage""]",,residual_plus_unsized,,no computed counterpart,{}
spring_budget_2024,obr_pmd_nov2025:11266:0b2704922b713314,spring_budget_2024__tariff_changes_since_autumn_budget_2023_70d15309,Tariff changes since Autumn Budget 2023,out_of_household_scope,scope,2027-28,2027,Customs duty,Tax Measures (Policy measures database),2027-28,0.0,0.0,,,,not_available,not_computed,Source head is outside household tax-benefit scope; retained for event accounting.,"Business, departmental, local-authority, financing or block-grant accounts; no household tax/benefit counterpart for these source heads.","[""Business, departmental, local-authority, financing or block-grant accounts; no household tax/benefit counterpart for these source heads.""]",[],,,"[""baseline_vintage"",""behavioural_adjustment"",""cy_proxies_fy"",""head_scope"",""population_vintage""]",not_available,[],"[""baseline_vintage"",""behavioural_adjustment"",""cy_proxies_fy"",""head_scope"",""population_vintage""]",,residual_plus_unsized,,no computed counterpart,{}
spring_budget_2024,obr_pmd_nov2025:11267:7e8947f07d621d9e,spring_budget_2024__tariff_changes_since_autumn_budget_2023_70d15309,Tariff changes since Autumn Budget 2023,out_of_household_scope,scope,2028-29,2028,Customs duty,Tax Measures (Policy measures database),2028-29,0.0,0.0,,,,not_available,not_computed,Source head is outside household tax-benefit scope; retained for event accounting.,"Business, departmental, local-authority, financing or block-grant accounts; no household tax/benefit counterpart for these source heads.","[""Business, departmental, local-authority, financing or block-grant accounts; no household tax/benefit counterpart for these source heads.""]",[],,,"[""baseline_vintage"",""behavioural_adjustment"",""cy_proxies_fy"",""head_scope"",""population_vintage""]",not_available,[],"[""baseline_vintage"",""behavioural_adjustment"",""cy_proxies_fy"",""head_scope"",""population_vintage""]",,residual_plus_unsized,,no computed counterpart,{}
spring_budget_2024,obr_pmd_nov2025:11088:549becfce8ce6ad0,spring_budget_2024__taxation_of_non_domiciled_individuals_from_6_april_2025_replace_existing_regime_with_a_new_relief_on_foreign_i_7aa4d4ff,Taxation of non-domiciled individuals: from 6 April 2025 replace existing regime with a new relief on foreign income and gains available for the first four years of UK tax residency with transitional arrangements,not_expressible,income_tax,2023-24,2023,Capital gains tax,Tax Measures (Policy measures database),2023-24,0.0,0.0,,,,not_available,not_computed,"No residence-history, foreign-income regime or repatriation/base-cost history needed by the announcement package.","No residence-history, foreign-income regime or repatriation/base-cost history needed by the announcement package.","[""No residence-history, foreign-income regime or repatriation/base-cost history needed by the announcement package.""]",[],,,"[""baseline_vintage"",""behavioural_adjustment"",""cy_proxies_fy"",""head_scope"",""population_vintage""]",not_available,[],"[""baseline_vintage"",""behavioural_adjustment"",""cy_proxies_fy"",""head_scope"",""population_vintage""]",,residual_plus_unsized,,no computed counterpart,{}
spring_budget_2024,obr_pmd_nov2025:11094:287a44da39f5aad4,spring_budget_2024__taxation_of_non_domiciled_individuals_from_6_april_2025_replace_existing_regime_with_a_new_relief_on_foreign_i_7aa4d4ff,Taxation of non-domiciled individuals: from 6 April 2025 replace existing regime with a new relief on foreign income and gains available for the first four years of UK tax residency with transitional arrangements,not_expressible,income_tax,2023-24,2023,Income tax,Tax Measures (Policy measures database),2023-24,0.0,0.0,,,,not_available,not_computed,"No residence-history, foreign-income regime or repatriation/base-cost history needed by the announcement package.","No residence-history, foreign-income regime or repatriation/base-cost history needed by the announcement package.","[""No residence-history, foreign-income regime or repatriation/base-cost history needed by the announcement package.""]",[],,,"[""baseline_vintage"",""behavioural_adjustment"",""cy_proxies_fy"",""head_scope"",""population_vintage""]",not_available,[],"[""baseline_vintage"",""behavioural_adjustment"",""cy_proxies_fy"",""head_scope"",""population_vintage""]",,residual_plus_unsized,,no computed counterpart,{}
spring_budget_2024,obr_pmd_nov2025:11082:cf9851fdd3439e87,spring_budget_2024__taxation_of_non_domiciled_individuals_from_6_april_2025_replace_existing_regime_with_a_new_relief_on_foreign_i_7aa4d4ff,Taxation of non-domiciled individuals: from 6 April 2025 replace existing regime with a new relief on foreign income and gains available for the first four years of UK tax residency with transitional arrangements,not_expressible,income_tax,2023-24,2023,NICs,Tax Measures (Policy measures database),2023-24,0.0,0.0,,,,not_available,not_computed,"No residence-history, foreign-income regime or repatriation/base-cost history needed by the announcement package.","No residence-history, foreign-income regime or repatriation/base-cost history needed by the announcement package.","[""No residence-history, foreign-income regime or repatriation/base-cost history needed by the announcement package.""]",[],,,"[""baseline_vintage"",""behavioural_adjustment"",""cy_proxies_fy"",""head_scope"",""population_vintage""]",not_available,[],"[""baseline_vintage"",""behavioural_adjustment"",""cy_proxies_fy"",""head_scope"",""population_vintage""]",,residual_plus_unsized,,no computed counterpart,{}
spring_budget_2024,obr_pmd_nov2025:22331:32e3bb2441e71b8e,spring_budget_2024__taxation_of_non_domiciled_individuals_from_6_april_2025_replace_existing_regime_with_a_new_relief_on_foreign_i_7aa4d4ff,Taxation of non-domiciled individuals: from 6 April 2025 replace existing regime with a new relief on foreign income and gains available for the first four years of UK tax residency with transitional arrangements,out_of_household_scope,income_tax,2023-24,2023,PSCE in RDEL,Spending Measures (Policy measures database),2023-24,0.0,0.0,,,,not_available,not_computed,Source head is outside household tax-benefit scope; retained for event accounting.,"No residence-history, foreign-income regime or repatriation/base-cost history needed by the announcement package.","[""No residence-history, foreign-income regime or repatriation/base-cost history needed by the announcement package.""]",[],,,"[""baseline_vintage"",""behavioural_adjustment"",""cy_proxies_fy"",""head_scope"",""population_vintage""]",not_available,[],"[""baseline_vintage"",""behavioural_adjustment"",""cy_proxies_fy"",""head_scope"",""population_vintage""]",,residual_plus_unsized,,no computed counterpart,{}
spring_budget_2024,obr_pmd_nov2025:22325:71e6b3485d129107,spring_budget_2024__taxation_of_non_domiciled_individuals_from_6_april_2025_replace_existing_regime_with_a_new_relief_on_foreign_i_7aa4d4ff,Taxation of non-domiciled individuals: from 6 April 2025 replace existing regime with a new relief on foreign income and gains available for the first four years of UK tax residency with transitional arrangements,out_of_household_scope,income_tax,2023-24,2023,Scottish BGA (current),Spending Measures (Policy measures database),2023-24,0.0,0.0,,,,not_available,not_computed,Source head is outside household tax-benefit scope; retained for event accounting.,"No residence-history, foreign-income regime or repatriation/base-cost history needed by the announcement package.","[""No residence-history, foreign-income regime or repatriation/base-cost history needed by the announcement package.""]",[],,,"[""baseline_vintage"",""behavioural_adjustment"",""cy_proxies_fy"",""head_scope"",""population_vintage""]",not_available,[],"[""baseline_vintage"",""behavioural_adjustment"",""cy_proxies_fy"",""head_scope"",""population_vintage""]",,residual_plus_unsized,,no computed counterpart,{}
spring_budget_2024,obr_pmd_nov2025:11089:a1ae37ee1678a897,spring_budget_2024__taxation_of_non_domiciled_individuals_from_6_april_2025_replace_existing_regime_with_a_new_relief_on_foreign_i_7aa4d4ff,Taxation of non-domiciled individuals: from 6 April 2025 replace existing regime with a new relief on foreign income and gains available for the first four years of UK tax residency with transitional arrangements,not_expressible,income_tax,2024-25,2024,Capital gains tax,Tax Measures (Policy measures database),2024-25,0.0,0.0,,,,not_available,not_computed,"No residence-history, foreign-income regime or repatriation/base-cost history needed by the announcement package.","No residence-history, foreign-income regime or repatriation/base-cost history needed by the announcement package.","[""No residence-history, foreign-income regime or repatriation/base-cost history needed by the announcement package.""]",[],,,"[""baseline_vintage"",""behavioural_adjustment"",""cy_proxies_fy"",""head_scope"",""population_vintage""]",not_available,[],"[""baseline_vintage"",""behavioural_adjustment"",""cy_proxies_fy"",""head_scope"",""population_vintage""]",,residual_plus_unsized,,no computed counterpart,{}
spring_budget_2024,obr_pmd_nov2025:11095:128c8775b87d2e3b,spring_budget_2024__taxation_of_non_domiciled_individuals_from_6_april_2025_replace_existing_regime_with_a_new_relief_on_foreign_i_7aa4d4ff,Taxation of non-domiciled individuals: from 6 April 2025 replace existing regime with a new relief on foreign income and gains available for the first four years of UK tax residency with transitional arrangements,not_expressible,income_tax,2024-25,2024,Income tax,Tax Measures (Policy measures database),2024-25,0.0,0.0,,,,not_available,not_computed,"No residence-history, foreign-income regime or repatriation/base-cost history needed by the announcement package.","No residence-history, foreign-income regime or repatriation/base-cost history needed by the announcement package.","[""No residence-history, foreign-income regime or repatriation/base-cost history needed by the announcement package.""]",[],,,"[""baseline_vintage"",""behavioural_adjustment"",""cy_proxies_fy"",""head_scope"",""population_vintage""]",not_available,[],"[""baseline_vintage"",""behavioural_adjustment"",""cy_proxies_fy"",""head_scope"",""population_vintage""]",,residual_plus_unsized,,no computed counterpart,{}
spring_budget_2024,obr_pmd_nov2025:11083:54969973d123ac1e,spring_budget_2024__taxation_of_non_domiciled_individuals_from_6_april_2025_replace_existing_regime_with_a_new_relief_on_foreign_i_7aa4d4ff,Taxation of non-domiciled individuals: from 6 April 2025 replace existing regime with a new relief on foreign income and gains available for the first four years of UK tax residency with transitional arrangements,not_expressible,income_tax,2024-25,2024,NICs,Tax Measures (Policy measures database),2024-25,0.0,0.0,,,,not_available,not_computed,"No residence-history, foreign-income regime or repatriation/base-cost history needed by the announcement package.","No residence-history, foreign-income regime or repatriation/base-cost history needed by the announcement package.","[""No residence-history, foreign-income regime or repatriation/base-cost history needed by the announcement package.""]",[],,,"[""baseline_vintage"",""behavioural_adjustment"",""cy_proxies_fy"",""head_scope"",""population_vintage""]",not_available,[],"[""baseline_vintage"",""behavioural_adjustment"",""cy_proxies_fy"",""head_scope"",""population_vintage""]",,residual_plus_unsized,,no computed counterpart,{}
spring_budget_2024,obr_pmd_nov2025:22332:5ce8d4cd957551f2,spring_budget_2024__taxation_of_non_domiciled_individuals_from_6_april_2025_replace_existing_regime_with_a_new_relief_on_foreign_i_7aa4d4ff,Taxation of non-domiciled individuals: from 6 April 2025 replace existing regime with a new relief on foreign income and gains available for the first four years of UK tax residency with transitional arrangements,out_of_household_scope,income_tax,2024-25,2024,PSCE in RDEL,Spending Measures (Policy measures database),2024-25,0.0,0.0,,,,not_available,not_computed,Source head is outside household tax-benefit scope; retained for event accounting.,"No residence-history, foreign-income regime or repatriation/base-cost history needed by the announcement package.","[""No residence-history, foreign-income regime or repatriation/base-cost history needed by the announcement package.""]",[],,,"[""baseline_vintage"",""behavioural_adjustment"",""cy_proxies_fy"",""head_scope"",""population_vintage""]",not_available,[],"[""baseline_vintage"",""behavioural_adjustment"",""cy_proxies_fy"",""head_scope"",""population_vintage""]",,residual_plus_unsized,,no computed counterpart,{}
spring_budget_2024,obr_pmd_nov2025:22326:917806027dfa055a,spring_budget_2024__taxation_of_non_domiciled_individuals_from_6_april_2025_replace_existing_regime_with_a_new_relief_on_foreign_i_7aa4d4ff,Taxation of non-domiciled individuals: from 6 April 2025 replace existing regime with a new relief on foreign income and gains available for the first four years of UK tax residency with transitional arrangements,out_of_household_scope,income_tax,2024-25,2024,Scottish BGA (current),Spending Measures (Policy measures database),2024-25,0.0,0.0,,,,not_available,not_computed,Source head is outside household tax-benefit scope; retained for event accounting.,"No residence-history, foreign-income regime or repatriation/base-cost history needed by the announcement package.","[""No residence-history, foreign-income regime or repatriation/base-cost history needed by the announcement package.""]",[],,,"[""baseline_vintage"",""behavioural_adjustment"",""cy_proxies_fy"",""head_scope"",""population_vintage""]",not_available,[],"[""baseline_vintage"",""behavioural_adjustment"",""cy_proxies_fy"",""head_scope"",""population_vintage""]",,residual_plus_unsized,,no computed counterpart,{}
spring_budget_2024,obr_pmd_nov2025:11090:42ea91b8349f8c53,spring_budget_2024__taxation_of_non_domiciled_individuals_from_6_april_2025_replace_existing_regime_with_a_new_relief_on_foreign_i_7aa4d4ff,Taxation of non-domiciled individuals: from 6 April 2025 replace existing regime with a new relief on foreign income and gains available for the first four years of UK tax residency with transitional arrangements,not_expressible,income_tax,2025-26,2025,Capital gains tax,Tax Measures (Policy measures database),2025-26,0.0,0.0,,,,not_available,not_computed,"No residence-history, foreign-income regime or repatriation/base-cost history needed by the announcement package.","No residence-history, foreign-income regime or repatriation/base-cost history needed by the announcement package.","[""No residence-history, foreign-income regime or repatriation/base-cost history needed by the announcement package.""]",[],,,"[""baseline_vintage"",""behavioural_adjustment"",""cy_proxies_fy"",""head_scope"",""population_vintage""]",not_available,[],"[""baseline_vintage"",""behavioural_adjustment"",""cy_proxies_fy"",""head_scope"",""population_vintage""]",,residual_plus_unsized,,no computed counterpart,{}
spring_budget_2024,obr_pmd_nov2025:11096:be06cce7967ccfc3,spring_budget_2024__taxation_of_non_domiciled_individuals_from_6_april_2025_replace_existing_regime_with_a_new_relief_on_foreign_i_7aa4d4ff,Taxation of non-domiciled individuals: from 6 April 2025 replace existing regime with a new relief on foreign income and gains available for the first four years of UK tax residency with transitional arrangements,not_expressible,income_tax,2025-26,2025,Income tax,Tax Measures (Policy measures database),2025-26,0.0,0.0,,,,not_available,not_computed,"No residence-history, foreign-income regime or repatriation/base-cost history needed by the announcement package.","No residence-history, foreign-income regime or repatriation/base-cost history needed by the announcement package.","[""No residence-history, foreign-income regime or repatriation/base-cost history needed by the announcement package.""]",[],,,"[""baseline_vintage"",""behavioural_adjustment"",""cy_proxies_fy"",""head_scope"",""population_vintage""]",not_available,[],"[""baseline_vintage"",""behavioural_adjustment"",""cy_proxies_fy"",""head_scope"",""population_vintage""]",,residual_plus_unsized,,no computed counterpart,{}
spring_budget_2024,obr_pmd_nov2025:11084:f6dbf8552018bafe,spring_budget_2024__taxation_of_non_domiciled_individuals_from_6_april_2025_replace_existing_regime_with_a_new_relief_on_foreign_i_7aa4d4ff,Taxation of non-domiciled individuals: from 6 April 2025 replace existing regime with a new relief on foreign income and gains available for the first four years of UK tax residency with transitional arrangements,not_expressible,income_tax,2025-26,2025,NICs,Tax Measures (Policy measures database),2025-26,186000000.0,186000000.0,,,,not_available,not_computed,"No residence-history, foreign-income regime or repatriation/base-cost history needed by the announcement package.","No residence-history, foreign-income regime or repatriation/base-cost history needed by the announcement package.","[""No residence-history, foreign-income regime or repatriation/base-cost history needed by the announcement package.""]",[],,,"[""baseline_vintage"",""behavioural_adjustment"",""cy_proxies_fy"",""head_scope"",""population_vintage""]",not_available,[],"[""baseline_vintage"",""behavioural_adjustment"",""cy_proxies_fy"",""head_scope"",""population_vintage""]",,residual_plus_unsized,,no computed counterpart,{}
spring_budget_2024,obr_pmd_nov2025:22333:bb67e092c7593646,spring_budget_2024__taxation_of_non_domiciled_individuals_from_6_april_2025_replace_existing_regime_with_a_new_relief_on_foreign_i_7aa4d4ff,Taxation of non-domiciled individuals: from 6 April 2025 replace existing regime with a new relief on foreign income and gains available for the first four years of UK tax residency with transitional arrangements,out_of_household_scope,income_tax,2025-26,2025,PSCE in RDEL,Spending Measures (Policy measures database),2025-26,0.0,0.0,,,,not_available,not_computed,Source head is outside household tax-benefit scope; retained for event accounting.,"No residence-history, foreign-income regime or repatriation/base-cost history needed by the announcement package.","[""No residence-history, foreign-income regime or repatriation/base-cost history needed by the announcement package.""]",[],,,"[""baseline_vintage"",""behavioural_adjustment"",""cy_proxies_fy"",""head_scope"",""population_vintage""]",not_available,[],"[""baseline_vintage"",""behavioural_adjustment"",""cy_proxies_fy"",""head_scope"",""population_vintage""]",,residual_plus_unsized,,no computed counterpart,{}
spring_budget_2024,obr_pmd_nov2025:22327:59e0804aa1657a6d,spring_budget_2024__taxation_of_non_domiciled_individuals_from_6_april_2025_replace_existing_regime_with_a_new_relief_on_foreign_i_7aa4d4ff,Taxation of non-domiciled individuals: from 6 April 2025 replace existing regime with a new relief on foreign income and gains available for the first four years of UK tax residency with transitional arrangements,out_of_household_scope,income_tax,2025-26,2025,Scottish BGA (current),Spending Measures (Policy measures database),2025-26,0.0,0.0,,,,not_available,not_computed,Source head is outside household tax-benefit scope; retained for event accounting.,"No residence-history, foreign-income regime or repatriation/base-cost history needed by the announcement package.","[""No residence-history, foreign-income regime or repatriation/base-cost history needed by the announcement package.""]",[],,,"[""baseline_vintage"",""behavioural_adjustment"",""cy_proxies_fy"",""head_scope"",""population_vintage""]",not_available,[],"[""baseline_vintage"",""behavioural_adjustment"",""cy_proxies_fy"",""head_scope"",""population_vintage""]",,residual_plus_unsized,,no computed counterpart,{}
spring_budget_2024,obr_pmd_nov2025:11091:81837b8ad9597d3d,spring_budget_2024__taxation_of_non_domiciled_individuals_from_6_april_2025_replace_existing_regime_with_a_new_relief_on_foreign_i_7aa4d4ff,Taxation of non-domiciled individuals: from 6 April 2025 replace existing regime with a new relief on foreign income and gains available for the first four years of UK tax residency with transitional arrangements,not_expressible,income_tax,2026-27,2026,Capital gains tax,Tax Measures (Policy measures database),2026-27,1187000000.0,1187000000.0,,,,not_available,not_computed,"No residence-history, foreign-income regime or repatriation/base-cost history needed by the announcement package.","No residence-history, foreign-income regime or repatriation/base-cost history needed by the announcement package.","[""No residence-history, foreign-income regime or repatriation/base-cost history needed by the announcement package.""]",[],,,"[""baseline_vintage"",""behavioural_adjustment"",""cy_proxies_fy"",""head_scope"",""population_vintage""]",not_available,[],"[""baseline_vintage"",""behavioural_adjustment"",""cy_proxies_fy"",""head_scope"",""population_vintage""]",,residual_plus_unsized,,no computed counterpart,{}
spring_budget_2024,obr_pmd_nov2025:11097:5428c7a4cc85fbe2,spring_budget_2024__taxation_of_non_domiciled_individuals_from_6_april_2025_replace_existing_regime_with_a_new_relief_on_foreign_i_7aa4d4ff,Taxation of non-domiciled individuals: from 6 April 2025 replace existing regime with a new relief on foreign income and gains available for the first four years of UK tax residency with transitional arrangements,not_expressible,income_tax,2026-27,2026,Income tax,Tax Measures (Policy measures database),2026-27,1106000000.0,1106000000.0,,,,not_available,not_computed,"No residence-history, foreign-income regime or repatriation/base-cost history needed by the announcement package.","No residence-history, foreign-income regime or repatriation/base-cost history needed by the announcement package.","[""No residence-history, foreign-income regime or repatriation/base-cost history needed by the announcement package.""]",[],,,"[""baseline_vintage"",""behavioural_adjustment"",""cy_proxies_fy"",""head_scope"",""population_vintage""]",not_available,[],"[""baseline_vintage"",""behavioural_adjustment"",""cy_proxies_fy"",""head_scope"",""population_vintage""]",,residual_plus_unsized,,no computed counterpart,{}
spring_budget_2024,obr_pmd_nov2025:11085:87da73a842799497,spring_budget_2024__taxation_of_non_domiciled_individuals_from_6_april_2025_replace_existing_regime_with_a_new_relief_on_foreign_i_7aa4d4ff,Taxation of non-domiciled individuals: from 6 April 2025 replace existing regime with a new relief on foreign income and gains available for the first four years of UK tax residency with transitional arrangements,not_expressible,income_tax,2026-27,2026,NICs,Tax Measures (Policy measures database),2026-27,440000000.0,440000000.0,,,,not_available,not_computed,"No residence-history, foreign-income regime or repatriation/base-cost history needed by the announcement package.","No residence-history, foreign-income regime or repatriation/base-cost history needed by the announcement package.","[""No residence-history, foreign-income regime or repatriation/base-cost history needed by the announcement package.""]",[],,,"[""baseline_vintage"",""behavioural_adjustment"",""cy_proxies_fy"",""head_scope"",""population_vintage""]",not_available,[],"[""baseline_vintage"",""behavioural_adjustment"",""cy_proxies_fy"",""head_scope"",""population_vintage""]",,residual_plus_unsized,,no computed counterpart,{}
spring_budget_2024,obr_pmd_nov2025:22334:2c6c314d97b9658a,spring_budget_2024__taxation_of_non_domiciled_individuals_from_6_april_2025_replace_existing_regime_with_a_new_relief_on_foreign_i_7aa4d4ff,Taxation of non-domiciled individuals: from 6 April 2025 replace existing regime with a new relief on foreign income and gains available for the first four years of UK tax residency with transitional arrangements,out_of_household_scope,income_tax,2026-27,2026,PSCE in RDEL,Spending Measures (Policy measures database),2026-27,4000000.0,4000000.0,,,,not_available,not_computed,Source head is outside household tax-benefit scope; retained for event accounting.,"No residence-history, foreign-income regime or repatriation/base-cost history needed by the announcement package.","[""No residence-history, foreign-income regime or repatriation/base-cost history needed by the announcement package.""]",[],,,"[""baseline_vintage"",""behavioural_adjustment"",""cy_proxies_fy"",""head_scope"",""population_vintage""]",not_available,[],"[""baseline_vintage"",""behavioural_adjustment"",""cy_proxies_fy"",""head_scope"",""population_vintage""]",,residual_plus_unsized,,no computed counterpart,{}
spring_budget_2024,obr_pmd_nov2025:22328:9f5230cda1c8f3e7,spring_budget_2024__taxation_of_non_domiciled_individuals_from_6_april_2025_replace_existing_regime_with_a_new_relief_on_foreign_i_7aa4d4ff,Taxation of non-domiciled individuals: from 6 April 2025 replace existing regime with a new relief on foreign income and gains available for the first four years of UK tax residency with transitional arrangements,out_of_household_scope,income_tax,2026-27,2026,Scottish BGA (current),Spending Measures (Policy measures database),2026-27,68000000.0,68000000.0,,,,not_available,not_computed,Source head is outside household tax-benefit scope; retained for event accounting.,"No residence-history, foreign-income regime or repatriation/base-cost history needed by the announcement package.","[""No residence-history, foreign-income regime or repatriation/base-cost history needed by the announcement package.""]",[],,,"[""baseline_vintage"",""behavioural_adjustment"",""cy_proxies_fy"",""head_scope"",""population_vintage""]",not_available,[],"[""baseline_vintage"",""behavioural_adjustment"",""cy_proxies_fy"",""head_scope"",""population_vintage""]",,residual_plus_unsized,,no computed counterpart,{}
spring_budget_2024,obr_pmd_nov2025:11092:382a3f713060179a,spring_budget_2024__taxation_of_non_domiciled_individuals_from_6_april_2025_replace_existing_regime_with_a_new_relief_on_foreign_i_7aa4d4ff,Taxation of non-domiciled individuals: from 6 April 2025 replace existing regime with a new relief on foreign income and gains available for the first four years of UK tax residency with transitional arrangements,not_expressible,income_tax,2027-28,2027,Capital gains tax,Tax Measures (Policy measures database),2027-28,1265000000.0,1265000000.0,,,,not_available,not_computed,"No residence-history, foreign-income regime or repatriation/base-cost history needed by the announcement package.","No residence-history, foreign-income regime or repatriation/base-cost history needed by the announcement package.","[""No residence-history, foreign-income regime or repatriation/base-cost history needed by the announcement package.""]",[],,,"[""baseline_vintage"",""behavioural_adjustment"",""cy_proxies_fy"",""head_scope"",""population_vintage""]",not_available,[],"[""baseline_vintage"",""behavioural_adjustment"",""cy_proxies_fy"",""head_scope"",""population_vintage""]",,residual_plus_unsized,,no computed counterpart,{}
spring_budget_2024,obr_pmd_nov2025:11098:504286d98e61e746,spring_budget_2024__taxation_of_non_domiciled_individuals_from_6_april_2025_replace_existing_regime_with_a_new_relief_on_foreign_i_7aa4d4ff,Taxation of non-domiciled individuals: from 6 April 2025 replace existing regime with a new relief on foreign income and gains available for the first four years of UK tax residency with transitional arrangements,not_expressible,income_tax,2027-28,2027,Income tax,Tax Measures (Policy measures database),2027-28,1826000000.0,1826000000.0,,,,not_available,not_computed,"No residence-history, foreign-income regime or repatriation/base-cost history needed by the announcement package.","No residence-history, foreign-income regime or repatriation/base-cost history needed by the announcement package.","[""No residence-history, foreign-income regime or repatriation/base-cost history needed by the announcement package.""]",[],,,"[""baseline_vintage"",""behavioural_adjustment"",""cy_proxies_fy"",""head_scope"",""population_vintage""]",not_available,[],"[""baseline_vintage"",""behavioural_adjustment"",""cy_proxies_fy"",""head_scope"",""population_vintage""]",,residual_plus_unsized,,no computed counterpart,{}
spring_budget_2024,obr_pmd_nov2025:11086:7d9108be6583408f,spring_budget_2024__taxation_of_non_domiciled_individuals_from_6_april_2025_replace_existing_regime_with_a_new_relief_on_foreign_i_7aa4d4ff,Taxation of non-domiciled individuals: from 6 April 2025 replace existing regime with a new relief on foreign income and gains available for the first four years of UK tax residency with transitional arrangements,not_expressible,income_tax,2027-28,2027,NICs,Tax Measures (Policy measures database),2027-28,466000000.0,466000000.0,,,,not_available,not_computed,"No residence-history, foreign-income regime or repatriation/base-cost history needed by the announcement package.","No residence-history, foreign-income regime or repatriation/base-cost history needed by the announcement package.","[""No residence-history, foreign-income regime or repatriation/base-cost history needed by the announcement package.""]",[],,,"[""baseline_vintage"",""behavioural_adjustment"",""cy_proxies_fy"",""head_scope"",""population_vintage""]",not_available,[],"[""baseline_vintage"",""behavioural_adjustment"",""cy_proxies_fy"",""head_scope"",""population_vintage""]",,residual_plus_unsized,,no computed counterpart,{}
spring_budget_2024,obr_pmd_nov2025:22335:b0135705eae8c055,spring_budget_2024__taxation_of_non_domiciled_individuals_from_6_april_2025_replace_existing_regime_with_a_new_relief_on_foreign_i_7aa4d4ff,Taxation of non-domiciled individuals: from 6 April 2025 replace existing regime with a new relief on foreign income and gains available for the first four years of UK tax residency with transitional arrangements,out_of_household_scope,income_tax,2027-28,2027,PSCE in RDEL,Spending Measures (Policy measures database),2027-28,6000000.0,6000000.0,,,,not_available,not_computed,Source head is outside household tax-benefit scope; retained for event accounting.,"No residence-history, foreign-income regime or repatriation/base-cost history needed by the announcement package.","[""No residence-history, foreign-income regime or repatriation/base-cost history needed by the announcement package.""]",[],,,"[""baseline_vintage"",""behavioural_adjustment"",""cy_proxies_fy"",""head_scope"",""population_vintage""]",not_available,[],"[""baseline_vintage"",""behavioural_adjustment"",""cy_proxies_fy"",""head_scope"",""population_vintage""]",,residual_plus_unsized,,no computed counterpart,{}
spring_budget_2024,obr_pmd_nov2025:22329:080bc49a6eeb1597,spring_budget_2024__taxation_of_non_domiciled_individuals_from_6_april_2025_replace_existing_regime_with_a_new_relief_on_foreign_i_7aa4d4ff,Taxation of non-domiciled individuals: from 6 April 2025 replace existing regime with a new relief on foreign income and gains available for the first four years of UK tax residency with transitional arrangements,out_of_household_scope,income_tax,2027-28,2027,Scottish BGA (current),Spending Measures (Policy measures database),2027-28,113000000.0,113000000.0,,,,not_available,not_computed,Source head is outside household tax-benefit scope; retained for event accounting.,"No residence-history, foreign-income regime or repatriation/base-cost history needed by the announcement package.","[""No residence-history, foreign-income regime or repatriation/base-cost history needed by the announcement package.""]",[],,,"[""baseline_vintage"",""behavioural_adjustment"",""cy_proxies_fy"",""head_scope"",""population_vintage""]",not_available,[],"[""baseline_vintage"",""behavioural_adjustment"",""cy_proxies_fy"",""head_scope"",""population_vintage""]",,residual_plus_unsized,,no computed counterpart,{}
spring_budget_2024,obr_pmd_nov2025:11093:d7884fccb01e7d07,spring_budget_2024__taxation_of_non_domiciled_individuals_from_6_april_2025_replace_existing_regime_with_a_new_relief_on_foreign_i_7aa4d4ff,Taxation of non-domiciled individuals: from 6 April 2025 replace existing regime with a new relief on foreign income and gains available for the first four years of UK tax residency with transitional arrangements,not_expressible,income_tax,2028-29,2028,Capital gains tax,Tax Measures (Policy measures database),2028-29,1100000000.0,1100000000.0,,,,not_available,not_computed,"No residence-history, foreign-income regime or repatriation/base-cost history needed by the announcement package.","No residence-history, foreign-income regime or repatriation/base-cost history needed by the announcement package.","[""No residence-history, foreign-income regime or repatriation/base-cost history needed by the announcement package.""]",[],,,"[""baseline_vintage"",""behavioural_adjustment"",""cy_proxies_fy"",""head_scope"",""population_vintage""]",not_available,[],"[""baseline_vintage"",""behavioural_adjustment"",""cy_proxies_fy"",""head_scope"",""population_vintage""]",,residual_plus_unsized,,no computed counterpart,{}
spring_budget_2024,obr_pmd_nov2025:11099:eff0de198789e2e5,spring_budget_2024__taxation_of_non_domiciled_individuals_from_6_april_2025_replace_existing_regime_with_a_new_relief_on_foreign_i_7aa4d4ff,Taxation of non-domiciled individuals: from 6 April 2025 replace existing regime with a new relief on foreign income and gains available for the first four years of UK tax residency with transitional arrangements,not_expressible,income_tax,2028-29,2028,Income tax,Tax Measures (Policy measures database),2028-29,1081000000.0,1081000000.0,,,,not_available,not_computed,"No residence-history, foreign-income regime or repatriation/base-cost history needed by the announcement package.","No residence-history, foreign-income regime or repatriation/base-cost history needed by the announcement package.","[""No residence-history, foreign-income regime or repatriation/base-cost history needed by the announcement package.""]",[],,,"[""baseline_vintage"",""behavioural_adjustment"",""cy_proxies_fy"",""head_scope"",""population_vintage""]",not_available,[],"[""baseline_vintage"",""behavioural_adjustment"",""cy_proxies_fy"",""head_scope"",""population_vintage""]",,residual_plus_unsized,,no computed counterpart,{}
spring_budget_2024,obr_pmd_nov2025:11087:393569c0f04d8b9b,spring_budget_2024__taxation_of_non_domiciled_individuals_from_6_april_2025_replace_existing_regime_with_a_new_relief_on_foreign_i_7aa4d4ff,Taxation of non-domiciled individuals: from 6 April 2025 replace existing regime with a new relief on foreign income and gains available for the first four years of UK tax residency with transitional arrangements,not_expressible,income_tax,2028-29,2028,NICs,Tax Measures (Policy measures database),2028-29,462000000.0,462000000.0,,,,not_available,not_computed,"No residence-history, foreign-income regime or repatriation/base-cost history needed by the announcement package.","No residence-history, foreign-income regime or repatriation/base-cost history needed by the announcement package.","[""No residence-history, foreign-income regime or repatriation/base-cost history needed by the announcement package.""]",[],,,"[""baseline_vintage"",""behavioural_adjustment"",""cy_proxies_fy"",""head_scope"",""population_vintage""]",not_available,[],"[""baseline_vintage"",""behavioural_adjustment"",""cy_proxies_fy"",""head_scope"",""population_vintage""]",,residual_plus_unsized,,no computed counterpart,{}
spring_budget_2024,obr_pmd_nov2025:22336:93ebc26e58143526,spring_budget_2024__taxation_of_non_domiciled_individuals_from_6_april_2025_replace_existing_regime_with_a_new_relief_on_foreign_i_7aa4d4ff,Taxation of non-domiciled individuals: from 6 April 2025 replace existing regime with a new relief on foreign income and gains available for the first four years of UK tax residency with transitional arrangements,out_of_household_scope,income_tax,2028-29,2028,PSCE in RDEL,Spending Measures (Policy measures database),2028-29,4000000.0,4000000.0,,,,not_available,not_computed,Source head is outside household tax-benefit scope; retained for event accounting.,"No residence-history, foreign-income regime or repatriation/base-cost history needed by the announcement package.","[""No residence-history, foreign-income regime or repatriation/base-cost history needed by the announcement package.""]",[],,,"[""baseline_vintage"",""behavioural_adjustment"",""cy_proxies_fy"",""head_scope"",""population_vintage""]",not_available,[],"[""baseline_vintage"",""behavioural_adjustment"",""cy_proxies_fy"",""head_scope"",""population_vintage""]",,residual_plus_unsized,,no computed counterpart,{}
spring_budget_2024,obr_pmd_nov2025:22330:8611faa74cd6f86e,spring_budget_2024__taxation_of_non_domiciled_individuals_from_6_april_2025_replace_existing_regime_with_a_new_relief_on_foreign_i_7aa4d4ff,Taxation of non-domiciled individuals: from 6 April 2025 replace existing regime with a new relief on foreign income and gains available for the first four years of UK tax residency with transitional arrangements,out_of_household_scope,income_tax,2028-29,2028,Scottish BGA (current),Spending Measures (Policy measures database),2028-29,67000000.0,67000000.0,,,,not_available,not_computed,Source head is outside household tax-benefit scope; retained for event accounting.,"No residence-history, foreign-income regime or repatriation/base-cost history needed by the announcement package.","[""No residence-history, foreign-income regime or repatriation/base-cost history needed by the announcement package.""]",[],,,"[""baseline_vintage"",""behavioural_adjustment"",""cy_proxies_fy"",""head_scope"",""population_vintage""]",not_available,[],"[""baseline_vintage"",""behavioural_adjustment"",""cy_proxies_fy"",""head_scope"",""population_vintage""]",,residual_plus_unsized,,no computed counterpart,{}
spring_budget_2024,obr_pmd_nov2025:11112:d1c70050afb75dab,spring_budget_2024__tobacco_duty_one_off_increase_alongside_the_vaping_products_duty_to_maintain_financial_incentive_to_choose_vap_ada9966e,"Tobacco duty: one-off increase alongside the vaping products duty to maintain financial incentive to choose vaping over smoking, from 1 October 2026",not_expressible,indirect_tax,2023-24,2023,Tobacco duty,Tax Measures (Policy measures database),2023-24,0.0,0.0,,,,not_available,not_computed,"This targeted indirect-tax measure requires product/sector-specific tax-base inputs, rate histories or business/supply-side scope not established by a generic household consumption liability.","This targeted indirect-tax measure requires product/sector-specific tax-base inputs, rate histories or business/supply-side scope not established by a generic household consumption liability.","[""This targeted indirect-tax measure requires product/sector-specific tax-base inputs, rate histories or business/supply-side scope not established by a generic household consumption liability.""]",[],,,"[""baseline_vintage"",""behavioural_adjustment"",""cy_proxies_fy"",""head_scope"",""population_vintage""]",not_available,[],"[""baseline_vintage"",""behavioural_adjustment"",""cy_proxies_fy"",""head_scope"",""population_vintage""]",,residual_plus_unsized,,no computed counterpart,{}
spring_budget_2024,obr_pmd_nov2025:11113:3ff9bcf2a6a4ac7b,spring_budget_2024__tobacco_duty_one_off_increase_alongside_the_vaping_products_duty_to_maintain_financial_incentive_to_choose_vap_ada9966e,"Tobacco duty: one-off increase alongside the vaping products duty to maintain financial incentive to choose vaping over smoking, from 1 October 2026",not_expressible,indirect_tax,2024-25,2024,Tobacco duty,Tax Measures (Policy measures database),2024-25,0.0,0.0,,,,not_available,not_computed,"This targeted indirect-tax measure requires product/sector-specific tax-base inputs, rate histories or business/supply-side scope not established by a generic household consumption liability.","This targeted indirect-tax measure requires product/sector-specific tax-base inputs, rate histories or business/supply-side scope not established by a generic household consumption liability.","[""This targeted indirect-tax measure requires product/sector-specific tax-base inputs, rate histories or business/supply-side scope not established by a generic household consumption liability.""]",[],,,"[""baseline_vintage"",""behavioural_adjustment"",""cy_proxies_fy"",""head_scope"",""population_vintage""]",not_available,[],"[""baseline_vintage"",""behavioural_adjustment"",""cy_proxies_fy"",""head_scope"",""population_vintage""]",,residual_plus_unsized,,no computed counterpart,{}
spring_budget_2024,obr_pmd_nov2025:11114:98e42d61dcd4071d,spring_budget_2024__tobacco_duty_one_off_increase_alongside_the_vaping_products_duty_to_maintain_financial_incentive_to_choose_vap_ada9966e,"Tobacco duty: one-off increase alongside the vaping products duty to maintain financial incentive to choose vaping over smoking, from 1 October 2026",not_expressible,indirect_tax,2025-26,2025,Tobacco duty,Tax Measures (Policy measures database),2025-26,0.0,0.0,,,,not_available,not_computed,"This targeted indirect-tax measure requires product/sector-specific tax-base inputs, rate histories or business/supply-side scope not established by a generic household consumption liability.","This targeted indirect-tax measure requires product/sector-specific tax-base inputs, rate histories or business/supply-side scope not established by a generic household consumption liability.","[""This targeted indirect-tax measure requires product/sector-specific tax-base inputs, rate histories or business/supply-side scope not established by a generic household consumption liability.""]",[],,,"[""baseline_vintage"",""behavioural_adjustment"",""cy_proxies_fy"",""head_scope"",""population_vintage""]",not_available,[],"[""baseline_vintage"",""behavioural_adjustment"",""cy_proxies_fy"",""head_scope"",""population_vintage""]",,residual_plus_unsized,,no computed counterpart,{}
spring_budget_2024,obr_pmd_nov2025:11115:32d042f87f9d42a9,spring_budget_2024__tobacco_duty_one_off_increase_alongside_the_vaping_products_duty_to_maintain_financial_incentive_to_choose_vap_ada9966e,"Tobacco duty: one-off increase alongside the vaping products duty to maintain financial incentive to choose vaping over smoking, from 1 October 2026",not_expressible,indirect_tax,2026-27,2026,Tobacco duty,Tax Measures (Policy measures database),2026-27,110546585.03058442,110546585.03058442,,,,not_available,not_computed,"This targeted indirect-tax measure requires product/sector-specific tax-base inputs, rate histories or business/supply-side scope not established by a generic household consumption liability.","This targeted indirect-tax measure requires product/sector-specific tax-base inputs, rate histories or business/supply-side scope not established by a generic household consumption liability.","[""This targeted indirect-tax measure requires product/sector-specific tax-base inputs, rate histories or business/supply-side scope not established by a generic household consumption liability.""]",[],,,"[""baseline_vintage"",""behavioural_adjustment"",""cy_proxies_fy"",""head_scope"",""population_vintage""]",not_available,[],"[""baseline_vintage"",""behavioural_adjustment"",""cy_proxies_fy"",""head_scope"",""population_vintage""]",,residual_plus_unsized,,no computed counterpart,{}
spring_budget_2024,obr_pmd_nov2025:11116:33ff24c5115c9fde,spring_budget_2024__tobacco_duty_one_off_increase_alongside_the_vaping_products_duty_to_maintain_financial_incentive_to_choose_vap_ada9966e,"Tobacco duty: one-off increase alongside the vaping products duty to maintain financial incentive to choose vaping over smoking, from 1 October 2026",not_expressible,indirect_tax,2027-28,2027,Tobacco duty,Tax Measures (Policy measures database),2027-28,168553963.58119,168553963.58119,,,,not_available,not_computed,"This targeted indirect-tax measure requires product/sector-specific tax-base inputs, rate histories or business/supply-side scope not established by a generic household consumption liability.","This targeted indirect-tax measure requires product/sector-specific tax-base inputs, rate histories or business/supply-side scope not established by a generic household consumption liability.","[""This targeted indirect-tax measure requires product/sector-specific tax-base inputs, rate histories or business/supply-side scope not established by a generic household consumption liability.""]",[],,,"[""baseline_vintage"",""behavioural_adjustment"",""cy_proxies_fy"",""head_scope"",""population_vintage""]",not_available,[],"[""baseline_vintage"",""behavioural_adjustment"",""cy_proxies_fy"",""head_scope"",""population_vintage""]",,residual_plus_unsized,,no computed counterpart,{}
spring_budget_2024,obr_pmd_nov2025:11117:43d13fc32e5686a3,spring_budget_2024__tobacco_duty_one_off_increase_alongside_the_vaping_products_duty_to_maintain_financial_incentive_to_choose_vap_ada9966e,"Tobacco duty: one-off increase alongside the vaping products duty to maintain financial incentive to choose vaping over smoking, from 1 October 2026",not_expressible,indirect_tax,2028-29,2028,Tobacco duty,Tax Measures (Policy measures database),2028-29,171213779.89329547,171213779.89329547,,,,not_available,not_computed,"This targeted indirect-tax measure requires product/sector-specific tax-base inputs, rate histories or business/supply-side scope not established by a generic household consumption liability.","This targeted indirect-tax measure requires product/sector-specific tax-base inputs, rate histories or business/supply-side scope not established by a generic household consumption liability.","[""This targeted indirect-tax measure requires product/sector-specific tax-base inputs, rate histories or business/supply-side scope not established by a generic household consumption liability.""]",[],,,"[""baseline_vintage"",""behavioural_adjustment"",""cy_proxies_fy"",""head_scope"",""population_vintage""]",not_available,[],"[""baseline_vintage"",""behavioural_adjustment"",""cy_proxies_fy"",""head_scope"",""population_vintage""]",,residual_plus_unsized,,no computed counterpart,{}
spring_budget_2024,obr_pmd_nov2025:22511:378b0eeccf39ef51,spring_budget_2024__updated_post_spending_review_spending_assumptions_6f061c4f,Updated post-Spending Review spending assumptions,out_of_household_scope,scope,2023-24,2023,PSCE in RDEL,Spending Measures (Policy measures database),2023-24,0.0,0.0,,,,not_available,not_computed,Source head is outside household tax-benefit scope; retained for event accounting.,"Business, departmental, local-authority, financing or block-grant accounts; no household tax/benefit counterpart for these source heads.","[""Business, departmental, local-authority, financing or block-grant accounts; no household tax/benefit counterpart for these source heads.""]",[],,,"[""baseline_vintage"",""behavioural_adjustment"",""cy_proxies_fy"",""head_scope"",""population_vintage""]",not_available,[],"[""baseline_vintage"",""behavioural_adjustment"",""cy_proxies_fy"",""head_scope"",""population_vintage""]",,residual_plus_unsized,,no computed counterpart,{}
spring_budget_2024,obr_pmd_nov2025:22517:b3039cf9f8d5b649,spring_budget_2024__updated_post_spending_review_spending_assumptions_6f061c4f,Updated post-Spending Review spending assumptions,out_of_household_scope,scope,2023-24,2023,Scottish BGA (current),Spending Measures (Policy measures database),2023-24,0.0,0.0,,,,not_available,not_computed,Source head is outside household tax-benefit scope; retained for event accounting.,"Business, departmental, local-authority, financing or block-grant accounts; no household tax/benefit counterpart for these source heads.","[""Business, departmental, local-authority, financing or block-grant accounts; no household tax/benefit counterpart for these source heads.""]",[],,,"[""baseline_vintage"",""behavioural_adjustment"",""cy_proxies_fy"",""head_scope"",""population_vintage""]",not_available,[],"[""baseline_vintage"",""behavioural_adjustment"",""cy_proxies_fy"",""head_scope"",""population_vintage""]",,residual_plus_unsized,,no computed counterpart,{}
spring_budget_2024,obr_pmd_nov2025:22512:32d7361ac80f5ba4,spring_budget_2024__updated_post_spending_review_spending_assumptions_6f061c4f,Updated post-Spending Review spending assumptions,out_of_household_scope,scope,2024-25,2024,PSCE in RDEL,Spending Measures (Policy measures database),2024-25,0.0,0.0,,,,not_available,not_computed,Source head is outside household tax-benefit scope; retained for event accounting.,"Business, departmental, local-authority, financing or block-grant accounts; no household tax/benefit counterpart for these source heads.","[""Business, departmental, local-authority, financing or block-grant accounts; no household tax/benefit counterpart for these source heads.""]",[],,,"[""baseline_vintage"",""behavioural_adjustment"",""cy_proxies_fy"",""head_scope"",""population_vintage""]",not_available,[],"[""baseline_vintage"",""behavioural_adjustment"",""cy_proxies_fy"",""head_scope"",""population_vintage""]",,residual_plus_unsized,,no computed counterpart,{}
spring_budget_2024,obr_pmd_nov2025:22518:6e596fae6405b6b5,spring_budget_2024__updated_post_spending_review_spending_assumptions_6f061c4f,Updated post-Spending Review spending assumptions,out_of_household_scope,scope,2024-25,2024,Scottish BGA (current),Spending Measures (Policy measures database),2024-25,0.0,0.0,,,,not_available,not_computed,Source head is outside household tax-benefit scope; retained for event accounting.,"Business, departmental, local-authority, financing or block-grant accounts; no household tax/benefit counterpart for these source heads.","[""Business, departmental, local-authority, financing or block-grant accounts; no household tax/benefit counterpart for these source heads.""]",[],,,"[""baseline_vintage"",""behavioural_adjustment"",""cy_proxies_fy"",""head_scope"",""population_vintage""]",not_available,[],"[""baseline_vintage"",""behavioural_adjustment"",""cy_proxies_fy"",""head_scope"",""population_vintage""]",,residual_plus_unsized,,no computed counterpart,{}
spring_budget_2024,obr_pmd_nov2025:22513:0aebd0a3485735f8,spring_budget_2024__updated_post_spending_review_spending_assumptions_6f061c4f,Updated post-Spending Review spending assumptions,out_of_household_scope,scope,2025-26,2025,PSCE in RDEL,Spending Measures (Policy measures database),2025-26,1474889647.5068564,1474889647.5068564,,,,not_available,not_computed,Source head is outside household tax-benefit scope; retained for event accounting.,"Business, departmental, local-authority, financing or block-grant accounts; no household tax/benefit counterpart for these source heads.","[""Business, departmental, local-authority, financing or block-grant accounts; no household tax/benefit counterpart for these source heads.""]",[],,,"[""baseline_vintage"",""behavioural_adjustment"",""cy_proxies_fy"",""head_scope"",""population_vintage""]",not_available,[],"[""baseline_vintage"",""behavioural_adjustment"",""cy_proxies_fy"",""head_scope"",""population_vintage""]",,residual_plus_unsized,,no computed counterpart,{}
spring_budget_2024,obr_pmd_nov2025:22519:6a85b576b5b5833f,spring_budget_2024__updated_post_spending_review_spending_assumptions_6f061c4f,Updated post-Spending Review spending assumptions,out_of_household_scope,scope,2025-26,2025,Scottish BGA (current),Spending Measures (Policy measures database),2025-26,-61594655.563510515,-61594655.563510515,,,,not_available,not_computed,Source head is outside household tax-benefit scope; retained for event accounting.,"Business, departmental, local-authority, financing or block-grant accounts; no household tax/benefit counterpart for these source heads.","[""Business, departmental, local-authority, financing or block-grant accounts; no household tax/benefit counterpart for these source heads.""]",[],,,"[""baseline_vintage"",""behavioural_adjustment"",""cy_proxies_fy"",""head_scope"",""population_vintage""]",not_available,[],"[""baseline_vintage"",""behavioural_adjustment"",""cy_proxies_fy"",""head_scope"",""population_vintage""]",,residual_plus_unsized,,no computed counterpart,{}
spring_budget_2024,obr_pmd_nov2025:22514:c1608c181bde4757,spring_budget_2024__updated_post_spending_review_spending_assumptions_6f061c4f,Updated post-Spending Review spending assumptions,out_of_household_scope,scope,2026-27,2026,PSCE in RDEL,Spending Measures (Policy measures database),2026-27,934367715.3740355,934367715.3740355,,,,not_available,not_computed,Source head is outside household tax-benefit scope; retained for event accounting.,"Business, departmental, local-authority, financing or block-grant accounts; no household tax/benefit counterpart for these source heads.","[""Business, departmental, local-authority, financing or block-grant accounts; no household tax/benefit counterpart for these source heads.""]",[],,,"[""baseline_vintage"",""behavioural_adjustment"",""cy_proxies_fy"",""head_scope"",""population_vintage""]",not_available,[],"[""baseline_vintage"",""behavioural_adjustment"",""cy_proxies_fy"",""head_scope"",""population_vintage""]",,residual_plus_unsized,,no computed counterpart,{}
spring_budget_2024,obr_pmd_nov2025:22520:b591ee39008c84dc,spring_budget_2024__updated_post_spending_review_spending_assumptions_6f061c4f,Updated post-Spending Review spending assumptions,out_of_household_scope,scope,2026-27,2026,Scottish BGA (current),Spending Measures (Policy measures database),2026-27,-125723382.84899586,-125723382.84899586,,,,not_available,not_computed,Source head is outside household tax-benefit scope; retained for event accounting.,"Business, departmental, local-authority, financing or block-grant accounts; no household tax/benefit counterpart for these source heads.","[""Business, departmental, local-authority, financing or block-grant accounts; no household tax/benefit counterpart for these source heads.""]",[],,,"[""baseline_vintage"",""behavioural_adjustment"",""cy_proxies_fy"",""head_scope"",""population_vintage""]",not_available,[],"[""baseline_vintage"",""behavioural_adjustment"",""cy_proxies_fy"",""head_scope"",""population_vintage""]",,residual_plus_unsized,,no computed counterpart,{}
spring_budget_2024,obr_pmd_nov2025:22515:aa4fffdbea405d41,spring_budget_2024__updated_post_spending_review_spending_assumptions_6f061c4f,Updated post-Spending Review spending assumptions,out_of_household_scope,scope,2027-28,2027,PSCE in RDEL,Spending Measures (Policy measures database),2027-28,615554152.0427388,615554152.0427388,,,,not_available,not_computed,Source head is outside household tax-benefit scope; retained for event accounting.,"Business, departmental, local-authority, financing or block-grant accounts; no household tax/benefit counterpart for these source heads.","[""Business, departmental, local-authority, financing or block-grant accounts; no household tax/benefit counterpart for these source heads.""]",[],,,"[""baseline_vintage"",""behavioural_adjustment"",""cy_proxies_fy"",""head_scope"",""population_vintage""]",not_available,[],"[""baseline_vintage"",""behavioural_adjustment"",""cy_proxies_fy"",""head_scope"",""population_vintage""]",,residual_plus_unsized,,no computed counterpart,{}
spring_budget_2024,obr_pmd_nov2025:22521:45a62b4834de81b9,spring_budget_2024__updated_post_spending_review_spending_assumptions_6f061c4f,Updated post-Spending Review spending assumptions,out_of_household_scope,scope,2027-28,2027,Scottish BGA (current),Spending Measures (Policy measures database),2027-28,-170695346.25512972,-170695346.25512972,,,,not_available,not_computed,Source head is outside household tax-benefit scope; retained for event accounting.,"Business, departmental, local-authority, financing or block-grant accounts; no household tax/benefit counterpart for these source heads.","[""Business, departmental, local-authority, financing or block-grant accounts; no household tax/benefit counterpart for these source heads.""]",[],,,"[""baseline_vintage"",""behavioural_adjustment"",""cy_proxies_fy"",""head_scope"",""population_vintage""]",not_available,[],"[""baseline_vintage"",""behavioural_adjustment"",""cy_proxies_fy"",""head_scope"",""population_vintage""]",,residual_plus_unsized,,no computed counterpart,{}
spring_budget_2024,obr_pmd_nov2025:22516:a66076688b200d31,spring_budget_2024__updated_post_spending_review_spending_assumptions_6f061c4f,Updated post-Spending Review spending assumptions,out_of_household_scope,scope,2028-29,2028,PSCE in RDEL,Spending Measures (Policy measures database),2028-29,589446127.0993999,589446127.0993999,,,,not_available,not_computed,Source head is outside household tax-benefit scope; retained for event accounting.,"Business, departmental, local-authority, financing or block-grant accounts; no household tax/benefit counterpart for these source heads.","[""Business, departmental, local-authority, financing or block-grant accounts; no household tax/benefit counterpart for these source heads.""]",[],,,"[""baseline_vintage"",""behavioural_adjustment"",""cy_proxies_fy"",""head_scope"",""population_vintage""]",not_available,[],"[""baseline_vintage"",""behavioural_adjustment"",""cy_proxies_fy"",""head_scope"",""population_vintage""]",,residual_plus_unsized,,no computed counterpart,{}
spring_budget_2024,obr_pmd_nov2025:22522:d407449c80a6c13e,spring_budget_2024__updated_post_spending_review_spending_assumptions_6f061c4f,Updated post-Spending Review spending assumptions,out_of_household_scope,scope,2028-29,2028,Scottish BGA (current),Spending Measures (Policy measures database),2028-29,-182979628.15019986,-182979628.15019986,,,,not_available,not_computed,Source head is outside household tax-benefit scope; retained for event accounting.,"Business, departmental, local-authority, financing or block-grant accounts; no household tax/benefit counterpart for these source heads.","[""Business, departmental, local-authority, financing or block-grant accounts; no household tax/benefit counterpart for these source heads.""]",[],,,"[""baseline_vintage"",""behavioural_adjustment"",""cy_proxies_fy"",""head_scope"",""population_vintage""]",not_available,[],"[""baseline_vintage"",""behavioural_adjustment"",""cy_proxies_fy"",""head_scope"",""population_vintage""]",,residual_plus_unsized,,no computed counterpart,{}
spring_budget_2024,obr_pmd_nov2025:22337:e6dc72c685d7185e,spring_budget_2024__vaping_products_duty_introduce_from_1_october_2026_b3237cbe,Vaping products duty: introduce from 1 October 2026,out_of_household_scope,indirect_tax,2023-24,2023,PSCE in RDEL,Spending Measures (Policy measures database),2023-24,0.0,0.0,,,,not_available,not_computed,Source head is outside household tax-benefit scope; retained for event accounting.,"This targeted indirect-tax measure requires product/sector-specific tax-base inputs, rate histories or business/supply-side scope not established by a generic household consumption liability.","[""This targeted indirect-tax measure requires product/sector-specific tax-base inputs, rate histories or business/supply-side scope not established by a generic household consumption liability.""]",[],,,"[""baseline_vintage"",""behavioural_adjustment"",""cy_proxies_fy"",""head_scope"",""population_vintage""]",not_available,[],"[""baseline_vintage"",""behavioural_adjustment"",""cy_proxies_fy"",""head_scope"",""population_vintage""]",,residual_plus_unsized,,no computed counterpart,{}
spring_budget_2024,obr_pmd_nov2025:22343:029dcd328ce1e279,spring_budget_2024__vaping_products_duty_introduce_from_1_october_2026_b3237cbe,Vaping products duty: introduce from 1 October 2026,out_of_household_scope,indirect_tax,2023-24,2023,PSGI in CDEL,Spending Measures (Policy measures database),2023-24,0.0,0.0,,,,not_available,not_computed,Source head is outside household tax-benefit scope; retained for event accounting.,"This targeted indirect-tax measure requires product/sector-specific tax-base inputs, rate histories or business/supply-side scope not established by a generic household consumption liability.","[""This targeted indirect-tax measure requires product/sector-specific tax-base inputs, rate histories or business/supply-side scope not established by a generic household consumption liability.""]",[],,,"[""baseline_vintage"",""behavioural_adjustment"",""cy_proxies_fy"",""head_scope"",""population_vintage""]",not_available,[],"[""baseline_vintage"",""behavioural_adjustment"",""cy_proxies_fy"",""head_scope"",""population_vintage""]",,residual_plus_unsized,,no computed counterpart,{}
spring_budget_2024,obr_pmd_nov2025:11106:278b1ca3cd11ef42,spring_budget_2024__vaping_products_duty_introduce_from_1_october_2026_b3237cbe,Vaping products duty: introduce from 1 October 2026,not_expressible,indirect_tax,2023-24,2023,Tobacco duty,Tax Measures (Policy measures database),2023-24,0.0,0.0,,,,not_available,not_computed,"This targeted indirect-tax measure requires product/sector-specific tax-base inputs, rate histories or business/supply-side scope not established by a generic household consumption liability.","This targeted indirect-tax measure requires product/sector-specific tax-base inputs, rate histories or business/supply-side scope not established by a generic household consumption liability.","[""This targeted indirect-tax measure requires product/sector-specific tax-base inputs, rate histories or business/supply-side scope not established by a generic household consumption liability.""]",[],,,"[""baseline_vintage"",""behavioural_adjustment"",""cy_proxies_fy"",""head_scope"",""population_vintage""]",not_available,[],"[""baseline_vintage"",""behavioural_adjustment"",""cy_proxies_fy"",""head_scope"",""population_vintage""]",,residual_plus_unsized,,no computed counterpart,{}
spring_budget_2024,obr_pmd_nov2025:11100:b8dfd2cb7773deb7,spring_budget_2024__vaping_products_duty_introduce_from_1_october_2026_b3237cbe,Vaping products duty: introduce from 1 October 2026,not_expressible,indirect_tax,2023-24,2023,Vaping duty,Tax Measures (Policy measures database),2023-24,0.0,0.0,,,,not_available,not_computed,"This targeted indirect-tax measure requires product/sector-specific tax-base inputs, rate histories or business/supply-side scope not established by a generic household consumption liability.","This targeted indirect-tax measure requires product/sector-specific tax-base inputs, rate histories or business/supply-side scope not established by a generic household consumption liability.","[""This targeted indirect-tax measure requires product/sector-specific tax-base inputs, rate histories or business/supply-side scope not established by a generic household consumption liability.""]",[],,,"[""baseline_vintage"",""behavioural_adjustment"",""cy_proxies_fy"",""head_scope"",""population_vintage""]",not_available,[],"[""baseline_vintage"",""behavioural_adjustment"",""cy_proxies_fy"",""head_scope"",""population_vintage""]",,residual_plus_unsized,,no computed counterpart,{}
spring_budget_2024,obr_pmd_nov2025:22338:b891d256b752a728,spring_budget_2024__vaping_products_duty_introduce_from_1_october_2026_b3237cbe,Vaping products duty: introduce from 1 October 2026,out_of_household_scope,indirect_tax,2024-25,2024,PSCE in RDEL,Spending Measures (Policy measures database),2024-25,-3000000.0,-3000000.0,,,,not_available,not_computed,Source head is outside household tax-benefit scope; retained for event accounting.,"This targeted indirect-tax measure requires product/sector-specific tax-base inputs, rate histories or business/supply-side scope not established by a generic household consumption liability.","[""This targeted indirect-tax measure requires product/sector-specific tax-base inputs, rate histories or business/supply-side scope not established by a generic household consumption liability.""]",[],,,"[""baseline_vintage"",""behavioural_adjustment"",""cy_proxies_fy"",""head_scope"",""population_vintage""]",not_available,[],"[""baseline_vintage"",""behavioural_adjustment"",""cy_proxies_fy"",""head_scope"",""population_vintage""]",,residual_plus_unsized,,no computed counterpart,{}
spring_budget_2024,obr_pmd_nov2025:22344:2787c174e48bcf85,spring_budget_2024__vaping_products_duty_introduce_from_1_october_2026_b3237cbe,Vaping products duty: introduce from 1 October 2026,out_of_household_scope,indirect_tax,2024-25,2024,PSGI in CDEL,Spending Measures (Policy measures database),2024-25,-5000000.0,-5000000.0,,,,not_available,not_computed,Source head is outside household tax-benefit scope; retained for event accounting.,"This targeted indirect-tax measure requires product/sector-specific tax-base inputs, rate histories or business/supply-side scope not established by a generic household consumption liability.","[""This targeted indirect-tax measure requires product/sector-specific tax-base inputs, rate histories or business/supply-side scope not established by a generic household consumption liability.""]",[],,,"[""baseline_vintage"",""behavioural_adjustment"",""cy_proxies_fy"",""head_scope"",""population_vintage""]",not_available,[],"[""baseline_vintage"",""behavioural_adjustment"",""cy_proxies_fy"",""head_scope"",""population_vintage""]",,residual_plus_unsized,,no computed counterpart,{}
spring_budget_2024,obr_pmd_nov2025:11107:ac2ae657d1de515e,spring_budget_2024__vaping_products_duty_introduce_from_1_october_2026_b3237cbe,Vaping products duty: introduce from 1 October 2026,not_expressible,indirect_tax,2024-25,2024,Tobacco duty,Tax Measures (Policy measures database),2024-25,-9000000.0,-9000000.0,,,,not_available,not_computed,"This targeted indirect-tax measure requires product/sector-specific tax-base inputs, rate histories or business/supply-side scope not established by a generic household consumption liability.","This targeted indirect-tax measure requires product/sector-specific tax-base inputs, rate histories or business/supply-side scope not established by a generic household consumption liability.","[""This targeted indirect-tax measure requires product/sector-specific tax-base inputs, rate histories or business/supply-side scope not established by a generic household consumption liability.""]",[],,,"[""baseline_vintage"",""behavioural_adjustment"",""cy_proxies_fy"",""head_scope"",""population_vintage""]",not_available,[],"[""baseline_vintage"",""behavioural_adjustment"",""cy_proxies_fy"",""head_scope"",""population_vintage""]",,residual_plus_unsized,,no computed counterpart,{}
spring_budget_2024,obr_pmd_nov2025:11101:72bc49a8091214ae,spring_budget_2024__vaping_products_duty_introduce_from_1_october_2026_b3237cbe,Vaping products duty: introduce from 1 October 2026,not_expressible,indirect_tax,2024-25,2024,Vaping duty,Tax Measures (Policy measures database),2024-25,0.0,0.0,,,,not_available,not_computed,"This targeted indirect-tax measure requires product/sector-specific tax-base inputs, rate histories or business/supply-side scope not established by a generic household consumption liability.","This targeted indirect-tax measure requires product/sector-specific tax-base inputs, rate histories or business/supply-side scope not established by a generic household consumption liability.","[""This targeted indirect-tax measure requires product/sector-specific tax-base inputs, rate histories or business/supply-side scope not established by a generic household consumption liability.""]",[],,,"[""baseline_vintage"",""behavioural_adjustment"",""cy_proxies_fy"",""head_scope"",""population_vintage""]",not_available,[],"[""baseline_vintage"",""behavioural_adjustment"",""cy_proxies_fy"",""head_scope"",""population_vintage""]",,residual_plus_unsized,,no computed counterpart,{}
spring_budget_2024,obr_pmd_nov2025:22339:3d3e9f4d12803d90,spring_budget_2024__vaping_products_duty_introduce_from_1_october_2026_b3237cbe,Vaping products duty: introduce from 1 October 2026,out_of_household_scope,indirect_tax,2025-26,2025,PSCE in RDEL,Spending Measures (Policy measures database),2025-26,-17000000.0,-17000000.0,,,,not_available,not_computed,Source head is outside household tax-benefit scope; retained for event accounting.,"This targeted indirect-tax measure requires product/sector-specific tax-base inputs, rate histories or business/supply-side scope not established by a generic household consumption liability.","[""This targeted indirect-tax measure requires product/sector-specific tax-base inputs, rate histories or business/supply-side scope not established by a generic household consumption liability.""]",[],,,"[""baseline_vintage"",""behavioural_adjustment"",""cy_proxies_fy"",""head_scope"",""population_vintage""]",not_available,[],"[""baseline_vintage"",""behavioural_adjustment"",""cy_proxies_fy"",""head_scope"",""population_vintage""]",,residual_plus_unsized,,no computed counterpart,{}
spring_budget_2024,obr_pmd_nov2025:22345:35edf732073d1113,spring_budget_2024__vaping_products_duty_introduce_from_1_october_2026_b3237cbe,Vaping products duty: introduce from 1 October 2026,out_of_household_scope,indirect_tax,2025-26,2025,PSGI in CDEL,Spending Measures (Policy measures database),2025-26,-6000000.0,-6000000.0,,,,not_available,not_computed,Source head is outside household tax-benefit scope; retained for event accounting.,"This targeted indirect-tax measure requires product/sector-specific tax-base inputs, rate histories or business/supply-side scope not established by a generic household consumption liability.","[""This targeted indirect-tax measure requires product/sector-specific tax-base inputs, rate histories or business/supply-side scope not established by a generic household consumption liability.""]",[],,,"[""baseline_vintage"",""behavioural_adjustment"",""cy_proxies_fy"",""head_scope"",""population_vintage""]",not_available,[],"[""baseline_vintage"",""behavioural_adjustment"",""cy_proxies_fy"",""head_scope"",""population_vintage""]",,residual_plus_unsized,,no computed counterpart,{}
spring_budget_2024,obr_pmd_nov2025:11108:9e8dea6c04e99374,spring_budget_2024__vaping_products_duty_introduce_from_1_october_2026_b3237cbe,Vaping products duty: introduce from 1 October 2026,not_expressible,indirect_tax,2025-26,2025,Tobacco duty,Tax Measures (Policy measures database),2025-26,-33000000.0,-33000000.0,,,,not_available,not_computed,"This targeted indirect-tax measure requires product/sector-specific tax-base inputs, rate histories or business/supply-side scope not established by a generic household consumption liability.","This targeted indirect-tax measure requires product/sector-specific tax-base inputs, rate histories or business/supply-side scope not established by a generic household consumption liability.","[""This targeted indirect-tax measure requires product/sector-specific tax-base inputs, rate histories or business/supply-side scope not established by a generic household consumption liability.""]",[],,,"[""baseline_vintage"",""behavioural_adjustment"",""cy_proxies_fy"",""head_scope"",""population_vintage""]",not_available,[],"[""baseline_vintage"",""behavioural_adjustment"",""cy_proxies_fy"",""head_scope"",""population_vintage""]",,residual_plus_unsized,,no computed counterpart,{}
spring_budget_2024,obr_pmd_nov2025:11102:79466154044d85b1,spring_budget_2024__vaping_products_duty_introduce_from_1_october_2026_b3237cbe,Vaping products duty: introduce from 1 October 2026,not_expressible,indirect_tax,2025-26,2025,Vaping duty,Tax Measures (Policy measures database),2025-26,0.0,0.0,,,,not_available,not_computed,"This targeted indirect-tax measure requires product/sector-specific tax-base inputs, rate histories or business/supply-side scope not established by a generic household consumption liability.","This targeted indirect-tax measure requires product/sector-specific tax-base inputs, rate histories or business/supply-side scope not established by a generic household consumption liability.","[""This targeted indirect-tax measure requires product/sector-specific tax-base inputs, rate histories or business/supply-side scope not established by a generic household consumption liability.""]",[],,,"[""baseline_vintage"",""behavioural_adjustment"",""cy_proxies_fy"",""head_scope"",""population_vintage""]",not_available,[],"[""baseline_vintage"",""behavioural_adjustment"",""cy_proxies_fy"",""head_scope"",""population_vintage""]",,residual_plus_unsized,,no computed counterpart,{}
spring_budget_2024,obr_pmd_nov2025:22340:ea3e4271be572ab3,spring_budget_2024__vaping_products_duty_introduce_from_1_october_2026_b3237cbe,Vaping products duty: introduce from 1 October 2026,out_of_household_scope,indirect_tax,2026-27,2026,PSCE in RDEL,Spending Measures (Policy measures database),2026-27,-21000000.0,-21000000.0,,,,not_available,not_computed,Source head is outside household tax-benefit scope; retained for event accounting.,"This targeted indirect-tax measure requires product/sector-specific tax-base inputs, rate histories or business/supply-side scope not established by a generic household consumption liability.","[""This targeted indirect-tax measure requires product/sector-specific tax-base inputs, rate histories or business/supply-side scope not established by a generic household consumption liability.""]",[],,,"[""baseline_vintage"",""behavioural_adjustment"",""cy_proxies_fy"",""head_scope"",""population_vintage""]",not_available,[],"[""baseline_vintage"",""behavioural_adjustment"",""cy_proxies_fy"",""head_scope"",""population_vintage""]",,residual_plus_unsized,,no computed counterpart,{}
spring_budget_2024,obr_pmd_nov2025:22346:022e0207579cc3f7,spring_budget_2024__vaping_products_duty_introduce_from_1_october_2026_b3237cbe,Vaping products duty: introduce from 1 October 2026,out_of_household_scope,indirect_tax,2026-27,2026,PSGI in CDEL,Spending Measures (Policy measures database),2026-27,-3000000.0,-3000000.0,,,,not_available,not_computed,Source head is outside household tax-benefit scope; retained for event accounting.,"This targeted indirect-tax measure requires product/sector-specific tax-base inputs, rate histories or business/supply-side scope not established by a generic household consumption liability.","[""This targeted indirect-tax measure requires product/sector-specific tax-base inputs, rate histories or business/supply-side scope not established by a generic household consumption liability.""]",[],,,"[""baseline_vintage"",""behavioural_adjustment"",""cy_proxies_fy"",""head_scope"",""population_vintage""]",not_available,[],"[""baseline_vintage"",""behavioural_adjustment"",""cy_proxies_fy"",""head_scope"",""population_vintage""]",,residual_plus_unsized,,no computed counterpart,{}
spring_budget_2024,obr_pmd_nov2025:11109:3c5299342be2683b,spring_budget_2024__vaping_products_duty_introduce_from_1_october_2026_b3237cbe,Vaping products duty: introduce from 1 October 2026,not_expressible,indirect_tax,2026-27,2026,Tobacco duty,Tax Measures (Policy measures database),2026-27,-2270910.901079908,-2270910.901079908,,,,not_available,not_computed,"This targeted indirect-tax measure requires product/sector-specific tax-base inputs, rate histories or business/supply-side scope not established by a generic household consumption liability.","This targeted indirect-tax measure requires product/sector-specific tax-base inputs, rate histories or business/supply-side scope not established by a generic household consumption liability.","[""This targeted indirect-tax measure requires product/sector-specific tax-base inputs, rate histories or business/supply-side scope not established by a generic household consumption liability.""]",[],,,"[""baseline_vintage"",""behavioural_adjustment"",""cy_proxies_fy"",""head_scope"",""population_vintage""]",not_available,[],"[""baseline_vintage"",""behavioural_adjustment"",""cy_proxies_fy"",""head_scope"",""population_vintage""]",,residual_plus_unsized,,no computed counterpart,{}
spring_budget_2024,obr_pmd_nov2025:11103:15d90edd977d78bf,spring_budget_2024__vaping_products_duty_introduce_from_1_october_2026_b3237cbe,Vaping products duty: introduce from 1 October 2026,not_expressible,indirect_tax,2026-27,2026,Vaping duty,Tax Measures (Policy measures database),2026-27,145550106.61889735,145550106.61889735,,,,not_available,not_computed,"This targeted indirect-tax measure requires product/sector-specific tax-base inputs, rate histories or business/supply-side scope not established by a generic household consumption liability.","This targeted indirect-tax measure requires product/sector-specific tax-base inputs, rate histories or business/supply-side scope not established by a generic household consumption liability.","[""This targeted indirect-tax measure requires product/sector-specific tax-base inputs, rate histories or business/supply-side scope not established by a generic household consumption liability.""]",[],,,"[""baseline_vintage"",""behavioural_adjustment"",""cy_proxies_fy"",""head_scope"",""population_vintage""]",not_available,[],"[""baseline_vintage"",""behavioural_adjustment"",""cy_proxies_fy"",""head_scope"",""population_vintage""]",,residual_plus_unsized,,no computed counterpart,{}
spring_budget_2024,obr_pmd_nov2025:22341:3d8a2cfaad69a7d3,spring_budget_2024__vaping_products_duty_introduce_from_1_october_2026_b3237cbe,Vaping products duty: introduce from 1 October 2026,out_of_household_scope,indirect_tax,2027-28,2027,PSCE in RDEL,Spending Measures (Policy measures database),2027-28,-20000000.0,-20000000.0,,,,not_available,not_computed,Source head is outside household tax-benefit scope; retained for event accounting.,"This targeted indirect-tax measure requires product/sector-specific tax-base inputs, rate histories or business/supply-side scope not established by a generic household consumption liability.","[""This targeted indirect-tax measure requires product/sector-specific tax-base inputs, rate histories or business/supply-side scope not established by a generic household consumption liability.""]",[],,,"[""baseline_vintage"",""behavioural_adjustment"",""cy_proxies_fy"",""head_scope"",""population_vintage""]",not_available,[],"[""baseline_vintage"",""behavioural_adjustment"",""cy_proxies_fy"",""head_scope"",""population_vintage""]",,residual_plus_unsized,,no computed counterpart,{}
spring_budget_2024,obr_pmd_nov2025:22347:19ba6525ae90fc9c,spring_budget_2024__vaping_products_duty_introduce_from_1_october_2026_b3237cbe,Vaping products duty: introduce from 1 October 2026,out_of_household_scope,indirect_tax,2027-28,2027,PSGI in CDEL,Spending Measures (Policy measures database),2027-28,0.0,0.0,,,,not_available,not_computed,Source head is outside household tax-benefit scope; retained for event accounting.,"This targeted indirect-tax measure requires product/sector-specific tax-base inputs, rate histories or business/supply-side scope not established by a generic household consumption liability.","[""This targeted indirect-tax measure requires product/sector-specific tax-base inputs, rate histories or business/supply-side scope not established by a generic household consumption liability.""]",[],,,"[""baseline_vintage"",""behavioural_adjustment"",""cy_proxies_fy"",""head_scope"",""population_vintage""]",not_available,[],"[""baseline_vintage"",""behavioural_adjustment"",""cy_proxies_fy"",""head_scope"",""population_vintage""]",,residual_plus_unsized,,no computed counterpart,{}
spring_budget_2024,obr_pmd_nov2025:11110:8e22191b0d535d6e,spring_budget_2024__vaping_products_duty_introduce_from_1_october_2026_b3237cbe,Vaping products duty: introduce from 1 October 2026,not_expressible,indirect_tax,2027-28,2027,Tobacco duty,Tax Measures (Policy measures database),2027-28,33834122.97895532,33834122.97895532,,,,not_available,not_computed,"This targeted indirect-tax measure requires product/sector-specific tax-base inputs, rate histories or business/supply-side scope not established by a generic household consumption liability.","This targeted indirect-tax measure requires product/sector-specific tax-base inputs, rate histories or business/supply-side scope not established by a generic household consumption liability.","[""This targeted indirect-tax measure requires product/sector-specific tax-base inputs, rate histories or business/supply-side scope not established by a generic household consumption liability.""]",[],,,"[""baseline_vintage"",""behavioural_adjustment"",""cy_proxies_fy"",""head_scope"",""population_vintage""]",not_available,[],"[""baseline_vintage"",""behavioural_adjustment"",""cy_proxies_fy"",""head_scope"",""population_vintage""]",,residual_plus_unsized,,no computed counterpart,{}
spring_budget_2024,obr_pmd_nov2025:11104:0c661a96fee87b22,spring_budget_2024__vaping_products_duty_introduce_from_1_october_2026_b3237cbe,Vaping products duty: introduce from 1 October 2026,not_expressible,indirect_tax,2027-28,2027,Vaping duty,Tax Measures (Policy measures database),2027-28,364925322.0029608,364925322.0029608,,,,not_available,not_computed,"This targeted indirect-tax measure requires product/sector-specific tax-base inputs, rate histories or business/supply-side scope not established by a generic household consumption liability.","This targeted indirect-tax measure requires product/sector-specific tax-base inputs, rate histories or business/supply-side scope not established by a generic household consumption liability.","[""This targeted indirect-tax measure requires product/sector-specific tax-base inputs, rate histories or business/supply-side scope not established by a generic household consumption liability.""]",[],,,"[""baseline_vintage"",""behavioural_adjustment"",""cy_proxies_fy"",""head_scope"",""population_vintage""]",not_available,[],"[""baseline_vintage"",""behavioural_adjustment"",""cy_proxies_fy"",""head_scope"",""population_vintage""]",,residual_plus_unsized,,no computed counterpart,{}
spring_budget_2024,obr_pmd_nov2025:22342:d2f26f3390e6a8da,spring_budget_2024__vaping_products_duty_introduce_from_1_october_2026_b3237cbe,Vaping products duty: introduce from 1 October 2026,out_of_household_scope,indirect_tax,2028-29,2028,PSCE in RDEL,Spending Measures (Policy measures database),2028-29,-20000000.0,-20000000.0,,,,not_available,not_computed,Source head is outside household tax-benefit scope; retained for event accounting.,"This targeted indirect-tax measure requires product/sector-specific tax-base inputs, rate histories or business/supply-side scope not established by a generic household consumption liability.","[""This targeted indirect-tax measure requires product/sector-specific tax-base inputs, rate histories or business/supply-side scope not established by a generic household consumption liability.""]",[],,,"[""baseline_vintage"",""behavioural_adjustment"",""cy_proxies_fy"",""head_scope"",""population_vintage""]",not_available,[],"[""baseline_vintage"",""behavioural_adjustment"",""cy_proxies_fy"",""head_scope"",""population_vintage""]",,residual_plus_unsized,,no computed counterpart,{}
spring_budget_2024,obr_pmd_nov2025:22348:ba180a23998820e6,spring_budget_2024__vaping_products_duty_introduce_from_1_october_2026_b3237cbe,Vaping products duty: introduce from 1 October 2026,out_of_household_scope,indirect_tax,2028-29,2028,PSGI in CDEL,Spending Measures (Policy measures database),2028-29,0.0,0.0,,,,not_available,not_computed,Source head is outside household tax-benefit scope; retained for event accounting.,"This targeted indirect-tax measure requires product/sector-specific tax-base inputs, rate histories or business/supply-side scope not established by a generic household consumption liability.","[""This targeted indirect-tax measure requires product/sector-specific tax-base inputs, rate histories or business/supply-side scope not established by a generic household consumption liability.""]",[],,,"[""baseline_vintage"",""behavioural_adjustment"",""cy_proxies_fy"",""head_scope"",""population_vintage""]",not_available,[],"[""baseline_vintage"",""behavioural_adjustment"",""cy_proxies_fy"",""head_scope"",""population_vintage""]",,residual_plus_unsized,,no computed counterpart,{}
spring_budget_2024,obr_pmd_nov2025:11111:3520244b16c2b29b,spring_budget_2024__vaping_products_duty_introduce_from_1_october_2026_b3237cbe,Vaping products duty: introduce from 1 October 2026,not_expressible,indirect_tax,2028-29,2028,Tobacco duty,Tax Measures (Policy measures database),2028-29,45086134.790042944,45086134.790042944,,,,not_available,not_computed,"This targeted indirect-tax measure requires product/sector-specific tax-base inputs, rate histories or business/supply-side scope not established by a generic household consumption liability.","This targeted indirect-tax measure requires product/sector-specific tax-base inputs, rate histories or business/supply-side scope not established by a generic household consumption liability.","[""This targeted indirect-tax measure requires product/sector-specific tax-base inputs, rate histories or business/supply-side scope not established by a generic household consumption liability.""]",[],,,"[""baseline_vintage"",""behavioural_adjustment"",""cy_proxies_fy"",""head_scope"",""population_vintage""]",not_available,[],"[""baseline_vintage"",""behavioural_adjustment"",""cy_proxies_fy"",""head_scope"",""population_vintage""]",,residual_plus_unsized,,no computed counterpart,{}
spring_budget_2024,obr_pmd_nov2025:11105:936b9bb789e89c09,spring_budget_2024__vaping_products_duty_introduce_from_1_october_2026_b3237cbe,Vaping products duty: introduce from 1 October 2026,not_expressible,indirect_tax,2028-29,2028,Vaping duty,Tax Measures (Policy measures database),2028-29,421079379.4659416,421079379.4659416,,,,not_available,not_computed,"This targeted indirect-tax measure requires product/sector-specific tax-base inputs, rate histories or business/supply-side scope not established by a generic household consumption liability.","This targeted indirect-tax measure requires product/sector-specific tax-base inputs, rate histories or business/supply-side scope not established by a generic household consumption liability.","[""This targeted indirect-tax measure requires product/sector-specific tax-base inputs, rate histories or business/supply-side scope not established by a generic household consumption liability.""]",[],,,"[""baseline_vintage"",""behavioural_adjustment"",""cy_proxies_fy"",""head_scope"",""population_vintage""]",not_available,[],"[""baseline_vintage"",""behavioural_adjustment"",""cy_proxies_fy"",""head_scope"",""population_vintage""]",,residual_plus_unsized,,no computed counterpart,{}
spring_budget_2024,obr_pmd_nov2025:11004:230b5c4b080ceb45,spring_budget_2024__vat_increase_the_registration_threshold_to_90_000_and_the_deregistration_threshold_to_88_000_from_1_april_2024_4b66fa47,"VAT: increase the registration threshold to £90,000 and the deregistration threshold to £88,000 from 1 April 2024",not_expressible,indirect_tax,2023-24,2023,VAT,Tax Measures (Policy measures database),2023-24,0.0,0.0,,,,not_available,not_computed,"This targeted indirect-tax measure requires product/sector-specific tax-base inputs, rate histories or business/supply-side scope not established by a generic household consumption liability.","This targeted indirect-tax measure requires product/sector-specific tax-base inputs, rate histories or business/supply-side scope not established by a generic household consumption liability.","[""This targeted indirect-tax measure requires product/sector-specific tax-base inputs, rate histories or business/supply-side scope not established by a generic household consumption liability.""]",[],,,"[""baseline_vintage"",""behavioural_adjustment"",""cy_proxies_fy"",""head_scope"",""population_vintage""]",not_available,[],"[""baseline_vintage"",""behavioural_adjustment"",""cy_proxies_fy"",""head_scope"",""population_vintage""]",,residual_plus_unsized,,no computed counterpart,{}
spring_budget_2024,obr_pmd_nov2025:11005:4c2075b7657f681a,spring_budget_2024__vat_increase_the_registration_threshold_to_90_000_and_the_deregistration_threshold_to_88_000_from_1_april_2024_4b66fa47,"VAT: increase the registration threshold to £90,000 and the deregistration threshold to £88,000 from 1 April 2024",not_expressible,indirect_tax,2024-25,2024,VAT,Tax Measures (Policy measures database),2024-25,-152038837.52328375,-152038837.52328375,,,,not_available,not_computed,"This targeted indirect-tax measure requires product/sector-specific tax-base inputs, rate histories or business/supply-side scope not established by a generic household consumption liability.","This targeted indirect-tax measure requires product/sector-specific tax-base inputs, rate histories or business/supply-side scope not established by a generic household consumption liability.","[""This targeted indirect-tax measure requires product/sector-specific tax-base inputs, rate histories or business/supply-side scope not established by a generic household consumption liability.""]",[],,,"[""baseline_vintage"",""behavioural_adjustment"",""cy_proxies_fy"",""head_scope"",""population_vintage""]",not_available,[],"[""baseline_vintage"",""behavioural_adjustment"",""cy_proxies_fy"",""head_scope"",""population_vintage""]",,residual_plus_unsized,,no computed counterpart,{}
spring_budget_2024,obr_pmd_nov2025:11006:b137d28dbc8b161b,spring_budget_2024__vat_increase_the_registration_threshold_to_90_000_and_the_deregistration_threshold_to_88_000_from_1_april_2024_4b66fa47,"VAT: increase the registration threshold to £90,000 and the deregistration threshold to £88,000 from 1 April 2024",not_expressible,indirect_tax,2025-26,2025,VAT,Tax Measures (Policy measures database),2025-26,-183437629.7865166,-183437629.7865166,,,,not_available,not_computed,"This targeted indirect-tax measure requires product/sector-specific tax-base inputs, rate histories or business/supply-side scope not established by a generic household consumption liability.","This targeted indirect-tax measure requires product/sector-specific tax-base inputs, rate histories or business/supply-side scope not established by a generic household consumption liability.","[""This targeted indirect-tax measure requires product/sector-specific tax-base inputs, rate histories or business/supply-side scope not established by a generic household consumption liability.""]",[],,,"[""baseline_vintage"",""behavioural_adjustment"",""cy_proxies_fy"",""head_scope"",""population_vintage""]",not_available,[],"[""baseline_vintage"",""behavioural_adjustment"",""cy_proxies_fy"",""head_scope"",""population_vintage""]",,residual_plus_unsized,,no computed counterpart,{}
spring_budget_2024,obr_pmd_nov2025:11007:b0efcd4dcd7cbed2,spring_budget_2024__vat_increase_the_registration_threshold_to_90_000_and_the_deregistration_threshold_to_88_000_from_1_april_2024_4b66fa47,"VAT: increase the registration threshold to £90,000 and the deregistration threshold to £88,000 from 1 April 2024",not_expressible,indirect_tax,2026-27,2026,VAT,Tax Measures (Policy measures database),2026-27,-126206328.08415155,-126206328.08415155,,,,not_available,not_computed,"This targeted indirect-tax measure requires product/sector-specific tax-base inputs, rate histories or business/supply-side scope not established by a generic household consumption liability.","This targeted indirect-tax measure requires product/sector-specific tax-base inputs, rate histories or business/supply-side scope not established by a generic household consumption liability.","[""This targeted indirect-tax measure requires product/sector-specific tax-base inputs, rate histories or business/supply-side scope not established by a generic household consumption liability.""]",[],,,"[""baseline_vintage"",""behavioural_adjustment"",""cy_proxies_fy"",""head_scope"",""population_vintage""]",not_available,[],"[""baseline_vintage"",""behavioural_adjustment"",""cy_proxies_fy"",""head_scope"",""population_vintage""]",,residual_plus_unsized,,no computed counterpart,{}
spring_budget_2024,obr_pmd_nov2025:11008:5f58f04df93001ad,spring_budget_2024__vat_increase_the_registration_threshold_to_90_000_and_the_deregistration_threshold_to_88_000_from_1_april_2024_4b66fa47,"VAT: increase the registration threshold to £90,000 and the deregistration threshold to £88,000 from 1 April 2024",not_expressible,indirect_tax,2027-28,2027,VAT,Tax Measures (Policy measures database),2027-28,-51017215.011006325,-51017215.011006325,,,,not_available,not_computed,"This targeted indirect-tax measure requires product/sector-specific tax-base inputs, rate histories or business/supply-side scope not established by a generic household consumption liability.","This targeted indirect-tax measure requires product/sector-specific tax-base inputs, rate histories or business/supply-side scope not established by a generic household consumption liability.","[""This targeted indirect-tax measure requires product/sector-specific tax-base inputs, rate histories or business/supply-side scope not established by a generic household consumption liability.""]",[],,,"[""baseline_vintage"",""behavioural_adjustment"",""cy_proxies_fy"",""head_scope"",""population_vintage""]",not_available,[],"[""baseline_vintage"",""behavioural_adjustment"",""cy_proxies_fy"",""head_scope"",""population_vintage""]",,residual_plus_unsized,,no computed counterpart,{}
spring_budget_2024,obr_pmd_nov2025:11009:4e792e5e5e1b3afb,spring_budget_2024__vat_increase_the_registration_threshold_to_90_000_and_the_deregistration_threshold_to_88_000_from_1_april_2024_4b66fa47,"VAT: increase the registration threshold to £90,000 and the deregistration threshold to £88,000 from 1 April 2024",not_expressible,indirect_tax,2028-29,2028,VAT,Tax Measures (Policy measures database),2028-29,62514921.745958194,62514921.745958194,,,,not_available,not_computed,"This targeted indirect-tax measure requires product/sector-specific tax-base inputs, rate histories or business/supply-side scope not established by a generic household consumption liability.","This targeted indirect-tax measure requires product/sector-specific tax-base inputs, rate histories or business/supply-side scope not established by a generic household consumption liability.","[""This targeted indirect-tax measure requires product/sector-specific tax-base inputs, rate histories or business/supply-side scope not established by a generic household consumption liability.""]",[],,,"[""baseline_vintage"",""behavioural_adjustment"",""cy_proxies_fy"",""head_scope"",""population_vintage""]",not_available,[],"[""baseline_vintage"",""behavioural_adjustment"",""cy_proxies_fy"",""head_scope"",""population_vintage""]",,residual_plus_unsized,,no computed counterpart,{}
spring_budget_2024,obr_pmd_nov2025:22229:d1055a5ecf09e2ce,spring_budget_2024__visual_effects_tax_relief_removal_of_80_cap_on_qualifying_expenditure_and_5_uplift_for_qualifying_costs_from_1_25088222,Visual effects tax relief: removal of 80% cap on qualifying expenditure and 5% uplift for qualifying costs from 1 April 2025,out_of_household_scope,business_tax,2023-24,2023,Company and other credits,Spending Measures (Policy measures database),2023-24,0.0,0.0,,,,not_available,not_computed,Source head is outside household tax-benefit scope; retained for event accounting.,"Business/sector tax, firm allowance or credit; household income-tax spillovers in the PMD do not make the underlying business measure a household reform.","[""Business/sector tax, firm allowance or credit; household income-tax spillovers in the PMD do not make the underlying business measure a household reform.""]",[],,,"[""baseline_vintage"",""behavioural_adjustment"",""cy_proxies_fy"",""head_scope"",""population_vintage""]",not_available,[],"[""baseline_vintage"",""behavioural_adjustment"",""cy_proxies_fy"",""head_scope"",""population_vintage""]",,residual_plus_unsized,,no computed counterpart,{}
spring_budget_2024,obr_pmd_nov2025:22230:c6b488bf31d73b1f,spring_budget_2024__visual_effects_tax_relief_removal_of_80_cap_on_qualifying_expenditure_and_5_uplift_for_qualifying_costs_from_1_25088222,Visual effects tax relief: removal of 80% cap on qualifying expenditure and 5% uplift for qualifying costs from 1 April 2025,out_of_household_scope,business_tax,2024-25,2024,Company and other credits,Spending Measures (Policy measures database),2024-25,0.0,0.0,,,,not_available,not_computed,Source head is outside household tax-benefit scope; retained for event accounting.,"Business/sector tax, firm allowance or credit; household income-tax spillovers in the PMD do not make the underlying business measure a household reform.","[""Business/sector tax, firm allowance or credit; household income-tax spillovers in the PMD do not make the underlying business measure a household reform.""]",[],,,"[""baseline_vintage"",""behavioural_adjustment"",""cy_proxies_fy"",""head_scope"",""population_vintage""]",not_available,[],"[""baseline_vintage"",""behavioural_adjustment"",""cy_proxies_fy"",""head_scope"",""population_vintage""]",,residual_plus_unsized,,no computed counterpart,{}
spring_budget_2024,obr_pmd_nov2025:22231:4f43510b198e8d7f,spring_budget_2024__visual_effects_tax_relief_removal_of_80_cap_on_qualifying_expenditure_and_5_uplift_for_qualifying_costs_from_1_25088222,Visual effects tax relief: removal of 80% cap on qualifying expenditure and 5% uplift for qualifying costs from 1 April 2025,out_of_household_scope,business_tax,2025-26,2025,Company and other credits,Spending Measures (Policy measures database),2025-26,-12065192.24362626,-12065192.24362626,,,,not_available,not_computed,Source head is outside household tax-benefit scope; retained for event accounting.,"Business/sector tax, firm allowance or credit; household income-tax spillovers in the PMD do not make the underlying business measure a household reform.","[""Business/sector tax, firm allowance or credit; household income-tax spillovers in the PMD do not make the underlying business measure a household reform.""]",[],,,"[""baseline_vintage"",""behavioural_adjustment"",""cy_proxies_fy"",""head_scope"",""population_vintage""]",not_available,[],"[""baseline_vintage"",""behavioural_adjustment"",""cy_proxies_fy"",""head_scope"",""population_vintage""]",,residual_plus_unsized,,no computed counterpart,{}
spring_budget_2024,obr_pmd_nov2025:22232:0a1be4e8fcb88b63,spring_budget_2024__visual_effects_tax_relief_removal_of_80_cap_on_qualifying_expenditure_and_5_uplift_for_qualifying_costs_from_1_25088222,Visual effects tax relief: removal of 80% cap on qualifying expenditure and 5% uplift for qualifying costs from 1 April 2025,out_of_household_scope,business_tax,2026-27,2026,Company and other credits,Spending Measures (Policy measures database),2026-27,-63207759.44443045,-63207759.44443045,,,,not_available,not_computed,Source head is outside household tax-benefit scope; retained for event accounting.,"Business/sector tax, firm allowance or credit; household income-tax spillovers in the PMD do not make the underlying business measure a household reform.","[""Business/sector tax, firm allowance or credit; household income-tax spillovers in the PMD do not make the underlying business measure a household reform.""]",[],,,"[""baseline_vintage"",""behavioural_adjustment"",""cy_proxies_fy"",""head_scope"",""population_vintage""]",not_available,[],"[""baseline_vintage"",""behavioural_adjustment"",""cy_proxies_fy"",""head_scope"",""population_vintage""]",,residual_plus_unsized,,no computed counterpart,{}
spring_budget_2024,obr_pmd_nov2025:22233:af92ef7c817bf5ff,spring_budget_2024__visual_effects_tax_relief_removal_of_80_cap_on_qualifying_expenditure_and_5_uplift_for_qualifying_costs_from_1_25088222,Visual effects tax relief: removal of 80% cap on qualifying expenditure and 5% uplift for qualifying costs from 1 April 2025,out_of_household_scope,business_tax,2027-28,2027,Company and other credits,Spending Measures (Policy measures database),2027-28,-68886515.70419493,-68886515.70419493,,,,not_available,not_computed,Source head is outside household tax-benefit scope; retained for event accounting.,"Business/sector tax, firm allowance or credit; household income-tax spillovers in the PMD do not make the underlying business measure a household reform.","[""Business/sector tax, firm allowance or credit; household income-tax spillovers in the PMD do not make the underlying business measure a household reform.""]",[],,,"[""baseline_vintage"",""behavioural_adjustment"",""cy_proxies_fy"",""head_scope"",""population_vintage""]",not_available,[],"[""baseline_vintage"",""behavioural_adjustment"",""cy_proxies_fy"",""head_scope"",""population_vintage""]",,residual_plus_unsized,,no computed counterpart,{}
spring_budget_2024,obr_pmd_nov2025:22234:88642ff842263eec,spring_budget_2024__visual_effects_tax_relief_removal_of_80_cap_on_qualifying_expenditure_and_5_uplift_for_qualifying_costs_from_1_25088222,Visual effects tax relief: removal of 80% cap on qualifying expenditure and 5% uplift for qualifying costs from 1 April 2025,out_of_household_scope,business_tax,2028-29,2028,Company and other credits,Spending Measures (Policy measures database),2028-29,-71354221.65940674,-71354221.65940674,,,,not_available,not_computed,Source head is outside household tax-benefit scope; retained for event accounting.,"Business/sector tax, firm allowance or credit; household income-tax spillovers in the PMD do not make the underlying business measure a household reform.","[""Business/sector tax, firm allowance or credit; household income-tax spillovers in the PMD do not make the underlying business measure a household reform.""]",[],,,"[""baseline_vintage"",""behavioural_adjustment"",""cy_proxies_fy"",""head_scope"",""population_vintage""]",not_available,[],"[""baseline_vintage"",""behavioural_adjustment"",""cy_proxies_fy"",""head_scope"",""population_vintage""]",,residual_plus_unsized,,no computed counterpart,{}
spring_budget_2024,obr_pmd_nov2025:22505:d8e3522910e93bba,spring_budget_2024__welsh_government_funding_523cd290,Welsh Government funding,out_of_household_scope,scope,2023-24,2023,PSCE in RDEL,Spending Measures (Policy measures database),2023-24,0.0,0.0,,,,not_available,not_computed,Source head is outside household tax-benefit scope; retained for event accounting.,"Business, departmental, local-authority, financing or block-grant accounts; no household tax/benefit counterpart for these source heads.","[""Business, departmental, local-authority, financing or block-grant accounts; no household tax/benefit counterpart for these source heads.""]",[],,,"[""baseline_vintage"",""behavioural_adjustment"",""cy_proxies_fy"",""head_scope"",""population_vintage""]",not_available,[],"[""baseline_vintage"",""behavioural_adjustment"",""cy_proxies_fy"",""head_scope"",""population_vintage""]",,residual_plus_unsized,,no computed counterpart,{}
spring_budget_2024,obr_pmd_nov2025:22506:515d2d97d3a5c4fc,spring_budget_2024__welsh_government_funding_523cd290,Welsh Government funding,out_of_household_scope,scope,2024-25,2024,PSCE in RDEL,Spending Measures (Policy measures database),2024-25,-14988178.44337873,-14988178.44337873,,,,not_available,not_computed,Source head is outside household tax-benefit scope; retained for event accounting.,"Business, departmental, local-authority, financing or block-grant accounts; no household tax/benefit counterpart for these source heads.","[""Business, departmental, local-authority, financing or block-grant accounts; no household tax/benefit counterpart for these source heads.""]",[],,,"[""baseline_vintage"",""behavioural_adjustment"",""cy_proxies_fy"",""head_scope"",""population_vintage""]",not_available,[],"[""baseline_vintage"",""behavioural_adjustment"",""cy_proxies_fy"",""head_scope"",""population_vintage""]",,residual_plus_unsized,,no computed counterpart,{}
spring_budget_2024,obr_pmd_nov2025:22507:bf6efe9165855b5b,spring_budget_2024__welsh_government_funding_523cd290,Welsh Government funding,out_of_household_scope,scope,2025-26,2025,PSCE in RDEL,Spending Measures (Policy measures database),2025-26,0.0,0.0,,,,not_available,not_computed,Source head is outside household tax-benefit scope; retained for event accounting.,"Business, departmental, local-authority, financing or block-grant accounts; no household tax/benefit counterpart for these source heads.","[""Business, departmental, local-authority, financing or block-grant accounts; no household tax/benefit counterpart for these source heads.""]",[],,,"[""baseline_vintage"",""behavioural_adjustment"",""cy_proxies_fy"",""head_scope"",""population_vintage""]",not_available,[],"[""baseline_vintage"",""behavioural_adjustment"",""cy_proxies_fy"",""head_scope"",""population_vintage""]",,residual_plus_unsized,,no computed counterpart,{}
spring_budget_2024,obr_pmd_nov2025:22508:eed0346e86704e0f,spring_budget_2024__welsh_government_funding_523cd290,Welsh Government funding,out_of_household_scope,scope,2026-27,2026,PSCE in RDEL,Spending Measures (Policy measures database),2026-27,0.0,0.0,,,,not_available,not_computed,Source head is outside household tax-benefit scope; retained for event accounting.,"Business, departmental, local-authority, financing or block-grant accounts; no household tax/benefit counterpart for these source heads.","[""Business, departmental, local-authority, financing or block-grant accounts; no household tax/benefit counterpart for these source heads.""]",[],,,"[""baseline_vintage"",""behavioural_adjustment"",""cy_proxies_fy"",""head_scope"",""population_vintage""]",not_available,[],"[""baseline_vintage"",""behavioural_adjustment"",""cy_proxies_fy"",""head_scope"",""population_vintage""]",,residual_plus_unsized,,no computed counterpart,{}
spring_budget_2024,obr_pmd_nov2025:22509:cdbe8a87257230fd,spring_budget_2024__welsh_government_funding_523cd290,Welsh Government funding,out_of_household_scope,scope,2027-28,2027,PSCE in RDEL,Spending Measures (Policy measures database),2027-28,0.0,0.0,,,,not_available,not_computed,Source head is outside household tax-benefit scope; retained for event accounting.,"Business, departmental, local-authority, financing or block-grant accounts; no household tax/benefit counterpart for these source heads.","[""Business, departmental, local-authority, financing or block-grant accounts; no household tax/benefit counterpart for these source heads.""]",[],,,"[""baseline_vintage"",""behavioural_adjustment"",""cy_proxies_fy"",""head_scope"",""population_vintage""]",not_available,[],"[""baseline_vintage"",""behavioural_adjustment"",""cy_proxies_fy"",""head_scope"",""population_vintage""]",,residual_plus_unsized,,no computed counterpart,{}
spring_budget_2024,obr_pmd_nov2025:22510:92313d93a3c4c63e,spring_budget_2024__welsh_government_funding_523cd290,Welsh Government funding,out_of_household_scope,scope,2028-29,2028,PSCE in RDEL,Spending Measures (Policy measures database),2028-29,0.0,0.0,,,,not_available,not_computed,Source head is outside household tax-benefit scope; retained for event accounting.,"Business, departmental, local-authority, financing or block-grant accounts; no household tax/benefit counterpart for these source heads.","[""Business, departmental, local-authority, financing or block-grant accounts; no household tax/benefit counterpart for these source heads.""]",[],,,"[""baseline_vintage"",""behavioural_adjustment"",""cy_proxies_fy"",""head_scope"",""population_vintage""]",not_available,[],"[""baseline_vintage"",""behavioural_adjustment"",""cy_proxies_fy"",""head_scope"",""population_vintage""]",,residual_plus_unsized,,no computed counterpart,{}
