date,country,country_name,country_abbr,mean_additional_exposed,mean_total_exposed,mean_additional_all_pairs,mean_total_all_pairs,n_products_present,revision,n_products_total,weighted_etr
2025-01-01,1220,Canada,canada,1.6333399326865967e-4,0.02880721159620818,1.633339932686597e-4,0.02880721159620818,20204,basic,20204,0.0010094623285953584
2025-01-02,1220,Canada,canada,1.6333399326865967e-4,0.02880721159620818,1.633339932686597e-4,0.02880721159620818,20204,basic,20204,0.0010094623285953584
2025-01-03,1220,Canada,canada,1.6333399326865967e-4,0.02880721159620818,1.633339932686597e-4,0.02880721159620818,20204,basic,20204,0.0010094623285953584
2025-01-04,1220,Canada,canada,1.6333399326865967e-4,0.02880721159620818,1.633339932686597e-4,0.02880721159620818,20204,basic,20204,0.0010094623285953584
2025-01-05,1220,Canada,canada,1.6333399326865967e-4,0.02880721159620818,1.633339932686597e-4,0.02880721159620818,20204,basic,20204,0.0010094623285953584
2025-01-06,1220,Canada,canada,1.6333399326865967e-4,0.02880721159620818,1.633339932686597e-4,0.02880721159620818,20204,basic,20204,0.0010094623285953584
2025-01-07,1220,Canada,canada,1.6333399326865967e-4,0.02880721159620818,1.633339932686597e-4,0.02880721159620818,20204,basic,20204,0.0010094623285953584
2025-01-08,1220,Canada,canada,1.6333399326865967e-4,0.02880721159620818,1.633339932686597e-4,0.02880721159620818,20204,basic,20204,0.0010094623285953584
2025-01-09,1220,Canada,canada,1.6333399326865967e-4,0.02880721159620818,1.633339932686597e-4,0.02880721159620818,20204,basic,20204,0.0010094623285953584
2025-01-10,1220,Canada,canada,1.6333399326865967e-4,0.02880721159620818,1.633339932686597e-4,0.02880721159620818,20204,basic,20204,0.0010094623285953584
2025-01-11,1220,Canada,canada,1.6333399326865967e-4,0.02880721159620818,1.633339932686597e-4,0.02880721159620818,20204,basic,20204,0.0010094623285953584
2025-01-12,1220,Canada,canada,1.6333399326865967e-4,0.02880721159620818,1.633339932686597e-4,0.02880721159620818,20204,basic,20204,0.0010094623285953584
2025-01-13,1220,Canada,canada,1.6333399326865967e-4,0.02880721159620818,1.633339932686597e-4,0.02880721159620818,20204,basic,20204,0.0010094623285953584
2025-01-14,1220,Canada,canada,1.6333399326865967e-4,0.02880721159620818,1.633339932686597e-4,0.02880721159620818,20204,basic,20204,0.0010094623285953584
2025-01-15,1220,Canada,canada,1.6333399326865967e-4,0.02880721159620818,1.633339932686597e-4,0.02880721159620818,20204,basic,20204,0.0010094623285953584
2025-01-16,1220,Canada,canada,1.6333399326865967e-4,0.02880721159620818,1.633339932686597e-4,0.02880721159620818,20204,basic,20204,0.0010094623285953584
2025-01-17,1220,Canada,canada,1.6333399326865967e-4,0.02880721159620818,1.633339932686597e-4,0.02880721159620818,20204,basic,20204,0.0010094623285953584
2025-01-18,1220,Canada,canada,1.6333399326865967e-4,0.02880721159620818,1.633339932686597e-4,0.02880721159620818,20204,basic,20204,0.0010094623285953584
2025-01-19,1220,Canada,canada,1.6333399326865967e-4,0.02880721159620818,1.633339932686597e-4,0.02880721159620818,20204,basic,20204,0.0010094623285953584
2025-01-20,1220,Canada,canada,1.6333399326865967e-4,0.02880721159620818,1.633339932686597e-4,0.02880721159620818,20204,basic,20204,0.0010094623285953584
2025-01-21,1220,Canada,canada,1.6333399326865967e-4,0.02880721159620818,1.633339932686597e-4,0.02880721159620818,20204,basic,20204,0.0010094623285953584
2025-01-22,1220,Canada,canada,1.6333399326865967e-4,0.02880721159620818,1.633339932686597e-4,0.02880721159620818,20204,basic,20204,0.0010094623285953584
2025-01-23,1220,Canada,canada,1.6333399326865967e-4,0.02880721159620818,1.633339932686597e-4,0.02880721159620818,20204,basic,20204,0.0010094623285953584
2025-01-24,1220,Canada,canada,1.6333399326865967e-4,0.02880721159620818,1.633339932686597e-4,0.02880721159620818,20204,basic,20204,0.0010094623285953584
2025-01-25,1220,Canada,canada,1.6333399326865967e-4,0.02880721159620818,1.633339932686597e-4,0.02880721159620818,20204,basic,20204,0.0010094623285953584
2025-01-26,1220,Canada,canada,1.6333399326865967e-4,0.02880721159620818,1.633339932686597e-4,0.02880721159620818,20204,basic,20204,0.0010094623285953584
2025-01-27,1220,Canada,canada,1.6333399326865967e-4,0.02880721159620818,1.633339932686597e-4,0.02880721159620818,20204,basic,20204,0.0010094623285953584
2025-01-28,1220,Canada,canada,1.6333399326865967e-4,0.02880721159620818,1.633339932686597e-4,0.02880721159620818,20204,basic,20204,0.0010094623285953584
2025-01-29,1220,Canada,canada,1.6333399326865967e-4,0.02880721159620818,1.633339932686597e-4,0.02880721159620818,20204,basic,20204,0.0010094623285953584
2025-01-30,1220,Canada,canada,1.6333399326865967e-4,0.02880721159620818,1.633339932686597e-4,0.02880721159620818,20204,basic,20204,0.0010094623285953584
2025-01-31,1220,Canada,canada,1.6333399326865967e-4,0.02880721159620818,1.633339932686597e-4,0.02880721159620818,20204,basic,20204,0.0010094623285953584
2025-02-01,1220,Canada,canada,1.6333399326865967e-4,0.02880721159620818,1.633339932686597e-4,0.02880721159620818,20204,basic,20204,0.0010094623285953584
2025-02-02,1220,Canada,canada,1.6333399326865967e-4,0.02880721159620818,1.633339932686597e-4,0.02880721159620818,20204,basic,20204,0.0010094623285953584
2025-02-03,1220,Canada,canada,1.6333399326865967e-4,0.02880721159620818,1.633339932686597e-4,0.02880721159620818,20204,basic,20204,0.0010094623285953584
2025-02-04,1220,Canada,canada,1.6331782638820153e-4,0.02880446066695528,1.6331782638820153e-4,0.02880446066695528,20206,rev_1,20206,0.0010094675066883525
2025-02-05,1220,Canada,canada,1.6331782638820153e-4,0.02880446066695528,1.6331782638820153e-4,0.02880446066695528,20206,rev_2,20206,0.0010094675066883525
2025-02-06,1220,Canada,canada,1.6331782638820153e-4,0.02880446066695528,1.6331782638820153e-4,0.02880446066695528,20206,rev_2,20206,0.0010094675066883525
2025-02-07,1220,Canada,canada,1.6331782638820153e-4,0.02880446066695528,1.6331782638820153e-4,0.02880446066695528,20206,rev_2,20206,0.0010094675066883525
2025-02-08,1220,Canada,canada,1.6331782638820153e-4,0.02880446066695528,1.6331782638820153e-4,0.02880446066695528,20206,rev_2,20206,0.0010094675066883525
2025-02-09,1220,Canada,canada,1.6331782638820153e-4,0.02880446066695528,1.6331782638820153e-4,0.02880446066695528,20206,rev_2,20206,0.0010094675066883525
2025-02-10,1220,Canada,canada,1.6331782638820153e-4,0.02880446066695528,1.6331782638820153e-4,0.02880446066695528,20206,rev_2,20206,0.0010094675066883525
2025-02-11,1220,Canada,canada,1.6331782638820153e-4,0.02880446066695528,1.6331782638820153e-4,0.02880446066695528,20206,rev_2,20206,0.0010094675066883525
2025-02-12,1220,Canada,canada,1.6331782638820153e-4,0.02880446066695528,1.6331782638820153e-4,0.02880446066695528,20206,rev_2,20206,0.0010094675066883525
2025-02-13,1220,Canada,canada,1.6331782638820153e-4,0.02880446066695528,1.6331782638820153e-4,0.02880446066695528,20206,rev_2,20206,0.0010094675066883525
2025-02-14,1220,Canada,canada,1.6331782638820153e-4,0.02880446066695528,1.6331782638820153e-4,0.02880446066695528,20206,rev_2,20206,0.0010094675066883525
2025-02-15,1220,Canada,canada,1.6331782638820153e-4,0.02880446066695528,1.6331782638820153e-4,0.02880446066695528,20206,rev_2,20206,0.0010094675066883525
2025-02-16,1220,Canada,canada,1.6331782638820153e-4,0.02880446066695528,1.6331782638820153e-4,0.02880446066695528,20206,rev_2,20206,0.0010094675066883525
2025-02-17,1220,Canada,canada,1.6331782638820153e-4,0.02880446066695528,1.6331782638820153e-4,0.02880446066695528,20206,rev_2,20206,0.0010094675066883525
2025-02-18,1220,Canada,canada,1.6331782638820153e-4,0.02880446066695528,1.6331782638820153e-4,0.02880446066695528,20206,rev_2,20206,0.0010094675066883525
2025-02-19,1220,Canada,canada,1.6331782638820153e-4,0.02880446066695528,1.6331782638820153e-4,0.02880446066695528,20206,rev_2,20206,0.0010094675066883525
2025-02-20,1220,Canada,canada,1.6331782638820153e-4,0.02880446066695528,1.6331782638820153e-4,0.02880446066695528,20206,rev_2,20206,0.0010094675066883525
2025-02-21,1220,Canada,canada,1.6331782638820153e-4,0.02880446066695528,1.6331782638820153e-4,0.02880446066695528,20206,rev_2,20206,0.0010094675066883525
2025-02-22,1220,Canada,canada,1.6331782638820153e-4,0.02880446066695528,1.6331782638820153e-4,0.02880446066695528,20206,rev_2,20206,0.0010094675066883525
2025-02-23,1220,Canada,canada,1.6331782638820153e-4,0.02880446066695528,1.6331782638820153e-4,0.02880446066695528,20206,rev_2,20206,0.0010094675066883525
2025-02-24,1220,Canada,canada,1.6331782638820153e-4,0.02880446066695528,1.6331782638820153e-4,0.02880446066695528,20206,rev_2,20206,0.0010094675066883525
2025-02-25,1220,Canada,canada,1.6331782638820153e-4,0.02880446066695528,1.6331782638820153e-4,0.02880446066695528,20206,rev_2,20206,0.0010094675066883525
2025-02-26,1220,Canada,canada,1.6331782638820153e-4,0.02880446066695528,1.6331782638820153e-4,0.02880446066695528,20206,rev_2,20206,0.0010094675066883525
2025-02-27,1220,Canada,canada,1.6331782638820153e-4,0.02880446066695528,1.6331782638820153e-4,0.02880446066695528,20206,rev_2,20206,0.0010094675066883525
2025-02-28,1220,Canada,canada,1.6331782638820153e-4,0.02880446066695528,1.6331782638820153e-4,0.02880446066695528,20206,rev_2,20206,0.0010094675066883525
2025-03-01,1220,Canada,canada,1.6331782638820153e-4,0.02880446066695528,1.6331782638820153e-4,0.02880446066695528,20206,rev_2,20206,0.0010094675066883525
2025-03-02,1220,Canada,canada,1.6331782638820153e-4,0.02880446066695528,1.6331782638820153e-4,0.02880446066695528,20206,rev_2,20206,0.0010094675066883525
2025-03-03,1220,Canada,canada,1.6331782638820153e-4,0.02880446066695528,1.6331782638820153e-4,0.02880446066695528,20206,rev_2,20206,0.0010094675066883525
2025-03-04,1220,Canada,canada,0.10155641278753733,0.1301975556281044,0.10155641278753733,0.1301975556281044,20206,rev_3,20206,0.01677964549980351
2025-03-05,1220,Canada,canada,0.10155641278753733,0.1301975556281044,0.10155641278753733,0.1301975556281044,20206,rev_3,20206,0.01677964549980351
2025-03-06,1220,Canada,canada,0.10155641278753733,0.1301975556281044,0.10155641278753733,0.1301975556281044,20206,rev_3,20206,0.01677964549980351
2025-03-07,1220,Canada,canada,0.10203277964232302,0.13066659621166715,0.10203277964232303,0.13066659621166715,20206,rev_4,20206,0.017685881269007556
2025-03-08,1220,Canada,canada,0.10203277964232302,0.13066659621166715,0.10203277964232303,0.13066659621166715,20206,rev_4,20206,0.017685881269007556
2025-03-09,1220,Canada,canada,0.10203277964232302,0.13066659621166715,0.10203277964232303,0.13066659621166715,20206,rev_4,20206,0.017685881269007556
2025-03-10,1220,Canada,canada,0.10203277964232302,0.13066659621166715,0.10203277964232303,0.13066659621166715,20206,rev_4,20206,0.017685881269007556
2025-03-11,1220,Canada,canada,0.10203277964232302,0.13066659621166715,0.10203277964232303,0.13066659621166715,20206,rev_4,20206,0.017685881269007556
2025-03-12,1220,Canada,canada,0.11332066261593823,0.14195447918528237,0.11332066261593825,0.14195447918528237,20206,bnd_2025-03-12,20206,0.03212377770680073
2025-03-13,1220,Canada,canada,0.11332066261593823,0.14195447918528237,0.11332066261593825,0.14195447918528237,20206,bnd_2025-03-12,20206,0.03212377770680073
2025-03-14,1220,Canada,canada,0.11332066261593823,0.14196180545650533,0.11332066261593825,0.14196180545650533,20206,rev_5,20206,0.03214470899791147
2025-03-15,1220,Canada,canada,0.11332066261593823,0.14196180545650533,0.11332066261593825,0.14196180545650533,20206,rev_5,20206,0.03214470899791147
2025-03-16,1220,Canada,canada,0.11332066261593823,0.14196180545650533,0.11332066261593825,0.14196180545650533,20206,rev_5,20206,0.03214470899791147
2025-03-17,1220,Canada,canada,0.11332066261593823,0.14196180545650533,0.11332066261593825,0.14196180545650533,20206,rev_5,20206,0.03214470899791147
2025-03-18,1220,Canada,canada,0.11332066261593823,0.14196180545650533,0.11332066261593825,0.14196180545650533,20206,rev_5,20206,0.03214470899791147
2025-03-19,1220,Canada,canada,0.11332066261593823,0.14196180545650533,0.11332066261593825,0.14196180545650533,20206,rev_5,20206,0.03214470899791147
2025-03-20,1220,Canada,canada,0.11332066261593823,0.14196180545650533,0.11332066261593825,0.14196180545650533,20206,rev_5,20206,0.03214470899791147
2025-03-21,1220,Canada,canada,0.11332066261593823,0.14196180545650533,0.11332066261593825,0.14196180545650533,20206,rev_5,20206,0.03214470899791147
2025-03-22,1220,Canada,canada,0.11332066261593823,0.14196180545650533,0.11332066261593825,0.14196180545650533,20206,rev_5,20206,0.03214470899791147
2025-03-23,1220,Canada,canada,0.11332066261593823,0.14196180545650533,0.11332066261593825,0.14196180545650533,20206,rev_5,20206,0.03214470899791147
2025-03-24,1220,Canada,canada,0.11332066261593823,0.14196180545650533,0.11332066261593825,0.14196180545650533,20206,rev_5,20206,0.03214470899791147
2025-03-25,1220,Canada,canada,0.11332066261593823,0.14196180545650533,0.11332066261593825,0.14196180545650533,20206,rev_5,20206,0.03214470899791147
2025-03-26,1220,Canada,canada,0.11332066261593823,0.14196180545650533,0.11332066261593825,0.14196180545650533,20206,rev_5,20206,0.03214470899791147
2025-03-27,1220,Canada,canada,0.11332066261593823,0.14196180545650533,0.11332066261593825,0.14196180545650533,20206,rev_5,20206,0.03214470899791147
2025-03-28,1220,Canada,canada,0.11332066261593823,0.14196180545650533,0.11332066261593825,0.14196180545650533,20206,rev_5,20206,0.03214470899791147
2025-03-29,1220,Canada,canada,0.11332066261593823,0.14196180545650533,0.11332066261593825,0.14196180545650533,20206,rev_5,20206,0.03214470899791147
2025-03-30,1220,Canada,canada,0.11332066261593823,0.14196180545650533,0.11332066261593825,0.14196180545650533,20206,rev_5,20206,0.03214470899791147
2025-03-31,1220,Canada,canada,0.11332066261593823,0.14196180545650533,0.11332066261593825,0.14196180545650533,20206,rev_5,20206,0.03214470899791147
2025-04-01,1220,Canada,canada,0.11332066261593823,0.14196180545650533,0.11332066261593825,0.14196180545650533,20206,rev_5,20206,0.03214470899791147
2025-04-02,1220,Canada,canada,0.11332066261593823,0.14196180545650533,0.11332066261593825,0.14196180545650533,20206,rev_5,20206,0.03214470899791147
2025-04-03,1220,Canada,canada,0.11362838494540392,0.14226220151474805,0.11362838494540392,0.14226220151474805,20206,rev_6,20206,0.04354946224626062
2025-04-04,1220,Canada,canada,0.11362838494540392,0.14226220151474805,0.11362838494540392,0.14226220151474805,20206,rev_6,20206,0.04354946224626062
2025-04-05,1220,Canada,canada,0.11362838494540392,0.142269527785971,0.11362838494540392,0.142269527785971,20206,rev_7,20206,0.04357039353737136
2025-04-06,1220,Canada,canada,0.11362838494540392,0.142269527785971,0.11362838494540392,0.142269527785971,20206,rev_7,20206,0.04357039353737136
2025-04-07,1220,Canada,canada,0.11362838494540392,0.142269527785971,0.11362838494540392,0.142269527785971,20206,rev_7,20206,0.04357039353737136
2025-04-08,1220,Canada,canada,0.11362838494540392,0.142269527785971,0.11362838494540392,0.142269527785971,20206,rev_7,20206,0.04357039353737136
2025-04-09,1220,Canada,canada,0.11362838494540392,0.142269527785971,0.11362838494540392,0.142269527785971,20206,rev_8,20206,0.04357039353737136
2025-04-10,1220,Canada,canada,0.11362838494540392,0.142269527785971,0.11362838494540392,0.142269527785971,20206,rev_9,20206,0.04357039353737136
2025-04-11,1220,Canada,canada,0.11362838494540392,0.142269527785971,0.11362838494540392,0.142269527785971,20206,rev_9,20206,0.04357039353737136
2025-04-12,1220,Canada,canada,0.11362838494540392,0.142269527785971,0.11362838494540392,0.142269527785971,20206,rev_9,20206,0.04357039353737136
2025-04-13,1220,Canada,canada,0.11362838494540392,0.142269527785971,0.11362838494540392,0.142269527785971,20206,rev_9,20206,0.04357039353737136
2025-04-14,1220,Canada,canada,0.11362838494540392,0.142269527785971,0.11362838494540392,0.142269527785971,20206,rev_9,20206,0.04357039353737136
2025-04-15,1220,Canada,canada,0.11362838494540392,0.14226220151474805,0.11362838494540392,0.14226220151474805,20206,rev_10,20206,0.04354946224626062
2025-04-16,1220,Canada,canada,0.11362838494540392,0.14226220151474805,0.11362838494540392,0.14226220151474805,20206,rev_10,20206,0.04354946224626062
2025-04-17,1220,Canada,canada,0.11362838494540392,0.14226220151474805,0.11362838494540392,0.14226220151474805,20206,rev_10,20206,0.04354946224626062
2025-04-18,1220,Canada,canada,0.11362838494540392,0.14226220151474805,0.11362838494540392,0.14226220151474805,20206,rev_10,20206,0.04354946224626062
2025-04-19,1220,Canada,canada,0.11362838494540392,0.14226220151474805,0.11362838494540392,0.14226220151474805,20206,rev_10,20206,0.04354946224626062
2025-04-20,1220,Canada,canada,0.11362838494540392,0.14226220151474805,0.11362838494540392,0.14226220151474805,20206,rev_10,20206,0.04354946224626062
2025-04-21,1220,Canada,canada,0.11362838494540392,0.14226220151474805,0.11362838494540392,0.14226220151474805,20206,rev_10,20206,0.04354946224626062
2025-04-22,1220,Canada,canada,0.11362838494540392,0.14226220151474805,0.11362838494540392,0.14226220151474805,20206,rev_10,20206,0.04354946224626062
2025-04-23,1220,Canada,canada,0.11362838494540392,0.14226220151474805,0.11362838494540392,0.14226220151474805,20206,rev_10,20206,0.04354946224626062
2025-04-24,1220,Canada,canada,0.11362838494540392,0.14226220151474805,0.11362838494540392,0.14226220151474805,20206,rev_10,20206,0.04354946224626062
2025-04-25,1220,Canada,canada,0.11362838494540392,0.14226220151474805,0.11362838494540392,0.14226220151474805,20206,rev_10,20206,0.04354946224626062
2025-04-26,1220,Canada,canada,0.11362838494540392,0.14226220151474805,0.11362838494540392,0.14226220151474805,20206,rev_10,20206,0.04354946224626062
2025-04-27,1220,Canada,canada,0.11362838494540392,0.14226220151474805,0.11362838494540392,0.14226220151474805,20206,rev_10,20206,0.04354946224626062
2025-04-28,1220,Canada,canada,0.11362838494540392,0.14226220151474805,0.11362838494540392,0.14226220151474805,20206,rev_10,20206,0.04354946224626062
2025-04-29,1220,Canada,canada,0.11362838494540392,0.14226220151474805,0.11362838494540392,0.14226220151474805,20206,rev_10,20206,0.04354946224626062
2025-04-30,1220,Canada,canada,0.11362838494540392,0.14226220151474805,0.11362838494540392,0.14226220151474805,20206,rev_10,20206,0.04354946224626062
2025-05-01,1220,Canada,canada,0.11362838494540392,0.14226220151474805,0.11362838494540392,0.14226220151474805,20206,rev_10,20206,0.04354946224626062
2025-05-02,1220,Canada,canada,0.11362838494540392,0.14226220151474805,0.11362838494540392,0.14226220151474805,20206,rev_10,20206,0.04354946224626062
2025-05-03,1220,Canada,canada,0.11357190872580304,0.14221305156637012,0.11357190872580304,0.14221305156637012,20206,rev_11,20206,0.04341424369834846
2025-05-04,1220,Canada,canada,0.11357190872580304,0.14221305156637012,0.11357190872580304,0.14221305156637012,20206,rev_11,20206,0.04341424369834846
2025-05-05,1220,Canada,canada,0.11357190872580304,0.14221305156637012,0.11357190872580304,0.14221305156637012,20206,rev_11,20206,0.04341424369834846
2025-05-06,1220,Canada,canada,0.11357190872580304,0.14221305156637012,0.11357190872580304,0.14221305156637012,20206,rev_11,20206,0.04341424369834846
2025-05-07,1220,Canada,canada,0.11357190872580304,0.14221305156637012,0.11357190872580304,0.14221305156637012,20206,rev_11,20206,0.04341424369834846
2025-05-08,1220,Canada,canada,0.11357190872580304,0.14221305156637012,0.11357190872580304,0.14221305156637012,20206,rev_11,20206,0.04341424369834846
2025-05-09,1220,Canada,canada,0.11357190872580304,0.14221305156637012,0.11357190872580304,0.14221305156637012,20206,rev_11,20206,0.04341424369834846
2025-05-10,1220,Canada,canada,0.11357190872580304,0.14221305156637012,0.11357190872580304,0.14221305156637012,20206,rev_11,20206,0.04341424369834846
2025-05-11,1220,Canada,canada,0.11357190872580304,0.14221305156637012,0.11357190872580304,0.14221305156637012,20206,rev_11,20206,0.04341424369834846
2025-05-12,1220,Canada,canada,0.11357190872580304,0.14221305156637012,0.11357190872580304,0.14221305156637012,20206,rev_11,20206,0.04341424369834846
2025-05-13,1220,Canada,canada,0.11357190872580304,0.14221305156637012,0.11357190872580304,0.14221305156637012,20206,rev_11,20206,0.04341424369834846
2025-05-14,1220,Canada,canada,0.11357190872580304,0.14221305156637012,0.11357190872580304,0.14221305156637012,20206,rev_12,20206,0.04341424369834846
2025-05-15,1220,Canada,canada,0.11357190872580304,0.14221305156637012,0.11357190872580304,0.14221305156637012,20206,rev_12,20206,0.04341424369834846
2025-05-16,1220,Canada,canada,0.11357190872580304,0.14221305156637012,0.11357190872580304,0.14221305156637012,20206,rev_13,20206,0.04341424369834846
2025-05-17,1220,Canada,canada,0.11357190872580304,0.14221305156637012,0.11357190872580304,0.14221305156637012,20206,rev_13,20206,0.04341424369834846
2025-05-18,1220,Canada,canada,0.11357190872580304,0.14221305156637012,0.11357190872580304,0.14221305156637012,20206,rev_13,20206,0.04341424369834846
2025-05-19,1220,Canada,canada,0.11357190872580304,0.14221305156637012,0.11357190872580304,0.14221305156637012,20206,rev_13,20206,0.04341424369834846
2025-05-20,1220,Canada,canada,0.11357190872580304,0.14221305156637012,0.11357190872580304,0.14221305156637012,20206,rev_13,20206,0.04341424369834846
2025-05-21,1220,Canada,canada,0.11357190872580304,0.14221305156637012,0.11357190872580304,0.14221305156637012,20206,rev_13,20206,0.04341424369834846
2025-05-22,1220,Canada,canada,0.11357190872580304,0.14221305156637012,0.11357190872580304,0.14221305156637012,20206,rev_13,20206,0.04341424369834846
2025-05-23,1220,Canada,canada,0.11357190872580304,0.14221305156637012,0.11357190872580304,0.14221305156637012,20206,rev_13,20206,0.04341424369834846
2025-05-24,1220,Canada,canada,0.11357190872580304,0.14221305156637012,0.11357190872580304,0.14221305156637012,20206,rev_13,20206,0.04341424369834846
2025-05-25,1220,Canada,canada,0.11357190872580304,0.14221305156637012,0.11357190872580304,0.14221305156637012,20206,rev_13,20206,0.04341424369834846
2025-05-26,1220,Canada,canada,0.11357190872580304,0.14221305156637012,0.11357190872580304,0.14221305156637012,20206,rev_13,20206,0.04341424369834846
2025-05-27,1220,Canada,canada,0.11357190872580304,0.14221305156637012,0.11357190872580304,0.14221305156637012,20206,rev_13,20206,0.04341424369834846
2025-05-28,1220,Canada,canada,0.11357190872580304,0.14221305156637012,0.11357190872580304,0.14221305156637012,20206,rev_13,20206,0.04341424369834846
2025-05-29,1220,Canada,canada,0.11357190872580304,0.14221305156637012,0.11357190872580304,0.14221305156637012,20206,rev_13,20206,0.04341424369834846
2025-05-30,1220,Canada,canada,0.11357190872580304,0.14221305156637012,0.11357190872580304,0.14221305156637012,20206,rev_13,20206,0.04341424369834846
2025-05-31,1220,Canada,canada,0.11357190872580304,0.14221305156637012,0.11357190872580304,0.14221305156637012,20206,rev_13,20206,0.04341424369834846
2025-06-01,1220,Canada,canada,0.11357190872580304,0.14221305156637012,0.11357190872580304,0.14221305156637012,20206,rev_13,20206,0.04341424369834846
2025-06-02,1220,Canada,canada,0.11357190872580304,0.14221305156637012,0.11357190872580304,0.14221305156637012,20206,rev_13,20206,0.04341424369834846
2025-06-03,1220,Canada,canada,0.11357190872580304,0.14221305156637012,0.11357190872580304,0.14221305156637012,20206,rev_13,20206,0.04341424369834846
2025-06-04,1220,Canada,canada,0.12915945953267663,0.15779327610202076,0.12915945953267663,0.15779327610202076,20206,rev_14,20206,0.06006653890550897
2025-06-05,1220,Canada,canada,0.12915945953267663,0.15779327610202076,0.12915945953267663,0.15779327610202076,20206,rev_14,20206,0.06006653890550897
2025-06-06,1220,Canada,canada,0.12915945953267663,0.15779327610202076,0.12915945953267663,0.15779327610202076,20206,rev_14,20206,0.06006653890550897
2025-06-07,1220,Canada,canada,0.12915945953267663,0.15779327610202076,0.12915945953267663,0.15779327610202076,20206,rev_14,20206,0.06006653890550897
2025-06-08,1220,Canada,canada,0.12915945953267663,0.15779327610202076,0.12915945953267663,0.15779327610202076,20206,rev_14,20206,0.06006653890550897
2025-06-09,1220,Canada,canada,0.12915945953267663,0.15779327610202076,0.12915945953267663,0.15779327610202076,20206,rev_14,20206,0.06006653890550897
2025-06-10,1220,Canada,canada,0.12915945953267663,0.15779327610202076,0.12915945953267663,0.15779327610202076,20206,rev_14,20206,0.06006653890550897
2025-06-11,1220,Canada,canada,0.12915945953267663,0.15779327610202076,0.12915945953267663,0.15779327610202076,20206,rev_14,20206,0.06006653890550897
2025-06-12,1220,Canada,canada,0.12915945953267663,0.15779327610202076,0.12915945953267663,0.15779327610202076,20206,rev_14,20206,0.06006653890550897
2025-06-13,1220,Canada,canada,0.12915945953267663,0.15779327610202076,0.12915945953267663,0.15779327610202076,20206,rev_14,20206,0.06006653890550897
2025-06-14,1220,Canada,canada,0.12915945953267663,0.15779327610202076,0.12915945953267663,0.15779327610202076,20206,rev_14,20206,0.06006653890550897
2025-06-15,1220,Canada,canada,0.12915945953267663,0.15779327610202076,0.12915945953267663,0.15779327610202076,20206,rev_14,20206,0.06006653890550897
2025-06-16,1220,Canada,canada,0.12915945953267663,0.15779327610202076,0.12915945953267663,0.15779327610202076,20206,rev_14,20206,0.06006653890550897
2025-06-17,1220,Canada,canada,0.12915945953267663,0.15779327610202076,0.12915945953267663,0.15779327610202076,20206,rev_14,20206,0.06006653890550897
2025-06-18,1220,Canada,canada,0.12915945953267663,0.15779327610202076,0.12915945953267663,0.15779327610202076,20206,rev_14,20206,0.06006653890550897
2025-06-19,1220,Canada,canada,0.12915945953267663,0.15779327610202076,0.12915945953267663,0.15779327610202076,20206,rev_14,20206,0.06006653890550897
2025-06-20,1220,Canada,canada,0.12915945953267663,0.15779327610202076,0.12915945953267663,0.15779327610202076,20206,rev_14,20206,0.06006653890550897
2025-06-21,1220,Canada,canada,0.12915945953267663,0.15779327610202076,0.12915945953267663,0.15779327610202076,20206,rev_14,20206,0.06006653890550897
2025-06-22,1220,Canada,canada,0.12915945953267663,0.15779327610202076,0.12915945953267663,0.15779327610202076,20206,rev_14,20206,0.06006653890550897
2025-06-23,1220,Canada,canada,0.12915945953267663,0.1578006023732437,0.12915945953267663,0.1578006023732437,20206,rev_15,20206,0.06008747019661971
2025-06-24,1220,Canada,canada,0.12915945953267663,0.1578006023732437,0.12915945953267663,0.1578006023732437,20206,rev_15,20206,0.06008747019661971
2025-06-25,1220,Canada,canada,0.12915945953267663,0.1578006023732437,0.12915945953267663,0.1578006023732437,20206,rev_15,20206,0.06008747019661971
2025-06-26,1220,Canada,canada,0.12915945953267663,0.1578006023732437,0.12915945953267663,0.1578006023732437,20206,rev_15,20206,0.06008747019661971
2025-06-27,1220,Canada,canada,0.12915945953267663,0.1578006023732437,0.12915945953267663,0.1578006023732437,20206,rev_15,20206,0.06008747019661971
2025-06-28,1220,Canada,canada,0.12915945953267663,0.1578006023732437,0.12915945953267663,0.1578006023732437,20206,rev_15,20206,0.06008747019661971
2025-06-29,1220,Canada,canada,0.12915945953267663,0.1578006023732437,0.12915945953267663,0.1578006023732437,20206,rev_15,20206,0.06008747019661971
2025-06-30,1220,Canada,canada,0.12915945953267663,0.1578006023732437,0.12915945953267663,0.1578006023732437,20206,rev_15,20206,0.06008747019661971
2025-07-01,1220,Canada,canada,0.12919954148842783,0.15776146800499816,0.12919954148842783,0.15776146800499816,20242,rev_16,20242,0.05797027579980552
2025-07-02,1220,Canada,canada,0.12919954148842783,0.15776146800499816,0.12919954148842783,0.15776146800499816,20242,rev_16,20242,0.05797027579980552
2025-07-03,1220,Canada,canada,0.12919954148842783,0.15776146800499816,0.12919954148842783,0.15776146800499816,20242,rev_16,20242,0.05797027579980552
2025-07-04,1220,Canada,canada,0.12919954148842783,0.15776146800499816,0.12919954148842783,0.15776146800499816,20242,rev_16,20242,0.05797027579980552
2025-07-05,1220,Canada,canada,0.12919954148842783,0.15776146800499816,0.12919954148842783,0.15776146800499816,20242,rev_16,20242,0.05797027579980552
2025-07-06,1220,Canada,canada,0.12919954148842783,0.15776146800499816,0.12919954148842783,0.15776146800499816,20242,rev_16,20242,0.05797027579980552
2025-07-07,1220,Canada,canada,0.12919954148842783,0.15776146800499816,0.12919954148842783,0.15776146800499816,20242,rev_16,20242,0.05797027579980552
2025-07-08,1220,Canada,canada,0.12919954148842783,0.15776146800499816,0.12919954148842783,0.15776146800499816,20242,rev_16,20242,0.05797027579980552
2025-07-09,1220,Canada,canada,0.12919954148842783,0.15776146800499816,0.12919954148842783,0.15776146800499816,20242,rev_16,20242,0.05797027579980552
2025-07-10,1220,Canada,canada,0.12919954148842783,0.15776146800499816,0.12919954148842783,0.15776146800499816,20242,rev_16,20242,0.05797027579980552
2025-07-11,1220,Canada,canada,0.12919954148842783,0.15776146800499816,0.12919954148842783,0.15776146800499816,20242,rev_16,20242,0.05797027579980552
2025-07-12,1220,Canada,canada,0.12919954148842783,0.15776146800499816,0.12919954148842783,0.15776146800499816,20242,rev_16,20242,0.05797027579980552
2025-07-13,1220,Canada,canada,0.12919954148842783,0.15776146800499816,0.12919954148842783,0.15776146800499816,20242,rev_16,20242,0.05797027579980552
2025-07-14,1220,Canada,canada,0.12919954148842783,0.15776146800499816,0.12919954148842783,0.15776146800499816,20242,rev_16,20242,0.05797027579980552
2025-07-15,1220,Canada,canada,0.12919954148842783,0.15776146800499816,0.12919954148842783,0.15776146800499816,20242,rev_16,20242,0.05797027579980552
2025-07-16,1220,Canada,canada,0.12919954148842783,0.15776146800499816,0.12919954148842783,0.15776146800499816,20242,rev_16,20242,0.05797027579980552
2025-07-17,1220,Canada,canada,0.12919954148842783,0.15776146800499816,0.12919954148842783,0.15776146800499816,20242,rev_16,20242,0.05797027579980552
2025-07-18,1220,Canada,canada,0.12919954148842783,0.15776146800499816,0.12919954148842783,0.15776146800499816,20242,rev_16,20242,0.05797027579980552
2025-07-19,1220,Canada,canada,0.12919954148842783,0.15776146800499816,0.12919954148842783,0.15776146800499816,20242,rev_16,20242,0.05797027579980552
2025-07-20,1220,Canada,canada,0.12919954148842783,0.15776146800499816,0.12919954148842783,0.15776146800499816,20242,rev_16,20242,0.05797027579980552
2025-07-21,1220,Canada,canada,0.12919954148842783,0.15776146800499816,0.12919954148842783,0.15776146800499816,20242,rev_16,20242,0.05797027579980552
2025-07-22,1220,Canada,canada,0.12919954148842783,0.15776146800499816,0.12919954148842783,0.15776146800499816,20242,rev_16,20242,0.05797027579980552
2025-07-23,1220,Canada,canada,0.12919954148842783,0.15776146800499816,0.12919954148842783,0.15776146800499816,20242,rev_16,20242,0.05797027579980552
2025-07-24,1220,Canada,canada,0.12919954148842783,0.15776146800499816,0.12919954148842783,0.15776146800499816,20242,rev_16,20242,0.05797027579980552
2025-07-25,1220,Canada,canada,0.12919954148842783,0.15776146800499816,0.12919954148842783,0.15776146800499816,20242,rev_16,20242,0.05797027579980552
2025-07-26,1220,Canada,canada,0.12919954148842783,0.15776146800499816,0.12919954148842783,0.15776146800499816,20242,rev_16,20242,0.05797027579980552
2025-07-27,1220,Canada,canada,0.12919954148842783,0.15776146800499816,0.12919954148842783,0.15776146800499816,20242,rev_16,20242,0.05797027579980552
2025-07-28,1220,Canada,canada,0.12919954148842783,0.15776146800499816,0.12919954148842783,0.15776146800499816,20242,rev_16,20242,0.05797027579980552
2025-07-29,1220,Canada,canada,0.12919954148842783,0.15776146800499816,0.12919954148842783,0.15776146800499816,20242,rev_16,20242,0.05797027579980552
2025-07-30,1220,Canada,canada,0.12919954148842783,0.15776146800499816,0.12919954148842783,0.15776146800499816,20242,rev_16,20242,0.05797027579980552
2025-07-31,1220,Canada,canada,0.12919954148842783,0.15776146800499816,0.12919954148842783,0.15776146800499816,20242,rev_16,20242,0.05797027579980552
2025-08-01,1220,Canada,canada,0.18759921498564736,0.216162552594877,0.18759921498564733,0.216162552594877,20241,rev_17,20241,0.06754607009078409
2025-08-02,1220,Canada,canada,0.18759921498564736,0.216162552594877,0.18759921498564733,0.216162552594877,20241,rev_17,20241,0.06754607009078409
2025-08-03,1220,Canada,canada,0.18759921498564736,0.216162552594877,0.18759921498564733,0.216162552594877,20241,rev_17,20241,0.06754607009078409
2025-08-04,1220,Canada,canada,0.18759921498564736,0.216162552594877,0.18759921498564733,0.216162552594877,20241,rev_17,20241,0.06754607009078409
2025-08-05,1220,Canada,canada,0.18759921498564736,0.216162552594877,0.18759921498564733,0.216162552594877,20241,rev_17,20241,0.06754607009078409
2025-08-06,1220,Canada,canada,0.18759921498564736,0.216162552594877,0.18759921498564733,0.216162552594877,20241,rev_17,20241,0.06754607009078409
2025-08-07,1220,Canada,canada,0.18759921498564736,0.216162552594877,0.18759921498564733,0.216162552594877,20241,rev_18,20241,0.06754607009078409
2025-08-08,1220,Canada,canada,0.18759921498564736,0.216162552594877,0.18759921498564733,0.216162552594877,20241,rev_18,20241,0.06754607009078409
2025-08-09,1220,Canada,canada,0.18759921498564736,0.216162552594877,0.18759921498564733,0.216162552594877,20241,rev_18,20241,0.06754607009078409
2025-08-10,1220,Canada,canada,0.18759921498564736,0.216162552594877,0.18759921498564733,0.216162552594877,20241,rev_18,20241,0.06754607009078409
2025-08-11,1220,Canada,canada,0.18759921498564736,0.216162552594877,0.18759921498564733,0.216162552594877,20241,rev_18,20241,0.06754607009078409
2025-08-12,1220,Canada,canada,0.18759921498564736,0.216162552594877,0.18759921498564733,0.216162552594877,20241,rev_18,20241,0.06754607009078409
2025-08-13,1220,Canada,canada,0.18759921498564736,0.216162552594877,0.18759921498564733,0.216162552594877,20241,rev_18,20241,0.06754607009078409
2025-08-14,1220,Canada,canada,0.18759921498564736,0.216162552594877,0.18759921498564733,0.216162552594877,20241,rev_18,20241,0.06754607009078409
2025-08-15,1220,Canada,canada,0.18759921498564736,0.216162552594877,0.18759921498564733,0.216162552594877,20241,rev_18,20241,0.06754607009078409
2025-08-16,1220,Canada,canada,0.18759921498564736,0.216162552594877,0.18759921498564733,0.216162552594877,20241,rev_18,20241,0.06754607009078409
2025-08-17,1220,Canada,canada,0.18759921498564736,0.216162552594877,0.18759921498564733,0.216162552594877,20241,rev_18,20241,0.06754607009078409
2025-08-18,1220,Canada,canada,0.18938849658518717,0.2179518341944168,0.18938849658518714,0.21795183419441683,20241,rev_19,20241,0.0699035842056695
2025-08-19,1220,Canada,canada,0.18938849658518717,0.2179518341944168,0.18938849658518714,0.21795183419441683,20241,rev_19,20241,0.0699035842056695
2025-08-20,1220,Canada,canada,0.18938849658518717,0.2179518341944168,0.18938849658518714,0.21795183419441683,20241,rev_19,20241,0.0699035842056695
2025-08-21,1220,Canada,canada,0.18938849658518717,0.2179518341944168,0.18938849658518714,0.21795183419441683,20241,rev_19,20241,0.0699035842056695
2025-08-22,1220,Canada,canada,0.18938849658518717,0.2179518341944168,0.18938849658518714,0.21795183419441683,20241,rev_19,20241,0.0699035842056695
2025-08-23,1220,Canada,canada,0.18938849658518717,0.2179518341944168,0.18938849658518714,0.21795183419441683,20241,rev_19,20241,0.0699035842056695
2025-08-24,1220,Canada,canada,0.18938849658518717,0.2179518341944168,0.18938849658518714,0.21795183419441683,20241,rev_19,20241,0.0699035842056695
2025-08-25,1220,Canada,canada,0.18938849658518717,0.2179518341944168,0.18938849658518714,0.21795183419441683,20241,rev_19,20241,0.0699035842056695
2025-08-26,1220,Canada,canada,0.18938849658518717,0.2179518341944168,0.18938849658518714,0.21795183419441683,20241,rev_19,20241,0.0699035842056695
2025-08-27,1220,Canada,canada,0.18938849658518717,0.2179518341944168,0.18938849658518714,0.21795183419441683,20241,rev_20,20241,0.0699035842056695
2025-08-28,1220,Canada,canada,0.18938849658518717,0.2179518341944168,0.18938849658518714,0.21795183419441683,20241,rev_20,20241,0.0699035842056695
2025-08-29,1220,Canada,canada,0.18938849658518717,0.2179518341944168,0.18938849658518714,0.21795183419441683,20241,rev_20,20241,0.0699035842056695
2025-08-30,1220,Canada,canada,0.18938849658518717,0.2179518341944168,0.18938849658518714,0.21795183419441683,20241,rev_20,20241,0.0699035842056695
2025-08-31,1220,Canada,canada,0.18938849658518717,0.2179518341944168,0.18938849658518714,0.21795183419441683,20241,rev_20,20241,0.0699035842056695
2025-09-01,1220,Canada,canada,0.18938849658518717,0.2179518341944168,0.18938849658518714,0.21795183419441683,20241,rev_20,20241,0.0699035842056695
2025-09-02,1220,Canada,canada,0.18938849658518717,0.2179518341944168,0.18938849658518714,0.21795183419441683,20241,rev_21,20241,0.0699035842056695
2025-09-03,1220,Canada,canada,0.18938849658518717,0.2179518341944168,0.18938849658518714,0.21795183419441683,20241,rev_21,20241,0.0699035842056695
2025-09-04,1220,Canada,canada,0.18938849658518717,0.2179518341944168,0.18938849658518714,0.21795183419441683,20241,rev_21,20241,0.0699035842056695
2025-09-05,1220,Canada,canada,0.18938849658518717,0.2179518341944168,0.18938849658518714,0.21795183419441683,20241,rev_21,20241,0.0699035842056695
2025-09-06,1220,Canada,canada,0.18938849658518717,0.2179518341944168,0.18938849658518714,0.21795183419441683,20241,rev_21,20241,0.0699035842056695
2025-09-07,1220,Canada,canada,0.18938849658518717,0.2179518341944168,0.18938849658518714,0.21795183419441683,20241,rev_21,20241,0.0699035842056695
2025-09-08,1220,Canada,canada,0.18938849658518717,0.2179518341944168,0.18938849658518714,0.21795183419441683,20241,rev_22,20241,0.0699035842056695
2025-09-09,1220,Canada,canada,0.18938849658518717,0.2179518341944168,0.18938849658518714,0.21795183419441683,20241,rev_22,20241,0.0699035842056695
2025-09-10,1220,Canada,canada,0.18938849658518717,0.2179518341944168,0.18938849658518714,0.21795183419441683,20241,rev_22,20241,0.0699035842056695
2025-09-11,1220,Canada,canada,0.18938849658518717,0.2179518341944168,0.18938849658518714,0.21795183419441683,20241,rev_22,20241,0.0699035842056695
2025-09-12,1220,Canada,canada,0.18938849658518717,0.2179518341944168,0.18938849658518714,0.21795183419441683,20241,rev_22,20241,0.0699035842056695
2025-09-13,1220,Canada,canada,0.18938849658518717,0.2179518341944168,0.18938849658518714,0.21795183419441683,20241,rev_22,20241,0.0699035842056695
2025-09-14,1220,Canada,canada,0.18938849658518717,0.2179518341944168,0.18938849658518714,0.21795183419441683,20241,rev_22,20241,0.0699035842056695
2025-09-15,1220,Canada,canada,0.18938849658518717,0.2179518341944168,0.18938849658518714,0.21795183419441683,20241,rev_22,20241,0.0699035842056695
2025-09-16,1220,Canada,canada,0.18938849658518717,0.2179518341944168,0.18938849658518714,0.21795183419441683,20241,rev_23,20241,0.0699035842056695
2025-09-17,1220,Canada,canada,0.18938849658518717,0.2179518341944168,0.18938849658518714,0.21795183419441683,20241,rev_23,20241,0.0699035842056695
2025-09-18,1220,Canada,canada,0.18938849658518717,0.2179518341944168,0.18938849658518714,0.21795183419441683,20241,rev_23,20241,0.0699035842056695
2025-09-19,1220,Canada,canada,0.18938849658518717,0.2179518341944168,0.18938849658518714,0.21795183419441683,20241,rev_23,20241,0.0699035842056695
2025-09-20,1220,Canada,canada,0.18938849658518717,0.2179518341944168,0.18938849658518714,0.21795183419441683,20241,rev_23,20241,0.0699035842056695
2025-09-21,1220,Canada,canada,0.18938849658518717,0.2179518341944168,0.18938849658518714,0.21795183419441683,20241,rev_23,20241,0.0699035842056695
2025-09-22,1220,Canada,canada,0.18938849658518717,0.2179518341944168,0.18938849658518714,0.21795183419441683,20241,rev_23,20241,0.0699035842056695
2025-09-23,1220,Canada,canada,0.18938849658518717,0.2179518341944168,0.18938849658518714,0.21795183419441683,20241,rev_23,20241,0.0699035842056695
2025-09-24,1220,Canada,canada,0.18938849658518717,0.2179518341944168,0.18938849658518714,0.21795183419441683,20241,rev_23,20241,0.0699035842056695
2025-09-25,1220,Canada,canada,0.18938849658518717,0.2179518341944168,0.18938849658518714,0.21795183419441683,20241,rev_24,20241,0.0699035842056695
2025-09-26,1220,Canada,canada,0.18938849658518717,0.2179518341944168,0.18938849658518714,0.21795183419441683,20241,rev_24,20241,0.0699035842056695
2025-09-27,1220,Canada,canada,0.18938849658518717,0.2179518341944168,0.18938849658518714,0.21795183419441683,20241,rev_24,20241,0.0699035842056695
2025-09-28,1220,Canada,canada,0.18938849658518717,0.2179518341944168,0.18938849658518714,0.21795183419441683,20241,rev_24,20241,0.0699035842056695
2025-09-29,1220,Canada,canada,0.18938849658518717,0.2179518341944168,0.18938849658518714,0.21795183419441683,20241,rev_24,20241,0.0699035842056695
2025-09-30,1220,Canada,canada,0.18938849658518717,0.2179518341944168,0.18938849658518714,0.21795183419441683,20241,rev_24,20241,0.0699035842056695
2025-10-01,1220,Canada,canada,0.18938849658518717,0.2179518341944168,0.18938849658518714,0.21795183419441683,20241,rev_24,20241,0.0699035842056695
2025-10-02,1220,Canada,canada,0.18938849658518717,0.2179518341944168,0.18938849658518714,0.21795183419441683,20241,rev_24,20241,0.0699035842056695
2025-10-03,1220,Canada,canada,0.18938849658518717,0.2179518341944168,0.18938849658518714,0.21795183419441683,20241,rev_24,20241,0.0699035842056695
2025-10-04,1220,Canada,canada,0.18938849658518717,0.2179518341944168,0.18938849658518714,0.21795183419441683,20241,rev_24,20241,0.0699035842056695
2025-10-05,1220,Canada,canada,0.18938849658518717,0.2179518341944168,0.18938849658518714,0.21795183419441683,20241,rev_24,20241,0.0699035842056695
2025-10-06,1220,Canada,canada,0.18938849658518717,0.2179518341944168,0.18938849658518714,0.21795183419441683,20241,rev_24,20241,0.0699035842056695
2025-10-07,1220,Canada,canada,0.18938849658518717,0.2179518341944168,0.18938849658518714,0.21795183419441683,20241,rev_24,20241,0.0699035842056695
2025-10-08,1220,Canada,canada,0.18938849658518717,0.2179518341944168,0.18938849658518714,0.21795183419441683,20241,rev_24,20241,0.0699035842056695
2025-10-09,1220,Canada,canada,0.18938849658518717,0.2179518341944168,0.18938849658518714,0.21795183419441683,20241,rev_24,20241,0.0699035842056695
2025-10-10,1220,Canada,canada,0.18938849658518717,0.2179518341944168,0.18938849658518714,0.21795183419441683,20241,rev_24,20241,0.0699035842056695
2025-10-11,1220,Canada,canada,0.18938849658518717,0.2179518341944168,0.18938849658518714,0.21795183419441683,20241,rev_24,20241,0.0699035842056695
2025-10-12,1220,Canada,canada,0.18938849658518717,0.2179518341944168,0.18938849658518714,0.21795183419441683,20241,rev_24,20241,0.0699035842056695
2025-10-13,1220,Canada,canada,0.18938849658518717,0.2179518341944168,0.18938849658518714,0.21795183419441683,20241,rev_24,20241,0.0699035842056695
2025-10-14,1220,Canada,canada,0.18993219725124336,0.218495534860473,0.18993219725124336,0.218495534860473,20241,rev_25,20241,0.07175127152945626
2025-10-15,1220,Canada,canada,0.18993219725124336,0.218495534860473,0.18993219725124336,0.218495534860473,20241,rev_25,20241,0.07175127152945626
2025-10-16,1220,Canada,canada,0.18993219725124336,0.218495534860473,0.18993219725124336,0.218495534860473,20241,rev_25,20241,0.07175127152945626
2025-10-17,1220,Canada,canada,0.18993219725124336,0.218495534860473,0.18993219725124336,0.218495534860473,20241,rev_25,20241,0.07175127152945626
2025-10-18,1220,Canada,canada,0.18993219725124336,0.218495534860473,0.18993219725124336,0.218495534860473,20241,rev_25,20241,0.07175127152945626
2025-10-19,1220,Canada,canada,0.18993219725124336,0.218495534860473,0.18993219725124336,0.218495534860473,20241,rev_25,20241,0.07175127152945626
2025-10-20,1220,Canada,canada,0.18993219725124336,0.218495534860473,0.18993219725124336,0.218495534860473,20241,rev_25,20241,0.07175127152945626
2025-10-21,1220,Canada,canada,0.18993219725124336,0.218495534860473,0.18993219725124336,0.218495534860473,20241,rev_25,20241,0.07175127152945626
2025-10-22,1220,Canada,canada,0.18993219725124336,0.218495534860473,0.18993219725124336,0.218495534860473,20241,rev_25,20241,0.07175127152945626
2025-10-23,1220,Canada,canada,0.18993219725124336,0.218495534860473,0.18993219725124336,0.218495534860473,20241,rev_25,20241,0.07175127152945626
2025-10-24,1220,Canada,canada,0.18993219725124336,0.218495534860473,0.18993219725124336,0.218495534860473,20241,rev_25,20241,0.07175127152945626
2025-10-25,1220,Canada,canada,0.18993219725124336,0.218495534860473,0.18993219725124336,0.218495534860473,20241,rev_25,20241,0.07175127152945626
2025-10-26,1220,Canada,canada,0.18993219725124336,0.218495534860473,0.18993219725124336,0.218495534860473,20241,rev_25,20241,0.07175127152945626
2025-10-27,1220,Canada,canada,0.18993219725124336,0.218495534860473,0.18993219725124336,0.218495534860473,20241,rev_25,20241,0.07175127152945626
2025-10-28,1220,Canada,canada,0.18993219725124336,0.218495534860473,0.18993219725124336,0.218495534860473,20241,rev_25,20241,0.07175127152945626
2025-10-29,1220,Canada,canada,0.18993219725124336,0.218495534860473,0.18993219725124336,0.218495534860473,20241,rev_25,20241,0.07175127152945626
2025-10-30,1220,Canada,canada,0.18993219725124336,0.218495534860473,0.18993219725124336,0.218495534860473,20241,rev_25,20241,0.07175127152945626
2025-10-31,1220,Canada,canada,0.18993219725124336,0.218495534860473,0.18993219725124336,0.218495534860473,20241,rev_25,20241,0.07175127152945626
2025-11-01,1220,Canada,canada,0.19031506416185515,0.21887840177108478,0.19031506416185512,0.21887840177108475,20241,rev_26,20241,0.07411608798519896
2025-11-02,1220,Canada,canada,0.19031506416185515,0.21887840177108478,0.19031506416185512,0.21887840177108475,20241,rev_26,20241,0.07411608798519896
2025-11-03,1220,Canada,canada,0.19031506416185515,0.21887840177108478,0.19031506416185512,0.21887840177108475,20241,rev_26,20241,0.07411608798519896
2025-11-04,1220,Canada,canada,0.19031506416185515,0.21887840177108478,0.19031506416185512,0.21887840177108475,20241,rev_26,20241,0.07411608798519896
2025-11-05,1220,Canada,canada,0.19031506416185515,0.21887840177108478,0.19031506416185512,0.21887840177108475,20241,rev_26,20241,0.07411608798519896
2025-11-06,1220,Canada,canada,0.19031506416185515,0.21887840177108478,0.19031506416185512,0.21887840177108475,20241,rev_26,20241,0.07411608798519896
2025-11-07,1220,Canada,canada,0.19031506416185515,0.21887840177108478,0.19031506416185512,0.21887840177108475,20241,rev_26,20241,0.07411608798519896
2025-11-08,1220,Canada,canada,0.19031506416185515,0.21887840177108478,0.19031506416185512,0.21887840177108475,20241,rev_26,20241,0.07411608798519896
2025-11-09,1220,Canada,canada,0.19031506416185515,0.21887840177108478,0.19031506416185512,0.21887840177108475,20241,rev_27,20241,0.07411608798519896
2025-11-10,1220,Canada,canada,0.19031506416185515,0.21887840177108478,0.19031506416185512,0.21887840177108475,20241,rev_28,20241,0.07411608798519896
2025-11-11,1220,Canada,canada,0.19031506416185515,0.21887840177108478,0.19031506416185512,0.21887840177108475,20241,rev_28,20241,0.07411608798519896
2025-11-12,1220,Canada,canada,0.19031506416185515,0.21887840177108478,0.19031506416185512,0.21887840177108475,20241,rev_28,20241,0.07411608798519896
2025-11-13,1220,Canada,canada,0.19031506416185515,0.21887840177108478,0.19031506416185512,0.21887840177108475,20241,rev_29,20241,0.07411608798519896
2025-11-14,1220,Canada,canada,0.19031506416185515,0.21887840177108478,0.19031506416185512,0.21887840177108475,20241,bnd_2025-11-14,20241,0.07411608798519896
2025-11-15,1220,Canada,canada,0.19031506416185515,0.21887840177108478,0.19031506416185512,0.21887840177108475,20241,bnd_2025-11-14,20241,0.07411608798519896
2025-11-16,1220,Canada,canada,0.19031506416185515,0.21887840177108478,0.19031506416185512,0.21887840177108475,20241,bnd_2025-11-14,20241,0.07411608798519896
2025-11-17,1220,Canada,canada,0.19031506416185515,0.21887840177108478,0.19031506416185512,0.21887840177108475,20241,bnd_2025-11-14,20241,0.07411608798519896
2025-11-18,1220,Canada,canada,0.19031506416185515,0.21887840177108478,0.19031506416185512,0.21887840177108475,20241,bnd_2025-11-14,20241,0.07411608798519896
2025-11-19,1220,Canada,canada,0.19031506416185515,0.21887840177108478,0.19031506416185512,0.21887840177108475,20241,bnd_2025-11-14,20241,0.07411608798519896
2025-11-20,1220,Canada,canada,0.19031506416185515,0.21887840177108478,0.19031506416185512,0.21887840177108475,20241,bnd_2025-11-14,20241,0.07411608798519896
2025-11-21,1220,Canada,canada,0.19031506416185515,0.21887840177108478,0.19031506416185512,0.21887840177108475,20241,rev_30,20241,0.07411608798519896
2025-11-22,1220,Canada,canada,0.19031506416185515,0.21887840177108478,0.19031506416185512,0.21887840177108475,20241,rev_30,20241,0.07411608798519896
2025-11-23,1220,Canada,canada,0.19031506416185515,0.21887840177108478,0.19031506416185512,0.21887840177108475,20241,rev_30,20241,0.07411608798519896
2025-11-24,1220,Canada,canada,0.19031506416185515,0.21887840177108478,0.19031506416185512,0.21887840177108475,20241,rev_30,20241,0.07411608798519896
2025-11-25,1220,Canada,canada,0.19031506416185515,0.21887840177108478,0.19031506416185512,0.21887840177108475,20241,rev_30,20241,0.07411608798519896
2025-11-26,1220,Canada,canada,0.19031506416185515,0.21887840177108478,0.19031506416185512,0.21887840177108475,20241,rev_30,20241,0.07411608798519896
2025-11-27,1220,Canada,canada,0.19031506416185515,0.21887840177108478,0.19031506416185512,0.21887840177108475,20241,rev_30,20241,0.07411608798519896
2025-11-28,1220,Canada,canada,0.19031506416185515,0.21887840177108478,0.19031506416185512,0.21887840177108475,20241,rev_30,20241,0.07411608798519896
2025-11-29,1220,Canada,canada,0.19031506416185515,0.21887840177108478,0.19031506416185512,0.21887840177108475,20241,rev_30,20241,0.07411608798519896
2025-11-30,1220,Canada,canada,0.19031506416185515,0.21887840177108478,0.19031506416185512,0.21887840177108475,20241,rev_31,20241,0.07411608798519896
2025-12-01,1220,Canada,canada,0.19031506416185515,0.21887840177108478,0.19031506416185512,0.21887840177108475,20241,rev_31,20241,0.07411608798519896
2025-12-02,1220,Canada,canada,0.19031506416185515,0.21887840177108478,0.19031506416185512,0.21887840177108475,20241,rev_31,20241,0.07411608798519896
2025-12-03,1220,Canada,canada,0.19031506416185515,0.21887840177108478,0.19031506416185512,0.21887840177108475,20241,rev_31,20241,0.07411608798519896
2025-12-04,1220,Canada,canada,0.19031506416185515,0.21887840177108478,0.19031506416185512,0.21887840177108475,20241,rev_31,20241,0.07411608798519896
2025-12-05,1220,Canada,canada,0.19031506416185515,0.21887840177108478,0.19031506416185512,0.21887840177108475,20241,rev_32,20241,0.07411608798519896
2025-12-06,1220,Canada,canada,0.19031506416185515,0.21887840177108478,0.19031506416185512,0.21887840177108475,20241,rev_32,20241,0.07411608798519896
2025-12-07,1220,Canada,canada,0.19031506416185515,0.21887840177108478,0.19031506416185512,0.21887840177108475,20241,rev_32,20241,0.07411608798519896
2025-12-08,1220,Canada,canada,0.19031506416185515,0.21887840177108478,0.19031506416185512,0.21887840177108475,20241,rev_32,20241,0.07411608798519896
2025-12-09,1220,Canada,canada,0.19031506416185515,0.21887840177108478,0.19031506416185512,0.21887840177108475,20241,rev_32,20241,0.07411608798519896
2025-12-10,1220,Canada,canada,0.19031506416185515,0.21887840177108478,0.19031506416185512,0.21887840177108475,20241,rev_32,20241,0.07411608798519896
2025-12-11,1220,Canada,canada,0.19031506416185515,0.21887840177108478,0.19031506416185512,0.21887840177108475,20241,rev_32,20241,0.07411608798519896
2025-12-12,1220,Canada,canada,0.19031506416185515,0.21887840177108478,0.19031506416185512,0.21887840177108475,20241,rev_32,20241,0.07411608798519896
2025-12-13,1220,Canada,canada,0.19031506416185515,0.21887840177108478,0.19031506416185512,0.21887840177108475,20241,rev_32,20241,0.07411608798519896
2025-12-14,1220,Canada,canada,0.19031506416185515,0.21887840177108478,0.19031506416185512,0.21887840177108475,20241,rev_32,20241,0.07411608798519896
2025-12-15,1220,Canada,canada,0.19031506416185515,0.21887840177108478,0.19031506416185512,0.21887840177108475,20241,rev_32,20241,0.07411608798519896
2025-12-16,1220,Canada,canada,0.19031506416185515,0.21887840177108478,0.19031506416185512,0.21887840177108475,20241,rev_32,20241,0.07411608798519896
2025-12-17,1220,Canada,canada,0.19031506416185515,0.21887840177108478,0.19031506416185512,0.21887840177108475,20241,rev_32,20241,0.07411608798519896
2025-12-18,1220,Canada,canada,0.19031506416185515,0.21887840177108478,0.19031506416185512,0.21887840177108475,20241,rev_32,20241,0.07411608798519896
2025-12-19,1220,Canada,canada,0.19031506416185515,0.21887840177108478,0.19031506416185512,0.21887840177108475,20241,rev_32,20241,0.07411608798519896
2025-12-20,1220,Canada,canada,0.19031506416185515,0.21887840177108478,0.19031506416185512,0.21887840177108475,20241,rev_32,20241,0.07411608798519896
2025-12-21,1220,Canada,canada,0.19031506416185515,0.21887840177108478,0.19031506416185512,0.21887840177108475,20241,rev_32,20241,0.07411608798519896
2025-12-22,1220,Canada,canada,0.19031506416185515,0.21887840177108478,0.19031506416185512,0.21887840177108475,20241,rev_32,20241,0.07411608798519896
2025-12-23,1220,Canada,canada,0.19031506416185515,0.21887840177108478,0.19031506416185512,0.21887840177108475,20241,rev_32,20241,0.07411608798519896
2025-12-24,1220,Canada,canada,0.19031506416185515,0.21887840177108478,0.19031506416185512,0.21887840177108475,20241,rev_32,20241,0.07411608798519896
2025-12-25,1220,Canada,canada,0.19031506416185515,0.21887840177108478,0.19031506416185512,0.21887840177108475,20241,rev_32,20241,0.07411608798519896
2025-12-26,1220,Canada,canada,0.19031506416185515,0.21887840177108478,0.19031506416185512,0.21887840177108475,20241,rev_32,20241,0.07411608798519896
2025-12-27,1220,Canada,canada,0.19031506416185515,0.21887840177108478,0.19031506416185512,0.21887840177108475,20241,rev_32,20241,0.07411608798519896
2025-12-28,1220,Canada,canada,0.19031506416185515,0.21887840177108478,0.19031506416185512,0.21887840177108475,20241,rev_32,20241,0.07411608798519896
2025-12-29,1220,Canada,canada,0.19031506416185515,0.21887840177108478,0.19031506416185512,0.21887840177108475,20241,rev_32,20241,0.07411608798519896
2025-12-30,1220,Canada,canada,0.19031506416185515,0.21887840177108478,0.19031506416185512,0.21887840177108475,20241,rev_32,20241,0.07411608798519896
2025-12-31,1220,Canada,canada,0.19031506416185515,0.21887840177108478,0.19031506416185512,0.21887840177108475,20241,rev_32,20241,0.07411608798519896
2026-01-01,1220,Canada,canada,0.19031506416185515,0.21887840177108478,0.19031506416185512,0.21887840177108475,20241,2026_basic,20241,0.07411608798519896
2026-01-02,1220,Canada,canada,0.19031506416185515,0.21887840177108478,0.19031506416185512,0.21887840177108475,20241,2026_basic,20241,0.07411608798519896
2026-01-03,1220,Canada,canada,0.19031506416185515,0.21887840177108478,0.19031506416185512,0.21887840177108475,20241,2026_basic,20241,0.07411608798519896
2026-01-04,1220,Canada,canada,0.19031506416185515,0.21887840177108478,0.19031506416185512,0.21887840177108475,20241,2026_basic,20241,0.07411608798519896
2026-01-05,1220,Canada,canada,0.19031506416185515,0.21887840177108478,0.19031506416185512,0.21887840177108475,20241,2026_basic,20241,0.07411608798519896
2026-01-06,1220,Canada,canada,0.19031506416185515,0.21887840177108478,0.19031506416185512,0.21887840177108475,20241,2026_basic,20241,0.07411608798519896
2026-01-07,1220,Canada,canada,0.19031506416185515,0.21887840177108478,0.19031506416185512,0.21887840177108475,20241,2026_basic,20241,0.07411608798519896
2026-01-08,1220,Canada,canada,0.19031506416185515,0.21887840177108478,0.19031506416185512,0.21887840177108475,20241,2026_basic,20241,0.07411608798519896
2026-01-09,1220,Canada,canada,0.19031506416185515,0.21887840177108478,0.19031506416185512,0.21887840177108475,20241,2026_basic,20241,0.07411608798519896
2026-01-10,1220,Canada,canada,0.19031506416185515,0.21887840177108478,0.19031506416185512,0.21887840177108475,20241,2026_basic,20241,0.07411608798519896
2026-01-11,1220,Canada,canada,0.19031506416185515,0.21887840177108478,0.19031506416185512,0.21887840177108475,20241,2026_basic,20241,0.07411608798519896
2026-01-12,1220,Canada,canada,0.19031506416185515,0.21887840177108478,0.19031506416185512,0.21887840177108475,20241,2026_basic,20241,0.07411608798519896
2026-01-13,1220,Canada,canada,0.19031506416185515,0.21887840177108478,0.19031506416185512,0.21887840177108475,20241,2026_basic,20241,0.07411608798519896
2026-01-14,1220,Canada,canada,0.19031506416185515,0.21887840177108478,0.19031506416185512,0.21887840177108475,20241,2026_basic,20241,0.07411608798519896
2026-01-15,1220,Canada,canada,0.19031786355562444,0.21888120116485404,0.1903178635556244,0.21888120116485404,20241,2026_rev_1,20241,0.07411484394546837
2026-01-16,1220,Canada,canada,0.19031786355562444,0.21888120116485404,0.1903178635556244,0.21888120116485404,20241,2026_rev_1,20241,0.07411484394546837
2026-01-17,1220,Canada,canada,0.19031786355562444,0.21888120116485404,0.1903178635556244,0.21888120116485404,20241,2026_rev_1,20241,0.07411484394546837
2026-01-18,1220,Canada,canada,0.19031786355562444,0.21888120116485404,0.1903178635556244,0.21888120116485404,20241,2026_rev_1,20241,0.07411484394546837
2026-01-19,1220,Canada,canada,0.19031786355562444,0.21888120116485404,0.1903178635556244,0.21888120116485404,20241,2026_rev_1,20241,0.07411484394546837
2026-01-20,1220,Canada,canada,0.19031786355562444,0.21888120116485404,0.1903178635556244,0.21888120116485404,20241,2026_rev_1,20241,0.07411484394546837
2026-01-21,1220,Canada,canada,0.19031786355562444,0.21888120116485404,0.1903178635556244,0.21888120116485404,20241,2026_rev_1,20241,0.07411484394546837
2026-01-22,1220,Canada,canada,0.19031786355562444,0.21888120116485404,0.1903178635556244,0.21888120116485404,20241,2026_rev_1,20241,0.07411484394546837
2026-01-23,1220,Canada,canada,0.19031786355562444,0.21888120116485404,0.1903178635556244,0.21888120116485404,20241,2026_rev_1,20241,0.07411484394546837
2026-01-24,1220,Canada,canada,0.19031786355562444,0.21888120116485404,0.1903178635556244,0.21888120116485404,20241,2026_rev_1,20241,0.07411484394546837
2026-01-25,1220,Canada,canada,0.19031786355562444,0.21888120116485404,0.1903178635556244,0.21888120116485404,20241,2026_rev_1,20241,0.07411484394546837
2026-01-26,1220,Canada,canada,0.19031786355562444,0.21888120116485404,0.1903178635556244,0.21888120116485404,20241,2026_rev_1,20241,0.07411484394546837
2026-01-27,1220,Canada,canada,0.19031786355562444,0.21888120116485404,0.1903178635556244,0.21888120116485404,20241,2026_rev_1,20241,0.07411484394546837
2026-01-28,1220,Canada,canada,0.19031786355562444,0.21888120116485404,0.1903178635556244,0.21888120116485404,20241,2026_rev_1,20241,0.07411484394546837
2026-01-29,1220,Canada,canada,0.19031786355562444,0.21888120116485404,0.1903178635556244,0.21888120116485404,20241,2026_rev_1,20241,0.07411484394546837
2026-01-30,1220,Canada,canada,0.19031786355562444,0.21888120116485404,0.1903178635556244,0.21888120116485404,20241,2026_rev_1,20241,0.07411484394546837
2026-01-31,1220,Canada,canada,0.19031786355562444,0.21888120116485404,0.1903178635556244,0.21888120116485404,20241,2026_rev_1,20241,0.07411484394546837
2026-02-01,1220,Canada,canada,0.1899826926617463,0.2185038915209127,0.1899826926617463,0.2185038915209127,20328,2026_rev_2,20328,0.0726922347041785
2026-02-02,1220,Canada,canada,0.1899826926617463,0.2185038915209127,0.1899826926617463,0.2185038915209127,20328,2026_rev_2,20328,0.0726922347041785
2026-02-03,1220,Canada,canada,0.1899826926617463,0.2185038915209127,0.1899826926617463,0.2185038915209127,20328,2026_rev_2,20328,0.0726922347041785
2026-02-04,1220,Canada,canada,0.1899826926617463,0.2185038915209127,0.1899826926617463,0.2185038915209127,20328,2026_rev_2,20328,0.0726922347041785
2026-02-05,1220,Canada,canada,0.1899826926617463,0.2185038915209127,0.1899826926617463,0.2185038915209127,20328,2026_rev_2,20328,0.0726922347041785
2026-02-06,1220,Canada,canada,0.1899826926617463,0.2185038915209127,0.1899826926617463,0.2185038915209127,20328,2026_rev_2,20328,0.0726922347041785
2026-02-07,1220,Canada,canada,0.18999794266456682,0.21851773854282616,0.18999794266456682,0.21851773854282616,20329,2026_rev_3,20329,0.07292115850001325
2026-02-08,1220,Canada,canada,0.18999794266456682,0.21851773854282616,0.18999794266456682,0.21851773854282616,20329,2026_rev_3,20329,0.07292115850001325
2026-02-09,1220,Canada,canada,0.18999794266456682,0.21851773854282616,0.18999794266456682,0.21851773854282616,20329,2026_rev_3,20329,0.07292115850001325
2026-02-10,1220,Canada,canada,0.18999794266456682,0.21851773854282616,0.18999794266456682,0.21851773854282616,20329,2026_rev_3,20329,0.07292115850001325
2026-02-11,1220,Canada,canada,0.18999794266456682,0.21851773854282616,0.18999794266456682,0.21851773854282616,20329,2026_rev_3,20329,0.07292115850001325
2026-02-12,1220,Canada,canada,0.18999794266456682,0.21851773854282616,0.18999794266456682,0.21851773854282616,20329,2026_rev_3,20329,0.07292115850001325
2026-02-13,1220,Canada,canada,0.18999794266456682,0.21851773854282616,0.18999794266456682,0.21851773854282616,20329,2026_rev_3,20329,0.07292115850001325
2026-02-14,1220,Canada,canada,0.18999794266456682,0.21851773854282616,0.18999794266456682,0.21851773854282616,20329,2026_rev_3,20329,0.07292115850001325
2026-02-15,1220,Canada,canada,0.18999794266456682,0.21851773854282616,0.18999794266456682,0.21851773854282616,20329,2026_rev_3,20329,0.07292115850001325
2026-02-16,1220,Canada,canada,0.18999794266456682,0.21851773854282616,0.18999794266456682,0.21851773854282616,20329,2026_rev_3,20329,0.07292115850001325
2026-02-17,1220,Canada,canada,0.18999794266456682,0.21851773854282616,0.18999794266456682,0.21851773854282616,20329,2026_rev_3,20329,0.07292115850001325
2026-02-18,1220,Canada,canada,0.18999794266456682,0.21851773854282616,0.18999794266456682,0.21851773854282616,20329,2026_rev_3,20329,0.07292115850001325
2026-02-19,1220,Canada,canada,0.18999794266456682,0.21851773854282616,0.18999794266456682,0.21851773854282616,20329,2026_rev_3,20329,0.07292115850001325
2026-02-20,1220,Canada,canada,0.03806895491617253,0.06658875079443188,0.038068954916172536,0.06658875079443188,20329,bnd_2026-02-20,20329,0.05406080211718186
2026-02-21,1220,Canada,canada,0.03806895491617253,0.06658875079443188,0.038068954916172536,0.06658875079443188,20329,bnd_2026-02-20,20329,0.05406080211718186
2026-02-22,1220,Canada,canada,0.03806895491617253,0.06658875079443188,0.038068954916172536,0.06658875079443188,20329,bnd_2026-02-20,20329,0.05406080211718186
2026-02-23,1220,Canada,canada,0.03806895491617253,0.06658875079443188,0.038068954916172536,0.06658875079443188,20329,bnd_2026-02-20,20329,0.05406080211718186
2026-02-24,1220,Canada,canada,0.07403344677341168,0.10255324265167103,0.07403344677341168,0.10255324265167103,20329,2026_rev_4,20329,0.05579344176272415
2026-02-25,1220,Canada,canada,0.07403344677341168,0.10255324265167103,0.07403344677341168,0.10255324265167103,20329,2026_rev_4,20329,0.05579344176272415
2026-02-26,1220,Canada,canada,0.07403344677341168,0.10255324265167103,0.07403344677341168,0.10255324265167103,20329,2026_rev_4,20329,0.05579344176272415
2026-02-27,1220,Canada,canada,0.07403344677341168,0.10255324265167103,0.07403344677341168,0.10255324265167103,20329,2026_rev_4,20329,0.05579344176272415
2026-02-28,1220,Canada,canada,0.07403344677341168,0.10255324265167103,0.07403344677341168,0.10255324265167103,20329,2026_rev_4,20329,0.05579344176272415
2026-03-01,1220,Canada,canada,0.07403344677341168,0.10255324265167103,0.07403344677341168,0.10255324265167103,20329,2026_rev_4,20329,0.05579344176272415
2026-03-02,1220,Canada,canada,0.07403344677341168,0.10255324265167103,0.07403344677341168,0.10255324265167103,20329,2026_rev_4,20329,0.05579344176272415
2026-03-03,1220,Canada,canada,0.07403344677341168,0.10255324265167103,0.07403344677341168,0.10255324265167103,20329,2026_rev_4,20329,0.05579344176272415
2026-03-04,1220,Canada,canada,0.07403344677341168,0.10255324265167103,0.07403344677341168,0.10255324265167103,20329,2026_rev_4,20329,0.05579344176272415
2026-03-05,1220,Canada,canada,0.07403344677341168,0.10255324265167103,0.07403344677341168,0.10255324265167103,20329,2026_rev_4,20329,0.05579344176272415
2026-03-06,1220,Canada,canada,0.07403344677341168,0.10255324265167103,0.07403344677341168,0.10255324265167103,20329,2026_rev_4,20329,0.05579344176272415
2026-03-07,1220,Canada,canada,0.07403344677341168,0.10255324265167103,0.07403344677341168,0.10255324265167103,20329,2026_rev_4,20329,0.05579344176272415
2026-03-08,1220,Canada,canada,0.07403344677341168,0.10255324265167103,0.07403344677341168,0.10255324265167103,20329,2026_rev_4,20329,0.05579344176272415
2026-03-09,1220,Canada,canada,0.07403344677341168,0.10255324265167103,0.07403344677341168,0.10255324265167103,20329,2026_rev_4,20329,0.05579344176272415
2026-03-10,1220,Canada,canada,0.07403344677341168,0.10255324265167103,0.07403344677341168,0.10255324265167103,20329,2026_rev_4,20329,0.05579344176272415
2026-03-11,1220,Canada,canada,0.07403344677341168,0.10255324265167103,0.07403344677341168,0.10255324265167103,20329,2026_rev_4,20329,0.05579344176272415
2026-03-12,1220,Canada,canada,0.07403344677341168,0.10255324265167103,0.07403344677341168,0.10255324265167103,20329,2026_rev_4,20329,0.05579344176272415
2026-03-13,1220,Canada,canada,0.07403344677341168,0.10255324265167103,0.07403344677341168,0.10255324265167103,20329,2026_rev_4,20329,0.05579344176272415
2026-03-14,1220,Canada,canada,0.07403344677341168,0.10255324265167103,0.07403344677341168,0.10255324265167103,20329,2026_rev_4,20329,0.05579344176272415
2026-03-15,1220,Canada,canada,0.07403344677341168,0.10255324265167103,0.07403344677341168,0.10255324265167103,20329,2026_rev_4,20329,0.05579344176272415
2026-03-16,1220,Canada,canada,0.07403344677341168,0.10255324265167103,0.07403344677341168,0.10255324265167103,20329,2026_rev_4,20329,0.05579344176272415
2026-03-17,1220,Canada,canada,0.07403344677341168,0.10255324265167103,0.07403344677341168,0.10255324265167103,20329,2026_rev_4,20329,0.05579344176272415
2026-03-18,1220,Canada,canada,0.07403344677341168,0.10255324265167103,0.07403344677341168,0.10255324265167103,20329,2026_rev_4,20329,0.05579344176272415
2026-03-19,1220,Canada,canada,0.07403344677341168,0.10255324265167103,0.07403344677341168,0.10255324265167103,20329,2026_rev_4,20329,0.05579344176272415
2026-03-20,1220,Canada,canada,0.07403344677341168,0.10255324265167103,0.07403344677341168,0.10255324265167103,20329,2026_rev_4,20329,0.05579344176272415
2026-03-21,1220,Canada,canada,0.07403344677341168,0.10255324265167103,0.07403344677341168,0.10255324265167103,20329,2026_rev_4,20329,0.05579344176272415
2026-03-22,1220,Canada,canada,0.07403344677341168,0.10255324265167103,0.07403344677341168,0.10255324265167103,20329,2026_rev_4,20329,0.05579344176272415
2026-03-23,1220,Canada,canada,0.07403344677341168,0.10255324265167103,0.07403344677341168,0.10255324265167103,20329,2026_rev_4,20329,0.05579344176272415
2026-03-24,1220,Canada,canada,0.07403344677341168,0.10255324265167103,0.07403344677341168,0.10255324265167103,20329,2026_rev_4,20329,0.05579344176272415
2026-03-25,1220,Canada,canada,0.07403344677341168,0.10255324265167103,0.07403344677341168,0.10255324265167103,20329,2026_rev_4,20329,0.05579344176272415
2026-03-26,1220,Canada,canada,0.07403344677341168,0.10255324265167103,0.07403344677341168,0.10255324265167103,20329,2026_rev_4,20329,0.05579344176272415
2026-03-27,1220,Canada,canada,0.07403344677341168,0.10255324265167103,0.07403344677341168,0.10255324265167103,20329,2026_rev_4,20329,0.05579344176272415
2026-03-28,1220,Canada,canada,0.07403344677341168,0.10255324265167103,0.07403344677341168,0.10255324265167103,20329,2026_rev_4,20329,0.05579344176272415
2026-03-29,1220,Canada,canada,0.07403344677341168,0.10255324265167103,0.07403344677341168,0.10255324265167103,20329,2026_rev_4,20329,0.05579344176272415
2026-03-30,1220,Canada,canada,0.07403344677341168,0.10255324265167103,0.07403344677341168,0.10255324265167103,20329,2026_rev_4,20329,0.05579344176272415
2026-03-31,1220,Canada,canada,0.07403344677341168,0.10255324265167103,0.07403344677341168,0.10255324265167103,20329,2026_rev_4,20329,0.05579344176272415
2026-04-01,1220,Canada,canada,0.07403344677341168,0.10255324265167103,0.07403344677341168,0.10255324265167103,20329,2026_rev_4,20329,0.05579344176272415
2026-04-02,1220,Canada,canada,0.07403344677341168,0.10255324265167103,0.07403344677341168,0.10255324265167103,20329,2026_rev_4,20329,0.05579344176272415
2026-04-03,1220,Canada,canada,0.07403344677341168,0.10255324265167103,0.07403344677341168,0.10255324265167103,20329,2026_rev_4,20329,0.05579344176272415
2026-04-04,1220,Canada,canada,0.07403344677341168,0.10255324265167103,0.07403344677341168,0.10255324265167103,20329,2026_rev_4,20329,0.05579344176272415
2026-04-05,1220,Canada,canada,0.07403344677341168,0.10255324265167103,0.07403344677341168,0.10255324265167103,20329,2026_rev_4,20329,0.05579344176272415
2026-04-06,1220,Canada,canada,0.07769683572289662,0.10621663160115598,0.07769683572289661,0.10621663160115596,20329,2026_rev_5,20329,0.05676324964897097
2026-04-07,1220,Canada,canada,0.07769683572289662,0.10621663160115598,0.07769683572289661,0.10621663160115596,20329,2026_rev_5,20329,0.05676324964897097
2026-04-08,1220,Canada,canada,0.07769683572289662,0.10621663160115598,0.07769683572289661,0.10621663160115596,20329,2026_rev_5,20329,0.05676324964897097
2026-04-09,1220,Canada,canada,0.07769683572289662,0.10621663160115598,0.07769683572289661,0.10621663160115596,20329,2026_rev_5,20329,0.05676324964897097
2026-04-10,1220,Canada,canada,0.07769683572289662,0.10621663160115598,0.07769683572289661,0.10621663160115596,20329,2026_rev_5,20329,0.05676324964897097
2026-04-11,1220,Canada,canada,0.07769683572289662,0.10621663160115598,0.07769683572289661,0.10621663160115596,20329,2026_rev_5,20329,0.05676324964897097
2026-04-12,1220,Canada,canada,0.07769683572289662,0.10621663160115598,0.07769683572289661,0.10621663160115596,20329,2026_rev_5,20329,0.05676324964897097
2026-04-13,1220,Canada,canada,0.07769683572289662,0.10621663160115598,0.07769683572289661,0.10621663160115596,20329,2026_rev_5,20329,0.05676324964897097
2026-04-14,1220,Canada,canada,0.07769683572289662,0.10621663160115598,0.07769683572289661,0.10621663160115596,20329,2026_rev_5,20329,0.05676324964897097
2026-04-15,1220,Canada,canada,0.07769683572289662,0.10621663160115598,0.07769683572289661,0.10621663160115596,20329,2026_rev_5,20329,0.05676324964897097
2026-04-16,1220,Canada,canada,0.07769683572289662,0.10621663160115598,0.07769683572289661,0.10621663160115596,20329,2026_rev_5,20329,0.05676324964897097
2026-04-17,1220,Canada,canada,0.07769683572289662,0.10621663160115598,0.07769683572289661,0.10621663160115596,20329,2026_rev_5,20329,0.05676324964897097
2026-04-18,1220,Canada,canada,0.07769683572289662,0.10621663160115598,0.07769683572289661,0.10621663160115596,20329,2026_rev_5,20329,0.05676324964897097
2026-04-19,1220,Canada,canada,0.07769683572289662,0.10621663160115598,0.07769683572289661,0.10621663160115596,20329,2026_rev_5,20329,0.05676324964897097
2026-04-20,1220,Canada,canada,0.07769683572289662,0.10621663160115598,0.07769683572289661,0.10621663160115596,20329,2026_rev_5,20329,0.05676324964897097
2026-04-21,1220,Canada,canada,0.07769683572289662,0.10621663160115598,0.07769683572289661,0.10621663160115596,20329,2026_rev_5,20329,0.05676324964897097
2026-04-22,1220,Canada,canada,0.07769683572289662,0.10621663160115598,0.07769683572289661,0.10621663160115596,20329,2026_rev_5,20329,0.05676324964897097
2026-04-23,1220,Canada,canada,0.07769683572289662,0.10621663160115598,0.07769683572289661,0.10621663160115596,20329,2026_rev_6,20329,0.05676324964897097
2026-04-24,1220,Canada,canada,0.07769683572289662,0.10621663160115598,0.07769683572289661,0.10621663160115596,20329,2026_rev_6,20329,0.05676324964897097
2026-04-25,1220,Canada,canada,0.07769683572289662,0.10621663160115598,0.07769683572289661,0.10621663160115596,20329,2026_rev_6,20329,0.05676324964897097
2026-04-26,1220,Canada,canada,0.07769683572289662,0.10621663160115598,0.07769683572289661,0.10621663160115596,20329,2026_rev_6,20329,0.05676324964897097
2026-04-27,1220,Canada,canada,0.07769683572289662,0.10621663160115598,0.07769683572289661,0.10621663160115596,20329,2026_rev_6,20329,0.05676324964897097
2026-04-28,1220,Canada,canada,0.07769683572289662,0.10621663160115598,0.07769683572289661,0.10621663160115596,20329,2026_rev_6,20329,0.05676324964897097
2026-04-29,1220,Canada,canada,0.07769683572289662,0.10621663160115598,0.07769683572289661,0.10621663160115596,20329,2026_rev_7,20329,0.05676324964897097
2026-04-30,1220,Canada,canada,0.07769683572289662,0.10621663160115598,0.07769683572289661,0.10621663160115596,20329,2026_rev_7,20329,0.05676324964897097
2026-05-01,1220,Canada,canada,0.07769683572289662,0.10620934965731561,0.07769683572289661,0.10620934965731561,20329,2026_rev_9,20329,0.05674231835786022
2026-05-02,1220,Canada,canada,0.07769683572289662,0.10620934965731561,0.07769683572289661,0.10620934965731561,20329,2026_rev_9,20329,0.05674231835786022
2026-05-03,1220,Canada,canada,0.07769683572289662,0.10620934965731561,0.07769683572289661,0.10620934965731561,20329,2026_rev_9,20329,0.05674231835786022
2026-05-04,1220,Canada,canada,0.07769683572289662,0.10620934965731561,0.07769683572289661,0.10620934965731561,20329,2026_rev_9,20329,0.05674231835786022
2026-05-05,1220,Canada,canada,0.07769683572289662,0.10620934965731561,0.07769683572289661,0.10620934965731561,20329,2026_rev_9,20329,0.05674231835786022
2026-05-06,1220,Canada,canada,0.07769683572289662,0.10620934965731561,0.07769683572289661,0.10620934965731561,20329,2026_rev_9,20329,0.05674231835786022
2026-05-07,1220,Canada,canada,0.07769683572289662,0.10620934965731561,0.07769683572289661,0.10620934965731561,20329,2026_rev_9,20329,0.05674231835786022
2026-05-08,1220,Canada,canada,0.07769683572289662,0.10620934965731561,0.07769683572289661,0.10620934965731561,20329,2026_rev_9,20329,0.05674231835786022
2026-05-09,1220,Canada,canada,0.07769683572289662,0.10620934965731561,0.07769683572289661,0.10620934965731561,20329,2026_rev_9,20329,0.05674231835786022
2026-05-10,1220,Canada,canada,0.07769683572289662,0.10620934965731561,0.07769683572289661,0.10620934965731561,20329,2026_rev_9,20329,0.05674231835786022
2026-05-11,1220,Canada,canada,0.07769683572289662,0.10620934965731561,0.07769683572289661,0.10620934965731561,20329,2026_rev_9,20329,0.05674231835786022
2026-05-12,1220,Canada,canada,0.07769683572289662,0.10620934965731561,0.07769683572289661,0.10620934965731561,20329,2026_rev_9,20329,0.05674231835786022
2026-05-13,1220,Canada,canada,0.07769683572289662,0.10620934965731561,0.07769683572289661,0.10620934965731561,20329,2026_rev_9,20329,0.05674231835786022
2026-05-14,1220,Canada,canada,0.07769683572289662,0.10620934965731561,0.07769683572289661,0.10620934965731561,20329,2026_rev_9,20329,0.05674231835786022
2026-05-15,1220,Canada,canada,0.07769683572289662,0.10620934965731561,0.07769683572289661,0.10620934965731561,20329,2026_rev_9,20329,0.05674231835786022
2026-05-16,1220,Canada,canada,0.07769683572289662,0.10620934965731561,0.07769683572289661,0.10620934965731561,20329,2026_rev_9,20329,0.05674231835786022
2026-05-17,1220,Canada,canada,0.07769683572289662,0.10620934965731561,0.07769683572289661,0.10620934965731561,20329,2026_rev_9,20329,0.05674231835786022
2026-05-18,1220,Canada,canada,0.07769683572289662,0.10620934965731561,0.07769683572289661,0.10620934965731561,20329,2026_rev_9,20329,0.05674231835786022
2026-05-19,1220,Canada,canada,0.07769683572289662,0.10620934965731561,0.07769683572289661,0.10620934965731561,20329,2026_rev_9,20329,0.05674231835786022
2026-05-20,1220,Canada,canada,0.07769683572289662,0.10620934965731561,0.07769683572289661,0.10620934965731561,20329,2026_rev_9,20329,0.05674231835786022
2026-05-21,1220,Canada,canada,0.07769683572289662,0.10620934965731561,0.07769683572289661,0.10620934965731561,20329,2026_rev_9,20329,0.05674231835786022
2026-05-22,1220,Canada,canada,0.07769683572289662,0.10620934965731561,0.07769683572289661,0.10620934965731561,20329,2026_rev_9,20329,0.05674231835786022
2026-05-23,1220,Canada,canada,0.07769683572289662,0.10620934965731561,0.07769683572289661,0.10620934965731561,20329,2026_rev_9,20329,0.05674231835786022
2026-05-24,1220,Canada,canada,0.07769683572289662,0.10620934965731561,0.07769683572289661,0.10620934965731561,20329,2026_rev_9,20329,0.05674231835786022
2026-05-25,1220,Canada,canada,0.07769683572289662,0.10620934965731561,0.07769683572289661,0.10620934965731561,20329,2026_rev_9,20329,0.05674231835786022
2026-05-26,1220,Canada,canada,0.07769683572289662,0.10620934965731561,0.07769683572289661,0.10620934965731561,20329,2026_rev_9,20329,0.05674231835786022
2026-05-27,1220,Canada,canada,0.07769683572289662,0.10620934965731561,0.07769683572289661,0.10620934965731561,20329,2026_rev_9,20329,0.05674231835786022
2026-05-28,1220,Canada,canada,0.07769683572289662,0.10620934965731561,0.07769683572289661,0.10620934965731561,20329,2026_rev_9,20329,0.05674231835786022
2026-05-29,1220,Canada,canada,0.07769683572289662,0.10620934965731561,0.07769683572289661,0.10620934965731561,20329,2026_rev_9,20329,0.05674231835786022
2026-05-30,1220,Canada,canada,0.07769683572289662,0.10620934965731561,0.07769683572289661,0.10620934965731561,20329,2026_rev_9,20329,0.05674231835786022
2026-05-31,1220,Canada,canada,0.07769683572289662,0.10620934965731561,0.07769683572289661,0.10620934965731561,20329,2026_rev_9,20329,0.05674231835786022
2026-06-01,1220,Canada,canada,0.07769683572289662,0.10620934965731561,0.07769683572289661,0.10620934965731561,20329,2026_rev_9,20329,0.05674231835786022
2026-06-02,1220,Canada,canada,0.07769683572289662,0.10620934965731561,0.07769683572289661,0.10620934965731561,20329,2026_rev_9,20329,0.05674231835786022
2026-06-03,1220,Canada,canada,0.07769683572289662,0.10620934965731561,0.07769683572289661,0.10620934965731561,20329,2026_rev_9,20329,0.05674231835786022
2026-06-04,1220,Canada,canada,0.07769683572289662,0.10620934965731561,0.07769683572289661,0.10620934965731561,20329,2026_rev_9,20329,0.05674231835786022
2026-06-05,1220,Canada,canada,0.07769683572289662,0.10620934965731561,0.07769683572289661,0.10620934965731561,20329,2026_rev_9,20329,0.05674231835786022
2026-06-06,1220,Canada,canada,0.07769683572289662,0.10620934965731561,0.07769683572289661,0.10620934965731561,20329,2026_rev_9,20329,0.05674231835786022
2026-06-07,1220,Canada,canada,0.07769683572289662,0.10620934965731561,0.07769683572289661,0.10620934965731561,20329,2026_rev_9,20329,0.05674231835786022
2026-06-08,1220,Canada,canada,0.07704948199275921,0.10556927787101857,0.07704948199275921,0.10556927787101857,20329,2026_rev_10,20329,0.05628916432274621
2026-06-09,1220,Canada,canada,0.07704948199275921,0.10556927787101857,0.07704948199275921,0.10556927787101857,20329,2026_rev_10,20329,0.05628916432274621
2026-06-10,1220,Canada,canada,0.07704948199275921,0.10556927787101857,0.07704948199275921,0.10556927787101857,20329,2026_rev_10,20329,0.05628916432274621
2026-06-11,1220,Canada,canada,0.07704948199275921,0.10556927787101857,0.07704948199275921,0.10556927787101857,20329,2026_rev_10,20329,0.05628916432274621
2026-06-12,1220,Canada,canada,0.07704948199275921,0.10556927787101857,0.07704948199275921,0.10556927787101857,20329,2026_rev_10,20329,0.05628916432274621
2026-06-13,1220,Canada,canada,0.07704948199275921,0.10556927787101857,0.07704948199275921,0.10556927787101857,20329,2026_rev_10,20329,0.05628916432274621
2026-06-14,1220,Canada,canada,0.07704948199275921,0.10556927787101857,0.07704948199275921,0.10556927787101857,20329,2026_rev_10,20329,0.05628916432274621
2026-06-15,1220,Canada,canada,0.07704948199275921,0.10556927787101857,0.07704948199275921,0.10556927787101857,20329,2026_rev_10,20329,0.05628916432274621
2026-06-16,1220,Canada,canada,0.07704948199275921,0.10556927787101857,0.07704948199275921,0.10556927787101857,20329,2026_rev_10,20329,0.05628916432274621
2026-06-17,1220,Canada,canada,0.07704948199275921,0.10556927787101857,0.07704948199275921,0.10556927787101857,20329,2026_rev_10,20329,0.05628916432274621
2026-06-18,1220,Canada,canada,0.07704948199275921,0.10556927787101857,0.07704948199275921,0.10556927787101857,20329,2026_rev_10,20329,0.05628916432274621
2026-06-19,1220,Canada,canada,0.07704948199275921,0.10556927787101857,0.07704948199275921,0.10556927787101857,20329,2026_rev_10,20329,0.05628916432274621
2026-06-20,1220,Canada,canada,0.07704948199275921,0.10556927787101857,0.07704948199275921,0.10556927787101857,20329,2026_rev_10,20329,0.05628916432274621
2026-06-21,1220,Canada,canada,0.07704948199275921,0.10556927787101857,0.07704948199275921,0.10556927787101857,20329,2026_rev_10,20329,0.05628916432274621
2026-06-22,1220,Canada,canada,0.07704948199275921,0.10556927787101857,0.07704948199275921,0.10556927787101857,20329,2026_rev_10,20329,0.05628916432274621
2026-06-23,1220,Canada,canada,0.07704948199275921,0.10556927787101857,0.07704948199275921,0.10556927787101857,20329,2026_rev_10,20329,0.05628916432274621
2026-06-24,1220,Canada,canada,0.07704948199275921,0.10556927787101857,0.07704948199275921,0.10556927787101857,20329,2026_rev_10,20329,0.05628916432274621
2026-06-25,1220,Canada,canada,0.07704948199275921,0.10556927787101857,0.07704948199275921,0.10556927787101857,20329,2026_rev_10,20329,0.05628916432274621
2026-06-26,1220,Canada,canada,0.07704948199275921,0.10556927787101857,0.07704948199275921,0.10556927787101857,20329,2026_rev_10,20329,0.05628916432274621
2026-06-27,1220,Canada,canada,0.07704948199275921,0.10556927787101857,0.07704948199275921,0.10556927787101857,20329,2026_rev_10,20329,0.05628916432274621
2026-06-28,1220,Canada,canada,0.07704948199275921,0.10556927787101857,0.07704948199275921,0.10556927787101857,20329,2026_rev_10,20329,0.05628916432274621
2026-06-29,1220,Canada,canada,0.07704948199275921,0.10556927787101857,0.07704948199275921,0.10556927787101857,20329,2026_rev_10,20329,0.05628916432274621
2026-06-30,1220,Canada,canada,0.07704948199275921,0.10556927787101857,0.07704948199275921,0.10556927787101857,20329,2026_rev_10,20329,0.05628916432274621
2026-07-01,1220,Canada,canada,0.07704948199275921,0.10556927787101857,0.07704948199275921,0.10556927787101857,20329,2026_rev_10,20329,0.05628916432274621
2026-07-02,1220,Canada,canada,0.07704948199275921,0.10556927787101857,0.07704948199275921,0.10556927787101857,20329,2026_rev_10,20329,0.05628916432274621
2026-07-03,1220,Canada,canada,0.07704948199275921,0.10556927787101857,0.07704948199275921,0.10556927787101857,20329,2026_rev_10,20329,0.05628916432274621
2026-07-04,1220,Canada,canada,0.07704948199275921,0.10556927787101857,0.07704948199275921,0.10556927787101857,20329,2026_rev_10,20329,0.05628916432274621
2026-07-05,1220,Canada,canada,0.07704948199275921,0.10556927787101857,0.07704948199275921,0.10556927787101857,20329,2026_rev_10,20329,0.05628916432274621
2026-07-06,1220,Canada,canada,0.07704948199275921,0.10556927787101857,0.07704948199275921,0.10556927787101857,20329,2026_rev_10,20329,0.05628916432274621
2026-07-07,1220,Canada,canada,0.07704948199275921,0.10556927787101857,0.07704948199275921,0.10556927787101857,20329,2026_rev_10,20329,0.05628916432274621
2026-07-08,1220,Canada,canada,0.07704948199275921,0.10556927787101857,0.07704948199275921,0.10556927787101857,20329,2026_rev_10,20329,0.05628916432274621
2026-07-09,1220,Canada,canada,0.07704948199275921,0.10556927787101857,0.07704948199275921,0.10556927787101857,20329,2026_rev_10,20329,0.05628916432274621
2026-07-10,1220,Canada,canada,0.07704948199275921,0.10556927787101857,0.07704948199275921,0.10556927787101857,20329,2026_rev_10,20329,0.05628916432274621
2026-07-11,1220,Canada,canada,0.07704948199275921,0.10556927787101857,0.07704948199275921,0.10556927787101857,20329,2026_rev_10,20329,0.05628916432274621
2026-07-12,1220,Canada,canada,0.07704948199275921,0.10556927787101857,0.07704948199275921,0.10556927787101857,20329,2026_rev_10,20329,0.05628916432274621
2026-07-13,1220,Canada,canada,0.07704948199275921,0.10556927787101857,0.07704948199275921,0.10556927787101857,20329,2026_rev_10,20329,0.05628916432274621
2026-07-14,1220,Canada,canada,0.07704948199275921,0.10556927787101857,0.07704948199275921,0.10556927787101857,20329,2026_rev_10,20329,0.05628916432274621
2026-07-15,1220,Canada,canada,0.07704948199275921,0.10556927787101857,0.07704948199275921,0.10556927787101857,20329,2026_rev_10,20329,0.05628916432274621
2026-07-16,1220,Canada,canada,0.07704948199275921,0.10556927787101857,0.07704948199275921,0.10556927787101857,20329,2026_rev_10,20329,0.05628916432274621
2026-07-17,1220,Canada,canada,0.07704948199275921,0.10556927787101857,0.07704948199275921,0.10556927787101857,20329,2026_rev_10,20329,0.05628916432274621
2026-07-18,1220,Canada,canada,0.07704948199275921,0.10556927787101857,0.07704948199275921,0.10556927787101857,20329,2026_rev_10,20329,0.05628916432274621
2026-07-19,1220,Canada,canada,0.07704948199275921,0.10556927787101857,0.07704948199275921,0.10556927787101857,20329,2026_rev_10,20329,0.05628916432274621
2026-07-20,1220,Canada,canada,0.07704948199275921,0.10556927787101857,0.07704948199275921,0.10556927787101857,20329,2026_rev_10,20329,0.05628916432274621
2026-07-21,1220,Canada,canada,0.07704948199275921,0.10556927787101857,0.07704948199275921,0.10556927787101857,20329,2026_rev_10,20329,0.05628916432274621
2026-07-22,1220,Canada,canada,0.07704948199275921,0.10556927787101857,0.07704948199275921,0.10556927787101857,20329,2026_rev_10,20329,0.05628916432274621
2026-07-23,1220,Canada,canada,0.07704948199275921,0.10556927787101857,0.07704948199275921,0.10556927787101857,20329,2026_rev_10,20329,0.05628916432274621
2026-07-24,1220,Canada,canada,0.04168665757075567,0.07020645344901501,0.04168665757075567,0.07020645344901501,20329,2026_rev_10,20329,0.05482603256316544
2026-07-25,1220,Canada,canada,0.04168665757075567,0.07020645344901501,0.04168665757075567,0.07020645344901501,20329,2026_rev_10,20329,0.05482603256316544
2026-07-26,1220,Canada,canada,0.04168665757075567,0.07020645344901501,0.04168665757075567,0.07020645344901501,20329,2026_rev_10,20329,0.05482603256316544
2026-07-27,1220,Canada,canada,0.04168665757075567,0.07020645344901501,0.04168665757075567,0.07020645344901501,20329,2026_rev_10,20329,0.05482603256316544
2026-07-28,1220,Canada,canada,0.04168665757075567,0.07020645344901501,0.04168665757075567,0.07020645344901501,20329,2026_rev_10,20329,0.05482603256316544
2026-07-29,1220,Canada,canada,0.04168665757075567,0.07020645344901501,0.04168665757075567,0.07020645344901501,20329,2026_rev_10,20329,0.05482603256316544
2026-07-30,1220,Canada,canada,0.04168665757075567,0.07020645344901501,0.04168665757075567,0.07020645344901501,20329,2026_rev_10,20329,0.05482603256316544
2026-07-31,1220,Canada,canada,0.04168665757075567,0.07020645344901501,0.04168665757075567,0.07020645344901501,20329,2026_rev_10,20329,0.05482603256316544
2026-08-01,1220,Canada,canada,0.04168665757075567,0.07020645344901501,0.04168665757075567,0.07020645344901501,20329,2026_rev_10,20329,0.05482603256316544
2026-08-02,1220,Canada,canada,0.04168665757075567,0.07020645344901501,0.04168665757075567,0.07020645344901501,20329,2026_rev_10,20329,0.05482603256316544
2026-08-03,1220,Canada,canada,0.04168665757075567,0.07020645344901501,0.04168665757075567,0.07020645344901501,20329,2026_rev_10,20329,0.05482603256316544
2026-08-04,1220,Canada,canada,0.04168665757075567,0.07020645344901501,0.04168665757075567,0.07020645344901501,20329,2026_rev_10,20329,0.05482603256316544
2026-08-05,1220,Canada,canada,0.04168665757075567,0.07020645344901501,0.04168665757075567,0.07020645344901501,20329,2026_rev_10,20329,0.05482603256316544
2026-08-06,1220,Canada,canada,0.04168665757075567,0.07020645344901501,0.04168665757075567,0.07020645344901501,20329,2026_rev_10,20329,0.05482603256316544
2026-08-07,1220,Canada,canada,0.04168665757075567,0.07020645344901501,0.04168665757075567,0.07020645344901501,20329,2026_rev_10,20329,0.05482603256316544
2026-08-08,1220,Canada,canada,0.04168665757075567,0.07020645344901501,0.04168665757075567,0.07020645344901501,20329,2026_rev_10,20329,0.05482603256316544
2026-08-09,1220,Canada,canada,0.04168665757075567,0.07020645344901501,0.04168665757075567,0.07020645344901501,20329,2026_rev_10,20329,0.05482603256316544
2026-08-10,1220,Canada,canada,0.04168665757075567,0.07020645344901501,0.04168665757075567,0.07020645344901501,20329,2026_rev_10,20329,0.05482603256316544
2026-08-11,1220,Canada,canada,0.04168665757075567,0.07020645344901501,0.04168665757075567,0.07020645344901501,20329,2026_rev_10,20329,0.05482603256316544
2026-08-12,1220,Canada,canada,0.04168665757075567,0.07020645344901501,0.04168665757075567,0.07020645344901501,20329,2026_rev_10,20329,0.05482603256316544
2026-08-13,1220,Canada,canada,0.04168665757075567,0.07020645344901501,0.04168665757075567,0.07020645344901501,20329,2026_rev_10,20329,0.05482603256316544
2026-08-14,1220,Canada,canada,0.04168665757075567,0.07020645344901501,0.04168665757075567,0.07020645344901501,20329,2026_rev_10,20329,0.05482603256316544
2026-08-15,1220,Canada,canada,0.04168665757075567,0.07020645344901501,0.04168665757075567,0.07020645344901501,20329,2026_rev_10,20329,0.05482603256316544
2026-08-16,1220,Canada,canada,0.04168665757075567,0.07020645344901501,0.04168665757075567,0.07020645344901501,20329,2026_rev_10,20329,0.05482603256316544
2026-08-17,1220,Canada,canada,0.04168665757075567,0.07020645344901501,0.04168665757075567,0.07020645344901501,20329,2026_rev_10,20329,0.05482603256316544
2026-08-18,1220,Canada,canada,0.04168665757075567,0.07020645344901501,0.04168665757075567,0.07020645344901501,20329,2026_rev_10,20329,0.05482603256316544
2026-08-19,1220,Canada,canada,0.04168665757075567,0.07020645344901501,0.04168665757075567,0.07020645344901501,20329,2026_rev_10,20329,0.05482603256316544
2026-08-20,1220,Canada,canada,0.04168665757075567,0.07020645344901501,0.04168665757075567,0.07020645344901501,20329,2026_rev_10,20329,0.05482603256316544
2026-08-21,1220,Canada,canada,0.04168665757075567,0.07020645344901501,0.04168665757075567,0.07020645344901501,20329,2026_rev_10,20329,0.05482603256316544
2026-08-22,1220,Canada,canada,0.04168665757075567,0.07020645344901501,0.04168665757075567,0.07020645344901501,20329,2026_rev_10,20329,0.05482603256316544
2026-08-23,1220,Canada,canada,0.04168665757075567,0.07020645344901501,0.04168665757075567,0.07020645344901501,20329,2026_rev_10,20329,0.05482603256316544
2026-08-24,1220,Canada,canada,0.04168665757075567,0.07020645344901501,0.04168665757075567,0.07020645344901501,20329,2026_rev_10,20329,0.05482603256316544
2026-08-25,1220,Canada,canada,0.04168665757075567,0.07020645344901501,0.04168665757075567,0.07020645344901501,20329,2026_rev_10,20329,0.05482603256316544
2026-08-26,1220,Canada,canada,0.04168665757075567,0.07020645344901501,0.04168665757075567,0.07020645344901501,20329,2026_rev_10,20329,0.05482603256316544
2026-08-27,1220,Canada,canada,0.04168665757075567,0.07020645344901501,0.04168665757075567,0.07020645344901501,20329,2026_rev_10,20329,0.05482603256316544
2026-08-28,1220,Canada,canada,0.04168665757075567,0.07020645344901501,0.04168665757075567,0.07020645344901501,20329,2026_rev_10,20329,0.05482603256316544
2026-08-29,1220,Canada,canada,0.04168665757075567,0.07020645344901501,0.04168665757075567,0.07020645344901501,20329,2026_rev_10,20329,0.05482603256316544
2026-08-30,1220,Canada,canada,0.04168665757075567,0.07020645344901501,0.04168665757075567,0.07020645344901501,20329,2026_rev_10,20329,0.05482603256316544
2026-08-31,1220,Canada,canada,0.04168665757075567,0.07020645344901501,0.04168665757075567,0.07020645344901501,20329,2026_rev_10,20329,0.05482603256316544
2026-09-01,1220,Canada,canada,0.04168665757075567,0.07020645344901501,0.04168665757075567,0.07020645344901501,20329,2026_rev_10,20329,0.05482603256316544
2026-09-02,1220,Canada,canada,0.04168665757075567,0.07020645344901501,0.04168665757075567,0.07020645344901501,20329,2026_rev_10,20329,0.05482603256316544
2026-09-03,1220,Canada,canada,0.04168665757075567,0.07020645344901501,0.04168665757075567,0.07020645344901501,20329,2026_rev_10,20329,0.05482603256316544
2026-09-04,1220,Canada,canada,0.04168665757075567,0.07020645344901501,0.04168665757075567,0.07020645344901501,20329,2026_rev_10,20329,0.05482603256316544
2026-09-05,1220,Canada,canada,0.04168665757075567,0.07020645344901501,0.04168665757075567,0.07020645344901501,20329,2026_rev_10,20329,0.05482603256316544
2026-09-06,1220,Canada,canada,0.04168665757075567,0.07020645344901501,0.04168665757075567,0.07020645344901501,20329,2026_rev_10,20329,0.05482603256316544
2026-09-07,1220,Canada,canada,0.04168665757075567,0.07020645344901501,0.04168665757075567,0.07020645344901501,20329,2026_rev_10,20329,0.05482603256316544
2026-09-08,1220,Canada,canada,0.04168665757075567,0.07020645344901501,0.04168665757075567,0.07020645344901501,20329,2026_rev_10,20329,0.05482603256316544
2026-09-09,1220,Canada,canada,0.04168665757075567,0.07020645344901501,0.04168665757075567,0.07020645344901501,20329,2026_rev_10,20329,0.05482603256316544
2026-09-10,1220,Canada,canada,0.04168665757075567,0.07020645344901501,0.04168665757075567,0.07020645344901501,20329,2026_rev_10,20329,0.05482603256316544
2026-09-11,1220,Canada,canada,0.04168665757075567,0.07020645344901501,0.04168665757075567,0.07020645344901501,20329,2026_rev_10,20329,0.05482603256316544
2026-09-12,1220,Canada,canada,0.04168665757075567,0.07020645344901501,0.04168665757075567,0.07020645344901501,20329,2026_rev_10,20329,0.05482603256316544
2026-09-13,1220,Canada,canada,0.04168665757075567,0.07020645344901501,0.04168665757075567,0.07020645344901501,20329,2026_rev_10,20329,0.05482603256316544
2026-09-14,1220,Canada,canada,0.04168665757075567,0.07020645344901501,0.04168665757075567,0.07020645344901501,20329,2026_rev_10,20329,0.05482603256316544
2026-09-15,1220,Canada,canada,0.04168665757075567,0.07020645344901501,0.04168665757075567,0.07020645344901501,20329,2026_rev_10,20329,0.05482603256316544
2026-09-16,1220,Canada,canada,0.04168665757075567,0.07020645344901501,0.04168665757075567,0.07020645344901501,20329,2026_rev_10,20329,0.05482603256316544
2026-09-17,1220,Canada,canada,0.04168665757075567,0.07020645344901501,0.04168665757075567,0.07020645344901501,20329,2026_rev_10,20329,0.05482603256316544
2026-09-18,1220,Canada,canada,0.04168665757075567,0.07020645344901501,0.04168665757075567,0.07020645344901501,20329,2026_rev_10,20329,0.05482603256316544
2026-09-19,1220,Canada,canada,0.04168665757075567,0.07020645344901501,0.04168665757075567,0.07020645344901501,20329,2026_rev_10,20329,0.05482603256316544
2026-09-20,1220,Canada,canada,0.04168665757075567,0.07020645344901501,0.04168665757075567,0.07020645344901501,20329,2026_rev_10,20329,0.05482603256316544
2026-09-21,1220,Canada,canada,0.04168665757075567,0.07020645344901501,0.04168665757075567,0.07020645344901501,20329,2026_rev_10,20329,0.05482603256316544
2026-09-22,1220,Canada,canada,0.04168665757075567,0.07020645344901501,0.04168665757075567,0.07020645344901501,20329,2026_rev_10,20329,0.05482603256316544
2026-09-23,1220,Canada,canada,0.04168665757075567,0.07020645344901501,0.04168665757075567,0.07020645344901501,20329,2026_rev_10,20329,0.05482603256316544
2026-09-24,1220,Canada,canada,0.04168665757075567,0.07020645344901501,0.04168665757075567,0.07020645344901501,20329,2026_rev_10,20329,0.05482603256316544
2026-09-25,1220,Canada,canada,0.04168665757075567,0.07020645344901501,0.04168665757075567,0.07020645344901501,20329,2026_rev_10,20329,0.05482603256316544
2026-09-26,1220,Canada,canada,0.04168665757075567,0.07020645344901501,0.04168665757075567,0.07020645344901501,20329,2026_rev_10,20329,0.05482603256316544
2026-09-27,1220,Canada,canada,0.04168665757075567,0.07020645344901501,0.04168665757075567,0.07020645344901501,20329,2026_rev_10,20329,0.05482603256316544
2026-09-28,1220,Canada,canada,0.04168665757075567,0.07020645344901501,0.04168665757075567,0.07020645344901501,20329,2026_rev_10,20329,0.05482603256316544
2026-09-29,1220,Canada,canada,0.04417612188282217,0.07269591776108152,0.04417612188282217,0.07269591776108152,20329,bnd_2026-09-29,20329,0.055849057001544515
2026-09-30,1220,Canada,canada,0.04417612188282217,0.07269591776108152,0.04417612188282217,0.07269591776108152,20329,bnd_2026-09-29,20329,0.055849057001544515
2026-10-01,1220,Canada,canada,0.04417612188282217,0.07269591776108152,0.04417612188282217,0.07269591776108152,20329,bnd_2026-09-29,20329,0.055849057001544515
2026-10-02,1220,Canada,canada,0.04417612188282217,0.07269591776108152,0.04417612188282217,0.07269591776108152,20329,bnd_2026-09-29,20329,0.055849057001544515
2026-10-03,1220,Canada,canada,0.04417612188282217,0.07269591776108152,0.04417612188282217,0.07269591776108152,20329,bnd_2026-09-29,20329,0.055849057001544515
2026-10-04,1220,Canada,canada,0.04417612188282217,0.07269591776108152,0.04417612188282217,0.07269591776108152,20329,bnd_2026-09-29,20329,0.055849057001544515
2026-10-05,1220,Canada,canada,0.04417612188282217,0.07269591776108152,0.04417612188282217,0.07269591776108152,20329,bnd_2026-09-29,20329,0.055849057001544515
2026-10-06,1220,Canada,canada,0.04417612188282217,0.07269591776108152,0.04417612188282217,0.07269591776108152,20329,bnd_2026-09-29,20329,0.055849057001544515
2026-10-07,1220,Canada,canada,0.04417612188282217,0.07269591776108152,0.04417612188282217,0.07269591776108152,20329,bnd_2026-09-29,20329,0.055849057001544515
2026-10-08,1220,Canada,canada,0.04417612188282217,0.07269591776108152,0.04417612188282217,0.07269591776108152,20329,bnd_2026-09-29,20329,0.055849057001544515
2026-10-09,1220,Canada,canada,0.04417612188282217,0.07269591776108152,0.04417612188282217,0.07269591776108152,20329,bnd_2026-09-29,20329,0.055849057001544515
2026-10-10,1220,Canada,canada,0.04417612188282217,0.07269591776108152,0.04417612188282217,0.07269591776108152,20329,bnd_2026-09-29,20329,0.055849057001544515
2026-10-11,1220,Canada,canada,0.04417612188282217,0.07269591776108152,0.04417612188282217,0.07269591776108152,20329,bnd_2026-09-29,20329,0.055849057001544515
2026-10-12,1220,Canada,canada,0.04417612188282217,0.07269591776108152,0.04417612188282217,0.07269591776108152,20329,bnd_2026-09-29,20329,0.055849057001544515
2026-10-13,1220,Canada,canada,0.04417612188282217,0.07269591776108152,0.04417612188282217,0.07269591776108152,20329,bnd_2026-09-29,20329,0.055849057001544515
2026-10-14,1220,Canada,canada,0.04417612188282217,0.07269591776108152,0.04417612188282217,0.07269591776108152,20329,bnd_2026-09-29,20329,0.055849057001544515
2026-10-15,1220,Canada,canada,0.04417612188282217,0.07269591776108152,0.04417612188282217,0.07269591776108152,20329,bnd_2026-09-29,20329,0.055849057001544515
2026-10-16,1220,Canada,canada,0.04417612188282217,0.07269591776108152,0.04417612188282217,0.07269591776108152,20329,bnd_2026-09-29,20329,0.055849057001544515
2026-10-17,1220,Canada,canada,0.04417612188282217,0.07269591776108152,0.04417612188282217,0.07269591776108152,20329,bnd_2026-09-29,20329,0.055849057001544515
2026-10-18,1220,Canada,canada,0.04417612188282217,0.07269591776108152,0.04417612188282217,0.07269591776108152,20329,bnd_2026-09-29,20329,0.055849057001544515
2026-10-19,1220,Canada,canada,0.04417612188282217,0.07269591776108152,0.04417612188282217,0.07269591776108152,20329,bnd_2026-09-29,20329,0.055849057001544515
2026-10-20,1220,Canada,canada,0.04417612188282217,0.07269591776108152,0.04417612188282217,0.07269591776108152,20329,bnd_2026-09-29,20329,0.055849057001544515
2026-10-21,1220,Canada,canada,0.04417612188282217,0.07269591776108152,0.04417612188282217,0.07269591776108152,20329,bnd_2026-09-29,20329,0.055849057001544515
2026-10-22,1220,Canada,canada,0.04417612188282217,0.07269591776108152,0.04417612188282217,0.07269591776108152,20329,bnd_2026-09-29,20329,0.055849057001544515
2026-10-23,1220,Canada,canada,0.04417612188282217,0.07269591776108152,0.04417612188282217,0.07269591776108152,20329,bnd_2026-09-29,20329,0.055849057001544515
2026-10-24,1220,Canada,canada,0.04417612188282217,0.07269591776108152,0.04417612188282217,0.07269591776108152,20329,bnd_2026-09-29,20329,0.055849057001544515
2026-10-25,1220,Canada,canada,0.04417612188282217,0.07269591776108152,0.04417612188282217,0.07269591776108152,20329,bnd_2026-09-29,20329,0.055849057001544515
2026-10-26,1220,Canada,canada,0.04417612188282217,0.07269591776108152,0.04417612188282217,0.07269591776108152,20329,bnd_2026-09-29,20329,0.055849057001544515
2026-10-27,1220,Canada,canada,0.04417612188282217,0.07269591776108152,0.04417612188282217,0.07269591776108152,20329,bnd_2026-09-29,20329,0.055849057001544515
2026-10-28,1220,Canada,canada,0.04417612188282217,0.07269591776108152,0.04417612188282217,0.07269591776108152,20329,bnd_2026-09-29,20329,0.055849057001544515
2026-10-29,1220,Canada,canada,0.04417612188282217,0.07269591776108152,0.04417612188282217,0.07269591776108152,20329,bnd_2026-09-29,20329,0.055849057001544515
2026-10-30,1220,Canada,canada,0.04417612188282217,0.07269591776108152,0.04417612188282217,0.07269591776108152,20329,bnd_2026-09-29,20329,0.055849057001544515
2026-10-31,1220,Canada,canada,0.04417612188282217,0.07269591776108152,0.04417612188282217,0.07269591776108152,20329,bnd_2026-09-29,20329,0.055849057001544515
2026-11-01,1220,Canada,canada,0.04417612188282217,0.07269591776108152,0.04417612188282217,0.07269591776108152,20329,bnd_2026-09-29,20329,0.055849057001544515
2026-11-02,1220,Canada,canada,0.04417612188282217,0.07269591776108152,0.04417612188282217,0.07269591776108152,20329,bnd_2026-09-29,20329,0.055849057001544515
2026-11-03,1220,Canada,canada,0.04417612188282217,0.07269591776108152,0.04417612188282217,0.07269591776108152,20329,bnd_2026-09-29,20329,0.055849057001544515
2026-11-04,1220,Canada,canada,0.04417612188282217,0.07269591776108152,0.04417612188282217,0.07269591776108152,20329,bnd_2026-09-29,20329,0.055849057001544515
2026-11-05,1220,Canada,canada,0.04417612188282217,0.07269591776108152,0.04417612188282217,0.07269591776108152,20329,bnd_2026-09-29,20329,0.055849057001544515
2026-11-06,1220,Canada,canada,0.04417612188282217,0.07269591776108152,0.04417612188282217,0.07269591776108152,20329,bnd_2026-09-29,20329,0.055849057001544515
2026-11-07,1220,Canada,canada,0.04417612188282217,0.07269591776108152,0.04417612188282217,0.07269591776108152,20329,bnd_2026-09-29,20329,0.055849057001544515
2026-11-08,1220,Canada,canada,0.04417612188282217,0.07269591776108152,0.04417612188282217,0.07269591776108152,20329,bnd_2026-09-29,20329,0.055849057001544515
2026-11-09,1220,Canada,canada,0.04417612188282217,0.07269591776108152,0.04417612188282217,0.07269591776108152,20329,bnd_2026-09-29,20329,0.055849057001544515
2026-11-10,1220,Canada,canada,0.04417612188282217,0.07269591776108152,0.04417612188282217,0.07269591776108152,20329,bnd_2026-11-10,20329,0.055849057001544515
2026-11-11,1220,Canada,canada,0.04417612188282217,0.07269591776108152,0.04417612188282217,0.07269591776108152,20329,bnd_2026-11-10,20329,0.055849057001544515
2026-11-12,1220,Canada,canada,0.04417612188282217,0.07269591776108152,0.04417612188282217,0.07269591776108152,20329,bnd_2026-11-10,20329,0.055849057001544515
2026-11-13,1220,Canada,canada,0.04417612188282217,0.07269591776108152,0.04417612188282217,0.07269591776108152,20329,bnd_2026-11-10,20329,0.055849057001544515
2026-11-14,1220,Canada,canada,0.04417612188282217,0.07269591776108152,0.04417612188282217,0.07269591776108152,20329,bnd_2026-11-10,20329,0.055849057001544515
2026-11-15,1220,Canada,canada,0.04417612188282217,0.07269591776108152,0.04417612188282217,0.07269591776108152,20329,bnd_2026-11-10,20329,0.055849057001544515
2026-11-16,1220,Canada,canada,0.04417612188282217,0.07269591776108152,0.04417612188282217,0.07269591776108152,20329,bnd_2026-11-10,20329,0.055849057001544515
2026-11-17,1220,Canada,canada,0.04417612188282217,0.07269591776108152,0.04417612188282217,0.07269591776108152,20329,bnd_2026-11-10,20329,0.055849057001544515
2026-11-18,1220,Canada,canada,0.04417612188282217,0.07269591776108152,0.04417612188282217,0.07269591776108152,20329,bnd_2026-11-10,20329,0.055849057001544515
2026-11-19,1220,Canada,canada,0.04417612188282217,0.07269591776108152,0.04417612188282217,0.07269591776108152,20329,bnd_2026-11-10,20329,0.055849057001544515
2026-11-20,1220,Canada,canada,0.04417612188282217,0.07269591776108152,0.04417612188282217,0.07269591776108152,20329,bnd_2026-11-10,20329,0.055849057001544515
2026-11-21,1220,Canada,canada,0.04417612188282217,0.07269591776108152,0.04417612188282217,0.07269591776108152,20329,bnd_2026-11-10,20329,0.055849057001544515
2026-11-22,1220,Canada,canada,0.04417612188282217,0.07269591776108152,0.04417612188282217,0.07269591776108152,20329,bnd_2026-11-10,20329,0.055849057001544515
2026-11-23,1220,Canada,canada,0.04417612188282217,0.07269591776108152,0.04417612188282217,0.07269591776108152,20329,bnd_2026-11-10,20329,0.055849057001544515
2026-11-24,1220,Canada,canada,0.04417612188282217,0.07269591776108152,0.04417612188282217,0.07269591776108152,20329,bnd_2026-11-10,20329,0.055849057001544515
2026-11-25,1220,Canada,canada,0.04417612188282217,0.07269591776108152,0.04417612188282217,0.07269591776108152,20329,bnd_2026-11-10,20329,0.055849057001544515
2026-11-26,1220,Canada,canada,0.04417612188282217,0.07269591776108152,0.04417612188282217,0.07269591776108152,20329,bnd_2026-11-10,20329,0.055849057001544515
2026-11-27,1220,Canada,canada,0.04417612188282217,0.07269591776108152,0.04417612188282217,0.07269591776108152,20329,bnd_2026-11-10,20329,0.055849057001544515
2026-11-28,1220,Canada,canada,0.04417612188282217,0.07269591776108152,0.04417612188282217,0.07269591776108152,20329,bnd_2026-11-10,20329,0.055849057001544515
2026-11-29,1220,Canada,canada,0.04417612188282217,0.07269591776108152,0.04417612188282217,0.07269591776108152,20329,bnd_2026-11-10,20329,0.055849057001544515
2026-11-30,1220,Canada,canada,0.04417612188282217,0.07269591776108152,0.04417612188282217,0.07269591776108152,20329,bnd_2026-11-10,20329,0.055849057001544515
2026-12-01,1220,Canada,canada,0.04417612188282217,0.07269591776108152,0.04417612188282217,0.07269591776108152,20329,bnd_2026-11-10,20329,0.055849057001544515
2026-12-02,1220,Canada,canada,0.04417612188282217,0.07269591776108152,0.04417612188282217,0.07269591776108152,20329,bnd_2026-11-10,20329,0.055849057001544515
2026-12-03,1220,Canada,canada,0.04417612188282217,0.07269591776108152,0.04417612188282217,0.07269591776108152,20329,bnd_2026-11-10,20329,0.055849057001544515
2026-12-04,1220,Canada,canada,0.04417612188282217,0.07269591776108152,0.04417612188282217,0.07269591776108152,20329,bnd_2026-11-10,20329,0.055849057001544515
2026-12-05,1220,Canada,canada,0.04417612188282217,0.07269591776108152,0.04417612188282217,0.07269591776108152,20329,bnd_2026-11-10,20329,0.055849057001544515
2026-12-06,1220,Canada,canada,0.04417612188282217,0.07269591776108152,0.04417612188282217,0.07269591776108152,20329,bnd_2026-11-10,20329,0.055849057001544515
2026-12-07,1220,Canada,canada,0.04417612188282217,0.07269591776108152,0.04417612188282217,0.07269591776108152,20329,bnd_2026-11-10,20329,0.055849057001544515
2026-12-08,1220,Canada,canada,0.04417612188282217,0.07269591776108152,0.04417612188282217,0.07269591776108152,20329,bnd_2026-11-10,20329,0.055849057001544515
2026-12-09,1220,Canada,canada,0.04417612188282217,0.07269591776108152,0.04417612188282217,0.07269591776108152,20329,bnd_2026-11-10,20329,0.055849057001544515
2026-12-10,1220,Canada,canada,0.04417612188282217,0.07269591776108152,0.04417612188282217,0.07269591776108152,20329,bnd_2026-11-10,20329,0.055849057001544515
2026-12-11,1220,Canada,canada,0.04417612188282217,0.07269591776108152,0.04417612188282217,0.07269591776108152,20329,bnd_2026-11-10,20329,0.055849057001544515
2026-12-12,1220,Canada,canada,0.04417612188282217,0.07269591776108152,0.04417612188282217,0.07269591776108152,20329,bnd_2026-11-10,20329,0.055849057001544515
2026-12-13,1220,Canada,canada,0.04417612188282217,0.07269591776108152,0.04417612188282217,0.07269591776108152,20329,bnd_2026-11-10,20329,0.055849057001544515
2026-12-14,1220,Canada,canada,0.04417612188282217,0.07269591776108152,0.04417612188282217,0.07269591776108152,20329,bnd_2026-11-10,20329,0.055849057001544515
2026-12-15,1220,Canada,canada,0.04417612188282217,0.07269591776108152,0.04417612188282217,0.07269591776108152,20329,bnd_2026-11-10,20329,0.055849057001544515
2026-12-16,1220,Canada,canada,0.04417612188282217,0.07269591776108152,0.04417612188282217,0.07269591776108152,20329,bnd_2026-11-10,20329,0.055849057001544515
2026-12-17,1220,Canada,canada,0.04417612188282217,0.07269591776108152,0.04417612188282217,0.07269591776108152,20329,bnd_2026-11-10,20329,0.055849057001544515
2026-12-18,1220,Canada,canada,0.04417612188282217,0.07269591776108152,0.04417612188282217,0.07269591776108152,20329,bnd_2026-11-10,20329,0.055849057001544515
2026-12-19,1220,Canada,canada,0.04417612188282217,0.07269591776108152,0.04417612188282217,0.07269591776108152,20329,bnd_2026-11-10,20329,0.055849057001544515
2026-12-20,1220,Canada,canada,0.04417612188282217,0.07269591776108152,0.04417612188282217,0.07269591776108152,20329,bnd_2026-11-10,20329,0.055849057001544515
2026-12-21,1220,Canada,canada,0.04417612188282217,0.07269591776108152,0.04417612188282217,0.07269591776108152,20329,bnd_2026-11-10,20329,0.055849057001544515
2026-12-22,1220,Canada,canada,0.04417612188282217,0.07269591776108152,0.04417612188282217,0.07269591776108152,20329,bnd_2026-11-10,20329,0.055849057001544515
2026-12-23,1220,Canada,canada,0.04417612188282217,0.07269591776108152,0.04417612188282217,0.07269591776108152,20329,bnd_2026-11-10,20329,0.055849057001544515
2026-12-24,1220,Canada,canada,0.04417612188282217,0.07269591776108152,0.04417612188282217,0.07269591776108152,20329,bnd_2026-11-10,20329,0.055849057001544515
2026-12-25,1220,Canada,canada,0.04417612188282217,0.07269591776108152,0.04417612188282217,0.07269591776108152,20329,bnd_2026-11-10,20329,0.055849057001544515
2026-12-26,1220,Canada,canada,0.04417612188282217,0.07269591776108152,0.04417612188282217,0.07269591776108152,20329,bnd_2026-11-10,20329,0.055849057001544515
2026-12-27,1220,Canada,canada,0.04417612188282217,0.07269591776108152,0.04417612188282217,0.07269591776108152,20329,bnd_2026-11-10,20329,0.055849057001544515
2026-12-28,1220,Canada,canada,0.04417612188282217,0.07269591776108152,0.04417612188282217,0.07269591776108152,20329,bnd_2026-11-10,20329,0.055849057001544515
2026-12-29,1220,Canada,canada,0.04417612188282217,0.07269591776108152,0.04417612188282217,0.07269591776108152,20329,bnd_2026-11-10,20329,0.055849057001544515
2026-12-30,1220,Canada,canada,0.04417612188282217,0.07269591776108152,0.04417612188282217,0.07269591776108152,20329,bnd_2026-11-10,20329,0.055849057001544515
2026-12-31,1220,Canada,canada,0.04417612188282217,0.07269591776108152,0.04417612188282217,0.07269591776108152,20329,bnd_2026-11-10,20329,0.055849057001544515
