program,geography,metric,unit,breakdown,year,value,value_kind,pe_value,pe_value_2026,delta,ratio,concept_note
ccdf,US,elig_pop,,total,2023,11005000.0,count,,,,,
ccdf,US,elig_rate,pop,total,2023,0.211,share,,,,,
ccdf,US,part_rate,pop,total,2023,0.146,share,,,,,
ccdf,US,part_gap,pop,total,2023,9399000.0,count,,,,,
housing,US,elig_units,,total,2023,16781000.0,count,,,,,
housing,US,elig_rate,units,total,2023,0.128,share,,,,,
housing,US,part_rate,units,total,2023,0.26,share,,,,,
housing,US,part_gap,units,total,2023,12423000.0,count,,,,,
liheap,US,elig_units,,total,2023,34122000.0,count,,,,,
liheap,US,elig_rate,units,total,2023,0.26,share,,,,,
liheap,US,part_rate,units,total,2023,0.172,share,,,,,
liheap,US,part_gap,units,total,2023,28250000.0,count,,,,,
snap,US,elig_pop,,total,2023,69128000.0,count,66363626.78220841,63968355.29774615,-2764373.217791587,0.9600108028904122,"persons in SNAP-eligible SPM units, annual 2024 (Urban: avg-month people incl BBCE)"
snap,US,elig_rate,pop,total,2023,0.212,share,,,,,
snap,US,part_rate,pop,total,2023,0.575,share,0.9128785668417312,0.9132590546355016,0.33787856684173123,1.5876148988551848,
snap,US,part_gap,pop,total,2023,29361000.0,count,5781694.274846464,5548675.611938611,-23579305.725153536,0.19691748492375818,
ssi,US,elig_pop,,total,2023,12602000.0,count,34137362.408079416,34190250.89543983,21535362.408079416,2.7088844951658,"adults 18+, PE is_ssi_eligible = ABD+resources+immigration WITHOUT income test (broader than Urban payable concept)"
ssi,US,elig_rate,pop,total,2023,0.05,share,,,,,
ssi,US,part_rate,pop,total,2023,0.51,share,0.186339808875379,0.1786588963867095,-0.323660191124621,0.365372174265449,
ssi,US,part_gap,pop,total,2023,6174000.0,count,27776212.82144835,28081858.403275847,21602212.82144835,4.498900683746088,
tanf,US,elig_units,,total,2023,4515000.0,count,,,,,
tanf,US,elig_pop,,total,2023,11398000.0,count,168935465.62309366,171721584.18038905,157537465.62309366,14.821500756544452,persons in DEMOGRAPHIC-tanf-eligible units — no income-tested national variable; Urban denom is full eligibility
tanf,US,elig_rate,pop,total,2023,0.035,share,,,,,
tanf,US,part_rate,pop,total,2023,0.185,share,0.0205379194276826,0.0194256414585555,-0.1644620805723174,0.11101578069017622,
tanf,US,part_gap,pop,total,2023,9291000.0,count,,,,,
wic,US,elig_pop,,total,2023,9444000.0,count,9367299.26537823,9199994.850455487,-76700.73462177068,0.9918783635512738,children 0-4 WIC-eligible (PE covers pregnant/postpartum women too; excluded here)
wic,US,elig_rate,pop,total,2023,0.517,share,,,,,
wic,US,part_rate,pop,total,2023,0.535,share,0.5141231558569446,0.5180847291056088,-0.020876844143055462,0.9609778614148496,
wic,US,part_gap,pop,total,2023,4389000.0,count,4551353.805205535,4433618.01058426,162353.80520553514,1.0369910697665836,
ctc_refund,US,elig_units,,total,2023,11795000.0,count,17656551.88849534,17836574.481172334,5861551.888495341,1.4969522584565782,tax units with positive credit under 100% take-up/filing = Urban eligibility concept
ctc_refund,US,elig_rate,units,total,2023,0.068,share,,,,,
eitc,US,elig_units,,total,2023,18445000.0,count,26939208.404993273,26138163.344846178,8494208.404993273,1.4605155004062496,tax units with positive credit under 100% take-up/filing = Urban eligibility concept
eitc,US,elig_rate,units,total,2023,0.106,share,,,,,
base,US,spm_pov_rate_100,pop,total,2023,0.14,share,0.1360415667731279,0.1317320036463281,-0.003958433226872116,0.9717254769509135,annual 2024 SPM (Urban: 2023)
fullpart,US,spm_pov_rate_100,pop,total,2023,0.093,share,0.1290991098447829,0.128533987943011,0.0360991098447829,1.3881624714492784,all takes_up_* + would_claim_wic forced True; PATCHED: would_claim_wic forced monthly (see RECONCILIATION.md)
ccdf,AL,elig_pop,,total,2023,157000.0,count,,,,,
ccdf,AL,elig_rate,pop,total,2023,0.193,share,,,,,
ccdf,AL,part_rate,pop,total,2023,0.262,share,,,,,
ccdf,AL,part_gap,pop,total,2023,116000.0,count,,,,,
housing,AL,elig_units,,total,2023,254000.0,count,,,,,
housing,AL,elig_rate,units,total,2023,0.125,share,,,,,
housing,AL,part_rate,units,total,2023,0.32,share,,,,,
housing,AL,part_gap,units,total,2023,173000.0,count,,,,,
liheap,AL,elig_units,,total,2023,497000.0,count,,,,,
liheap,AL,elig_rate,units,total,2023,0.244,share,,,,,
liheap,AL,part_rate,units,total,2023,0.164,share,,,,,
liheap,AL,part_gap,units,total,2023,416000.0,count,,,,,
snap,AL,elig_pop,,total,2023,1040000.0,count,1035293.4872430572,998356.406695416,-4706.512756942771,0.9954745069644781,"persons in SNAP-eligible SPM units, annual 2024 (Urban: avg-month people incl BBCE)"
snap,AL,elig_rate,pop,total,2023,0.21,share,,,,,
snap,AL,part_rate,pop,total,2023,0.732,share,1.0,1.0,0.268,1.366120218579235,
snap,AL,part_gap,pop,total,2023,278000.0,count,0.0,0.0,-278000.0,0.0,
ssi,AL,elig_pop,,total,2023,228000.0,count,677975.8301444422,689157.0727849472,449975.83014444215,2.973578202387904,"adults 18+, PE is_ssi_eligible = ABD+resources+immigration WITHOUT income test (broader than Urban payable concept)"
ssi,AL,elig_rate,pop,total,2023,0.06,share,,,,,
ssi,AL,part_rate,pop,total,2023,0.538,share,0.19165333156276,0.1788507396213049,-0.34634666843724005,0.3562329582950929,
ssi,AL,part_gap,pop,total,2023,105000.0,count,548039.5035782319,565900.8206021059,443039.5035782319,5.2194238436022085,
tanf,AL,elig_units,,total,2023,82000.0,count,,,,,
tanf,AL,elig_pop,,total,2023,194000.0,count,2590546.936681012,2633270.7745207543,2396546.936681012,13.353334725159856,persons in DEMOGRAPHIC-tanf-eligible units — no income-tested national variable; Urban denom is full eligibility
tanf,AL,elig_rate,pop,total,2023,0.039,share,,,,,
tanf,AL,part_rate,pop,total,2023,0.066,share,0.0059528056575939,0.0059528054556658,-0.0600471943424061,0.09019402511505908,
tanf,AL,part_gap,pop,total,2023,181000.0,count,,,,,
wic,AL,elig_pop,,total,2023,171000.0,count,144988.12292650348,141005.6174258046,-26011.877073496522,0.8478837598041139,children 0-4 WIC-eligible (PE covers pregnant/postpartum women too; excluded here)
wic,AL,elig_rate,pop,total,2023,0.596,share,,,,,
wic,AL,part_rate,pop,total,2023,0.505,share,0.456872499558883,0.4775191598303936,-0.04812750044111702,0.9046980189284811,
wic,AL,part_gap,pop,total,2023,85000.0,count,78747.03679872124,73672.73346126848,-6252.963201278762,0.9264357270437793,
ctc_refund,AL,elig_units,,total,2023,212000.0,count,,,,,
ctc_refund,AL,elig_rate,units,total,2023,0.081,share,,,,,
eitc,AL,elig_units,,total,2023,346000.0,count,,,,,
eitc,AL,elig_rate,units,total,2023,0.131,share,,,,,
base,AL,spm_pov_rate_100,pop,total,2023,0.145,share,0.1490797346953963,0.1427459813822166,0.004079734695396298,1.0281361013475607,annual 2024 SPM (Urban: 2023)
fullpart,AL,spm_pov_rate_100,pop,total,2023,0.105,share,0.1571899804123584,0.1630434703067016,0.05218998041235841,1.4970474324986516,all takes_up_* + would_claim_wic forced True; PATCHED: would_claim_wic forced monthly (see RECONCILIATION.md)
ccdf,AK,elig_pop,,total,2023,30000.0,count,,,,,
ccdf,AK,elig_rate,pop,total,2023,0.229,share,,,,,
ccdf,AK,part_rate,pop,total,2023,0.073,share,,,,,
ccdf,AK,part_gap,pop,total,2023,28000.0,count,,,,,
housing,AK,elig_units,,total,2023,31000.0,count,,,,,
housing,AK,elig_rate,units,total,2023,0.113,share,,,,,
housing,AK,part_rate,units,total,2023,0.227,share,,,,,
housing,AK,part_gap,units,total,2023,24000.0,count,,,,,
liheap,AK,elig_units,,total,2023,60000.0,count,,,,,
liheap,AK,elig_rate,units,total,2023,0.216,share,,,,,
liheap,AK,part_rate,units,total,2023,0.08,share,,,,,
liheap,AK,part_gap,units,total,2023,55000.0,count,,,,,
snap,AK,elig_pop,,total,2023,86000.0,count,107166.399439784,205468.21278327884,21166.399439784,1.2461209237184185,"persons in SNAP-eligible SPM units, annual 2024 (Urban: avg-month people incl BBCE)"
snap,AK,elig_rate,pop,total,2023,0.123,share,,,,,
snap,AK,part_rate,pop,total,2023,0.342,share,0.9999768973460268,0.8221710722565255,0.6579768973460267,2.9239090565673296,
snap,AK,part_gap,pop,total,2023,57000.0,count,2.4758282438269816,36538.19196461854,-56997.52417175617,4.343558322503477e-05,
ssi,AK,elig_pop,,total,2023,20000.0,count,40124.21124256839,39851.74318655047,20124.211242568388,2.006210562128419,"adults 18+, PE is_ssi_eligible = ABD+resources+immigration WITHOUT income test (broader than Urban payable concept)"
ssi,AK,elig_rate,pop,total,2023,0.037,share,,,,,
ssi,AK,part_rate,pop,total,2023,0.672,share,0.2558063177283722,0.261802920035917,-0.41619368227162784,0.3806641632862681,
ssi,AK,part_gap,pop,total,2023,6000.0,count,29860.184512851614,29418.4404517901,23860.184512851614,4.976697418808603,
tanf,AK,elig_units,,total,2023,8000.0,count,,,,,
tanf,AK,elig_pop,,total,2023,22000.0,count,406579.8571209548,413285.25742326747,384579.8571209548,18.480902596407034,persons in DEMOGRAPHIC-tanf-eligible units — no income-tested national variable; Urban denom is full eligibility
tanf,AK,elig_rate,pop,total,2023,0.031,share,,,,,
tanf,AK,part_rate,pop,total,2023,0.132,share,0.0122725992194371,0.0122725991407894,-0.1197274007805629,0.09297423651088713,
tanf,AK,part_gap,pop,total,2023,19000.0,count,,,,,
wic,AK,elig_pop,,total,2023,27000.0,count,25469.123654726325,25889.151007860564,-1530.8763452736748,0.943300876100975,children 0-4 WIC-eligible (PE covers pregnant/postpartum women too; excluded here)
wic,AK,elig_rate,pop,total,2023,0.578,share,,,,,
wic,AK,part_rate,pop,total,2023,0.406,share,0.4426433119550275,0.4426436730111585,0.03664331195502746,1.0902544629434174,
wic,AK,part_gap,pop,total,2023,16000.0,count,14195.386407606127,14429.482114600629,-1804.6135923938728,0.887211650475383,
ctc_refund,AK,elig_units,,total,2023,24000.0,count,,,,,
ctc_refund,AK,elig_rate,units,total,2023,0.065,share,,,,,
eitc,AK,elig_units,,total,2023,40000.0,count,,,,,
eitc,AK,elig_rate,units,total,2023,0.108,share,,,,,
base,AK,spm_pov_rate_100,pop,total,2023,0.111,share,0.0928368442781851,0.0905830045249915,-0.0181631557218149,0.836367966470136,annual 2024 SPM (Urban: 2023)
fullpart,AK,spm_pov_rate_100,pop,total,2023,0.068,share,0.0794681888162977,0.0978212221003511,0.0114681888162977,1.1686498355337898,all takes_up_* + would_claim_wic forced True; PATCHED: would_claim_wic forced monthly (see RECONCILIATION.md)
ccdf,AZ,elig_pop,,total,2023,154000.0,count,,,,,
ccdf,AZ,elig_rate,pop,total,2023,0.137,share,,,,,
ccdf,AZ,part_rate,pop,total,2023,0.18,share,,,,,
ccdf,AZ,part_gap,pop,total,2023,126000.0,count,,,,,
housing,AZ,elig_units,,total,2023,271000.0,count,,,,,
housing,AZ,elig_rate,units,total,2023,0.093,share,,,,,
housing,AZ,part_rate,units,total,2023,0.139,share,,,,,
housing,AZ,part_gap,units,total,2023,234000.0,count,,,,,
liheap,AZ,elig_units,,total,2023,683000.0,count,,,,,
liheap,AZ,elig_rate,units,total,2023,0.235,share,,,,,
liheap,AZ,part_rate,units,total,2023,0.044,share,,,,,
liheap,AZ,part_gap,units,total,2023,653000.0,count,,,,,
snap,AZ,elig_pop,,total,2023,1661000.0,count,1833603.8373193976,1730506.466571255,172603.8373193976,1.103915615484285,"persons in SNAP-eligible SPM units, annual 2024 (Urban: avg-month people incl BBCE)"
snap,AZ,elig_rate,pop,total,2023,0.229,share,,,,,
snap,AZ,part_rate,pop,total,2023,0.53,share,0.7837027654789188,0.7755011200054768,0.2537027654789188,1.4786844631677714,
snap,AZ,part_gap,pop,total,2023,780000.0,count,396603.4392194282,388496.7635685266,-383396.5607805718,0.5084659477172156,
ssi,AZ,elig_pop,,total,2023,238000.0,count,815538.8154450108,828988.2852102688,577538.8154450108,3.4266336783403815,"adults 18+, PE is_ssi_eligible = ABD+resources+immigration WITHOUT income test (broader than Urban payable concept)"
ssi,AZ,elig_rate,pop,total,2023,0.042,share,,,,,
ssi,AZ,part_rate,pop,total,2023,0.404,share,0.1555233986551184,0.1430792584103761,-0.24847660134488161,0.38495890756217427,
ssi,AZ,part_gap,pop,total,2023,142000.0,count,688703.4471318333,710377.2561314942,546703.4471318333,4.850024275576291,
tanf,AZ,elig_units,,total,2023,76000.0,count,,,,,
tanf,AZ,elig_pop,,total,2023,205000.0,count,3827583.418752322,3890708.715527834,3622583.418752322,18.671138628060106,persons in DEMOGRAPHIC-tanf-eligible units — no income-tested national variable; Urban denom is full eligibility
tanf,AZ,elig_rate,pop,total,2023,0.028,share,,,,,
tanf,AZ,part_rate,pop,total,2023,0.052,share,1.132943977582392e-08,1.1329439655734988e-08,-0.05199998867056022,2.1787384184276773e-07,
tanf,AZ,part_gap,pop,total,2023,194000.0,count,,,,,
wic,AZ,elig_pop,,total,2023,207000.0,count,237625.03665540827,241543.95769302687,30625.036655408272,1.1479470369826485,children 0-4 WIC-eligible (PE covers pregnant/postpartum women too; excluded here)
wic,AZ,elig_rate,pop,total,2023,0.526,share,,,,,
wic,AZ,part_rate,pop,total,2023,0.575,share,0.61713986278395,0.617139794422344,0.0421398627839501,1.0732867178851306,
wic,AZ,part_gap,pop,total,2023,88000.0,count,90977.1541398585,92477.56929839292,2977.154139858496,1.0338312970438466,
ctc_refund,AZ,elig_units,,total,2023,284000.0,count,,,,,
ctc_refund,AZ,elig_rate,units,total,2023,0.072,share,,,,,
eitc,AZ,elig_units,,total,2023,404000.0,count,,,,,
eitc,AZ,elig_rate,units,total,2023,0.103,share,,,,,
base,AZ,spm_pov_rate_100,pop,total,2023,0.149,share,0.1491333207680306,0.1525048519456699,0.00013332076803060366,1.0008947702552389,annual 2024 SPM (Urban: 2023)
fullpart,AZ,spm_pov_rate_100,pop,total,2023,0.102,share,0.1212136568214344,0.1433328539463129,0.019213656821434402,1.1883691845238666,all takes_up_* + would_claim_wic forced True; PATCHED: would_claim_wic forced monthly (see RECONCILIATION.md)
ccdf,AR,elig_pop,,total,2023,104000.0,count,,,,,
ccdf,AR,elig_rate,pop,total,2023,0.204,share,,,,,
ccdf,AR,part_rate,pop,total,2023,0.16,share,,,,,
ccdf,AR,part_gap,pop,total,2023,87000.0,count,,,,,
housing,AR,elig_units,,total,2023,154000.0,count,,,,,
housing,AR,elig_rate,units,total,2023,0.125,share,,,,,
housing,AR,part_rate,units,total,2023,0.29,share,,,,,
housing,AR,part_gap,units,total,2023,109000.0,count,,,,,
liheap,AR,elig_units,,total,2023,338000.0,count,,,,,
liheap,AR,elig_rate,units,total,2023,0.275,share,,,,,
liheap,AR,part_rate,units,total,2023,0.191,share,,,,,
liheap,AR,part_gap,units,total,2023,273000.0,count,,,,,
snap,AR,elig_pop,,total,2023,568000.0,count,358555.17655784375,347528.0494182933,-209444.82344215625,0.6312591136581757,"persons in SNAP-eligible SPM units, annual 2024 (Urban: avg-month people incl BBCE)"
snap,AR,elig_rate,pop,total,2023,0.191,share,,,,,
snap,AR,part_rate,pop,total,2023,0.408,share,1.0,1.0,0.5920000000000001,2.450980392156863,
snap,AR,part_gap,pop,total,2023,336000.0,count,0.0,0.0,-336000.0,0.0,
ssi,AR,elig_pop,,total,2023,139000.0,count,372318.45849815226,378458.80849103245,233318.45849815226,2.678550061137786,"adults 18+, PE is_ssi_eligible = ABD+resources+immigration WITHOUT income test (broader than Urban payable concept)"
ssi,AR,elig_rate,pop,total,2023,0.061,share,,,,,
ssi,AR,part_rate,pop,total,2023,0.524,share,0.192742950726246,0.183062235758853,-0.331257049273754,0.36783005863787405,
ssi,AR,part_gap,pop,total,2023,66000.0,count,300556.700197371,309177.29286603245,234556.700197371,4.553889396929864,
tanf,AR,elig_units,,total,2023,51000.0,count,,,,,
tanf,AR,elig_pop,,total,2023,115000.0,count,1576758.266657805,1602762.4881555482,1461758.266657805,13.710941449198305,persons in DEMOGRAPHIC-tanf-eligible units — no income-tested national variable; Urban denom is full eligibility
tanf,AR,elig_rate,pop,total,2023,0.039,share,,,,,
tanf,AR,part_rate,pop,total,2023,0.019,share,0.0202108215775287,0.020210821844943,0.0012108215775286993,1.0637274514488788,
tanf,AR,part_gap,pop,total,2023,113000.0,count,,,,,
wic,AR,elig_pop,,total,2023,106000.0,count,97273.563585004,98877.81748158755,-8726.436414996002,0.9176751281604151,children 0-4 WIC-eligible (PE covers pregnant/postpartum women too; excluded here)
wic,AR,elig_rate,pop,total,2023,0.607,share,,,,,
wic,AR,part_rate,pop,total,2023,0.449,share,0.6077550054089695,0.6077550032067023,0.15875500540896953,1.3535746222916916,
wic,AR,part_gap,pop,total,2023,58000.0,count,38155.06842225016,38784.32920099358,-19844.93157774984,0.6578460072801752,
ctc_refund,AR,elig_units,,total,2023,140000.0,count,,,,,
ctc_refund,AR,elig_rate,units,total,2023,0.089,share,,,,,
eitc,AR,elig_units,,total,2023,201000.0,count,,,,,
eitc,AR,elig_rate,units,total,2023,0.129,share,,,,,
base,AR,spm_pov_rate_100,pop,total,2023,0.155,share,0.0790912599221232,0.0790912568600109,-0.0759087400778768,0.5102661930459561,annual 2024 SPM (Urban: 2023)
fullpart,AR,spm_pov_rate_100,pop,total,2023,0.121,share,0.0776239924992898,0.0776239982439971,-0.04337600750071019,0.6415205991676843,all takes_up_* + would_claim_wic forced True; PATCHED: would_claim_wic forced monthly (see RECONCILIATION.md)
ccdf,CA,elig_pop,,total,2023,1898000.0,count,,,,,
ccdf,CA,elig_rate,pop,total,2023,0.318,share,,,,,
ccdf,CA,part_rate,pop,total,2023,0.122,share,,,,,
ccdf,CA,part_gap,pop,total,2023,1666000.0,count,,,,,
housing,CA,elig_units,,total,2023,2165000.0,count,,,,,
housing,CA,elig_rate,units,total,2023,0.159,share,,,,,
housing,CA,part_rate,units,total,2023,0.207,share,,,,,
housing,CA,part_gap,units,total,2023,1718000.0,count,,,,,
liheap,CA,elig_units,,total,2023,4433000.0,count,,,,,
liheap,CA,elig_rate,units,total,2023,0.325,share,,,,,
liheap,CA,part_rate,units,total,2023,0.046,share,,,,,
liheap,CA,part_gap,units,total,2023,4228000.0,count,,,,,
snap,CA,elig_pop,,total,2023,9152000.0,count,7337252.979289377,7138268.612767895,-1814747.020710623,0.8017103342755001,"persons in SNAP-eligible SPM units, annual 2024 (Urban: avg-month people incl BBCE)"
snap,CA,elig_rate,pop,total,2023,0.241,share,,,,,
snap,CA,part_rate,pop,total,2023,0.542,share,0.9971851107958908,1.018416993832666,0.45518511079589075,1.839824927667695,
snap,CA,part_gap,pop,total,2023,4194000.0,count,20653.55419921875,-131465.44901725836,-4173346.4458007812,0.0049245479731089056,
ssi,CA,elig_pop,,total,2023,1874000.0,count,3791900.3263560855,3821594.6765301777,1917900.3263560855,2.0234260012572496,"adults 18+, PE is_ssi_eligible = ABD+resources+immigration WITHOUT income test (broader than Urban payable concept)"
ssi,CA,elig_rate,pop,total,2023,0.063,share,,,,,
ssi,CA,part_rate,pop,total,2023,0.545,share,0.1918312080242669,0.1866662085459272,-0.35316879197573314,0.35198386793443465,
ssi,CA,part_gap,pop,total,2023,852000.0,count,3064495.5060435855,3108232.0876629897,2212495.5060435855,3.5968257113187625,
tanf,CA,elig_units,,total,2023,687000.0,count,,,,,
tanf,CA,elig_pop,,total,2023,1860000.0,count,20248847.68627627,20582795.823868476,18388847.68627627,10.886477250686166,persons in DEMOGRAPHIC-tanf-eligible units — no income-tested national variable; Urban denom is full eligibility
tanf,CA,elig_rate,pop,total,2023,0.049,share,,,,,
tanf,CA,part_rate,pop,total,2023,0.436,share,0.0259480474729068,0.0237202768947827,-0.4100519525270932,0.059513870350703664,
tanf,CA,part_gap,pop,total,2023,1049000.0,count,,,,,
wic,CA,elig_pop,,total,2023,1059000.0,count,926727.4476610367,942011.2230736596,-132272.55233896326,0.875096740000979,children 0-4 WIC-eligible (PE covers pregnant/postpartum women too; excluded here)
wic,CA,elig_rate,pop,total,2023,0.509,share,,,,,
wic,CA,part_rate,pop,total,2023,0.724,share,0.4868200310864887,0.4868200312910097,-0.23717996891351129,0.6724033578542662,
wic,CA,part_gap,pop,total,2023,292000.0,count,475577.96278198855,483421.2899804583,183577.96278198855,1.6286916533629745,
ctc_refund,CA,elig_units,,total,2023,1348000.0,count,,,,,
ctc_refund,CA,elig_rate,units,total,2023,0.067,share,,,,,
eitc,CA,elig_units,,total,2023,2140000.0,count,,,,,
eitc,CA,elig_rate,units,total,2023,0.106,share,,,,,
base,CA,spm_pov_rate_100,pop,total,2023,0.174,share,0.189299641392562,0.1837877978272555,0.015299641392562013,1.0879289735204714,annual 2024 SPM (Urban: 2023)
fullpart,CA,spm_pov_rate_100,pop,total,2023,0.1,share,0.1585536233837578,0.1584339709439847,0.0585536233837578,1.585536233837578,all takes_up_* + would_claim_wic forced True; PATCHED: would_claim_wic forced monthly (see RECONCILIATION.md)
ccdf,CO,elig_pop,,total,2023,155000.0,count,,,,,
ccdf,CO,elig_rate,pop,total,2023,0.181,share,,,,,
ccdf,CO,part_rate,pop,total,2023,0.108,share,,,,,
ccdf,CO,part_gap,pop,total,2023,139000.0,count,,,,,
housing,CO,elig_units,,total,2023,258000.0,count,,,,,
housing,CO,elig_rate,units,total,2023,0.107,share,,,,,
housing,CO,part_rate,units,total,2023,0.217,share,,,,,
housing,CO,part_gap,units,total,2023,202000.0,count,,,,,
liheap,CO,elig_units,,total,2023,588000.0,count,,,,,
liheap,CO,elig_rate,units,total,2023,0.243,share,,,,,
liheap,CO,part_rate,units,total,2023,0.148,share,,,,,
liheap,CO,part_gap,units,total,2023,501000.0,count,,,,,
snap,CO,elig_pop,,total,2023,1046000.0,count,1128264.7165299444,1128789.880944139,82264.71652994445,1.0786469565295835,"persons in SNAP-eligible SPM units, annual 2024 (Urban: avg-month people incl BBCE)"
snap,CO,elig_rate,pop,total,2023,0.182,share,,,,,
snap,CO,part_rate,pop,total,2023,0.531,share,0.7390566058233055,0.7348756907660443,0.20805660582330543,1.3918203499497277,
snap,CO,part_gap,pop,total,2023,490000.0,count,294413.2246611299,299269.637455594,-195586.77533887012,0.600843315634959,
ssi,CO,elig_pop,,total,2023,150000.0,count,503660.34252339177,479932.1272096773,353660.34252339177,3.3577356168226116,"adults 18+, PE is_ssi_eligible = ABD+resources+immigration WITHOUT income test (broader than Urban payable concept)"
ssi,CO,elig_rate,pop,total,2023,0.033,share,,,,,
ssi,CO,part_rate,pop,total,2023,0.407,share,0.1334688333430731,0.1423776594944494,-0.2735311666569269,0.3279332514571821,
ssi,CO,part_gap,pop,total,2023,89000.0,count,436437.3842056221,411600.51422137104,347437.3842056221,4.903790833771034,
tanf,CO,elig_units,,total,2023,52000.0,count,,,,,
tanf,CO,elig_pop,,total,2023,131000.0,count,2840952.4681848874,2887806.060694891,2709952.4681848874,21.68666006248006,persons in DEMOGRAPHIC-tanf-eligible units — no income-tested national variable; Urban denom is full eligibility
tanf,CO,elig_rate,pop,total,2023,0.023,share,,,,,
tanf,CO,part_rate,pop,total,2023,0.221,share,0.0293142841669744,0.0293142848977608,-0.1916857158330256,0.13264381976006515,
tanf,CO,part_gap,pop,total,2023,102000.0,count,,,,,
wic,CO,elig_pop,,total,2023,135000.0,count,143095.09441529866,145455.01023958938,8095.094415298663,1.0599636623355457,children 0-4 WIC-eligible (PE covers pregnant/postpartum women too; excluded here)
wic,CO,elig_rate,pop,total,2023,0.446,share,,,,,
wic,CO,part_rate,pop,total,2023,0.501,share,0.502690501733226,0.5026904308486847,0.0016905017332260464,1.003374254956539,
wic,CO,part_gap,pop,total,2023,68000.0,count,71162.54960810882,72336.16847315035,3162.5496081088204,1.0465080824721886,
ctc_refund,CO,elig_units,,total,2023,164000.0,count,,,,,
ctc_refund,CO,elig_rate,units,total,2023,0.052,share,,,,,
eitc,CO,elig_units,,total,2023,261000.0,count,,,,,
eitc,CO,elig_rate,units,total,2023,0.083,share,,,,,
base,CO,spm_pov_rate_100,pop,total,2023,0.117,share,0.0886945743726042,0.0859976495596223,-0.02830542562739581,0.7580732852359332,annual 2024 SPM (Urban: 2023)
fullpart,CO,spm_pov_rate_100,pop,total,2023,0.08,share,0.0958308610543317,0.0969236315475021,0.015830861054331694,1.1978857631791462,all takes_up_* + would_claim_wic forced True; PATCHED: would_claim_wic forced monthly (see RECONCILIATION.md)
ccdf,CT,elig_pop,,total,2023,106000.0,count,,,,,
ccdf,CT,elig_rate,pop,total,2023,0.206,share,,,,,
ccdf,CT,part_rate,pop,total,2023,0.18,share,,,,,
ccdf,CT,part_gap,pop,total,2023,87000.0,count,,,,,
housing,CT,elig_units,,total,2023,223000.0,count,,,,,
housing,CT,elig_rate,units,total,2023,0.155,share,,,,,
housing,CT,part_rate,units,total,2023,0.34,share,,,,,
housing,CT,part_gap,units,total,2023,147000.0,count,,,,,
liheap,CT,elig_units,,total,2023,472000.0,count,,,,,
liheap,CT,elig_rate,units,total,2023,0.327,share,,,,,
liheap,CT,part_rate,units,total,2023,0.213,share,,,,,
liheap,CT,part_gap,units,total,2023,371000.0,count,,,,,
snap,CT,elig_pop,,total,2023,688000.0,count,723086.8517062025,698420.3414652656,35086.85170620249,1.0509983309683175,"persons in SNAP-eligible SPM units, annual 2024 (Urban: avg-month people incl BBCE)"
snap,CT,elig_rate,pop,total,2023,0.196,share,,,,,
snap,CT,part_rate,pop,total,2023,0.556,share,0.7429685625706751,0.7454412581087967,0.18696856257067507,1.336274393112725,
snap,CT,part_gap,pop,total,2023,306000.0,count,185856.0528802903,177789.00343462266,-120143.94711970969,0.6073727218310141,
ssi,CT,elig_pop,,total,2023,131000.0,count,310037.8142203934,315136.1793314166,179037.81422039343,2.3667008719114,"adults 18+, PE is_ssi_eligible = ABD+resources+immigration WITHOUT income test (broader than Urban payable concept)"
ssi,CT,elig_rate,pop,total,2023,0.047,share,,,,,
ssi,CT,part_rate,pop,total,2023,0.439,share,0.1547945735086592,0.1548018652723671,-0.28420542649134084,0.3526072289491098,
ssi,CT,part_gap,pop,total,2023,73000.0,count,262045.6429965907,266352.5109561061,189045.6429965907,3.5896663424190507,
tanf,CT,elig_units,,total,2023,41000.0,count,,,,,
tanf,CT,elig_pop,,total,2023,100000.0,count,1976901.178988358,2009504.641047396,1876901.178988358,19.76901178988358,persons in DEMOGRAPHIC-tanf-eligible units — no income-tested national variable; Urban denom is full eligibility
tanf,CT,elig_rate,pop,total,2023,0.028,share,,,,,
tanf,CT,part_rate,pop,total,2023,0.113,share,1.377986612969771e-07,1.3457405954384306e-07,-0.1129998622013387,1.2194571796192663e-06,
tanf,CT,part_gap,pop,total,2023,89000.0,count,,,,,
wic,CT,elig_pop,,total,2023,84000.0,count,65165.13382827584,54636.956651503686,-18834.866171724163,0.7757754027175695,children 0-4 WIC-eligible (PE covers pregnant/postpartum women too; excluded here)
wic,CT,elig_rate,pop,total,2023,0.466,share,,,,,
wic,CT,part_rate,pop,total,2023,0.454,share,0.7755848110329212,0.7279273804984271,0.3215848110329212,1.7083365881782404,
wic,CT,part_gap,pop,total,2023,46000.0,count,14624.0458221375,14865.219917768496,-31375.9541778625,0.31791403961168474,
ctc_refund,CT,elig_units,,total,2023,100000.0,count,,,,,
ctc_refund,CT,elig_rate,units,total,2023,0.052,share,,,,,
eitc,CT,elig_units,,total,2023,163000.0,count,,,,,
eitc,CT,elig_rate,units,total,2023,0.085,share,,,,,
base,CT,spm_pov_rate_100,pop,total,2023,0.113,share,0.1354117814556787,0.1400650873305235,0.022411781455678695,1.1983343491652982,annual 2024 SPM (Urban: 2023)
fullpart,CT,spm_pov_rate_100,pop,total,2023,0.065,share,0.1016704599966998,0.1103900974942394,0.036670459996699795,1.5641609230261506,all takes_up_* + would_claim_wic forced True; PATCHED: would_claim_wic forced monthly (see RECONCILIATION.md)
ccdf,DE,elig_pop,,total,2023,32000.0,count,,,,,
ccdf,DE,elig_rate,pop,total,2023,0.213,share,,,,,
ccdf,DE,part_rate,pop,total,2023,0.213,share,,,,,
ccdf,DE,part_gap,pop,total,2023,25000.0,count,,,,,
housing,DE,elig_units,,total,2023,39000.0,count,,,,,
housing,DE,elig_rate,units,total,2023,0.095,share,,,,,
housing,DE,part_rate,units,total,2023,0.287,share,,,,,
housing,DE,part_gap,units,total,2023,28000.0,count,,,,,
liheap,DE,elig_units,,total,2023,100000.0,count,,,,,
liheap,DE,elig_rate,units,total,2023,0.244,share,,,,,
liheap,DE,part_rate,units,total,2023,0.113,share,,,,,
liheap,DE,part_gap,units,total,2023,89000.0,count,,,,,
snap,DE,elig_pop,,total,2023,208000.0,count,206779.8445403104,210179.73603234967,-1220.1554596895876,0.9941338679822616,"persons in SNAP-eligible SPM units, annual 2024 (Urban: avg-month people incl BBCE)"
snap,DE,elig_rate,pop,total,2023,0.206,share,,,,,
snap,DE,part_rate,pop,total,2023,0.548,share,0.7728633835210678,0.7728928480924152,0.22486338352106772,1.4103346414618023,
snap,DE,part_gap,pop,total,2023,94000.0,count,46967.274244925706,47733.32123899492,-47032.725755074294,0.4996518536694224,
ssi,DE,elig_pop,,total,2023,32000.0,count,119387.31765101264,121356.28740548142,87387.31765101264,3.730853676594145,"adults 18+, PE is_ssi_eligible = ABD+resources+immigration WITHOUT income test (broader than Urban payable concept)"
ssi,DE,elig_rate,pop,total,2023,0.04,share,,,,,
ssi,DE,part_rate,pop,total,2023,0.409,share,0.0981225930690911,0.098122555826882,-0.3108774069309089,0.2399085405112252,
ssi,DE,part_gap,pop,total,2023,19000.0,count,107672.724463532,109448.49831959391,88672.724463532,5.666985498080631,
tanf,DE,elig_units,,total,2023,12000.0,count,,,,,
tanf,DE,elig_pop,,total,2023,28000.0,count,528416.2058336866,537130.9511884196,500416.20583368663,18.872007351203095,persons in DEMOGRAPHIC-tanf-eligible units — no income-tested national variable; Urban denom is full eligibility
tanf,DE,elig_rate,pop,total,2023,0.028,share,,,,,
tanf,DE,part_rate,pop,total,2023,0.295,share,0.0,0.0,-0.295,0.0,
tanf,DE,part_gap,pop,total,2023,20000.0,count,,,,,
wic,DE,elig_pop,,total,2023,29000.0,count,17046.33421163849,17327.46664516609,-11953.665788361512,0.5878046279875341,children 0-4 WIC-eligible (PE covers pregnant/postpartum women too; excluded here)
wic,DE,elig_rate,pop,total,2023,0.527,share,,,,,
wic,DE,part_rate,pop,total,2023,0.565,share,0.8024019029930897,0.802401868766078,0.23740190299308972,1.4201803592798048,
wic,DE,part_gap,pop,total,2023,13000.0,count,3368.3232011635555,3423.875028102935,-9631.676798836445,0.25910178470488887,
ctc_refund,DE,elig_units,,total,2023,34000.0,count,,,,,
ctc_refund,DE,elig_rate,units,total,2023,0.062,share,,,,,
eitc,DE,elig_units,,total,2023,52000.0,count,,,,,
eitc,DE,elig_rate,units,total,2023,0.095,share,,,,,
base,DE,spm_pov_rate_100,pop,total,2023,0.115,share,0.136427589454114,0.1327920075924634,0.021427589454114007,1.1863268648183827,annual 2024 SPM (Urban: 2023)
fullpart,DE,spm_pov_rate_100,pop,total,2023,0.079,share,0.1334235481438313,0.1297879422218317,0.05442354814383131,1.6889056727067255,all takes_up_* + would_claim_wic forced True; PATCHED: would_claim_wic forced monthly (see RECONCILIATION.md)
ccdf,DC,elig_pop,,total,2023,19000.0,count,,,,,
ccdf,DC,elig_rate,pop,total,2023,0.197,share,,,,,
ccdf,DC,part_rate,pop,total,2023,0.057,share,,,,,
ccdf,DC,part_gap,pop,total,2023,18000.0,count,,,,,
housing,DC,elig_units,,total,2023,60000.0,count,,,,,
housing,DC,elig_rate,units,total,2023,0.181,share,,,,,
housing,DC,part_rate,units,total,2023,0.442,share,,,,,
housing,DC,part_gap,units,total,2023,34000.0,count,,,,,
liheap,DC,elig_units,,total,2023,105000.0,count,,,,,
liheap,DC,elig_rate,units,total,2023,0.318,share,,,,,
liheap,DC,part_rate,units,total,2023,0.126,share,,,,,
liheap,DC,part_gap,units,total,2023,92000.0,count,,,,,
snap,DC,elig_pop,,total,2023,124000.0,count,193537.18336252865,184405.1289302476,69537.18336252865,1.5607837367945858,"persons in SNAP-eligible SPM units, annual 2024 (Urban: avg-month people incl BBCE)"
snap,DC,elig_rate,pop,total,2023,0.193,share,,,,,
snap,DC,part_rate,pop,total,2023,1.0,share,1.0,1.0,0.0,1.0,
snap,DC,part_gap,pop,total,2023,0.0,count,0.0,0.0,0.0,,
ssi,DC,elig_pop,,total,2023,24000.0,count,41484.351622792405,42168.520077581335,17484.351622792405,1.7285146509496836,"adults 18+, PE is_ssi_eligible = ABD+resources+immigration WITHOUT income test (broader than Urban payable concept)"
ssi,DC,elig_rate,pop,total,2023,0.047,share,,,,,
ssi,DC,part_rate,pop,total,2023,0.808,share,0.2157776441459147,0.2157776425592243,-0.5922223558540853,0.2670515397845479,
ssi,DC,part_gap,pop,total,2023,5000.0,count,32532.955960705505,33069.496225029514,27532.955960705505,6.5065911921411015,
tanf,DC,elig_units,,total,2023,9000.0,count,,,,,
tanf,DC,elig_pop,,total,2023,27000.0,count,297310.3519527887,302213.65513301897,270310.3519527887,11.011494516769952,persons in DEMOGRAPHIC-tanf-eligible units — no income-tested national variable; Urban denom is full eligibility
tanf,DC,elig_rate,pop,total,2023,0.043,share,,,,,
tanf,DC,part_rate,pop,total,2023,0.336,share,0.0122051527566553,0.0122051524080856,-0.32379484724334473,0.03632485939480744,
tanf,DC,part_gap,pop,total,2023,18000.0,count,,,,,
wic,DC,elig_pop,,total,2023,16000.0,count,34660.70421574201,35232.33434118617,18660.704215742007,2.1662940134838755,children 0-4 WIC-eligible (PE covers pregnant/postpartum women too; excluded here)
wic,DC,elig_rate,pop,total,2023,0.427,share,,,,,
wic,DC,part_rate,pop,total,2023,0.533,share,0.4592636579176296,0.4592636417268266,-0.07373634208237045,0.8616578947797928,
wic,DC,part_gap,pop,total,2023,8000.0,count,18742.302411619326,19051.404165115877,10742.302411619326,2.342787801452416,
ctc_refund,DC,elig_units,,total,2023,10000.0,count,,,,,
ctc_refund,DC,elig_rate,units,total,2023,0.025,share,,,,,
eitc,DC,elig_units,,total,2023,24000.0,count,,,,,
eitc,DC,elig_rate,units,total,2023,0.058,share,,,,,
base,DC,spm_pov_rate_100,pop,total,2023,0.13,share,0.1205804848381857,0.1205804679194282,-0.009419515161814301,0.9275421910629669,annual 2024 SPM (Urban: 2023)
fullpart,DC,spm_pov_rate_100,pop,total,2023,0.085,share,0.1128244118402473,0.1189398692434068,0.027824411840247296,1.3273460216499682,all takes_up_* + would_claim_wic forced True; PATCHED: would_claim_wic forced monthly (see RECONCILIATION.md)
ccdf,FL,elig_pop,,total,2023,444000.0,count,,,,,
ccdf,FL,elig_rate,pop,total,2023,0.141,share,,,,,
ccdf,FL,part_rate,pop,total,2023,0.254,share,,,,,
ccdf,FL,part_gap,pop,total,2023,331000.0,count,,,,,
housing,FL,elig_units,,total,2023,915000.0,count,,,,,
housing,FL,elig_rate,units,total,2023,0.102,share,,,,,
housing,FL,part_rate,units,total,2023,0.194,share,,,,,
housing,FL,part_gap,units,total,2023,737000.0,count,,,,,
liheap,FL,elig_units,,total,2023,2546000.0,count,,,,,
liheap,FL,elig_rate,units,total,2023,0.284,share,,,,,
liheap,FL,part_rate,units,total,2023,0.039,share,,,,,
liheap,FL,part_gap,units,total,2023,2446000.0,count,,,,,
snap,FL,elig_pop,,total,2023,5481000.0,count,5162996.229856159,5145708.744505848,-318003.7701438414,0.9419807024003208,"persons in SNAP-eligible SPM units, annual 2024 (Urban: avg-month people incl BBCE)"
snap,FL,elig_rate,pop,total,2023,0.248,share,,,,,
snap,FL,part_rate,pop,total,2023,0.521,share,0.8858530539886664,0.8694347618680794,0.3648530539886664,1.700293769651951,
snap,FL,part_gap,pop,total,2023,2628000.0,count,589340.25190611,671850.6875839122,-2038659.74809389,0.22425428154722601,
ssi,FL,elig_pop,,total,2023,915000.0,count,2683788.490491202,2728049.361744524,1768788.490491202,2.933102175400221,"adults 18+, PE is_ssi_eligible = ABD+resources+immigration WITHOUT income test (broader than Urban payable concept)"
ssi,FL,elig_rate,pop,total,2023,0.052,share,,,,,
ssi,FL,part_rate,pop,total,2023,0.496,share,0.2021927830312828,0.1950023357398632,-0.2938072169687172,0.407646739982425,
ssi,FL,part_gap,pop,total,2023,461000.0,count,2141145.8265314605,2196073.3641906986,1680145.8265314605,4.6445679534305,
tanf,FL,elig_units,,total,2023,229000.0,count,,,,,
tanf,FL,elig_pop,,total,2023,535000.0,count,10228030.311942864,10396713.099668782,9693030.311942864,19.117813667182922,persons in DEMOGRAPHIC-tanf-eligible units — no income-tested national variable; Urban denom is full eligibility
tanf,FL,elig_rate,pop,total,2023,0.024,share,,,,,
tanf,FL,part_rate,pop,total,2023,0.141,share,4.405387481023406e-09,4.405387521117299e-09,-0.14099999559461251,3.124388284413764e-08,
tanf,FL,part_gap,pop,total,2023,459000.0,count,,,,,
wic,FL,elig_pop,,total,2023,649000.0,count,715698.8580937356,727502.3094706787,66698.85809373565,1.1027717382029825,children 0-4 WIC-eligible (PE covers pregnant/postpartum women too; excluded here)
wic,FL,elig_rate,pop,total,2023,0.579,share,,,,,
wic,FL,part_rate,pop,total,2023,0.5,share,0.5103999181093445,0.510399916967353,0.010399918109344486,1.020799836218689,
wic,FL,part_gap,pop,total,2023,325000.0,count,350406.2195317416,356185.1911232867,25406.219531741575,1.0781729831745894,
ctc_refund,FL,elig_units,,total,2023,790000.0,count,,,,,
ctc_refund,FL,elig_rate,units,total,2023,0.065,share,,,,,
eitc,FL,elig_units,,total,2023,1270000.0,count,,,,,
eitc,FL,elig_rate,units,total,2023,0.104,share,,,,,
base,FL,spm_pov_rate_100,pop,total,2023,0.171,share,0.1780377708238446,0.1736881714122231,0.007037770823844575,1.041156554525407,annual 2024 SPM (Urban: 2023)
fullpart,FL,spm_pov_rate_100,pop,total,2023,0.117,share,0.1849847398401928,0.1810173335112927,0.0679847398401928,1.5810661524802803,all takes_up_* + would_claim_wic forced True; PATCHED: would_claim_wic forced monthly (see RECONCILIATION.md)
ccdf,GA,elig_pop,,total,2023,267000.0,count,,,,,
ccdf,GA,elig_rate,pop,total,2023,0.148,share,,,,,
ccdf,GA,part_rate,pop,total,2023,0.275,share,,,,,
ccdf,GA,part_gap,pop,total,2023,194000.0,count,,,,,
housing,GA,elig_units,,total,2023,491000.0,count,,,,,
housing,GA,elig_rate,units,total,2023,0.118,share,,,,,
housing,GA,part_rate,units,total,2023,0.234,share,,,,,
housing,GA,part_gap,units,total,2023,376000.0,count,,,,,
liheap,GA,elig_units,,total,2023,1204000.0,count,,,,,
liheap,GA,elig_rate,units,total,2023,0.29,share,,,,,
liheap,GA,part_rate,units,total,2023,0.11,share,,,,,
liheap,GA,part_gap,units,total,2023,1072000.0,count,,,,,
snap,GA,elig_pop,,total,2023,2181000.0,count,2140766.259616266,1925016.7092711693,-40233.740383733995,0.9815526178891637,"persons in SNAP-eligible SPM units, annual 2024 (Urban: avg-month people incl BBCE)"
snap,GA,elig_rate,pop,total,2023,0.203,share,,,,,
snap,GA,part_rate,pop,total,2023,0.67,share,0.9842474612195248,0.9821931373806164,0.31424746121952474,1.4690260615216786,
snap,GA,part_gap,pop,total,2023,720000.0,count,33722.50352453813,34278.50808200985,-686277.4964754619,0.046836810450747404,
ssi,GA,elig_pop,,total,2023,407000.0,count,1161412.5305929133,1180566.7487534245,754412.5305929133,2.8535934412602293,"adults 18+, PE is_ssi_eligible = ABD+resources+immigration WITHOUT income test (broader than Urban payable concept)"
ssi,GA,elig_rate,pop,total,2023,0.049,share,,,,,
ssi,GA,part_rate,pop,total,2023,0.493,share,0.1988044288346593,0.1883717547645785,-0.2941955711653407,0.40325441954291946,
ssi,GA,part_gap,pop,total,2023,207000.0,count,930518.5758069728,958181.3186740284,723518.5758069728,4.49525882032354,
tanf,GA,elig_units,,total,2023,162000.0,count,,,,,
tanf,GA,elig_pop,,total,2023,382000.0,count,5714875.478811157,5809126.3872522805,5332875.478811157,14.960407012594652,persons in DEMOGRAPHIC-tanf-eligible units — no income-tested national variable; Urban denom is full eligibility
tanf,GA,elig_rate,pop,total,2023,0.035,share,,,,,
tanf,GA,part_rate,pop,total,2023,0.022,share,3.700300697401117e-06,3.7003008028274658e-06,-0.0219962996993026,0.00016819548624550534,
tanf,GA,part_gap,pop,total,2023,373000.0,count,,,,,
wic,GA,elig_pop,,total,2023,355000.0,count,363529.2186602438,369524.5156039705,8529.218660243787,1.0240259680570247,children 0-4 WIC-eligible (PE covers pregnant/postpartum women too; excluded here)
wic,GA,elig_rate,pop,total,2023,0.574,share,,,,,
wic,GA,part_rate,pop,total,2023,0.469,share,0.3843053265914931,0.3843052462973724,-0.0846946734085069,0.8194143424125653,
wic,GA,part_gap,pop,total,2023,189000.0,count,223823.00355746847,227514.3056218694,34823.00355746847,1.1842486960712617,
ctc_refund,GA,elig_units,,total,2023,448000.0,count,,,,,
ctc_refund,GA,elig_rate,units,total,2023,0.08,share,,,,,
eitc,GA,elig_units,,total,2023,681000.0,count,,,,,
eitc,GA,elig_rate,units,total,2023,0.121,share,,,,,
base,GA,spm_pov_rate_100,pop,total,2023,0.155,share,0.1194755127709504,0.1134645264265585,-0.03552448722904959,0.7708097598125833,annual 2024 SPM (Urban: 2023)
fullpart,GA,spm_pov_rate_100,pop,total,2023,0.117,share,0.1247451936026905,0.1292531281944716,0.007745193602690492,1.0661982359204316,all takes_up_* + would_claim_wic forced True; PATCHED: would_claim_wic forced monthly (see RECONCILIATION.md)
ccdf,HI,elig_pop,,total,2023,56000.0,count,,,,,
ccdf,HI,elig_rate,pop,total,2023,0.26,share,,,,,
ccdf,HI,part_rate,pop,total,2023,0.063,share,,,,,
ccdf,HI,part_gap,pop,total,2023,52000.0,count,,,,,
housing,HI,elig_units,,total,2023,70000.0,count,,,,,
housing,HI,elig_rate,units,total,2023,0.142,share,,,,,
housing,HI,part_rate,units,total,2023,0.291,share,,,,,
housing,HI,part_gap,units,total,2023,50000.0,count,,,,,
liheap,HI,elig_units,,total,2023,119000.0,count,,,,,
liheap,HI,elig_rate,units,total,2023,0.241,share,,,,,
liheap,HI,part_rate,units,total,2023,0.071,share,,,,,
liheap,HI,part_gap,units,total,2023,110000.0,count,,,,,
snap,HI,elig_pop,,total,2023,384000.0,count,227914.22461673233,216295.7660499424,-156085.77538326767,0.5935266266060738,"persons in SNAP-eligible SPM units, annual 2024 (Urban: avg-month people incl BBCE)"
snap,HI,elig_rate,pop,total,2023,0.276,share,,,,,
snap,HI,part_rate,pop,total,2023,0.345,share,1.0,1.0,0.655,2.8985507246376816,
snap,HI,part_gap,pop,total,2023,252000.0,count,0.0,0.0,-252000.0,0.0,
ssi,HI,elig_pop,,total,2023,52000.0,count,160835.6357938788,158836.84065695968,108835.63579387881,3.092992996036131,"adults 18+, PE is_ssi_eligible = ABD+resources+immigration WITHOUT income test (broader than Urban payable concept)"
ssi,HI,elig_rate,pop,total,2023,0.047,share,,,,,
ssi,HI,part_rate,pop,total,2023,0.378,share,0.1363306697877159,0.1403228293994838,-0.2416693302122841,0.36066314758655,
ssi,HI,part_gap,pop,total,2023,32000.0,count,138908.80584036617,136548.40576310013,106908.80584036617,4.340900182511443,
tanf,HI,elig_units,,total,2023,22000.0,count,,,,,
tanf,HI,elig_pop,,total,2023,60000.0,count,769992.6326553135,782691.5132596346,709992.6326553135,12.833210544255225,persons in DEMOGRAPHIC-tanf-eligible units — no income-tested national variable; Urban denom is full eligibility
tanf,HI,elig_rate,pop,total,2023,0.043,share,,,,,
tanf,HI,part_rate,pop,total,2023,0.138,share,0.0200517916769754,0.0200517918831376,-0.1179482083230246,0.14530283823895215,
tanf,HI,part_gap,pop,total,2023,52000.0,count,,,,,
wic,HI,elig_pop,,total,2023,44000.0,count,46364.40302226908,35058.80025547634,2364.403022269078,1.0537364323242973,children 0-4 WIC-eligible (PE covers pregnant/postpartum women too; excluded here)
wic,HI,elig_rate,pop,total,2023,0.581,share,,,,,
wic,HI,part_rate,pop,total,2023,0.457,share,0.5494447040640426,0.6237496581709431,0.09244470406404254,1.2022860045165045,
wic,HI,part_gap,pop,total,2023,24000.0,count,20889.727324592444,13190.8855802396,-3110.2726754075557,0.8704053051913518,
ctc_refund,HI,elig_units,,total,2023,45000.0,count,,,,,
ctc_refund,HI,elig_rate,units,total,2023,0.06,share,,,,,
eitc,HI,elig_units,,total,2023,73000.0,count,,,,,
eitc,HI,elig_rate,units,total,2023,0.096,share,,,,,
base,HI,spm_pov_rate_100,pop,total,2023,0.149,share,0.0998779822265286,0.1035518084037146,-0.04912201777347139,0.6703220283659638,annual 2024 SPM (Urban: 2023)
fullpart,HI,spm_pov_rate_100,pop,total,2023,0.066,share,0.096835576276073,0.101755277000574,0.030835576276073,1.4672057011526212,all takes_up_* + would_claim_wic forced True; PATCHED: would_claim_wic forced monthly (see RECONCILIATION.md)
ccdf,ID,elig_pop,,total,2023,46000.0,count,,,,,
ccdf,ID,elig_rate,pop,total,2023,0.141,share,,,,,
ccdf,ID,part_rate,pop,total,2023,0.138,share,,,,,
ccdf,ID,part_gap,pop,total,2023,40000.0,count,,,,,
housing,ID,elig_units,,total,2023,58000.0,count,,,,,
housing,ID,elig_rate,units,total,2023,0.079,share,,,,,
housing,ID,part_rate,units,total,2023,0.194,share,,,,,
housing,ID,part_gap,units,total,2023,46000.0,count,,,,,
liheap,ID,elig_units,,total,2023,165000.0,count,,,,,
liheap,ID,elig_rate,units,total,2023,0.225,share,,,,,
liheap,ID,part_rate,units,total,2023,0.205,share,,,,,
liheap,ID,part_gap,units,total,2023,131000.0,count,,,,,
snap,ID,elig_pop,,total,2023,248000.0,count,133502.6730461804,132858.95225850854,-114497.3269538196,0.5383172300249209,"persons in SNAP-eligible SPM units, annual 2024 (Urban: avg-month people incl BBCE)"
snap,ID,elig_rate,pop,total,2023,0.129,share,,,,,
snap,ID,part_rate,pop,total,2023,0.497,share,1.32630732529216,1.0,0.82930732529216,2.668626409038551,
snap,ID,part_gap,pop,total,2023,125000.0,count,-43562.90016105288,0.0,-168562.90016105288,-0.34850320128842305,
ssi,ID,elig_pop,,total,2023,56000.0,count,158905.4832250829,144389.8109528062,102905.48322508289,2.837597914733623,"adults 18+, PE is_ssi_eligible = ABD+resources+immigration WITHOUT income test (broader than Urban payable concept)"
ssi,ID,elig_rate,pop,total,2023,0.039,share,,,,,
ssi,ID,part_rate,pop,total,2023,0.429,share,0.1119613982107476,0.1252491261067843,-0.31703860178925236,0.26098228021153286,
ssi,ID,part_gap,pop,total,2023,32000.0,count,141114.2031398481,126305.11331224344,109114.2031398481,4.409818848120254,
tanf,ID,elig_units,,total,2023,19000.0,count,,,,,
tanf,ID,elig_pop,,total,2023,52000.0,count,1112104.0873986403,1130445.1379792108,1060104.0873986403,21.386617065358468,persons in DEMOGRAPHIC-tanf-eligible units — no income-tested national variable; Urban denom is full eligibility
tanf,ID,elig_rate,pop,total,2023,0.027,share,,,,,
tanf,ID,part_rate,pop,total,2023,0.04,share,0.0,0.0,-0.04,0.0,
tanf,ID,part_gap,pop,total,2023,50000.0,count,,,,,
wic,ID,elig_pop,,total,2023,51000.0,count,46017.65537651519,38843.41093697364,-4982.344623484809,0.9023069681669645,children 0-4 WIC-eligible (PE covers pregnant/postpartum women too; excluded here)
wic,ID,elig_rate,pop,total,2023,0.459,share,,,,,
wic,ID,part_rate,pop,total,2023,0.47,share,0.4712983498192283,0.4317586838278044,0.0012983498192283283,1.00276244642389,
wic,ID,part_gap,pop,total,2023,27000.0,count,24329.61033501364,22072.430955443357,-2670.38966498636,0.9010966790745792,
ctc_refund,ID,elig_units,,total,2023,78000.0,count,,,,,
ctc_refund,ID,elig_rate,units,total,2023,0.082,share,,,,,
eitc,ID,elig_units,,total,2023,108000.0,count,,,,,
eitc,ID,elig_rate,units,total,2023,0.113,share,,,,,
base,ID,spm_pov_rate_100,pop,total,2023,0.108,share,0.0716027134129432,0.0595678143561058,-0.03639728658705679,0.6629880871568815,annual 2024 SPM (Urban: 2023)
fullpart,ID,spm_pov_rate_100,pop,total,2023,0.084,share,0.0703518359262838,0.0583168831875213,-0.013648164073716204,0.8375218562652833,all takes_up_* + would_claim_wic forced True; PATCHED: would_claim_wic forced monthly (see RECONCILIATION.md)
ccdf,IL,elig_pop,,total,2023,423000.0,count,,,,,
ccdf,IL,elig_rate,pop,total,2023,0.221,share,,,,,
ccdf,IL,part_rate,pop,total,2023,0.14,share,,,,,
ccdf,IL,part_gap,pop,total,2023,364000.0,count,,,,,
housing,IL,elig_units,,total,2023,663000.0,count,,,,,
housing,IL,elig_rate,units,total,2023,0.131,share,,,,,
housing,IL,part_rate,units,total,2023,0.306,share,,,,,
housing,IL,part_gap,units,total,2023,460000.0,count,,,,,
liheap,IL,elig_units,,total,2023,1431000.0,count,,,,,
liheap,IL,elig_rate,units,total,2023,0.282,share,,,,,
liheap,IL,part_rate,units,total,2023,0.13,share,,,,,
liheap,IL,part_gap,units,total,2023,1245000.0,count,,,,,
snap,IL,elig_pop,,total,2023,2530000.0,count,2915989.4689833084,2757757.729671873,385989.4689833084,1.152565007503284,"persons in SNAP-eligible SPM units, annual 2024 (Urban: avg-month people incl BBCE)"
snap,IL,elig_rate,pop,total,2023,0.206,share,,,,,
snap,IL,part_rate,pop,total,2023,0.768,share,0.9646531101044578,0.9602748300239214,0.19665311010445774,1.2560587371151792,
snap,IL,part_gap,pop,total,2023,586000.0,count,103071.15869671386,109552.39456405956,-482928.84130328614,0.1758893493117984,
ssi,IL,elig_pop,,total,2023,469000.0,count,1260498.698948875,1236014.323232601,791498.6989488751,2.687630488163913,"adults 18+, PE is_ssi_eligible = ABD+resources+immigration WITHOUT income test (broader than Urban payable concept)"
ssi,IL,elig_rate,pop,total,2023,0.049,share,,,,,
ssi,IL,part_rate,pop,total,2023,0.444,share,0.1914126594725671,0.1758695478772258,-0.2525873405274329,0.4311095934066827,
ssi,IL,part_gap,pop,total,2023,261000.0,count,1019223.29072136,1018637.043035908,758223.29072136,3.9050700793921838,
tanf,IL,elig_units,,total,2023,168000.0,count,,,,,
tanf,IL,elig_pop,,total,2023,459000.0,count,6197289.43544897,6299496.404687414,5738289.43544897,13.501719902938932,persons in DEMOGRAPHIC-tanf-eligible units — no income-tested national variable; Urban denom is full eligibility
tanf,IL,elig_rate,pop,total,2023,0.037,share,,,,,
tanf,IL,part_rate,pop,total,2023,0.044,share,0.0049063923467107,0.0049063924005314,-0.0390936076532893,0.11150891697069773,
tanf,IL,part_gap,pop,total,2023,439000.0,count,,,,,
wic,IL,elig_pop,,total,2023,325000.0,count,380814.2577616051,387094.1349748933,55814.257761605084,1.1717361777280157,children 0-4 WIC-eligible (PE covers pregnant/postpartum women too; excluded here)
wic,IL,elig_rate,pop,total,2023,0.497,share,,,,,
wic,IL,part_rate,pop,total,2023,0.395,share,0.6036864724984292,0.6036865902613653,0.2086864724984292,1.528320183540327,
wic,IL,part_gap,pop,total,2023,197000.0,count,150921.84181639412,153410.59652172728,-46078.158183605876,0.7661007198801733,
ctc_refund,IL,elig_units,,total,2023,398000.0,count,,,,,
ctc_refund,IL,elig_rate,units,total,2023,0.06,share,,,,,
eitc,IL,elig_units,,total,2023,646000.0,count,,,,,
eitc,IL,elig_rate,units,total,2023,0.097,share,,,,,
base,IL,spm_pov_rate_100,pop,total,2023,0.122,share,0.1482368454609549,0.1427338948206623,0.026236845460954894,1.2150561103356958,annual 2024 SPM (Urban: 2023)
fullpart,IL,spm_pov_rate_100,pop,total,2023,0.078,share,0.1502653492858007,0.1447626682877072,0.07226534928580071,1.926478836997445,all takes_up_* + would_claim_wic forced True; PATCHED: would_claim_wic forced monthly (see RECONCILIATION.md)
ccdf,IN,elig_pop,,total,2023,152000.0,count,,,,,
ccdf,IN,elig_rate,pop,total,2023,0.133,share,,,,,
ccdf,IN,part_rate,pop,total,2023,0.289,share,,,,,
ccdf,IN,part_gap,pop,total,2023,108000.0,count,,,,,
housing,IN,elig_units,,total,2023,301000.0,count,,,,,
housing,IN,elig_rate,units,total,2023,0.11,share,,,,,
housing,IN,part_rate,units,total,2023,0.257,share,,,,,
housing,IN,part_gap,units,total,2023,224000.0,count,,,,,
liheap,IN,elig_units,,total,2023,720000.0,count,,,,,
liheap,IN,elig_rate,units,total,2023,0.262,share,,,,,
liheap,IN,part_rate,units,total,2023,0.17,share,,,,,
liheap,IN,part_gap,units,total,2023,597000.0,count,,,,,
snap,IN,elig_pop,,total,2023,973000.0,count,931829.9215922852,897086.645934519,-41170.07840771484,0.9576874836508583,"persons in SNAP-eligible SPM units, annual 2024 (Urban: avg-month people incl BBCE)"
snap,IN,elig_rate,pop,total,2023,0.146,share,,,,,
snap,IN,part_rate,pop,total,2023,0.592,share,1.0,1.0,0.40800000000000003,1.6891891891891893,
snap,IN,part_gap,pop,total,2023,397000.0,count,0.0,0.0,-397000.0,0.0,
ssi,IN,elig_pop,,total,2023,222000.0,count,541771.244746064,550706.1251826764,319771.24474606395,2.4404110123696574,"adults 18+, PE is_ssi_eligible = ABD+resources+immigration WITHOUT income test (broader than Urban payable concept)"
ssi,IN,elig_rate,pop,total,2023,0.043,share,,,,,
ssi,IN,part_rate,pop,total,2023,0.445,share,0.2176435141714776,0.2122639352999875,-0.22735648582852241,0.48908654869994966,
ssi,IN,part_gap,pop,total,2023,123000.0,count,423858.2471624749,433811.0758575939,300858.2471624749,3.4460020094510155,
tanf,IN,elig_units,,total,2023,79000.0,count,,,,,
tanf,IN,elig_pop,,total,2023,191000.0,count,3662898.312296488,3723307.5910589015,3471898.312296488,19.177478074850722,persons in DEMOGRAPHIC-tanf-eligible units — no income-tested national variable; Urban denom is full eligibility
tanf,IN,elig_rate,pop,total,2023,0.029,share,,,,,
tanf,IN,part_rate,pop,total,2023,0.056,share,0.0,0.0146024366645967,-0.056,0.0,
tanf,IN,part_gap,pop,total,2023,180000.0,count,,,,,
wic,IN,elig_pop,,total,2023,212000.0,count,139502.78928679827,141803.48430174083,-72497.21071320173,0.6580320249377277,children 0-4 WIC-eligible (PE covers pregnant/postpartum women too; excluded here)
wic,IN,elig_rate,pop,total,2023,0.528,share,,,,,
wic,IN,part_rate,pop,total,2023,0.539,share,0.470968675359739,0.4709687224975191,-0.06803132464026102,0.8737823290533191,
wic,IN,part_gap,pop,total,2023,98000.0,count,73801.3454074061,75018.47845445294,-24198.6545925939,0.753074953136797,
ctc_refund,IN,elig_units,,total,2023,259000.0,count,,,,,
ctc_refund,IN,elig_rate,units,total,2023,0.074,share,,,,,
eitc,IN,elig_units,,total,2023,394000.0,count,,,,,
eitc,IN,elig_rate,units,total,2023,0.112,share,,,,,
base,IN,spm_pov_rate_100,pop,total,2023,0.122,share,0.1028082429508074,0.1027967563024487,-0.019191757049192598,0.8426905159902246,annual 2024 SPM (Urban: 2023)
fullpart,IN,spm_pov_rate_100,pop,total,2023,0.094,share,0.0959587286220087,0.0959485488247666,0.0019587286220087013,1.0208375385320074,all takes_up_* + would_claim_wic forced True; PATCHED: would_claim_wic forced monthly (see RECONCILIATION.md)
ccdf,IA,elig_pop,,total,2023,46000.0,count,,,,,
ccdf,IA,elig_rate,pop,total,2023,0.089,share,,,,,
ccdf,IA,part_rate,pop,total,2023,0.246,share,,,,,
ccdf,IA,part_gap,pop,total,2023,35000.0,count,,,,,
housing,IA,elig_units,,total,2023,142000.0,count,,,,,
housing,IA,elig_rate,units,total,2023,0.107,share,,,,,
housing,IA,part_rate,units,total,2023,0.249,share,,,,,
housing,IA,part_gap,units,total,2023,107000.0,count,,,,,
liheap,IA,elig_units,,total,2023,317000.0,count,,,,,
liheap,IA,elig_rate,units,total,2023,0.237,share,,,,,
liheap,IA,part_rate,units,total,2023,0.26,share,,,,,
liheap,IA,part_gap,units,total,2023,234000.0,count,,,,,
snap,IA,elig_pop,,total,2023,518000.0,count,550270.2011905856,462493.76059904345,32270.20119058562,1.0622976856961113,"persons in SNAP-eligible SPM units, annual 2024 (Urban: avg-month people incl BBCE)"
snap,IA,elig_rate,pop,total,2023,0.167,share,,,,,
snap,IA,part_rate,pop,total,2023,0.499,share,0.7261698743737788,0.7084371829086836,0.22716987437377878,1.4552502492460497,
snap,IA,part_gap,pop,total,2023,260000.0,count,150680.5583203841,134845.983727414,-109319.4416796159,0.5795406089245542,
ssi,IA,elig_pop,,total,2023,77000.0,count,266934.83017412183,271337.1703230074,189934.83017412183,3.4666861061574266,"adults 18+, PE is_ssi_eligible = ABD+resources+immigration WITHOUT income test (broader than Urban payable concept)"
ssi,IA,elig_rate,pop,total,2023,0.032,share,,,,,
ssi,IA,part_rate,pop,total,2023,0.526,share,0.1694854940126098,0.1434274469521956,-0.3565145059873902,0.32221576808480945,
ssi,IA,part_gap,pop,total,2023,36000.0,count,221693.24861288868,232419.97272034537,185693.24861288868,6.158145794802463,
tanf,IA,elig_units,,total,2023,28000.0,count,,,,,
tanf,IA,elig_pop,,total,2023,72000.0,count,1624943.5240129514,1651742.4321844568,1552943.5240129514,22.568660055735435,persons in DEMOGRAPHIC-tanf-eligible units — no income-tested national variable; Urban denom is full eligibility
tanf,IA,elig_rate,pop,total,2023,0.023,share,,,,,
tanf,IA,part_rate,pop,total,2023,0.15,share,6.368733715564383e-07,6.368733961435865e-07,-0.14999936312662843,4.245822477042923e-06,
tanf,IA,part_gap,pop,total,2023,61000.0,count,,,,,
wic,IA,elig_pop,,total,2023,89000.0,count,84624.01067856912,86019.64716833804,-4375.989321430883,0.9508315806580799,children 0-4 WIC-eligible (PE covers pregnant/postpartum women too; excluded here)
wic,IA,elig_rate,pop,total,2023,0.492,share,,,,,
wic,IA,part_rate,pop,total,2023,0.514,share,0.6704314950676121,0.6704315162465337,0.15643149506761211,1.3043414300926306,
wic,IA,part_gap,pop,total,2023,43000.0,count,27889.40868071845,28349.36469027732,-15110.59131928155,0.6485908995515919,
ctc_refund,IA,elig_units,,total,2023,107000.0,count,,,,,
ctc_refund,IA,elig_rate,units,total,2023,0.065,share,,,,,
eitc,IA,elig_units,,total,2023,156000.0,count,,,,,
eitc,IA,elig_rate,units,total,2023,0.095,share,,,,,
base,IA,spm_pov_rate_100,pop,total,2023,0.101,share,0.074069364494551,0.0691643558470395,-0.02693063550544901,0.7333600445005048,annual 2024 SPM (Urban: 2023)
fullpart,IA,spm_pov_rate_100,pop,total,2023,0.075,share,0.0641578456289206,0.0591771714613059,-0.010842154371079396,0.8554379417189414,all takes_up_* + would_claim_wic forced True; PATCHED: would_claim_wic forced monthly (see RECONCILIATION.md)
ccdf,KS,elig_pop,,total,2023,104000.0,count,,,,,
ccdf,KS,elig_rate,pop,total,2023,0.212,share,,,,,
ccdf,KS,part_rate,pop,total,2023,0.119,share,,,,,
ccdf,KS,part_gap,pop,total,2023,92000.0,count,,,,,
housing,KS,elig_units,,total,2023,130000.0,count,,,,,
housing,KS,elig_rate,units,total,2023,0.11,share,,,,,
housing,KS,part_rate,units,total,2023,0.225,share,,,,,
housing,KS,part_gap,units,total,2023,101000.0,count,,,,,
liheap,KS,elig_units,,total,2023,205000.0,count,,,,,
liheap,KS,elig_rate,units,total,2023,0.173,share,,,,,
liheap,KS,part_rate,units,total,2023,0.192,share,,,,,
liheap,KS,part_gap,units,total,2023,165000.0,count,,,,,
snap,KS,elig_pop,,total,2023,363000.0,count,278233.60776701703,282821.09265650576,-84766.39223298297,0.7664837679532149,"persons in SNAP-eligible SPM units, annual 2024 (Urban: avg-month people incl BBCE)"
snap,KS,elig_rate,pop,total,2023,0.127,share,,,,,
snap,KS,part_rate,pop,total,2023,0.478,share,0.861510190813368,0.8615095975790947,0.383510190813368,1.802322574923364,
snap,KS,part_gap,pop,total,2023,189000.0,count,38532.5192489624,39168.00693511963,-150467.4807510376,0.2038757632220233,
ssi,KS,elig_pop,,total,2023,77000.0,count,302218.3098200067,307202.5419209135,225218.30982000672,3.9249131145455416,"adults 18+, PE is_ssi_eligible = ABD+resources+immigration WITHOUT income test (broader than Urban payable concept)"
ssi,KS,elig_rate,pop,total,2023,0.036,share,,,,,
ssi,KS,part_rate,pop,total,2023,0.475,share,0.1370633970848674,0.1186913625585045,-0.3379366029151326,0.28855452017866823,
ssi,KS,part_gap,pop,total,2023,40000.0,count,260795.24161482963,270740.25363888417,220795.24161482963,6.519881040370741,
tanf,KS,elig_units,,total,2023,28000.0,count,,,,,
tanf,KS,elig_pop,,total,2023,66000.0,count,1526852.2268649018,1552033.3964179712,1460852.2268649018,23.13412464946821,persons in DEMOGRAPHIC-tanf-eligible units — no income-tested national variable; Urban denom is full eligibility
tanf,KS,elig_rate,pop,total,2023,0.023,share,,,,,
tanf,KS,part_rate,pop,total,2023,0.039,share,0.0076883804948603,0.0076883804662448,-0.0313116195051397,0.19713796140667436,
tanf,KS,part_gap,pop,total,2023,64000.0,count,,,,,
wic,KS,elig_pop,,total,2023,75000.0,count,101924.40181880922,103605.35851144067,26924.401818809216,1.3589920242507896,children 0-4 WIC-eligible (PE covers pregnant/postpartum women too; excluded here)
wic,KS,elig_rate,pop,total,2023,0.443,share,,,,,
wic,KS,part_rate,pop,total,2023,0.488,share,0.5588695823492078,0.5588695901529088,0.07086958234920782,1.1452245539942782,
wic,KS,part_gap,pop,total,2023,38000.0,count,44961.95394313848,45703.47426250664,6961.9539431384765,1.1832093142931177,
ctc_refund,KS,elig_units,,total,2023,110000.0,count,,,,,
ctc_refund,KS,elig_rate,units,total,2023,0.074,share,,,,,
eitc,KS,elig_units,,total,2023,158000.0,count,,,,,
eitc,KS,elig_rate,units,total,2023,0.107,share,,,,,
base,KS,spm_pov_rate_100,pop,total,2023,0.12,share,0.0772769302513409,0.0772765130981995,-0.042723069748659095,0.6439744187611742,annual 2024 SPM (Urban: 2023)
fullpart,KS,spm_pov_rate_100,pop,total,2023,0.088,share,0.0765564156300976,0.0796261396009413,-0.011443584369902393,0.8699592685238364,all takes_up_* + would_claim_wic forced True; PATCHED: would_claim_wic forced monthly (see RECONCILIATION.md)
ccdf,KY,elig_pop,,total,2023,191000.0,count,,,,,
ccdf,KY,elig_rate,pop,total,2023,0.255,share,,,,,
ccdf,KY,part_rate,pop,total,2023,0.126,share,,,,,
ccdf,KY,part_gap,pop,total,2023,167000.0,count,,,,,
housing,KY,elig_units,,total,2023,233000.0,count,,,,,
housing,KY,elig_rate,units,total,2023,0.127,share,,,,,
housing,KY,part_rate,units,total,2023,0.319,share,,,,,
housing,KY,part_gap,units,total,2023,159000.0,count,,,,,
liheap,KY,elig_units,,total,2023,465000.0,count,,,,,
liheap,KY,elig_rate,units,total,2023,0.253,share,,,,,
liheap,KY,part_rate,units,total,2023,0.255,share,,,,,
liheap,KY,part_gap,units,total,2023,347000.0,count,,,,,
snap,KY,elig_pop,,total,2023,967000.0,count,1413101.26844702,1330039.7366575468,446101.2684470201,1.461324993223392,"persons in SNAP-eligible SPM units, annual 2024 (Urban: avg-month people incl BBCE)"
snap,KY,elig_rate,pop,total,2023,0.22,share,,,,,
snap,KY,part_rate,pop,total,2023,0.552,share,0.7149586537047069,0.7495003287463333,0.16295865370470686,1.2952149523635994,
snap,KY,part_gap,pop,total,2023,433000.0,count,402792.2880097249,333174.5167870289,-30207.71199027507,0.9302362309693416,
ssi,KY,elig_pop,,total,2023,208000.0,count,498671.63023973966,477820.78687318845,290671.63023973966,2.3974597607679793,"adults 18+, PE is_ssi_eligible = ABD+resources+immigration WITHOUT income test (broader than Urban payable concept)"
ssi,KY,elig_rate,pop,total,2023,0.062,share,,,,,
ssi,KY,part_rate,pop,total,2023,0.625,share,0.190266001854977,0.1769589659683886,-0.434733998145023,0.30442560296796317,
ssi,KY,part_gap,pop,total,2023,78000.0,count,403791.3729155209,393266.1145099072,325791.3729155209,5.176812473275909,
tanf,KY,elig_units,,total,2023,80000.0,count,,,,,
tanf,KY,elig_pop,,total,2023,184000.0,count,2251730.529971498,2288866.5336371716,2067730.529971498,12.237665923758142,persons in DEMOGRAPHIC-tanf-eligible units — no income-tested national variable; Urban denom is full eligibility
tanf,KY,elig_rate,pop,total,2023,0.042,share,,,,,
tanf,KY,part_rate,pop,total,2023,0.134,share,0.0,0.0,-0.134,0.0,
tanf,KY,part_gap,pop,total,2023,159000.0,count,,,,,
wic,KY,elig_pop,,total,2023,150000.0,count,179567.54124264658,182528.98341438873,29567.541242646577,1.197116941617644,children 0-4 WIC-eligible (PE covers pregnant/postpartum women too; excluded here)
wic,KY,elig_rate,pop,total,2023,0.573,share,,,,,
wic,KY,part_rate,pop,total,2023,0.595,share,0.3867384751154795,0.3867384784032612,-0.2082615248845205,0.649980630446184,
wic,KY,part_gap,pop,total,2023,61000.0,count,110121.86416222948,111938.00210421393,49121.86416222948,1.8052764616758932,
ctc_refund,KY,elig_units,,total,2023,190000.0,count,,,,,
ctc_refund,KY,elig_rate,units,total,2023,0.081,share,,,,,
eitc,KY,elig_units,,total,2023,293000.0,count,,,,,
eitc,KY,elig_rate,units,total,2023,0.126,share,,,,,
base,KY,spm_pov_rate_100,pop,total,2023,0.151,share,0.1461232823126518,0.1262072647386049,-0.004876717687348209,0.9677038563751774,annual 2024 SPM (Urban: 2023)
fullpart,KY,spm_pov_rate_100,pop,total,2023,0.112,share,0.1124819570939474,0.112481941908218,0.0004819570939473966,1.004303188338816,all takes_up_* + would_claim_wic forced True; PATCHED: would_claim_wic forced monthly (see RECONCILIATION.md)
ccdf,LA,elig_pop,,total,2023,242000.0,count,,,,,
ccdf,LA,elig_rate,pop,total,2023,0.31,share,,,,,
ccdf,LA,part_rate,pop,total,2023,0.076,share,,,,,
ccdf,LA,part_gap,pop,total,2023,224000.0,count,,,,,
housing,LA,elig_units,,total,2023,257000.0,count,,,,,
housing,LA,elig_rate,units,total,2023,0.141,share,,,,,
housing,LA,part_rate,units,total,2023,0.311,share,,,,,
housing,LA,part_gap,units,total,2023,177000.0,count,,,,,
liheap,LA,elig_units,,total,2023,595000.0,count,,,,,
liheap,LA,elig_rate,units,total,2023,0.327,share,,,,,
liheap,LA,part_rate,units,total,2023,0.17,share,,,,,
liheap,LA,part_gap,units,total,2023,494000.0,count,,,,,
snap,LA,elig_pop,,total,2023,1057000.0,count,1103508.2041631131,1112013.333990964,46508.20416311314,1.044000193153371,"persons in SNAP-eligible SPM units, annual 2024 (Urban: avg-month people incl BBCE)"
snap,LA,elig_rate,pop,total,2023,0.238,share,,,,,
snap,LA,part_rate,pop,total,2023,0.821,share,1.0,1.0,0.17900000000000005,1.218026796589525,
snap,LA,part_gap,pop,total,2023,189000.0,count,0.0,0.0,-189000.0,0.0,
ssi,LA,elig_pop,,total,2023,240000.0,count,497628.17414253845,507206.0861183051,257628.17414253845,2.07345072559391,"adults 18+, PE is_ssi_eligible = ABD+resources+immigration WITHOUT income test (broader than Urban payable concept)"
ssi,LA,elig_rate,pop,total,2023,0.071,share,,,,,
ssi,LA,part_rate,pop,total,2023,0.526,share,0.2493403754040684,0.2486664356971707,-0.27665962459593163,0.47403113194689805,
ssi,LA,part_gap,pop,total,2023,114000.0,count,373549.3783901968,381080.9565193539,259549.37839019683,3.2767489332473407,
tanf,LA,elig_units,,total,2023,81000.0,count,,,,,
tanf,LA,elig_pop,,total,2023,196000.0,count,2380906.6194139235,2420173.0130657386,2184906.6194139235,12.147482752111854,persons in DEMOGRAPHIC-tanf-eligible units — no income-tested national variable; Urban denom is full eligibility
tanf,LA,elig_rate,pop,total,2023,0.044,share,,,,,
tanf,LA,part_rate,pop,total,2023,0.058,share,0.0496702049397547,0.0496702028312,-0.008329795060245303,0.8563828437888741,
tanf,LA,part_gap,pop,total,2023,184000.0,count,,,,,
wic,LA,elig_pop,,total,2023,166000.0,count,124714.0590665391,126770.84858845612,-41285.94093346089,0.7512895124490307,children 0-4 WIC-eligible (PE covers pregnant/postpartum women too; excluded here)
wic,LA,elig_rate,pop,total,2023,0.605,share,,,,,
wic,LA,part_rate,pop,total,2023,0.417,share,0.445773056081799,0.445773126811485,0.02877305608179903,1.0690001344887268,
wic,LA,part_gap,pop,total,2023,97000.0,count,69119.89182008198,70259.81102463469,-27880.108179918025,0.712576204330742,
ctc_refund,LA,elig_units,,total,2023,206000.0,count,,,,,
ctc_refund,LA,elig_rate,units,total,2023,0.087,share,,,,,
eitc,LA,elig_units,,total,2023,350000.0,count,,,,,
eitc,LA,elig_rate,units,total,2023,0.147,share,,,,,
base,LA,spm_pov_rate_100,pop,total,2023,0.161,share,0.1495529753159066,0.1452169134614734,-0.011447024684093393,0.9289004678006622,annual 2024 SPM (Urban: 2023)
fullpart,LA,spm_pov_rate_100,pop,total,2023,0.116,share,0.1496459141433559,0.1524220646043482,0.033645914143355896,1.2900509839944474,all takes_up_* + would_claim_wic forced True; PATCHED: would_claim_wic forced monthly (see RECONCILIATION.md)
ccdf,ME,elig_pop,,total,2023,43000.0,count,,,,,
ccdf,ME,elig_rate,pop,total,2023,0.246,share,,,,,
ccdf,ME,part_rate,pop,total,2023,0.11,share,,,,,
ccdf,ME,part_gap,pop,total,2023,38000.0,count,,,,,
housing,ME,elig_units,,total,2023,62000.0,count,,,,,
housing,ME,elig_rate,units,total,2023,0.101,share,,,,,
housing,ME,part_rate,units,total,2023,0.383,share,,,,,
housing,ME,part_gap,units,total,2023,38000.0,count,,,,,
liheap,ME,elig_units,,total,2023,187000.0,count,,,,,
liheap,ME,elig_rate,units,total,2023,0.306,share,,,,,
liheap,ME,part_rate,units,total,2023,0.221,share,,,,,
liheap,ME,part_gap,units,total,2023,146000.0,count,,,,,
snap,ME,elig_pop,,total,2023,295000.0,count,307341.52571229136,259103.72239679284,12341.52571229136,1.0418356803806488,"persons in SNAP-eligible SPM units, annual 2024 (Urban: avg-month people incl BBCE)"
snap,ME,elig_rate,pop,total,2023,0.218,share,,,,,
snap,ME,part_rate,pop,total,2023,0.528,share,0.7451679505258592,0.8503939882384263,0.21716795052585913,1.411302936602006,
snap,ME,part_gap,pop,total,2023,139000.0,count,78320.47088577255,38763.474540362135,-60679.52911422745,0.5634566250775004,
ssi,ME,elig_pop,,total,2023,53000.0,count,174415.88637556724,177292.3811069288,121415.88637556724,3.29086578067108,"adults 18+, PE is_ssi_eligible = ABD+resources+immigration WITHOUT income test (broader than Urban payable concept)"
ssi,ME,elig_rate,pop,total,2023,0.048,share,,,,,
ssi,ME,part_rate,pop,total,2023,0.612,share,0.1900813835737425,0.1900813901643252,-0.4219186164262575,0.31059049603552696,
ssi,ME,part_gap,pop,total,2023,21000.0,count,141262.67337605875,143592.39884058043,120262.67337605875,6.7267939702885124,
tanf,ME,elig_units,,total,2023,16000.0,count,,,,,
tanf,ME,elig_pop,,total,2023,42000.0,count,589469.491644449,599191.1404907072,547469.491644449,14.034987896296403,persons in DEMOGRAPHIC-tanf-eligible units — no income-tested national variable; Urban denom is full eligibility
tanf,ME,elig_rate,pop,total,2023,0.031,share,,,,,
tanf,ME,part_rate,pop,total,2023,0.264,share,0.0314717567571062,0.0314717540001421,-0.2325282432428938,0.11921119983752348,
tanf,ME,part_gap,pop,total,2023,31000.0,count,,,,,
wic,ME,elig_pop,,total,2023,28000.0,count,49983.39557943778,48163.08731053874,21983.395579437783,1.7851212706942066,children 0-4 WIC-eligible (PE covers pregnant/postpartum women too; excluded here)
wic,ME,elig_rate,pop,total,2023,0.461,share,,,,,
wic,ME,part_rate,pop,total,2023,0.516,share,0.6185109335427508,0.5975633050985205,0.10251093354275076,1.198664599889052,
wic,ME,part_gap,pop,total,2023,14000.0,count,19068.11891796312,19382.5936735046,5068.118917963118,1.3620084941402226,
ctc_refund,ME,elig_units,,total,2023,41000.0,count,,,,,
ctc_refund,ME,elig_rate,units,total,2023,0.054,share,,,,,
eitc,ME,elig_units,,total,2023,69000.0,count,,,,,
eitc,ME,elig_rate,units,total,2023,0.09,share,,,,,
base,ME,spm_pov_rate_100,pop,total,2023,0.092,share,0.0795737974896344,0.0795744238689166,-0.012426202510365594,0.8649325814090696,annual 2024 SPM (Urban: 2023)
fullpart,ME,spm_pov_rate_100,pop,total,2023,0.053,share,0.0804158453939927,0.0804153573954609,0.0274158453939927,1.5172801017734472,all takes_up_* + would_claim_wic forced True; PATCHED: would_claim_wic forced monthly (see RECONCILIATION.md)
ccdf,MD,elig_pop,,total,2023,253000.0,count,,,,,
ccdf,MD,elig_rate,pop,total,2023,0.257,share,,,,,
ccdf,MD,part_rate,pop,total,2023,0.102,share,,,,,
ccdf,MD,part_gap,pop,total,2023,227000.0,count,,,,,
housing,MD,elig_units,,total,2023,290000.0,count,,,,,
housing,MD,elig_rate,units,total,2023,0.122,share,,,,,
housing,MD,part_rate,units,total,2023,0.31,share,,,,,
housing,MD,part_gap,units,total,2023,200000.0,count,,,,,
liheap,MD,elig_units,,total,2023,375000.0,count,,,,,
liheap,MD,elig_rate,units,total,2023,0.157,share,,,,,
liheap,MD,part_rate,units,total,2023,0.255,share,,,,,
liheap,MD,part_gap,units,total,2023,279000.0,count,,,,,
snap,MD,elig_pop,,total,2023,1125000.0,count,1233269.2288041548,1221667.4114086465,108269.22880415479,1.096239314492582,"persons in SNAP-eligible SPM units, annual 2024 (Urban: avg-month people incl BBCE)"
snap,MD,elig_rate,pop,total,2023,0.186,share,,,,,
snap,MD,part_rate,pop,total,2023,0.552,share,0.8679028656913373,0.8810191425616675,0.3159028656913373,1.572287800165466,
snap,MD,part_gap,pop,total,2023,504000.0,count,162911.33095608326,145355.03611386893,-341088.66904391674,0.3232367677700065,
ssi,MD,elig_pop,,total,2023,207000.0,count,526468.4887467842,535151.0466517948,319468.48874678416,2.54332603259316,"adults 18+, PE is_ssi_eligible = ABD+resources+immigration WITHOUT income test (broader than Urban payable concept)"
ssi,MD,elig_rate,pop,total,2023,0.044,share,,,,,
ssi,MD,part_rate,pop,total,2023,0.461,share,0.2003979108736375,0.1707109439391323,-0.2606020891263625,0.4347026266239425,
ssi,MD,part_gap,pop,total,2023,112000.0,count,420965.30346112745,443794.9063278523,308965.30346112745,3.7586187809029235,
tanf,MD,elig_units,,total,2023,72000.0,count,,,,,
tanf,MD,elig_pop,,total,2023,178000.0,count,3227860.705223432,3281095.2502647154,3049860.705223432,18.134048905749616,persons in DEMOGRAPHIC-tanf-eligible units — no income-tested national variable; Urban denom is full eligibility
tanf,MD,elig_rate,pop,total,2023,0.029,share,,,,,
tanf,MD,part_rate,pop,total,2023,0.247,share,0.0318756811025939,0.0318756815787556,-0.2151243188974061,0.12905134049633157,
tanf,MD,part_gap,pop,total,2023,134000.0,count,,,,,
wic,MD,elig_pop,,total,2023,158000.0,count,227127.542947057,212382.2271826858,69127.542947057,1.4375160946016265,children 0-4 WIC-eligible (PE covers pregnant/postpartum women too; excluded here)
wic,MD,elig_rate,pop,total,2023,0.459,share,,,,,
wic,MD,part_rate,pop,total,2023,0.589,share,0.4737379321724833,0.5149840698060894,-0.11526206782751669,0.8043088831451329,
wic,MD,part_gap,pop,total,2023,65000.0,count,119528.61041190132,103008.76347366482,54528.61041190132,1.8389016986446356,
ctc_refund,MD,elig_units,,total,2023,177000.0,count,,,,,
ctc_refund,MD,elig_rate,units,total,2023,0.055,share,,,,,
eitc,MD,elig_units,,total,2023,269000.0,count,,,,,
eitc,MD,elig_rate,units,total,2023,0.083,share,,,,,
base,MD,spm_pov_rate_100,pop,total,2023,0.126,share,0.1334700464079633,0.1474855672878191,0.00747004640796331,1.0592860826028834,annual 2024 SPM (Urban: 2023)
fullpart,MD,spm_pov_rate_100,pop,total,2023,0.09,share,0.1132076315929509,0.1261464771627002,0.023207631592950903,1.25786257325501,all takes_up_* + would_claim_wic forced True; PATCHED: would_claim_wic forced monthly (see RECONCILIATION.md)
ccdf,MA,elig_pop,,total,2023,177000.0,count,,,,,
ccdf,MA,elig_rate,pop,total,2023,0.184,share,,,,,
ccdf,MA,part_rate,pop,total,2023,0.117,share,,,,,
ccdf,MA,part_gap,pop,total,2023,157000.0,count,,,,,
housing,MA,elig_units,,total,2023,468000.0,count,,,,,
housing,MA,elig_rate,units,total,2023,0.167,share,,,,,
housing,MA,part_rate,units,total,2023,0.388,share,,,,,
housing,MA,part_gap,units,total,2023,287000.0,count,,,,,
liheap,MA,elig_units,,total,2023,913000.0,count,,,,,
liheap,MA,elig_rate,units,total,2023,0.325,share,,,,,
liheap,MA,part_rate,units,total,2023,0.159,share,,,,,
liheap,MA,part_gap,units,total,2023,768000.0,count,,,,,
snap,MA,elig_pop,,total,2023,1160000.0,count,1528405.1039322438,1528414.965439438,368405.1039322438,1.317590606838141,"persons in SNAP-eligible SPM units, annual 2024 (Urban: avg-month people incl BBCE)"
snap,MA,elig_rate,pop,total,2023,0.172,share,,,,,
snap,MA,part_rate,pop,total,2023,0.905,share,0.9627483935012364,0.940553844008706,0.057748393501236395,1.0638103795593772,
snap,MA,part_gap,pop,total,2023,111000.0,count,56935.54550238582,90858.39445494115,-54064.45449761418,0.5129328423638363,
ssi,MA,elig_pop,,total,2023,278000.0,count,757997.6558844516,741475.0493408832,479997.6558844516,2.726610272965653,"adults 18+, PE is_ssi_eligible = ABD+resources+immigration WITHOUT income test (broader than Urban payable concept)"
ssi,MA,elig_rate,pop,total,2023,0.051,share,,,,,
ssi,MA,part_rate,pop,total,2023,0.559,share,0.2213558259453291,0.2300202311473442,-0.33764417405467095,0.3959853773619483,
ssi,MA,part_gap,pop,total,2023,122000.0,count,590210.4587015255,570920.7871015047,468210.45870152547,4.837790645094471,
tanf,MA,elig_units,,total,2023,78000.0,count,,,,,
tanf,MA,elig_pop,,total,2023,182000.0,count,3316303.339497526,3370996.491689162,3134303.339497526,18.22144692031608,persons in DEMOGRAPHIC-tanf-eligible units — no income-tested national variable; Urban denom is full eligibility
tanf,MA,elig_rate,pop,total,2023,0.027,share,,,,,
tanf,MA,part_rate,pop,total,2023,0.453,share,0.0387940031289173,0.0387940029235619,-0.4142059968710827,0.08563797600202494,
tanf,MA,part_gap,pop,total,2023,100000.0,count,,,,,
wic,MA,elig_pop,,total,2023,145000.0,count,139509.5570837927,141810.36994545237,-5490.442916207307,0.9621348764399497,children 0-4 WIC-eligible (PE covers pregnant/postpartum women too; excluded here)
wic,MA,elig_rate,pop,total,2023,0.427,share,,,,,
wic,MA,part_rate,pop,total,2023,0.686,share,0.5575578011009802,0.5575577778828641,-0.12844219889901987,0.8127664739081343,
wic,MA,part_gap,pop,total,2023,46000.0,count,61724.91520358157,62742.895197919046,15724.915203581571,1.3418459826865559,
ctc_refund,MA,elig_units,,total,2023,166000.0,count,,,,,
ctc_refund,MA,elig_rate,units,total,2023,0.044,share,,,,,
eitc,MA,elig_units,,total,2023,298000.0,count,,,,,
eitc,MA,elig_rate,units,total,2023,0.079,share,,,,,
base,MA,spm_pov_rate_100,pop,total,2023,0.123,share,0.180462938897858,0.1810592048275561,0.057462938897858,1.4671783650232357,annual 2024 SPM (Urban: 2023)
fullpart,MA,spm_pov_rate_100,pop,total,2023,0.081,share,0.1589527371935905,0.1635826615955964,0.07795273719359049,1.9623794715258085,all takes_up_* + would_claim_wic forced True; PATCHED: would_claim_wic forced monthly (see RECONCILIATION.md)
ccdf,MI,elig_pop,,total,2023,289000.0,count,,,,,
ccdf,MI,elig_rate,pop,total,2023,0.188,share,,,,,
ccdf,MI,part_rate,pop,total,2023,0.131,share,,,,,
ccdf,MI,part_gap,pop,total,2023,251000.0,count,,,,,
housing,MI,elig_units,,total,2023,453000.0,count,,,,,
housing,MI,elig_rate,units,total,2023,0.11,share,,,,,
housing,MI,part_rate,units,total,2023,0.286,share,,,,,
housing,MI,part_gap,units,total,2023,324000.0,count,,,,,
liheap,MI,elig_units,,total,2023,657000.0,count,,,,,
liheap,MI,elig_rate,units,total,2023,0.16,share,,,,,
liheap,MI,part_rate,units,total,2023,0.657,share,,,,,
liheap,MI,part_gap,units,total,2023,225000.0,count,,,,,
snap,MI,elig_pop,,total,2023,2497000.0,count,2453677.799737371,2290826.158293179,-43322.20026262896,0.9826503002552547,"persons in SNAP-eligible SPM units, annual 2024 (Urban: avg-month people incl BBCE)"
snap,MI,elig_rate,pop,total,2023,0.254,share,,,,,
snap,MI,part_rate,pop,total,2023,0.563,share,0.8856272881088593,0.8622076676148811,0.3226272881088593,1.5730502453088089,
snap,MI,part_gap,pop,total,2023,1091000.0,count,280633.7840630505,315658.2794400586,-810366.2159369495,0.2572261998744734,
ssi,MI,elig_pop,,total,2023,390000.0,count,1121947.2476568893,1140449.128515216,731947.2476568893,2.876787814504844,"adults 18+, PE is_ssi_eligible = ABD+resources+immigration WITHOUT income test (broader than Urban payable concept)"
ssi,MI,elig_rate,pop,total,2023,0.051,share,,,,,
ssi,MI,part_rate,pop,total,2023,0.564,share,0.2060974262883356,0.1923116806040668,-0.35790257371166434,0.36542096859633977,
ssi,MI,part_gap,pop,total,2023,170000.0,count,890716.8074835225,921127.4399670116,720716.8074835225,5.239510632256015,
tanf,MI,elig_units,,total,2023,128000.0,count,,,,,
tanf,MI,elig_pop,,total,2023,341000.0,count,4588377.198756017,4664049.655343599,4247377.198756017,13.455651609255181,persons in DEMOGRAPHIC-tanf-eligible units — no income-tested national variable; Urban denom is full eligibility
tanf,MI,elig_rate,pop,total,2023,0.035,share,,,,,
tanf,MI,part_rate,pop,total,2023,0.066,share,0.0048756051984395,0.0048756051357797,-0.061124394801560504,0.07387280603696211,
tanf,MI,part_gap,pop,total,2023,318000.0,count,,,,,
wic,MI,elig_pop,,total,2023,269000.0,count,313324.54869145347,318491.06342182,44324.54869145347,1.1647752739459236,children 0-4 WIC-eligible (PE covers pregnant/postpartum women too; excluded here)
wic,MI,elig_rate,pop,total,2023,0.508,share,,,,,
wic,MI,part_rate,pop,total,2023,0.608,share,0.5821775942460619,0.5821772116627958,-0.025822405753938127,0.9575289379047071,
wic,MI,part_gap,pop,total,2023,105000.0,count,130914.01671603002,133072.8241793862,25914.01671603002,1.246800159200286,
ctc_refund,MI,elig_units,,total,2023,342000.0,count,,,,,
ctc_refund,MI,elig_rate,units,total,2023,0.064,share,,,,,
eitc,MI,elig_units,,total,2023,589000.0,count,,,,,
eitc,MI,elig_rate,units,total,2023,0.11,share,,,,,
base,MI,spm_pov_rate_100,pop,total,2023,0.124,share,0.0752606010996489,0.0690258170182219,-0.0487393989003511,0.6069403314487815,annual 2024 SPM (Urban: 2023)
fullpart,MI,spm_pov_rate_100,pop,total,2023,0.09,share,0.0572785821736516,0.0554991043520073,-0.032721417826348395,0.6364286908183512,all takes_up_* + would_claim_wic forced True; PATCHED: would_claim_wic forced monthly (see RECONCILIATION.md)
ccdf,MN,elig_pop,,total,2023,99000.0,count,,,,,
ccdf,MN,elig_rate,pop,total,2023,0.105,share,,,,,
ccdf,MN,part_rate,pop,total,2023,0.208,share,,,,,
ccdf,MN,part_gap,pop,total,2023,78000.0,count,,,,,
housing,MN,elig_units,,total,2023,250000.0,count,,,,,
housing,MN,elig_rate,units,total,2023,0.107,share,,,,,
housing,MN,part_rate,units,total,2023,0.322,share,,,,,
housing,MN,part_gap,units,total,2023,170000.0,count,,,,,
liheap,MN,elig_units,,total,2023,502000.0,count,,,,,
liheap,MN,elig_rate,units,total,2023,0.214,share,,,,,
liheap,MN,part_rate,units,total,2023,0.257,share,,,,,
liheap,MN,part_gap,units,total,2023,373000.0,count,,,,,
snap,MN,elig_pop,,total,2023,1023000.0,count,1001118.6586821316,897091.2822547038,-21881.341317868442,0.9786106145475382,"persons in SNAP-eligible SPM units, annual 2024 (Urban: avg-month people incl BBCE)"
snap,MN,elig_rate,pop,total,2023,0.182,share,,,,,
snap,MN,part_rate,pop,total,2023,0.436,share,0.6782547980753969,0.5926059518189744,0.2422547980753969,1.5556302708151306,
snap,MN,part_gap,pop,total,2023,578000.0,count,322105.1249881702,365469.6490656509,-255894.87501182978,0.5572753027476993,
ssi,MN,elig_pop,,total,2023,144000.0,count,512771.70057019545,491655.90748402127,368771.70057019545,3.560914587293024,"adults 18+, PE is_ssi_eligible = ABD+resources+immigration WITHOUT income test (broader than Urban payable concept)"
ssi,MN,elig_rate,pop,total,2023,0.034,share,,,,,
ssi,MN,part_rate,pop,total,2023,0.547,share,0.1777469863646874,0.2071227740172849,-0.36925301363531265,0.3249487867727374,
ssi,MN,part_gap,pop,total,2023,65000.0,count,421628.07610074733,389822.7720639452,356628.07610074733,6.486585786165343,
tanf,MN,elig_units,,total,2023,57000.0,count,,,,,
tanf,MN,elig_pop,,total,2023,149000.0,count,2740189.456541102,2785381.244167842,2591189.456541102,18.390533265376522,persons in DEMOGRAPHIC-tanf-eligible units — no income-tested national variable; Urban denom is full eligibility
tanf,MN,elig_rate,pop,total,2023,0.027,share,,,,,
tanf,MN,part_rate,pop,total,2023,0.199,share,0.0430423745273702,0.043042291742429,-0.1559576254726298,0.21629333933351857,
tanf,MN,part_gap,pop,total,2023,120000.0,count,,,,,
wic,MN,elig_pop,,total,2023,168000.0,count,268005.2743345941,261482.05592263216,100005.27433459408,1.5952694900868696,children 0-4 WIC-eligible (PE covers pregnant/postpartum women too; excluded here)
wic,MN,elig_rate,pop,total,2023,0.504,share,,,,,
wic,MN,part_rate,pop,total,2023,0.495,share,0.4955805594619997,0.516263192019101,0.0005805594619996968,1.0011728473979793,
wic,MN,part_gap,pop,total,2023,85000.0,count,135187.07054108923,126488.49507629704,50187.070541089226,1.5904361240128144,
ctc_refund,MN,elig_units,,total,2023,157000.0,count,,,,,
ctc_refund,MN,elig_rate,units,total,2023,0.053,share,,,,,
eitc,MN,elig_units,,total,2023,241000.0,count,,,,,
eitc,MN,elig_rate,units,total,2023,0.081,share,,,,,
base,MN,spm_pov_rate_100,pop,total,2023,0.096,share,0.0675895170008237,0.067589458799441,-0.028410482999176298,0.7040574687585802,annual 2024 SPM (Urban: 2023)
fullpart,MN,spm_pov_rate_100,pop,total,2023,0.065,share,0.064289254337033,0.0642891987732001,-0.0007107456629669995,0.9890654513389693,all takes_up_* + would_claim_wic forced True; PATCHED: would_claim_wic forced monthly (see RECONCILIATION.md)
ccdf,MS,elig_pop,,total,2023,113000.0,count,,,,,
ccdf,MS,elig_rate,pop,total,2023,0.233,share,,,,,
ccdf,MS,part_rate,pop,total,2023,0.23,share,,,,,
ccdf,MS,part_gap,pop,total,2023,87000.0,count,,,,,
housing,MS,elig_units,,total,2023,143000.0,count,,,,,
housing,MS,elig_rate,units,total,2023,0.123,share,,,,,
housing,MS,part_rate,units,total,2023,0.347,share,,,,,
housing,MS,part_gap,units,total,2023,93000.0,count,,,,,
liheap,MS,elig_units,,total,2023,340000.0,count,,,,,
liheap,MS,elig_rate,units,total,2023,0.293,share,,,,,
liheap,MS,part_rate,units,total,2023,0.134,share,,,,,
liheap,MS,part_gap,units,total,2023,294000.0,count,,,,,
snap,MS,elig_pop,,total,2023,670000.0,count,479372.9050044443,488625.8967397848,-190627.0949955557,0.7154819477678274,"persons in SNAP-eligible SPM units, annual 2024 (Urban: avg-month people incl BBCE)"
snap,MS,elig_rate,pop,total,2023,0.236,share,,,,,
snap,MS,part_rate,pop,total,2023,0.571,share,1.0,1.0,0.42900000000000005,1.7513134851138354,
snap,MS,part_gap,pop,total,2023,288000.0,count,0.0,0.0,-288000.0,0.0,
ssi,MS,elig_pop,,total,2023,160000.0,count,316983.8363703347,319029.38976355124,156983.83637033473,1.981148977314592,"adults 18+, PE is_ssi_eligible = ABD+resources+immigration WITHOUT income test (broader than Urban payable concept)"
ssi,MS,elig_rate,pop,total,2023,0.074,share,,,,,
ssi,MS,part_rate,pop,total,2023,0.543,share,0.2886690008036559,0.3013592258269742,-0.25433099919634417,0.5316187860104159,
ssi,MS,part_gap,pop,total,2023,73000.0,count,225480.42905440065,222886.93984835545,152480.42905440065,3.0887730007452143,
tanf,MS,elig_units,,total,2023,56000.0,count,,,,,
tanf,MS,elig_pop,,total,2023,130000.0,count,1617031.314325579,1643699.730841685,1487031.314325579,12.438702417889068,persons in DEMOGRAPHIC-tanf-eligible units — no income-tested national variable; Urban denom is full eligibility
tanf,MS,elig_rate,pop,total,2023,0.046,share,,,,,
tanf,MS,part_rate,pop,total,2023,0.02,share,0.0,0.0,-0.02,0.0,
tanf,MS,part_gap,pop,total,2023,127000.0,count,,,,,
wic,MS,elig_pop,,total,2023,107000.0,count,99630.95345670344,101264.77016657712,-7369.0465432965575,0.9311304061374154,children 0-4 WIC-eligible (PE covers pregnant/postpartum women too; excluded here)
wic,MS,elig_rate,pop,total,2023,0.642,share,,,,,
wic,MS,part_rate,pop,total,2023,0.466,share,0.6379675444451129,0.6379342284312227,0.17196754444511292,1.3690290653328603,
wic,MS,part_gap,pop,total,2023,57000.0,count,36069.638729205006,36664.50714309665,-20930.361270794994,0.632800679459737,
ctc_refund,MS,elig_units,,total,2023,143000.0,count,,,,,
ctc_refund,MS,elig_rate,units,total,2023,0.096,share,,,,,
eitc,MS,elig_units,,total,2023,240000.0,count,,,,,
eitc,MS,elig_rate,units,total,2023,0.161,share,,,,,
base,MS,spm_pov_rate_100,pop,total,2023,0.177,share,0.1111313098246326,0.0955672953349134,-0.0658686901753674,0.6278605074838,annual 2024 SPM (Urban: 2023)
fullpart,MS,spm_pov_rate_100,pop,total,2023,0.128,share,0.131502530897121,0.1343601478860467,0.0035025308971209923,1.0273635226337579,all takes_up_* + would_claim_wic forced True; PATCHED: would_claim_wic forced monthly (see RECONCILIATION.md)
ccdf,MO,elig_pop,,total,2023,156000.0,count,,,,,
ccdf,MO,elig_rate,pop,total,2023,0.157,share,,,,,
ccdf,MO,part_rate,pop,total,2023,0.145,share,,,,,
ccdf,MO,part_gap,pop,total,2023,134000.0,count,,,,,
housing,MO,elig_units,,total,2023,299000.0,count,,,,,
housing,MO,elig_rate,units,total,2023,0.117,share,,,,,
housing,MO,part_rate,units,total,2023,0.244,share,,,,,
housing,MO,part_gap,units,total,2023,226000.0,count,,,,,
liheap,MO,elig_units,,total,2023,612000.0,count,,,,,
liheap,MO,elig_rate,units,total,2023,0.241,share,,,,,
liheap,MO,part_rate,units,total,2023,0.205,share,,,,,
liheap,MO,part_gap,units,total,2023,487000.0,count,,,,,
snap,MO,elig_pop,,total,2023,925000.0,count,798431.4203597537,731492.5258630805,-126568.57964024635,0.8631691030916255,"persons in SNAP-eligible SPM units, annual 2024 (Urban: avg-month people incl BBCE)"
snap,MO,elig_rate,pop,total,2023,0.153,share,,,,,
snap,MO,part_rate,pop,total,2023,0.666,share,1.0,1.0,0.33399999999999996,1.5015015015015014,
snap,MO,part_gap,pop,total,2023,309000.0,count,0.0,0.0,-309000.0,0.0,
ssi,MO,elig_pop,,total,2023,218000.0,count,697276.2279416432,670119.5733349242,479276.2279416432,3.1985148070717577,"adults 18+, PE is_ssi_eligible = ABD+resources+immigration WITHOUT income test (broader than Urban payable concept)"
ssi,MO,elig_rate,pop,total,2023,0.047,share,,,,,
ssi,MO,part_rate,pop,total,2023,0.486,share,0.1989125335625183,0.1682723412387363,-0.2870874664374817,0.409285048482548,
ssi,MO,part_gap,pop,total,2023,112000.0,count,558579.2468488549,557356.9838199534,446579.24684885493,4.987314704007633,
tanf,MO,elig_units,,total,2023,79000.0,count,,,,,
tanf,MO,elig_pop,,total,2023,201000.0,count,3043953.524079659,3094155.054217256,2842953.524079659,15.14404738348089,persons in DEMOGRAPHIC-tanf-eligible units — no income-tested national variable; Urban denom is full eligibility
tanf,MO,elig_rate,pop,total,2023,0.033,share,,,,,
tanf,MO,part_rate,pop,total,2023,0.06,share,0.0021880273224663,0.0021880273507958,-0.0578119726775337,0.036467122041105006,
tanf,MO,part_gap,pop,total,2023,189000.0,count,,,,,
wic,MO,elig_pop,,total,2023,179000.0,count,156725.7176855012,159310.46331813757,-22274.282314498792,0.8755626686340849,children 0-4 WIC-eligible (PE covers pregnant/postpartum women too; excluded here)
wic,MO,elig_rate,pop,total,2023,0.518,share,,,,,
wic,MO,part_rate,pop,total,2023,0.381,share,0.3827370454087588,0.3827370194483523,0.0017370454087587972,1.0045591743012041,
wic,MO,part_gap,pop,total,2023,111000.0,count,96740.9795589852,98336.45142081752,-14259.0204410148,0.871540356387254,
ctc_refund,MO,elig_units,,total,2023,235000.0,count,,,,,
ctc_refund,MO,elig_rate,units,total,2023,0.073,share,,,,,
eitc,MO,elig_units,,total,2023,367000.0,count,,,,,
eitc,MO,elig_rate,units,total,2023,0.113,share,,,,,
base,MO,spm_pov_rate_100,pop,total,2023,0.12,share,0.1255290239586579,0.1255287366811152,0.005529023958657897,1.0460751996554825,annual 2024 SPM (Urban: 2023)
fullpart,MO,spm_pov_rate_100,pop,total,2023,0.091,share,0.1274191862175635,0.1232117842378385,0.036419186217563515,1.400210837555643,all takes_up_* + would_claim_wic forced True; PATCHED: would_claim_wic forced monthly (see RECONCILIATION.md)
ccdf,MT,elig_pop,,total,2023,26000.0,count,,,,,
ccdf,MT,elig_rate,pop,total,2023,0.149,share,,,,,
ccdf,MT,part_rate,pop,total,2023,0.125,share,,,,,
ccdf,MT,part_gap,pop,total,2023,22000.0,count,,,,,
housing,MT,elig_units,,total,2023,48000.0,count,,,,,
housing,MT,elig_rate,units,total,2023,0.101,share,,,,,
housing,MT,part_rate,units,total,2023,0.241,share,,,,,
housing,MT,part_gap,units,total,2023,36000.0,count,,,,,
liheap,MT,elig_units,,total,2023,123000.0,count,,,,,
liheap,MT,elig_rate,units,total,2023,0.261,share,,,,,
liheap,MT,part_rate,units,total,2023,0.13,share,,,,,
liheap,MT,part_gap,units,total,2023,107000.0,count,,,,,
snap,MT,elig_pop,,total,2023,200000.0,count,227538.7081922716,207816.74412907712,27538.708192271588,1.137693540961358,"persons in SNAP-eligible SPM units, annual 2024 (Urban: avg-month people incl BBCE)"
snap,MT,elig_rate,pop,total,2023,0.181,share,,,,,
snap,MT,part_rate,pop,total,2023,0.406,share,0.4436378425800578,0.493750141421632,0.037637842580057757,1.092704045763689,
snap,MT,part_gap,pop,total,2023,119000.0,count,126593.9265863989,105207.19732556216,7593.9265863988985,1.0638145091294025,
ssi,MT,elig_pop,,total,2023,31000.0,count,96677.5556232587,95437.3851968806,65677.5556232587,3.118630826556732,"adults 18+, PE is_ssi_eligible = ABD+resources+immigration WITHOUT income test (broader than Urban payable concept)"
ssi,MT,elig_rate,pop,total,2023,0.035,share,,,,,
ssi,MT,part_rate,pop,total,2023,0.456,share,0.1511126573610872,0.1556008566640135,-0.3048873426389128,0.33138740649361226,
ssi,MT,part_gap,pop,total,2023,17000.0,count,82068.35328585375,80587.24630247254,65068.35328585375,4.827550193285515,
tanf,MT,elig_units,,total,2023,14000.0,count,,,,,
tanf,MT,elig_pop,,total,2023,35000.0,count,512378.68541328213,520828.94288054586,477378.68541328213,14.63939101180806,persons in DEMOGRAPHIC-tanf-eligible units — no income-tested national variable; Urban denom is full eligibility
tanf,MT,elig_rate,pop,total,2023,0.031,share,,,,,
tanf,MT,part_rate,pop,total,2023,0.11,share,0.0,0.0,-0.11,0.0,
tanf,MT,part_gap,pop,total,2023,31000.0,count,,,,,
wic,MT,elig_pop,,total,2023,26000.0,count,20319.266516739794,17116.65121471937,-5680.733483260206,0.7815102506438382,children 0-4 WIC-eligible (PE covers pregnant/postpartum women too; excluded here)
wic,MT,elig_rate,pop,total,2023,0.479,share,,,,,
wic,MT,part_rate,pop,total,2023,0.424,share,0.4483281999773713,0.4606854624375469,0.02432819997737129,1.0573778301353096,
wic,MT,part_gap,pop,total,2023,15000.0,count,11209.566334429372,9231.25883448418,-3790.4336655706284,0.7473044222952915,
ctc_refund,MT,elig_units,,total,2023,40000.0,count,,,,,
ctc_refund,MT,elig_rate,units,total,2023,0.066,share,,,,,
eitc,MT,elig_units,,total,2023,64000.0,count,,,,,
eitc,MT,elig_rate,units,total,2023,0.107,share,,,,,
base,MT,spm_pov_rate_100,pop,total,2023,0.115,share,0.0704207193480589,0.0658037661264911,-0.04457928065194111,0.6123540812874686,annual 2024 SPM (Urban: 2023)
fullpart,MT,spm_pov_rate_100,pop,total,2023,0.074,share,0.0705694371300511,0.0668349922678876,-0.0034305628699489027,0.9536410422979879,all takes_up_* + would_claim_wic forced True; PATCHED: would_claim_wic forced monthly (see RECONCILIATION.md)
ccdf,NE,elig_pop,,total,2023,51000.0,count,,,,,
ccdf,NE,elig_rate,pop,total,2023,0.148,share,,,,,
ccdf,NE,part_rate,pop,total,2023,0.173,share,,,,,
ccdf,NE,part_gap,pop,total,2023,42000.0,count,,,,,
housing,NE,elig_units,,total,2023,92000.0,count,,,,,
housing,NE,elig_rate,units,total,2023,0.114,share,,,,,
housing,NE,part_rate,units,total,2023,0.259,share,,,,,
housing,NE,part_gap,units,total,2023,68000.0,count,,,,,
liheap,NE,elig_units,,total,2023,118000.0,count,,,,,
liheap,NE,elig_rate,units,total,2023,0.146,share,,,,,
liheap,NE,part_rate,units,total,2023,0.345,share,,,,,
liheap,NE,part_gap,units,total,2023,77000.0,count,,,,,
snap,NE,elig_pop,,total,2023,278000.0,count,257770.0251838301,254636.63070971068,-20229.97481616991,0.927230306416655,"persons in SNAP-eligible SPM units, annual 2024 (Urban: avg-month people incl BBCE)"
snap,NE,elig_rate,pop,total,2023,0.144,share,,,,,
snap,NE,part_rate,pop,total,2023,0.537,share,0.9742255135693068,0.9734779128021116,0.4372255135693067,1.8142002114884668,
snap,NE,part_gap,pop,total,2023,128000.0,count,6643.890016340098,6753.494923459482,-121356.1099836599,0.051905390752657016,
ssi,NE,elig_pop,,total,2023,51000.0,count,179070.70254866648,182023.97331704752,128070.70254866648,3.511190246052284,"adults 18+, PE is_ssi_eligible = ABD+resources+immigration WITHOUT income test (broader than Urban payable concept)"
ssi,NE,elig_rate,pop,total,2023,0.035,share,,,,,
ssi,NE,part_rate,pop,total,2023,0.47,share,0.1771135799714304,0.1474268226837124,-0.29288642002856957,0.37683740419453277,
ssi,NE,part_gap,pop,total,2023,27000.0,count,147354.849352273,155188.75727865036,120354.84935227301,5.457587013047148,
tanf,NE,elig_units,,total,2023,24000.0,count,,,,,
tanf,NE,elig_pop,,total,2023,64000.0,count,1127512.775864279,1146107.9558989457,1063512.775864279,17.617387122879357,persons in DEMOGRAPHIC-tanf-eligible units — no income-tested national variable; Urban denom is full eligibility
tanf,NE,elig_rate,pop,total,2023,0.033,share,,,,,
tanf,NE,part_rate,pop,total,2023,0.1,share,0.0,0.0,-0.1,0.0,
tanf,NE,part_gap,pop,total,2023,58000.0,count,,,,,
wic,NE,elig_pop,,total,2023,47000.0,count,45005.00411726168,45747.2357364755,-1994.9958827383234,0.957553279090674,children 0-4 WIC-eligible (PE covers pregnant/postpartum women too; excluded here)
wic,NE,elig_rate,pop,total,2023,0.391,share,,,,,
wic,NE,part_rate,pop,total,2023,0.612,share,0.5658766130057001,0.5658766221454953,-0.04612338699429985,0.9246349885714055,
wic,NE,part_gap,pop,total,2023,18000.0,count,19537.724819078052,19859.944505425057,1537.724819078052,1.0854291566154473,
ctc_refund,NE,elig_units,,total,2023,74000.0,count,,,,,
ctc_refund,NE,elig_rate,units,total,2023,0.074,share,,,,,
eitc,NE,elig_units,,total,2023,96000.0,count,,,,,
eitc,NE,elig_rate,units,total,2023,0.096,share,,,,,
base,NE,spm_pov_rate_100,pop,total,2023,0.099,share,0.0852048022029743,0.0852055753868392,-0.013795197797025704,0.860654567706811,annual 2024 SPM (Urban: 2023)
fullpart,NE,spm_pov_rate_100,pop,total,2023,0.072,share,0.0889373344891,0.0889380387528694,0.01693733448910001,1.2352407567930557,all takes_up_* + would_claim_wic forced True; PATCHED: would_claim_wic forced monthly (see RECONCILIATION.md)
ccdf,NV,elig_pop,,total,2023,143000.0,count,,,,,
ccdf,NV,elig_rate,pop,total,2023,0.29,share,,,,,
ccdf,NV,part_rate,pop,total,2023,0.048,share,,,,,
ccdf,NV,part_gap,pop,total,2023,136000.0,count,,,,,
housing,NV,elig_units,,total,2023,151000.0,count,,,,,
housing,NV,elig_rate,units,total,2023,0.123,share,,,,,
housing,NV,part_rate,units,total,2023,0.147,share,,,,,
housing,NV,part_gap,units,total,2023,128000.0,count,,,,,
liheap,NV,elig_units,,total,2023,206000.0,count,,,,,
liheap,NV,elig_rate,units,total,2023,0.169,share,,,,,
liheap,NV,part_rate,units,total,2023,0.065,share,,,,,
liheap,NV,part_gap,units,total,2023,193000.0,count,,,,,
snap,NV,elig_pop,,total,2023,775000.0,count,785794.2510536114,729106.2514679711,10794.251053611399,1.0139280658756276,"persons in SNAP-eligible SPM units, annual 2024 (Urban: avg-month people incl BBCE)"
snap,NV,elig_rate,pop,total,2023,0.245,share,,,,,
snap,NV,part_rate,pop,total,2023,0.63,share,0.8976127977200615,0.9486692464553812,0.2676127977200615,1.4247822186032724,
snap,NV,part_gap,pop,total,2023,287000.0,count,80455.27493303886,37425.57330194325,-206544.72506696114,0.2803319684078009,
ssi,NV,elig_pop,,total,2023,117000.0,count,369685.7898120042,366699.752086123,252685.7898120042,3.159707605230805,"adults 18+, PE is_ssi_eligible = ABD+resources+immigration WITHOUT income test (broader than Urban payable concept)"
ssi,NV,elig_rate,pop,total,2023,0.047,share,,,,,
ssi,NV,part_rate,pop,total,2023,0.379,share,0.1294925506419597,0.1327000162720183,-0.2495074493580403,0.3416689990553026,
ssi,NV,part_gap,pop,total,2023,73000.0,count,321814.23395316035,318038.6890173494,248814.23395316035,4.408414163741923,
tanf,NV,elig_units,,total,2023,52000.0,count,,,,,
tanf,NV,elig_pop,,total,2023,147000.0,count,1575445.65207071,1601428.2364551965,1428445.65207071,10.717317361025238,persons in DEMOGRAPHIC-tanf-eligible units — no income-tested national variable; Urban denom is full eligibility
tanf,NV,elig_rate,pop,total,2023,0.047,share,,,,,
tanf,NV,part_rate,pop,total,2023,0.096,share,0.0140458839067747,0.0140458838721095,-0.0819541160932253,0.1463112906955698,
tanf,NV,part_gap,pop,total,2023,133000.0,count,,,,,
wic,NV,elig_pop,,total,2023,89000.0,count,66634.36419184363,67739.04623804754,-22365.635808156367,0.7487007212566701,children 0-4 WIC-eligible (PE covers pregnant/postpartum women too; excluded here)
wic,NV,elig_rate,pop,total,2023,0.524,share,,,,,
wic,NV,part_rate,pop,total,2023,0.472,share,0.7403925526869433,0.7403298349132148,0.2683925526869433,1.5686282895909816,
wic,NV,part_gap,pop,total,2023,47000.0,count,17298.77719117308,17589.809319455177,-29701.22280882692,0.36805908917389535,
ctc_refund,NV,elig_units,,total,2023,123000.0,count,,,,,
ctc_refund,NV,elig_rate,units,total,2023,0.071,share,,,,,
eitc,NV,elig_units,,total,2023,192000.0,count,,,,,
eitc,NV,elig_rate,units,total,2023,0.11,share,,,,,
base,NV,spm_pov_rate_100,pop,total,2023,0.146,share,0.1416884657442784,0.134189312483525,-0.0043115342557215885,0.9704689434539617,annual 2024 SPM (Urban: 2023)
fullpart,NV,spm_pov_rate_100,pop,total,2023,0.099,share,0.1357991823345132,0.1340311327961031,0.03679918233451321,1.3717089124698303,all takes_up_* + would_claim_wic forced True; PATCHED: would_claim_wic forced monthly (see RECONCILIATION.md)
ccdf,NH,elig_pop,,total,2023,25000.0,count,,,,,
ccdf,NH,elig_rate,pop,total,2023,0.141,share,,,,,
ccdf,NH,part_rate,pop,total,2023,0.108,share,,,,,
ccdf,NH,part_gap,pop,total,2023,22000.0,count,,,,,
housing,NH,elig_units,,total,2023,58000.0,count,,,,,
housing,NH,elig_rate,units,total,2023,0.103,share,,,,,
housing,NH,part_rate,units,total,2023,0.354,share,,,,,
housing,NH,part_gap,units,total,2023,38000.0,count,,,,,
liheap,NH,elig_units,,total,2023,146000.0,count,,,,,
liheap,NH,elig_rate,units,total,2023,0.258,share,,,,,
liheap,NH,part_rate,units,total,2023,0.2,share,,,,,
liheap,NH,part_gap,units,total,2023,117000.0,count,,,,,
snap,NH,elig_pop,,total,2023,221000.0,count,146320.63218098407,148732.72593434318,-74679.36781901593,0.6620843085112401,"persons in SNAP-eligible SPM units, annual 2024 (Urban: avg-month people incl BBCE)"
snap,NH,elig_rate,pop,total,2023,0.162,share,,,,,
snap,NH,part_rate,pop,total,2023,0.317,share,0.781246044798819,0.7812512953666829,0.464246044798819,2.464498564034129,
snap,NH,part_gap,pop,total,2023,151000.0,count,32008.217017127477,32535.09113471974,-118991.78298287252,0.21197494713329454,
ssi,NH,elig_pop,,total,2023,36000.0,count,139117.00870040437,141411.35414401544,103117.00870040437,3.8643613527890106,"adults 18+, PE is_ssi_eligible = ABD+resources+immigration WITHOUT income test (broader than Urban payable concept)"
ssi,NH,elig_rate,pop,total,2023,0.032,share,,,,,
ssi,NH,part_rate,pop,total,2023,0.417,share,0.1018434896838091,0.1018434916186111,-0.31515651031619085,0.24422899204750384,
ssi,NH,part_gap,pop,total,2023,21000.0,count,124948.84705998232,127009.52808347296,103948.84705998232,5.949945098094396,
tanf,NH,elig_units,,total,2023,14000.0,count,,,,,
tanf,NH,elig_pop,,total,2023,28000.0,count,624381.1473618979,634678.5682242361,596381.1473618979,22.29932669149635,persons in DEMOGRAPHIC-tanf-eligible units — no income-tested national variable; Urban denom is full eligibility
tanf,NH,elig_rate,pop,total,2023,0.021,share,,,,,
tanf,NH,part_rate,pop,total,2023,0.211,share,0.027498401761683,0.0274984011558072,-0.183501598238317,0.13032417896532228,
tanf,NH,part_gap,pop,total,2023,22000.0,count,,,,,
wic,NH,elig_pop,,total,2023,22000.0,count,34648.36076711338,35219.78753587697,12648.36076711338,1.5749254894142446,children 0-4 WIC-eligible (PE covers pregnant/postpartum women too; excluded here)
wic,NH,elig_rate,pop,total,2023,0.362,share,,,,,
wic,NH,part_rate,pop,total,2023,0.485,share,0.7214586618727311,0.7214586502154475,0.23645866187273112,1.4875436327272806,
wic,NH,part_gap,pop,total,2023,11000.0,count,9651.000771988123,9810.167159368328,-1348.9992280118768,0.8773637065443748,
ctc_refund,NH,elig_units,,total,2023,30000.0,count,,,,,
ctc_refund,NH,elig_rate,units,total,2023,0.039,share,,,,,
eitc,NH,elig_units,,total,2023,54000.0,count,,,,,
eitc,NH,elig_rate,units,total,2023,0.07,share,,,,,
base,NH,spm_pov_rate_100,pop,total,2023,0.087,share,0.0716280814265378,0.0654773354208488,-0.015371918573462193,0.8233112807648024,annual 2024 SPM (Urban: 2023)
fullpart,NH,spm_pov_rate_100,pop,total,2023,0.051,share,0.0683766271058597,0.0712493814112598,0.01737662710585971,1.3407181785462687,all takes_up_* + would_claim_wic forced True; PATCHED: would_claim_wic forced monthly (see RECONCILIATION.md)
ccdf,NJ,elig_pop,,total,2023,147000.0,count,,,,,
ccdf,NJ,elig_rate,pop,total,2023,0.102,share,,,,,
ccdf,NJ,part_rate,pop,total,2023,0.252,share,,,,,
ccdf,NJ,part_gap,pop,total,2023,110000.0,count,,,,,
housing,NJ,elig_units,,total,2023,495000.0,count,,,,,
housing,NJ,elig_rate,units,total,2023,0.14,share,,,,,
housing,NJ,part_rate,units,total,2023,0.313,share,,,,,
housing,NJ,part_gap,units,total,2023,340000.0,count,,,,,
liheap,NJ,elig_units,,total,2023,1067000.0,count,,,,,
liheap,NJ,elig_rate,units,total,2023,0.302,share,,,,,
liheap,NJ,part_rate,units,total,2023,0.226,share,,,,,
liheap,NJ,part_gap,units,total,2023,826000.0,count,,,,,
snap,NJ,elig_pop,,total,2023,1633000.0,count,1488938.9572699582,1366188.5646110042,-144061.04273004178,0.9117813577893191,"persons in SNAP-eligible SPM units, annual 2024 (Urban: avg-month people incl BBCE)"
snap,NJ,elig_rate,pop,total,2023,0.179,share,,,,,
snap,NJ,part_rate,pop,total,2023,0.373,share,0.8628391254706403,0.8815254751423315,0.48983912547064035,2.3132416232456845,
snap,NJ,part_gap,pop,total,2023,1024000.0,count,204224.1694999803,161858.54105826886,-819775.8305000197,0.1994376655273245,
ssi,NJ,elig_pop,,total,2023,292000.0,count,716021.6357093698,727830.2417804383,424021.6357093698,2.45212888941565,"adults 18+, PE is_ssi_eligible = ABD+resources+immigration WITHOUT income test (broader than Urban payable concept)"
ssi,NJ,elig_rate,pop,total,2023,0.041,share,,,,,
ssi,NJ,part_rate,pop,total,2023,0.472,share,0.2107629064125333,0.2107629455612228,-0.26123709358746666,0.44653158138248583,
ssi,NJ,part_gap,pop,total,2023,154000.0,count,565110.8347130069,574430.5961542561,411110.83471300686,3.6695508747597847,
tanf,NJ,elig_units,,total,2023,88000.0,count,,,,,
tanf,NJ,elig_pop,,total,2023,216000.0,count,4848558.0258809645,4928521.452844484,4632558.0258809645,22.447027897597057,persons in DEMOGRAPHIC-tanf-eligible units — no income-tested national variable; Urban denom is full eligibility
tanf,NJ,elig_rate,pop,total,2023,0.024,share,,,,,
tanf,NJ,part_rate,pop,total,2023,0.104,share,0.0092736753659517,0.0092736753303815,-0.0947263246340483,0.08916995544184327,
tanf,NJ,part_gap,pop,total,2023,193000.0,count,,,,,
wic,NJ,elig_pop,,total,2023,209000.0,count,196440.558862128,199680.28660839988,-12559.441137871996,0.9399069802015694,children 0-4 WIC-eligible (PE covers pregnant/postpartum women too; excluded here)
wic,NJ,elig_rate,pop,total,2023,0.402,share,,,,,
wic,NJ,part_rate,pop,total,2023,0.612,share,0.520377214487626,0.5203771861491262,-0.09162278551237402,0.8502895661562516,
wic,NJ,part_gap,pop,total,2023,81000.0,count,94217.3680290613,95771.22093366973,13217.368029061297,1.1631773830748309,
ctc_refund,NJ,elig_units,,total,2023,260000.0,count,,,,,
ctc_refund,NJ,elig_rate,units,total,2023,0.054,share,,,,,
eitc,NJ,elig_units,,total,2023,397000.0,count,,,,,
eitc,NJ,elig_rate,units,total,2023,0.083,share,,,,,
base,NJ,spm_pov_rate_100,pop,total,2023,0.133,share,0.0934646101515524,0.0912755572355075,-0.03953538984844761,0.7027414297109202,annual 2024 SPM (Urban: 2023)
fullpart,NJ,spm_pov_rate_100,pop,total,2023,0.081,share,0.0836029950228754,0.0739638195320998,0.002602995022875393,1.032135741023153,all takes_up_* + would_claim_wic forced True; PATCHED: would_claim_wic forced monthly (see RECONCILIATION.md)
ccdf,NM,elig_pop,,total,2023,149000.0,count,,,,,
ccdf,NM,elig_rate,pop,total,2023,0.473,share,,,,,
ccdf,NM,part_rate,pop,total,2023,0.104,share,,,,,
ccdf,NM,part_gap,pop,total,2023,134000.0,count,,,,,
housing,NM,elig_units,,total,2023,92000.0,count,,,,,
housing,NM,elig_rate,units,total,2023,0.107,share,,,,,
housing,NM,part_rate,units,total,2023,0.229,share,,,,,
housing,NM,part_gap,units,total,2023,71000.0,count,,,,,
liheap,NM,elig_units,,total,2023,201000.0,count,,,,,
liheap,NM,elig_rate,units,total,2023,0.234,share,,,,,
liheap,NM,part_rate,units,total,2023,0.219,share,,,,,
liheap,NM,part_gap,units,total,2023,157000.0,count,,,,,
snap,NM,elig_pop,,total,2023,584000.0,count,680936.3934601895,651744.079099564,96936.39346018946,1.165986975103064,"persons in SNAP-eligible SPM units, annual 2024 (Urban: avg-month people incl BBCE)"
snap,NM,elig_rate,pop,total,2023,0.282,share,,,,,
snap,NM,part_rate,pop,total,2023,0.735,share,0.9230039726772222,0.9041755520305966,0.18800397267722224,1.2557877179281935,
snap,NM,part_gap,pop,total,2023,155000.0,count,52429.39715593448,62453.01659704291,-102570.60284406552,0.3382541751995773,
ssi,NM,elig_pop,,total,2023,104000.0,count,270710.27657424076,275174.88258125144,166710.27657424076,2.6029834285984688,"adults 18+, PE is_ssi_eligible = ABD+resources+immigration WITHOUT income test (broader than Urban payable concept)"
ssi,NM,elig_rate,pop,total,2023,0.064,share,,,,,
ssi,NM,part_rate,pop,total,2023,0.462,share,0.1361486739627134,0.1361486730556253,-0.3258513260372866,0.29469409948639264,
ssi,NM,part_gap,pop,total,2023,56000.0,count,233853.43139057848,237710.18745957655,177853.43139057848,4.175954131974616,
tanf,NM,elig_units,,total,2023,42000.0,count,,,,,
tanf,NM,elig_pop,,total,2023,105000.0,count,1029913.9658449223,1046899.521959202,924913.9658449223,9.808704436618308,persons in DEMOGRAPHIC-tanf-eligible units — no income-tested national variable; Urban denom is full eligibility
tanf,NM,elig_rate,pop,total,2023,0.051,share,,,,,
tanf,NM,part_rate,pop,total,2023,0.167,share,0.0795426681115145,0.0795426678924209,-0.0874573318884855,0.4763034018653563,
tanf,NM,part_gap,pop,total,2023,87000.0,count,,,,,
wic,NM,elig_pop,,total,2023,75000.0,count,86525.37744878019,87952.61971892735,11525.377448780186,1.153671699317069,children 0-4 WIC-eligible (PE covers pregnant/postpartum women too; excluded here)
wic,NM,elig_rate,pop,total,2023,0.713,share,,,,,
wic,NM,part_rate,pop,total,2023,0.387,share,0.4806920873035805,0.4806935431588791,0.09369208730358047,1.2420984168051175,
wic,NM,part_gap,pop,total,2023,46000.0,count,44933.31315819589,45674.363316130664,-1066.6868418041122,0.9768111556129541,
ctc_refund,NM,elig_units,,total,2023,92000.0,count,,,,,
ctc_refund,NM,elig_rate,units,total,2023,0.08,share,,,,,
eitc,NM,elig_units,,total,2023,149000.0,count,,,,,
eitc,NM,elig_rate,units,total,2023,0.13,share,,,,,
base,NM,spm_pov_rate_100,pop,total,2023,0.133,share,0.1272044131930962,0.1272027564528255,-0.005795586806903813,0.9564241593465879,annual 2024 SPM (Urban: 2023)
fullpart,NM,spm_pov_rate_100,pop,total,2023,0.094,share,0.1129692615809255,0.108909925425249,0.018969261580925503,1.2018006551162288,all takes_up_* + would_claim_wic forced True; PATCHED: would_claim_wic forced monthly (see RECONCILIATION.md)
ccdf,NY,elig_pop,,total,2023,897000.0,count,,,,,
ccdf,NY,elig_rate,pop,total,2023,0.314,share,,,,,
ccdf,NY,part_rate,pop,total,2023,0.101,share,,,,,
ccdf,NY,part_gap,pop,total,2023,806000.0,count,,,,,
housing,NY,elig_units,,total,2023,1592000.0,count,,,,,
housing,NY,elig_rate,units,total,2023,0.205,share,,,,,
housing,NY,part_rate,units,total,2023,0.329,share,,,,,
housing,NY,part_gap,units,total,2023,1068000.0,count,,,,,
liheap,NY,elig_units,,total,2023,2708000.0,count,,,,,
liheap,NY,elig_rate,units,total,2023,0.348,share,,,,,
liheap,NY,part_rate,units,total,2023,0.43,share,,,,,
liheap,NY,part_gap,units,total,2023,1544000.0,count,,,,,
snap,NY,elig_pop,,total,2023,4182000.0,count,5047225.664283209,5010297.717649563,865225.6642832085,1.206892793946248,"persons in SNAP-eligible SPM units, annual 2024 (Urban: avg-month people incl BBCE)"
snap,NY,elig_rate,pop,total,2023,0.221,share,,,,,
snap,NY,part_rate,pop,total,2023,0.649,share,0.9259423978313164,0.8988696357541184,0.27694239783131636,1.426721722390318,
snap,NY,part_gap,pop,total,2023,1469000.0,count,373785.4303010553,506693.2331662094,-1095214.5696989447,0.2544488974139246,
ssi,NY,elig_pop,,total,2023,949000.0,count,2233392.6265569353,2250889.7508840854,1284392.6265569353,2.3534168878366017,"adults 18+, PE is_ssi_eligible = ABD+resources+immigration WITHOUT income test (broader than Urban payable concept)"
ssi,NY,elig_rate,pop,total,2023,0.063,share,,,,,
ssi,NY,part_rate,pop,total,2023,0.551,share,0.2354144577624875,0.2374364909743327,-0.31558554223751256,0.4272494696233893,
ssi,NY,part_gap,pop,total,2023,426000.0,count,1707619.7124052965,1716446.3868640782,1281619.7124052965,4.008496977477222,
tanf,NY,elig_units,,total,2023,263000.0,count,,,,,
tanf,NY,elig_pop,,total,2023,690000.0,count,9634257.801897306,9793147.970650643,8944257.801897306,13.962692466517835,persons in DEMOGRAPHIC-tanf-eligible units — no income-tested national variable; Urban denom is full eligibility
tanf,NY,elig_rate,pop,total,2023,0.036,share,,,,,
tanf,NY,part_rate,pop,total,2023,0.442,share,0.1418959104528567,0.1355481747764256,-0.3001040895471433,0.321031471612798,
tanf,NY,part_gap,pop,total,2023,385000.0,count,,,,,
wic,NY,elig_pop,,total,2023,556000.0,count,398041.09707351733,404605.64881194074,-157958.90292648267,0.7159012537293478,children 0-4 WIC-eligible (PE covers pregnant/postpartum women too; excluded here)
wic,NY,elig_rate,pop,total,2023,0.541,share,,,,,
wic,NY,part_rate,pop,total,2023,0.596,share,0.4717471581450174,0.4717471694256882,-0.12425284185498259,0.7915220774245258,
wic,NY,part_gap,pop,total,2023,225000.0,count,210266.3407041605,213734.07925126364,-14733.65929583949,0.9345170697962689,
ctc_refund,NY,elig_units,,total,2023,608000.0,count,,,,,
ctc_refund,NY,elig_rate,units,total,2023,0.058,share,,,,,
eitc,NY,elig_units,,total,2023,1043000.0,count,,,,,
eitc,NY,elig_rate,units,total,2023,0.099,share,,,,,
base,NY,spm_pov_rate_100,pop,total,2023,0.155,share,0.1987970229825718,0.1857158146120394,0.04379702298257179,1.2825614385972375,annual 2024 SPM (Urban: 2023)
fullpart,NY,spm_pov_rate_100,pop,total,2023,0.094,share,0.1744600199511733,0.1609620867260561,0.0804600199511733,1.855957659055035,all takes_up_* + would_claim_wic forced True; PATCHED: would_claim_wic forced monthly (see RECONCILIATION.md)
ccdf,NC,elig_pop,,total,2023,311000.0,count,,,,,
ccdf,NC,elig_rate,pop,total,2023,0.186,share,,,,,
ccdf,NC,part_rate,pop,total,2023,0.127,share,,,,,
ccdf,NC,part_gap,pop,total,2023,272000.0,count,,,,,
housing,NC,elig_units,,total,2023,488000.0,count,,,,,
housing,NC,elig_rate,units,total,2023,0.112,share,,,,,
housing,NC,part_rate,units,total,2023,0.218,share,,,,,
housing,NC,part_gap,units,total,2023,381000.0,count,,,,,
liheap,NC,elig_units,,total,2023,736000.0,count,,,,,
liheap,NC,elig_rate,units,total,2023,0.168,share,,,,,
liheap,NC,part_rate,units,total,2023,0.275,share,,,,,
liheap,NC,part_gap,units,total,2023,534000.0,count,,,,,
snap,NC,elig_pop,,total,2023,2660000.0,count,2227052.5109498445,2190159.878342059,-432947.4890501555,0.8372377860713701,"persons in SNAP-eligible SPM units, annual 2024 (Urban: avg-month people incl BBCE)"
snap,NC,elig_rate,pop,total,2023,0.252,share,,,,,
snap,NC,part_rate,pop,total,2023,0.568,share,0.9486341641390872,0.9420007221248716,0.38063416413908724,1.6701305706674072,
snap,NC,part_gap,pop,total,2023,1149000.0,count,114394.41373108327,127027.6913749182,-1034605.5862689167,0.09955997713758336,
ssi,NC,elig_pop,,total,2023,359000.0,count,1441549.6730946498,1433489.9302019598,1082549.6730946498,4.0154586994279935,"adults 18+, PE is_ssi_eligible = ABD+resources+immigration WITHOUT income test (broader than Urban payable concept)"
ssi,NC,elig_rate,pop,total,2023,0.044,share,,,,,
ssi,NC,part_rate,pop,total,2023,0.501,share,0.1528976873911726,0.127471911164482,-0.3481023126088274,0.3051850047727996,
ssi,NC,part_gap,pop,total,2023,179000.0,count,1221140.061818977,1250760.229164076,1042140.0618189769,6.82201151854177,
tanf,NC,elig_units,,total,2023,160000.0,count,,,,,
tanf,NC,elig_pop,,total,2023,377000.0,count,5163927.458208624,5249092.030390036,4786927.458208624,13.697420313550728,persons in DEMOGRAPHIC-tanf-eligible units — no income-tested national variable; Urban denom is full eligibility
tanf,NC,elig_rate,pop,total,2023,0.036,share,,,,,
tanf,NC,part_rate,pop,total,2023,0.043,share,0.0030025250940923,0.0030025251358657,-0.039997474905907694,0.0698261649788907,
tanf,NC,part_gap,pop,total,2023,360000.0,count,,,,,
wic,NC,elig_pop,,total,2023,326000.0,count,325040.48400682077,330400.3722986539,-959.5159931792296,0.9970566994074257,children 0-4 WIC-eligible (PE covers pregnant/postpartum women too; excluded here)
wic,NC,elig_rate,pop,total,2023,0.548,share,,,,,
wic,NC,part_rate,pop,total,2023,0.603,share,0.6423286945756715,0.6423278828956105,0.03932869457567156,1.0652217157142148,
wic,NC,part_gap,pop,total,2023,129000.0,count,116257.65423047512,118175.00065213804,-12742.34576952488,0.9012221258176366,
ctc_refund,NC,elig_units,,total,2023,423000.0,count,,,,,
ctc_refund,NC,elig_rate,units,total,2023,0.075,share,,,,,
eitc,NC,elig_units,,total,2023,627000.0,count,,,,,
eitc,NC,elig_rate,units,total,2023,0.111,share,,,,,
base,NC,spm_pov_rate_100,pop,total,2023,0.133,share,0.1114923289946721,0.1079609271004078,-0.02150767100532791,0.8382881879298654,annual 2024 SPM (Urban: 2023)
fullpart,NC,spm_pov_rate_100,pop,total,2023,0.099,share,0.10237390448606,0.1005193628143232,0.003373904486059995,1.0340798432935352,all takes_up_* + would_claim_wic forced True; PATCHED: would_claim_wic forced monthly (see RECONCILIATION.md)
ccdf,ND,elig_pop,,total,2023,39000.0,count,,,,,
ccdf,ND,elig_rate,pop,total,2023,0.288,share,,,,,
ccdf,ND,part_rate,pop,total,2023,0.113,share,,,,,
ccdf,ND,part_gap,pop,total,2023,34000.0,count,,,,,
housing,ND,elig_units,,total,2023,41000.0,count,,,,,
housing,ND,elig_rate,units,total,2023,0.122,share,,,,,
housing,ND,part_rate,units,total,2023,0.261,share,,,,,
housing,ND,part_gap,units,total,2023,30000.0,count,,,,,
liheap,ND,elig_units,,total,2023,90000.0,count,,,,,
liheap,ND,elig_rate,units,total,2023,0.269,share,,,,,
liheap,ND,part_rate,units,total,2023,0.152,share,,,,,
liheap,ND,part_gap,units,total,2023,77000.0,count,,,,,
snap,ND,elig_pop,,total,2023,108000.0,count,52783.5698024407,47908.258600308385,-55216.4301975593,0.4887367574300065,"persons in SNAP-eligible SPM units, annual 2024 (Urban: avg-month people incl BBCE)"
snap,ND,elig_rate,pop,total,2023,0.144,share,,,,,
snap,ND,part_rate,pop,total,2023,0.393,share,1.0,1.0,0.607,2.544529262086514,
snap,ND,part_gap,pop,total,2023,66000.0,count,0.0,0.0,-66000.0,0.0,
ssi,ND,elig_pop,,total,2023,18000.0,count,55860.21238540931,54389.20276999469,37860.21238540931,3.1033451325227395,"adults 18+, PE is_ssi_eligible = ABD+resources+immigration WITHOUT income test (broader than Urban payable concept)"
ssi,ND,elig_rate,pop,total,2023,0.032,share,,,,,
ssi,ND,part_rate,pop,total,2023,0.366,share,0.1335826476565825,0.095473934688193,-0.23241735234341748,0.36497991163000687,
ssi,ND,part_gap,pop,total,2023,11000.0,count,48398.25731630731,49196.45157698933,37398.25731630731,4.399841574209756,
tanf,ND,elig_units,,total,2023,9000.0,count,,,,,
tanf,ND,elig_pop,,total,2023,22000.0,count,406932.05942011264,413643.2657561428,384932.05942011264,18.4969117918233,persons in DEMOGRAPHIC-tanf-eligible units — no income-tested national variable; Urban denom is full eligibility
tanf,ND,elig_rate,pop,total,2023,0.029,share,,,,,
tanf,ND,part_rate,pop,total,2023,0.058,share,0.0088233797851086,0.0088233796505885,-0.0491766202148914,0.1521272376742862,
tanf,ND,part_gap,pop,total,2023,20000.0,count,,,,,
wic,ND,elig_pop,,total,2023,17000.0,count,22023.543038936274,20699.753626171412,5023.543038936274,1.2955025317021338,children 0-4 WIC-eligible (PE covers pregnant/postpartum women too; excluded here)
wic,ND,elig_rate,pop,total,2023,0.363,share,,,,,
wic,ND,part_rate,pop,total,2023,0.494,share,0.4113720998105145,0.4448984457165632,-0.08262790018948551,0.832737044150839,
wic,ND,part_gap,pop,total,2023,9000.0,count,12963.67189374182,11490.465411171956,3963.671893741821,1.4404079881935357,
ctc_refund,ND,elig_units,,total,2023,21000.0,count,,,,,
ctc_refund,ND,elig_rate,units,total,2023,0.052,share,,,,,
eitc,ND,elig_units,,total,2023,33000.0,count,,,,,
eitc,ND,elig_rate,units,total,2023,0.083,share,,,,,
base,ND,spm_pov_rate_100,pop,total,2023,0.093,share,0.0705139708750553,0.0709018700797406,-0.022486029124944698,0.7582147405919925,annual 2024 SPM (Urban: 2023)
fullpart,ND,spm_pov_rate_100,pop,total,2023,0.066,share,0.0709017000237647,0.0709018168598794,0.0049017000237646935,1.074268182178253,all takes_up_* + would_claim_wic forced True; PATCHED: would_claim_wic forced monthly (see RECONCILIATION.md)
ccdf,OH,elig_pop,,total,2023,245000.0,count,,,,,
ccdf,OH,elig_rate,pop,total,2023,0.132,share,,,,,
ccdf,OH,part_rate,pop,total,2023,0.206,share,,,,,
ccdf,OH,part_gap,pop,total,2023,195000.0,count,,,,,
housing,OH,elig_units,,total,2023,653000.0,count,,,,,
housing,OH,elig_rate,units,total,2023,0.133,share,,,,,
housing,OH,part_rate,units,total,2023,0.302,share,,,,,
housing,OH,part_gap,units,total,2023,455000.0,count,,,,,
liheap,OH,elig_units,,total,2023,1363000.0,count,,,,,
liheap,OH,elig_rate,units,total,2023,0.278,share,,,,,
liheap,OH,part_rate,units,total,2023,0.196,share,,,,,
liheap,OH,part_gap,units,total,2023,1096000.0,count,,,,,
snap,OH,elig_pop,,total,2023,2316000.0,count,2092898.9138972124,2009476.8309820732,-223101.08610278764,0.9036696519418015,"persons in SNAP-eligible SPM units, annual 2024 (Urban: avg-month people incl BBCE)"
snap,OH,elig_rate,pop,total,2023,0.202,share,,,,,
snap,OH,part_rate,pop,total,2023,0.579,share,0.9615087738554684,0.9749875566577804,0.38250877385546844,1.6606369151217073,
snap,OH,part_gap,pop,total,2023,976000.0,count,80558.24539246224,50261.92538244231,-895441.7546075378,0.08253918585293263,
ssi,OH,elig_pop,,total,2023,424000.0,count,1305729.913334277,1306136.337715665,881729.913334277,3.0795516823921627,"adults 18+, PE is_ssi_eligible = ABD+resources+immigration WITHOUT income test (broader than Urban payable concept)"
ssi,OH,elig_rate,pop,total,2023,0.048,share,,,,,
ssi,OH,part_rate,pop,total,2023,0.572,share,0.1924396165947542,0.1800144918326732,-0.3795603834052458,0.3364328961446752,
ssi,OH,part_gap,pop,total,2023,181000.0,count,1054455.749435927,1071012.868617591,873455.749435927,5.825722372574182,
tanf,OH,elig_units,,total,2023,190000.0,count,,,,,
tanf,OH,elig_pop,,total,2023,476000.0,count,5636469.978183484,5729427.762165872,5160469.978183484,11.841323483578748,persons in DEMOGRAPHIC-tanf-eligible units — no income-tested national variable; Urban denom is full eligibility
tanf,OH,elig_rate,pop,total,2023,0.042,share,,,,,
tanf,OH,part_rate,pop,total,2023,0.15,share,0.0241444337045791,0.0153821095437245,-0.12585556629542088,0.16096289136386066,
tanf,OH,part_gap,pop,total,2023,404000.0,count,,,,,
wic,OH,elig_pop,,total,2023,288000.0,count,395693.4838354688,349496.70698595955,107693.48383546883,1.3739357077620444,children 0-4 WIC-eligible (PE covers pregnant/postpartum women too; excluded here)
wic,OH,elig_rate,pop,total,2023,0.441,share,,,,,
wic,OH,part_rate,pop,total,2023,0.473,share,0.593275795200975,0.5972395823536097,0.12027579520097498,1.2542828651183404,
wic,OH,part_gap,pop,total,2023,152000.0,count,160938.11755713692,140763.43967170315,8938.117557136924,1.0588034049811639,
ctc_refund,OH,elig_units,,total,2023,420000.0,count,,,,,
ctc_refund,OH,elig_rate,units,total,2023,0.067,share,,,,,
eitc,OH,elig_units,,total,2023,699000.0,count,,,,,
eitc,OH,elig_rate,units,total,2023,0.112,share,,,,,
base,OH,spm_pov_rate_100,pop,total,2023,0.113,share,0.0706623567131209,0.0706620728520488,-0.0423376432868791,0.6253305903816009,annual 2024 SPM (Urban: 2023)
fullpart,OH,spm_pov_rate_100,pop,total,2023,0.077,share,0.0695014482181457,0.0734859023190628,-0.007498551781854296,0.9026162106252689,all takes_up_* + would_claim_wic forced True; PATCHED: would_claim_wic forced monthly (see RECONCILIATION.md)
ccdf,OK,elig_pop,,total,2023,198000.0,count,,,,,
ccdf,OK,elig_rate,pop,total,2023,0.28,share,,,,,
ccdf,OK,part_rate,pop,total,2023,0.147,share,,,,,
ccdf,OK,part_gap,pop,total,2023,168000.0,count,,,,,
housing,OK,elig_units,,total,2023,203000.0,count,,,,,
housing,OK,elig_rate,units,total,2023,0.128,share,,,,,
housing,OK,part_rate,units,total,2023,0.232,share,,,,,
housing,OK,part_gap,units,total,2023,156000.0,count,,,,,
liheap,OK,elig_units,,total,2023,281000.0,count,,,,,
liheap,OK,elig_rate,units,total,2023,0.177,share,,,,,
liheap,OK,part_rate,units,total,2023,0.391,share,,,,,
liheap,OK,part_gap,units,total,2023,171000.0,count,,,,,
snap,OK,elig_pop,,total,2023,782000.0,count,908900.7697280789,912282.3702540162,126900.76972807886,1.1622771991407659,"persons in SNAP-eligible SPM units, annual 2024 (Urban: avg-month people incl BBCE)"
snap,OK,elig_rate,pop,total,2023,0.199,share,,,,,
snap,OK,part_rate,pop,total,2023,0.835,share,1.0,1.0,0.16500000000000004,1.1976047904191618,
snap,OK,part_gap,pop,total,2023,129000.0,count,0.0,0.0,-129000.0,0.0,
ssi,OK,elig_pop,,total,2023,164000.0,count,524953.9262233466,517034.5488452208,360953.9262233466,3.2009385745326013,"adults 18+, PE is_ssi_eligible = ABD+resources+immigration WITHOUT income test (broader than Urban payable concept)"
ssi,OK,elig_rate,pop,total,2023,0.055,share,,,,,
ssi,OK,part_rate,pop,total,2023,0.488,share,0.1465312450835146,0.1351984303113862,-0.34146875491648543,0.3002689448432676,
ssi,OK,part_gap,pop,total,2023,84000.0,count,448031.77380236017,447132.2894245912,364031.77380236017,5.3337115928852405,
tanf,OK,elig_units,,total,2023,61000.0,count,,,,,
tanf,OK,elig_pop,,total,2023,148000.0,count,2009952.5241477152,2043101.07295763,1861952.5241477152,13.580760298295372,persons in DEMOGRAPHIC-tanf-eligible units — no income-tested national variable; Urban denom is full eligibility
tanf,OK,elig_rate,pop,total,2023,0.038,share,,,,,
tanf,OK,part_rate,pop,total,2023,0.052,share,0.0,0.0,-0.052,0.0,
tanf,OK,part_gap,pop,total,2023,140000.0,count,,,,,
wic,OK,elig_pop,,total,2023,125000.0,count,154068.59451482404,156609.4289039756,29068.594514824043,1.2325487561185924,children 0-4 WIC-eligible (PE covers pregnant/postpartum women too; excluded here)
wic,OK,elig_rate,pop,total,2023,0.529,share,,,,,
wic,OK,part_rate,pop,total,2023,0.605,share,0.5317910326043173,0.5317913524143649,-0.07320896739568272,0.8789934423211856,
wic,OK,part_gap,pop,total,2023,49000.0,count,72136.29754588992,73325.8889062891,23136.297545889916,1.4721693376712228,
ctc_refund,OK,elig_units,,total,2023,187000.0,count,,,,,
ctc_refund,OK,elig_rate,units,total,2023,0.092,share,,,,,
eitc,OK,elig_units,,total,2023,271000.0,count,,,,,
eitc,OK,elig_rate,units,total,2023,0.133,share,,,,,
base,OK,spm_pov_rate_100,pop,total,2023,0.138,share,0.1028076790130778,0.0994159983472433,-0.03519232098692221,0.7449831812541869,annual 2024 SPM (Urban: 2023)
fullpart,OK,spm_pov_rate_100,pop,total,2023,0.11,share,0.1031049128526392,0.1025359017206262,-0.006895087147360798,0.9373173895694473,all takes_up_* + would_claim_wic forced True; PATCHED: would_claim_wic forced monthly (see RECONCILIATION.md)
ccdf,OR,elig_pop,,total,2023,93000.0,count,,,,,
ccdf,OR,elig_rate,pop,total,2023,0.158,share,,,,,
ccdf,OR,part_rate,pop,total,2023,0.178,share,,,,,
ccdf,OR,part_gap,pop,total,2023,76000.0,count,,,,,
housing,OR,elig_units,,total,2023,226000.0,count,,,,,
housing,OR,elig_rate,units,total,2023,0.13,share,,,,,
housing,OR,part_rate,units,total,2023,0.22,share,,,,,
housing,OR,part_gap,units,total,2023,176000.0,count,,,,,
liheap,OR,elig_units,,total,2023,542000.0,count,,,,,
liheap,OR,elig_rate,units,total,2023,0.311,share,,,,,
liheap,OR,part_rate,units,total,2023,0.106,share,,,,,
liheap,OR,part_gap,units,total,2023,484000.0,count,,,,,
snap,OR,elig_pop,,total,2023,930000.0,count,1120118.9148677262,1090718.2573447204,190118.91486772615,1.2044289407179851,"persons in SNAP-eligible SPM units, annual 2024 (Urban: avg-month people incl BBCE)"
snap,OR,elig_rate,pop,total,2023,0.225,share,,,,,
snap,OR,part_rate,pop,total,2023,0.726,share,0.9058086496747396,0.91062282318346,0.17980864967473964,1.2476703163563907,
snap,OR,part_gap,pop,total,2023,254000.0,count,105505.51311625668,97485.3185437274,-148494.48688374332,0.4153760358907743,
ssi,OR,elig_pop,,total,2023,140000.0,count,480482.4646704147,482746.3097018505,340482.4646704147,3.432017604788676,"adults 18+, PE is_ssi_eligible = ABD+resources+immigration WITHOUT income test (broader than Urban payable concept)"
ssi,OR,elig_rate,pop,total,2023,0.042,share,,,,,
ssi,OR,part_rate,pop,total,2023,0.523,share,0.151958408181183,0.1537383613595062,-0.371041591818817,0.29055144967721414,
ssi,OR,part_gap,pop,total,2023,67000.0,count,407469.1141801269,408529.68309593934,340469.1141801269,6.081628569852641,
tanf,OR,elig_units,,total,2023,36000.0,count,,,,,
tanf,OR,elig_pop,,total,2023,88000.0,count,1910351.4716072888,1941857.389127652,1822351.4716072888,21.708539450082828,persons in DEMOGRAPHIC-tanf-eligible units — no income-tested national variable; Urban denom is full eligibility
tanf,OR,elig_rate,pop,total,2023,0.021,share,,,,,
tanf,OR,part_rate,pop,total,2023,0.466,share,0.0,0.0,-0.466,0.0,
tanf,OR,part_gap,pop,total,2023,47000.0,count,,,,,
wic,OR,elig_pop,,total,2023,85000.0,count,93179.53962678718,80329.66269678203,8179.539626787184,1.0962298779622022,children 0-4 WIC-eligible (PE covers pregnant/postpartum women too; excluded here)
wic,OR,elig_rate,pop,total,2023,0.428,share,,,,,
wic,OR,part_rate,pop,total,2023,0.721,share,0.7228816071667629,0.7627983726825363,0.0018816071667628886,1.0026097186778957,
wic,OR,part_gap,pop,total,2023,24000.0,count,25821.764266316197,19054.32671353966,1821.7642663161969,1.0759068444298416,
ctc_refund,OR,elig_units,,total,2023,132000.0,count,,,,,
ctc_refund,OR,elig_rate,units,total,2023,0.057,share,,,,,
eitc,OR,elig_units,,total,2023,226000.0,count,,,,,
eitc,OR,elig_rate,units,total,2023,0.097,share,,,,,
base,OR,spm_pov_rate_100,pop,total,2023,0.143,share,0.1636827866611663,0.1862185523448312,0.020682786661166325,1.1446348717564079,annual 2024 SPM (Urban: 2023)
fullpart,OR,spm_pov_rate_100,pop,total,2023,0.104,share,0.1636660902797228,0.1862181565349577,0.05966609027972279,1.5737124065357961,all takes_up_* + would_claim_wic forced True; PATCHED: would_claim_wic forced monthly (see RECONCILIATION.md)
ccdf,PA,elig_pop,,total,2023,301000.0,count,,,,,
ccdf,PA,elig_rate,pop,total,2023,0.159,share,,,,,
ccdf,PA,part_rate,pop,total,2023,0.285,share,,,,,
ccdf,PA,part_gap,pop,total,2023,215000.0,count,,,,,
housing,PA,elig_units,,total,2023,661000.0,count,,,,,
housing,PA,elig_rate,units,total,2023,0.124,share,,,,,
housing,PA,part_rate,units,total,2023,0.294,share,,,,,
housing,PA,part_gap,units,total,2023,466000.0,count,,,,,
liheap,PA,elig_units,,total,2023,915000.0,count,,,,,
liheap,PA,elig_rate,units,total,2023,0.172,share,,,,,
liheap,PA,part_rate,units,total,2023,0.335,share,,,,,
liheap,PA,part_gap,units,total,2023,609000.0,count,,,,,
snap,PA,elig_pop,,total,2023,2943000.0,count,3012324.715263579,2922509.145276037,69324.71526357904,1.0235557985944883,"persons in SNAP-eligible SPM units, annual 2024 (Urban: avg-month people incl BBCE)"
snap,PA,elig_rate,pop,total,2023,0.235,share,,,,,
snap,PA,part_rate,pop,total,2023,0.599,share,0.941926153428168,0.9391543325411909,0.342926153428168,1.5724977519668915,
snap,PA,part_gap,pop,total,2023,1180000.0,count,174937.28333875444,177822.01959879417,-1005062.7166612456,0.14825193503284276,
ssi,PA,elig_pop,,total,2023,490000.0,count,1681928.5946922011,1663795.4480412717,1191928.5946922011,3.432507336106533,"adults 18+, PE is_ssi_eligible = ABD+resources+immigration WITHOUT income test (broader than Urban payable concept)"
ssi,PA,elig_rate,pop,total,2023,0.049,share,,,,,
ssi,PA,part_rate,pop,total,2023,0.563,share,0.1776942112947382,0.1560200973486774,-0.3853057887052618,0.3156202687295528,
ssi,PA,part_gap,pop,total,2023,214000.0,count,1383059.619604303,1404209.920269586,1169059.619604303,6.462895418711696,
tanf,PA,elig_units,,total,2023,150000.0,count,,,,,
tanf,PA,elig_pop,,total,2023,363000.0,count,6088245.5658227755,6188654.196162911,5725245.5658227755,16.772026352128858,persons in DEMOGRAPHIC-tanf-eligible units — no income-tested national variable; Urban denom is full eligibility
tanf,PA,elig_rate,pop,total,2023,0.029,share,,,,,
tanf,PA,part_rate,pop,total,2023,0.183,share,0.0040495047287149,0.0040495042103452,-0.1789504952712851,0.022128441140518578,
tanf,PA,part_gap,pop,total,2023,296000.0,count,,,,,
wic,PA,elig_pop,,total,2023,336000.0,count,300930.5211081039,305893.2654186014,-35069.478891896084,0.895626550916976,children 0-4 WIC-eligible (PE covers pregnant/postpartum women too; excluded here)
wic,PA,elig_rate,pop,total,2023,0.508,share,,,,,
wic,PA,part_rate,pop,total,2023,0.405,share,0.4393409545824867,0.4393405222030783,0.03434095458248665,1.0847924804505844,
wic,PA,part_gap,pop,total,2023,200000.0,count,168719.41870146437,171501.95845118823,-31280.58129853563,0.8435970935073218,
ctc_refund,PA,elig_units,,total,2023,401000.0,count,,,,,
ctc_refund,PA,elig_rate,units,total,2023,0.059,share,,,,,
eitc,PA,elig_units,,total,2023,670000.0,count,,,,,
eitc,PA,elig_rate,units,total,2023,0.098,share,,,,,
base,PA,spm_pov_rate_100,pop,total,2023,0.12,share,0.110328280799505,0.1080616508088504,-0.009671719200494991,0.9194023399958751,annual 2024 SPM (Urban: 2023)
fullpart,PA,spm_pov_rate_100,pop,total,2023,0.083,share,0.1116285777652554,0.1093618558734143,0.02862857776525539,1.3449226236777758,all takes_up_* + would_claim_wic forced True; PATCHED: would_claim_wic forced monthly (see RECONCILIATION.md)
ccdf,RI,elig_pop,,total,2023,21000.0,count,,,,,
ccdf,RI,elig_rate,pop,total,2023,0.145,share,,,,,
ccdf,RI,part_rate,pop,total,2023,0.252,share,,,,,
ccdf,RI,part_gap,pop,total,2023,16000.0,count,,,,,
housing,RI,elig_units,,total,2023,70000.0,count,,,,,
housing,RI,elig_rate,units,total,2023,0.156,share,,,,,
housing,RI,part_rate,units,total,2023,0.503,share,,,,,
housing,RI,part_gap,units,total,2023,35000.0,count,,,,,
liheap,RI,elig_units,,total,2023,120000.0,count,,,,,
liheap,RI,elig_rate,units,total,2023,0.268,share,,,,,
liheap,RI,part_rate,units,total,2023,0.216,share,,,,,
liheap,RI,part_gap,units,total,2023,94000.0,count,,,,,
snap,RI,elig_pop,,total,2023,212000.0,count,179800.91250032312,173628.98620795895,-32199.087499676883,0.848117511793977,"persons in SNAP-eligible SPM units, annual 2024 (Urban: avg-month people incl BBCE)"
snap,RI,elig_rate,pop,total,2023,0.202,share,,,,,
snap,RI,part_rate,pop,total,2023,0.652,share,1.0,1.0,0.348,1.5337423312883436,
snap,RI,part_gap,pop,total,2023,74000.0,count,0.0,0.0,-74000.0,0.0,
ssi,RI,elig_pop,,total,2023,43000.0,count,122612.00029126208,119765.10136941672,79612.00029126208,2.8514418672386532,"adults 18+, PE is_ssi_eligible = ABD+resources+immigration WITHOUT income test (broader than Urban payable concept)"
ssi,RI,elig_rate,pop,total,2023,0.05,share,,,,,
ssi,RI,part_rate,pop,total,2023,0.633,share,0.2595214301221474,0.2700722577634131,-0.3734785698778526,0.4099864614883845,
ssi,RI,part_gap,pop,total,2023,16000.0,count,90791.5586255366,87419.87004131431,74791.5586255366,5.674472414096038,
tanf,RI,elig_units,,total,2023,15000.0,count,,,,,
tanf,RI,elig_pop,,total,2023,34000.0,count,529239.7566898272,537968.0901029753,495239.7566898272,15.565875196759624,persons in DEMOGRAPHIC-tanf-eligible units — no income-tested national variable; Urban denom is full eligibility
tanf,RI,elig_rate,pop,total,2023,0.032,share,,,,,
tanf,RI,part_rate,pop,total,2023,0.239,share,0.0333226288615257,0.0240525238739231,-0.20567737113847429,0.13942522536203222,
tanf,RI,part_gap,pop,total,2023,26000.0,count,,,,,
wic,RI,elig_pop,,total,2023,25000.0,count,35110.31500247728,34542.926074493924,10110.315002477277,1.404412600099091,children 0-4 WIC-eligible (PE covers pregnant/postpartum women too; excluded here)
wic,RI,elig_rate,pop,total,2023,0.479,share,,,,,
wic,RI,part_rate,pop,total,2023,0.538,share,0.5536989247558682,0.5388867643870009,0.015698924755868204,1.0291801575387884,
wic,RI,part_gap,pop,total,2023,12000.0,count,15669.771337765778,15928.200409750529,3669.7713377657783,1.3058142781471482,
ctc_refund,RI,elig_units,,total,2023,28000.0,count,,,,,
ctc_refund,RI,elig_rate,units,total,2023,0.046,share,,,,,
eitc,RI,elig_units,,total,2023,50000.0,count,,,,,
eitc,RI,elig_rate,units,total,2023,0.082,share,,,,,
base,RI,spm_pov_rate_100,pop,total,2023,0.106,share,0.1355431741475872,0.1201567451806707,0.02954317414758721,1.2787091900715775,annual 2024 SPM (Urban: 2023)
fullpart,RI,spm_pov_rate_100,pop,total,2023,0.071,share,0.0910296780116296,0.0756431332466288,0.02002967801162961,1.2821081410088677,all takes_up_* + would_claim_wic forced True; PATCHED: would_claim_wic forced monthly (see RECONCILIATION.md)
ccdf,SC,elig_pop,,total,2023,217000.0,count,,,,,
ccdf,SC,elig_rate,pop,total,2023,0.263,share,,,,,
ccdf,SC,part_rate,pop,total,2023,0.103,share,,,,,
ccdf,SC,part_gap,pop,total,2023,194000.0,count,,,,,
housing,SC,elig_units,,total,2023,220000.0,count,,,,,
housing,SC,elig_rate,units,total,2023,0.101,share,,,,,
housing,SC,part_rate,units,total,2023,0.256,share,,,,,
housing,SC,part_gap,units,total,2023,164000.0,count,,,,,
liheap,SC,elig_units,,total,2023,580000.0,count,,,,,
liheap,SC,elig_rate,units,total,2023,0.267,share,,,,,
liheap,SC,part_rate,units,total,2023,0.084,share,,,,,
liheap,SC,part_gap,units,total,2023,532000.0,count,,,,,
snap,SC,elig_pop,,total,2023,1137000.0,count,762068.9962729041,742430.6143078374,-374931.0037270959,0.6702453793077433,"persons in SNAP-eligible SPM units, annual 2024 (Urban: avg-month people incl BBCE)"
snap,SC,elig_rate,pop,total,2023,0.217,share,,,,,
snap,SC,part_rate,pop,total,2023,0.462,share,0.975013463115204,0.9739297850982156,0.5130134631152039,2.1104187513316104,
snap,SC,part_gap,pop,total,2023,612000.0,count,19041.465084132273,19355.32566466916,-592958.5349158677,0.03111350503943182,
ssi,SC,elig_pop,,total,2023,202000.0,count,637389.0706170886,647582.8143002915,435389.0706170886,3.1553914386984583,"adults 18+, PE is_ssi_eligible = ABD+resources+immigration WITHOUT income test (broader than Urban payable concept)"
ssi,SC,elig_rate,pop,total,2023,0.049,share,,,,,
ssi,SC,part_rate,pop,total,2023,0.439,share,0.1628125896206276,0.1628925941890762,-0.2761874103793724,0.3708715025526825,
ssi,SC,part_gap,pop,total,2023,113000.0,count,533614.1054340353,542096.3697266541,420614.1054340353,4.7222487206551795,
tanf,SC,elig_units,,total,2023,105000.0,count,,,,,
tanf,SC,elig_pop,,total,2023,278000.0,count,2685321.277238128,2729608.149280932,2407321.277238128,9.65942905481341,persons in DEMOGRAPHIC-tanf-eligible units — no income-tested national variable; Urban denom is full eligibility
tanf,SC,elig_rate,pop,total,2023,0.053,share,,,,,
tanf,SC,part_rate,pop,total,2023,0.045,share,0.0184700104364176,0.0184700097194545,-0.0265299895635824,0.41044467636483556,
tanf,SC,part_gap,pop,total,2023,266000.0,count,,,,,
wic,SC,elig_pop,,total,2023,166000.0,count,174075.05824836934,176945.93830621944,8075.058248369343,1.0486449292070443,children 0-4 WIC-eligible (PE covers pregnant/postpartum women too; excluded here)
wic,SC,elig_rate,pop,total,2023,0.578,share,,,,,
wic,SC,part_rate,pop,total,2023,0.447,share,0.4204938198792571,0.4204938167192911,-0.026506180120742906,0.9407020578954297,
wic,SC,part_gap,pop,total,2023,92000.0,count,100877.57205980831,102541.265354861,8877.572059808313,1.0964953484761772,
ctc_refund,SC,elig_units,,total,2023,217000.0,count,,,,,
ctc_refund,SC,elig_rate,units,total,2023,0.077,share,,,,,
eitc,SC,elig_units,,total,2023,354000.0,count,,,,,
eitc,SC,elig_rate,units,total,2023,0.126,share,,,,,
base,SC,spm_pov_rate_100,pop,total,2023,0.144,share,0.0915554723097641,0.0915554677872886,-0.05244452769023589,0.6358018910400285,annual 2024 SPM (Urban: 2023)
fullpart,SC,spm_pov_rate_100,pop,total,2023,0.096,share,0.0947994544628593,0.0947996933286809,-0.0012005455371407042,0.987494317321451,all takes_up_* + would_claim_wic forced True; PATCHED: would_claim_wic forced monthly (see RECONCILIATION.md)
ccdf,SD,elig_pop,,total,2023,28000.0,count,,,,,
ccdf,SD,elig_rate,pop,total,2023,0.181,share,,,,,
ccdf,SD,part_rate,pop,total,2023,0.108,share,,,,,
ccdf,SD,part_gap,pop,total,2023,25000.0,count,,,,,
housing,SD,elig_units,,total,2023,43000.0,count,,,,,
housing,SD,elig_rate,units,total,2023,0.113,share,,,,,
housing,SD,part_rate,units,total,2023,0.272,share,,,,,
housing,SD,part_gap,units,total,2023,31000.0,count,,,,,
liheap,SD,elig_units,,total,2023,97000.0,count,,,,,
liheap,SD,elig_rate,units,total,2023,0.259,share,,,,,
liheap,SD,part_rate,units,total,2023,0.244,share,,,,,
liheap,SD,part_gap,units,total,2023,74000.0,count,,,,,
snap,SD,elig_pop,,total,2023,125000.0,count,101568.9902555056,103244.07417560028,-23431.009744494397,0.8125519220440448,"persons in SNAP-eligible SPM units, annual 2024 (Urban: avg-month people incl BBCE)"
snap,SD,elig_rate,pop,total,2023,0.141,share,,,,,
snap,SD,part_rate,pop,total,2023,0.564,share,0.99999793237809,0.9999979323777888,0.43599793237809004,1.7730459793937767,
snap,SD,part_gap,pop,total,2023,54000.0,count,0.2100062696263194,0.2134697409346699,-53999.789993730374,3.889004993079989e-06,
ssi,SD,elig_pop,,total,2023,22000.0,count,77529.77081500896,75643.70460033903,55529.77081500896,3.524080491591316,"adults 18+, PE is_ssi_eligible = ABD+resources+immigration WITHOUT income test (broader than Urban payable concept)"
ssi,SD,elig_rate,pop,total,2023,0.033,share,,,,,
ssi,SD,part_rate,pop,total,2023,0.539,share,0.165753186068853,0.1725912487501412,-0.373246813931147,0.30751982573071057,
ssi,SD,part_gap,pop,total,2023,10000.0,count,64678.96428723325,62588.26316327971,54678.96428723325,6.467896428723325,
tanf,SD,elig_units,,total,2023,13000.0,count,,,,,
tanf,SD,elig_pop,,total,2023,33000.0,count,498931.31564158975,507159.7957584104,465931.31564158975,15.11913077701787,persons in DEMOGRAPHIC-tanf-eligible units — no income-tested national variable; Urban denom is full eligibility
tanf,SD,elig_rate,pop,total,2023,0.037,share,,,,,
tanf,SD,part_rate,pop,total,2023,0.141,share,0.0066982025999234,0.0065762742861756,-0.13430179740007658,0.04750498297818015,
tanf,SD,part_gap,pop,total,2023,28000.0,count,,,,,
wic,SD,elig_pop,,total,2023,20000.0,count,24002.054317864357,22538.896738887823,4002.0543178643566,1.2001027158932178,children 0-4 WIC-eligible (PE covers pregnant/postpartum women too; excluded here)
wic,SD,elig_rate,pop,total,2023,0.361,share,,,,,
wic,SD,part_rate,pop,total,2023,0.607,share,0.7789007646998695,0.8431443687420195,0.17190076469986948,1.2831973059305923,
wic,SD,part_gap,pop,total,2023,8000.0,count,5306.835855312005,3535.3528758366883,-2693.164144687995,0.6633544819140006,
ctc_refund,SD,elig_units,,total,2023,34000.0,count,,,,,
ctc_refund,SD,elig_rate,units,total,2023,0.073,share,,,,,
eitc,SD,elig_units,,total,2023,50000.0,count,,,,,
eitc,SD,elig_rate,units,total,2023,0.109,share,,,,,
base,SD,spm_pov_rate_100,pop,total,2023,0.101,share,0.0898894163880153,0.0898569352072883,-0.011110583611984706,0.8899942216635177,annual 2024 SPM (Urban: 2023)
fullpart,SD,spm_pov_rate_100,pop,total,2023,0.065,share,0.0849212538913878,0.0848973788112081,0.019921253891387797,1.3064808290982737,all takes_up_* + would_claim_wic forced True; PATCHED: would_claim_wic forced monthly (see RECONCILIATION.md)
ccdf,TN,elig_pop,,total,2023,166000.0,count,,,,,
ccdf,TN,elig_rate,pop,total,2023,0.147,share,,,,,
ccdf,TN,part_rate,pop,total,2023,0.133,share,,,,,
ccdf,TN,part_gap,pop,total,2023,144000.0,count,,,,,
housing,TN,elig_units,,total,2023,326000.0,count,,,,,
housing,TN,elig_rate,units,total,2023,0.113,share,,,,,
housing,TN,part_rate,units,total,2023,0.287,share,,,,,
housing,TN,part_gap,units,total,2023,232000.0,count,,,,,
liheap,TN,elig_units,,total,2023,765000.0,count,,,,,
liheap,TN,elig_rate,units,total,2023,0.265,share,,,,,
liheap,TN,part_rate,units,total,2023,0.154,share,,,,,
liheap,TN,part_gap,units,total,2023,647000.0,count,,,,,
snap,TN,elig_pop,,total,2023,1167000.0,count,995966.94595269,1048404.3766749012,-171033.05404731003,0.85344211307,"persons in SNAP-eligible SPM units, annual 2024 (Urban: avg-month people incl BBCE)"
snap,TN,elig_rate,pop,total,2023,0.167,share,,,,,
snap,TN,part_rate,pop,total,2023,0.589,share,1.0,1.0,0.41100000000000003,1.697792869269949,
snap,TN,part_gap,pop,total,2023,480000.0,count,0.0,0.0,-480000.0,0.0,
ssi,TN,elig_pop,,total,2023,257000.0,count,660774.8243983898,671672.4405691915,403774.8243983898,2.5711082661415947,"adults 18+, PE is_ssi_eligible = ABD+resources+immigration WITHOUT income test (broader than Urban payable concept)"
ssi,TN,elig_rate,pop,total,2023,0.047,share,,,,,
ssi,TN,part_rate,pop,total,2023,0.532,share,0.2382040347307128,0.213917445877398,-0.2937959652692872,0.44775194498254284,
ssi,TN,part_gap,pop,total,2023,120000.0,count,503375.59517821507,527989.9876163916,383375.59517821507,4.194796626485125,
tanf,TN,elig_units,,total,2023,168000.0,count,,,,,
tanf,TN,elig_pop,,total,2023,438000.0,count,3683069.8062721314,3743811.728910443,3245069.8062721314,8.408835174137286,persons in DEMOGRAPHIC-tanf-eligible units — no income-tested national variable; Urban denom is full eligibility
tanf,TN,elig_rate,pop,total,2023,0.063,share,,,,,
tanf,TN,part_rate,pop,total,2023,0.067,share,0.032798068487285,0.0139669712599126,-0.03420193151271501,0.489523410257985,
tanf,TN,part_gap,pop,total,2023,408000.0,count,,,,,
wic,TN,elig_pop,,total,2023,223000.0,count,205483.22429943865,208871.9724354741,-17516.775700561353,0.9214494363203527,children 0-4 WIC-eligible (PE covers pregnant/postpartum women too; excluded here)
wic,TN,elig_rate,pop,total,2023,0.547,share,,,,,
wic,TN,part_rate,pop,total,2023,0.445,share,0.4339696450721887,0.4339696330755707,-0.011030354927811292,0.9752126855554802,
wic,TN,part_gap,pop,total,2023,124000.0,count,116309.74238192232,118227.87919788068,-7690.257618077681,0.9379817934025994,
ctc_refund,TN,elig_units,,total,2023,293000.0,count,,,,,
ctc_refund,TN,elig_rate,units,total,2023,0.079,share,,,,,
eitc,TN,elig_units,,total,2023,447000.0,count,,,,,
eitc,TN,elig_rate,units,total,2023,0.12,share,,,,,
base,TN,spm_pov_rate_100,pop,total,2023,0.141,share,0.1416282252591057,0.1459077145803139,0.0006282252591057191,1.00445549829153,annual 2024 SPM (Urban: 2023)
fullpart,TN,spm_pov_rate_100,pop,total,2023,0.105,share,0.1428271491640971,0.147868370348192,0.037827149164097115,1.3602585634675917,all takes_up_* + would_claim_wic forced True; PATCHED: would_claim_wic forced monthly (see RECONCILIATION.md)
ccdf,TX,elig_pop,,total,2023,1355000.0,count,,,,,
ccdf,TX,elig_rate,pop,total,2023,0.249,share,,,,,
ccdf,TX,part_rate,pop,total,2023,0.117,share,,,,,
ccdf,TX,part_gap,pop,total,2023,1197000.0,count,,,,,
housing,TX,elig_units,,total,2023,1390000.0,count,,,,,
housing,TX,elig_rate,units,total,2023,0.123,share,,,,,
housing,TX,part_rate,units,total,2023,0.178,share,,,,,
housing,TX,part_gap,units,total,2023,1142000.0,count,,,,,
liheap,TX,elig_units,,total,2023,3262000.0,count,,,,,
liheap,TX,elig_rate,units,total,2023,0.289,share,,,,,
liheap,TX,part_rate,units,total,2023,0.033,share,,,,,
liheap,TX,part_gap,units,total,2023,3156000.0,count,,,,,
snap,TX,elig_pop,,total,2023,6411000.0,count,4945001.867038015,4851091.603018003,-1465998.1329619847,0.771330816883172,"persons in SNAP-eligible SPM units, annual 2024 (Urban: avg-month people incl BBCE)"
snap,TX,elig_rate,pop,total,2023,0.215,share,,,,,
snap,TX,part_rate,pop,total,2023,0.51,share,0.9999999910654084,0.9999999918598124,0.48999999106540837,1.960784296206683,
snap,TX,part_gap,pop,total,2023,3140000.0,count,0.0441815722733736,0.0394887961447238,-3139999.9558184277,1.4070564418271847e-08,
ssi,TX,elig_pop,,total,2023,1000000.0,count,2242673.4764028373,2212894.878468867,1242673.4764028373,2.242673476402837,"adults 18+, PE is_ssi_eligible = ABD+resources+immigration WITHOUT income test (broader than Urban payable concept)"
ssi,TX,elig_rate,pop,total,2023,0.045,share,,,,,
ssi,TX,part_rate,pop,total,2023,0.471,share,0.1490831566703084,0.1494650686258191,-0.3219168433296916,0.31652474876923226,
ssi,TX,part_gap,pop,total,2023,529000.0,count,1908328.635159928,1882144.393596794,1379328.635159928,3.6074265314932474,
tanf,TX,elig_units,,total,2023,384000.0,count,,,,,
tanf,TX,elig_pop,,total,2023,953000.0,count,17883701.34091797,18178643.006973736,16930701.34091797,18.76568871030217,persons in DEMOGRAPHIC-tanf-eligible units — no income-tested national variable; Urban denom is full eligibility
tanf,TX,elig_rate,pop,total,2023,0.032,share,,,,,
tanf,TX,part_rate,pop,total,2023,0.019,share,0.0,0.0,-0.019,0.0,
tanf,TX,part_gap,pop,total,2023,935000.0,count,,,,,
wic,TX,elig_pop,,total,2023,1089000.0,count,833650.4815113764,809543.0555108798,-255349.51848862355,0.7655192667689408,children 0-4 WIC-eligible (PE covers pregnant/postpartum women too; excluded here)
wic,TX,elig_rate,pop,total,2023,0.569,share,,,,,
wic,TX,part_rate,pop,total,2023,0.518,share,0.4807806387886852,0.485802032405043,-0.037219361211314805,0.9281479513295081,
wic,TX,part_gap,pop,total,2023,525000.0,count,432847.47048384184,416265.39382430585,-92152.52951615816,0.824471372350175,
ctc_refund,TX,elig_units,,total,2023,1320000.0,count,,,,,
ctc_refund,TX,elig_rate,units,total,2023,0.087,share,,,,,
eitc,TX,elig_units,,total,2023,1835000.0,count,,,,,
eitc,TX,elig_rate,units,total,2023,0.122,share,,,,,
base,TX,spm_pov_rate_100,pop,total,2023,0.16,share,0.1505770489637916,0.1423704661275417,-0.00942295103620841,0.9411065560236974,annual 2024 SPM (Urban: 2023)
fullpart,TX,spm_pov_rate_100,pop,total,2023,0.095,share,0.1656399994990224,0.1648078838977158,0.07063999949902239,1.7435789420949726,all takes_up_* + would_claim_wic forced True; PATCHED: would_claim_wic forced monthly (see RECONCILIATION.md)
ccdf,UT,elig_pop,,total,2023,136000.0,count,,,,,
ccdf,UT,elig_rate,pop,total,2023,0.2,share,,,,,
ccdf,UT,part_rate,pop,total,2023,0.108,share,,,,,
ccdf,UT,part_gap,pop,total,2023,121000.0,count,,,,,
housing,UT,elig_units,,total,2023,98000.0,count,,,,,
housing,UT,elig_rate,units,total,2023,0.085,share,,,,,
housing,UT,part_rate,units,total,2023,0.183,share,,,,,
housing,UT,part_gap,units,total,2023,80000.0,count,,,,,
liheap,UT,elig_units,,total,2023,142000.0,count,,,,,
liheap,UT,elig_rate,units,total,2023,0.123,share,,,,,
liheap,UT,part_rate,units,total,2023,0.172,share,,,,,
liheap,UT,part_gap,units,total,2023,118000.0,count,,,,,
snap,UT,elig_pop,,total,2023,363000.0,count,246382.64031686145,235959.69435331505,-116617.35968313855,0.6787400559693153,"persons in SNAP-eligible SPM units, annual 2024 (Urban: avg-month people incl BBCE)"
snap,UT,elig_rate,pop,total,2023,0.108,share,,,,,
snap,UT,part_rate,pop,total,2023,0.419,share,1.0,1.0,0.581,2.3866348448687353,
snap,UT,part_gap,pop,total,2023,210000.0,count,0.0,0.0,-210000.0,0.0,
ssi,UT,elig_pop,,total,2023,68000.0,count,289223.33027025557,285298.4667956461,221223.33027025557,4.253284268680229,"adults 18+, PE is_ssi_eligible = ABD+resources+immigration WITHOUT income test (broader than Urban payable concept)"
ssi,UT,elig_rate,pop,total,2023,0.028,share,,,,,
ssi,UT,part_rate,pop,total,2023,0.377,share,0.1067354148636946,0.1099882755884938,-0.2702645851363054,0.28311781130953473,
ssi,UT,part_gap,pop,total,2023,42000.0,count,258352.95812560047,253918.98040475184,216352.95812560047,6.151260907752392,
tanf,UT,elig_units,,total,2023,29000.0,count,,,,,
tanf,UT,elig_pop,,total,2023,73000.0,count,2031654.7387390456,2065161.2139463169,1958654.7387390456,27.83088683204172,persons in DEMOGRAPHIC-tanf-eligible units — no income-tested national variable; Urban denom is full eligibility
tanf,UT,elig_rate,pop,total,2023,0.022,share,,,,,
tanf,UT,part_rate,pop,total,2023,0.063,share,0.0042925865033299,0.0042925868107519,-0.0587074134966701,0.0681362937036492,
tanf,UT,part_gap,pop,total,2023,68000.0,count,,,,,
wic,UT,elig_pop,,total,2023,77000.0,count,78350.13563327983,77026.8690970079,1350.1356332798314,1.0175342290036342,children 0-4 WIC-eligible (PE covers pregnant/postpartum women too; excluded here)
wic,UT,elig_rate,pop,total,2023,0.329,share,,,,,
wic,UT,part_rate,pop,total,2023,0.423,share,0.5976511907278653,0.5839895016624166,0.17465119072786534,1.4128869757159936,
wic,UT,part_gap,pop,total,2023,44000.0,count,31524.083778360393,32043.986198430062,-12475.916221639607,0.7164564495081908,
ctc_refund,UT,elig_units,,total,2023,122000.0,count,,,,,
ctc_refund,UT,elig_rate,units,total,2023,0.077,share,,,,,
eitc,UT,elig_units,,total,2023,146000.0,count,,,,,
eitc,UT,elig_rate,units,total,2023,0.092,share,,,,,
base,UT,spm_pov_rate_100,pop,total,2023,0.108,share,0.1194233216202573,0.1128706624097108,0.011423321620257304,1.1057714964838639,annual 2024 SPM (Urban: 2023)
fullpart,UT,spm_pov_rate_100,pop,total,2023,0.076,share,0.1240136002290563,0.1174608605529537,0.048013600229056305,1.631757897750741,all takes_up_* + would_claim_wic forced True; PATCHED: would_claim_wic forced monthly (see RECONCILIATION.md)
ccdf,VT,elig_pop,,total,2023,26000.0,count,,,,,
ccdf,VT,elig_rate,pop,total,2023,0.312,share,,,,,
ccdf,VT,part_rate,pop,total,2023,0.086,share,,,,,
ccdf,VT,part_gap,pop,total,2023,23000.0,count,,,,,
housing,VT,elig_units,,total,2023,30000.0,count,,,,,
housing,VT,elig_rate,units,total,2023,0.107,share,,,,,
housing,VT,part_rate,units,total,2023,0.377,share,,,,,
housing,VT,part_gap,units,total,2023,19000.0,count,,,,,
liheap,VT,elig_units,,total,2023,82000.0,count,,,,,
liheap,VT,elig_rate,units,total,2023,0.293,share,,,,,
liheap,VT,part_rate,units,total,2023,0.314,share,,,,,
liheap,VT,part_gap,units,total,2023,56000.0,count,,,,,
snap,VT,elig_pop,,total,2023,119000.0,count,92048.05357761568,95582.97747926036,-26951.946422384324,0.7735130552740813,"persons in SNAP-eligible SPM units, annual 2024 (Urban: avg-month people incl BBCE)"
snap,VT,elig_rate,pop,total,2023,0.191,share,,,,,
snap,VT,part_rate,pop,total,2023,0.58,share,0.9874579690114642,0.9496713777858308,0.40745796901146425,1.7025137396749384,
snap,VT,part_gap,pop,total,2023,50000.0,count,1154.4695404048543,4810.5595636591315,-48845.530459595146,0.023089390808097087,
ssi,VT,elig_pop,,total,2023,22000.0,count,49886.73347430679,50709.47586009769,27886.73347430679,2.2675787942866723,"adults 18+, PE is_ssi_eligible = ABD+resources+immigration WITHOUT income test (broader than Urban payable concept)"
ssi,VT,elig_rate,pop,total,2023,0.043,share,,,,,
ssi,VT,part_rate,pop,total,2023,0.573,share,0.1600915188452291,0.1600915170920695,-0.41290848115477086,0.27939183044542604,
ssi,VT,part_gap,pop,total,2023,9000.0,count,41900.290542177885,42591.318938710974,32900.290542177885,4.655587838019765,
tanf,VT,elig_units,,total,2023,7000.0,count,,,,,
tanf,VT,elig_pop,,total,2023,15000.0,count,295401.09386364045,300272.90966615535,280401.09386364045,19.69340625757603,persons in DEMOGRAPHIC-tanf-eligible units — no income-tested national variable; Urban denom is full eligibility
tanf,VT,elig_rate,pop,total,2023,0.024,share,,,,,
tanf,VT,part_rate,pop,total,2023,0.248,share,0.0216393183813436,0.0216393186421617,-0.2263606816186564,0.08725531605380484,
tanf,VT,part_gap,pop,total,2023,11000.0,count,,,,,
wic,VT,elig_pop,,total,2023,13000.0,count,19698.14869217835,20023.014746602348,6698.148692178351,1.5152422070906424,children 0-4 WIC-eligible (PE covers pregnant/postpartum women too; excluded here)
wic,VT,elig_rate,pop,total,2023,0.487,share,,,,,
wic,VT,part_rate,pop,total,2023,0.684,share,0.4633245027071479,0.4633245079919845,-0.22067549729285213,0.6773750039578186,
wic,VT,part_gap,pop,total,2023,4000.0,count,10571.51374512336,10745.861290616564,6571.51374512336,2.64287843628084,
ctc_refund,VT,elig_units,,total,2023,15000.0,count,,,,,
ctc_refund,VT,elig_rate,units,total,2023,0.044,share,,,,,
eitc,VT,elig_units,,total,2023,29000.0,count,,,,,
eitc,VT,elig_rate,units,total,2023,0.082,share,,,,,
base,VT,spm_pov_rate_100,pop,total,2023,0.087,share,0.1348614453032657,0.1348614228824403,0.04786144530326569,1.5501315552099506,annual 2024 SPM (Urban: 2023)
fullpart,VT,spm_pov_rate_100,pop,total,2023,0.054,share,0.1257837704656307,0.1257837864017466,0.0717837704656307,2.3293290826968645,all takes_up_* + would_claim_wic forced True; PATCHED: would_claim_wic forced monthly (see RECONCILIATION.md)
ccdf,VA,elig_pop,,total,2023,293000.0,count,,,,,
ccdf,VA,elig_rate,pop,total,2023,0.217,share,,,,,
ccdf,VA,part_rate,pop,total,2023,0.114,share,,,,,
ccdf,VA,part_gap,pop,total,2023,259000.0,count,,,,,
housing,VA,elig_units,,total,2023,367000.0,count,,,,,
housing,VA,elig_rate,units,total,2023,0.108,share,,,,,
housing,VA,part_rate,units,total,2023,0.254,share,,,,,
housing,VA,part_gap,units,total,2023,274000.0,count,,,,,
liheap,VA,elig_units,,total,2023,514000.0,count,,,,,
liheap,VA,elig_rate,units,total,2023,0.151,share,,,,,
liheap,VA,part_rate,units,total,2023,0.239,share,,,,,
liheap,VA,part_gap,units,total,2023,391000.0,count,,,,,
snap,VA,elig_pop,,total,2023,1726000.0,count,1976717.0534803215,1764792.235434386,250717.05348032154,1.1452590112863972,"persons in SNAP-eligible SPM units, annual 2024 (Urban: avg-month people incl BBCE)"
snap,VA,elig_rate,pop,total,2023,0.204,share,,,,,
snap,VA,part_rate,pop,total,2023,0.473,share,0.6248593904818642,0.6532204555578234,0.15185939048186425,1.3210557938305798,
snap,VA,part_gap,pop,total,2023,910000.0,count,741546.8402875012,611993.8474390269,-168453.15971249877,0.8148866376785727,
ssi,VA,elig_pop,,total,2023,267000.0,count,765701.3848635183,778323.9593228332,498701.3848635183,2.8677954489270348,"adults 18+, PE is_ssi_eligible = ABD+resources+immigration WITHOUT income test (broader than Urban payable concept)"
ssi,VA,elig_rate,pop,total,2023,0.04,share,,,,,
ssi,VA,part_rate,pop,total,2023,0.469,share,0.1530472984273011,0.1429781916307168,-0.31595270157269884,0.3263268623183393,
ssi,VA,part_gap,pop,total,2023,142000.0,count,648512.8565081137,667040.6071159949,506512.8565081137,4.566991947240237,
tanf,VA,elig_units,,total,2023,107000.0,count,,,,,
tanf,VA,elig_pop,,total,2023,254000.0,count,4356563.331007937,4428412.641241713,4102563.331007937,17.151824137826523,persons in DEMOGRAPHIC-tanf-eligible units — no income-tested national variable; Urban denom is full eligibility
tanf,VA,elig_rate,pop,total,2023,0.03,share,,,,,
tanf,VA,part_rate,pop,total,2023,0.139,share,0.0328308246724006,0.0328308238922623,-0.10616917532759941,0.23619298325468058,
tanf,VA,part_gap,pop,total,2023,219000.0,count,,,,,
wic,VA,elig_pop,,total,2023,208000.0,count,286645.01502392266,178685.166326,78645.01502392266,1.378101033768859,children 0-4 WIC-eligible (PE covers pregnant/postpartum women too; excluded here)
wic,VA,elig_rate,pop,total,2023,0.436,share,,,,,
wic,VA,part_rate,pop,total,2023,0.458,share,0.4437297786274559,0.4622782640003282,-0.014270221372544134,0.9688423114136591,
wic,VA,part_gap,pop,total,2023,113000.0,count,159452.08596269367,96082.8978342068,46452.08596269367,1.4110804067495015,
ctc_refund,VA,elig_units,,total,2023,268000.0,count,,,,,
ctc_refund,VA,elig_rate,units,total,2023,0.06,share,,,,,
eitc,VA,elig_units,,total,2023,427000.0,count,,,,,
eitc,VA,elig_rate,units,total,2023,0.095,share,,,,,
base,VA,spm_pov_rate_100,pop,total,2023,0.129,share,0.1271539097078634,0.1142940540052018,-0.0018460902921366151,0.9856892225415766,annual 2024 SPM (Urban: 2023)
fullpart,VA,spm_pov_rate_100,pop,total,2023,0.091,share,0.1222683552067521,0.1085415378884377,0.0312683552067521,1.3436082989752978,all takes_up_* + would_claim_wic forced True; PATCHED: would_claim_wic forced monthly (see RECONCILIATION.md)
ccdf,WA,elig_pop,,total,2023,197000.0,count,,,,,
ccdf,WA,elig_rate,pop,total,2023,0.164,share,,,,,
ccdf,WA,part_rate,pop,total,2023,0.124,share,,,,,
ccdf,WA,part_gap,pop,total,2023,173000.0,count,,,,,
housing,WA,elig_units,,total,2023,358000.0,count,,,,,
housing,WA,elig_rate,units,total,2023,0.115,share,,,,,
housing,WA,part_rate,units,total,2023,0.235,share,,,,,
housing,WA,part_gap,units,total,2023,274000.0,count,,,,,
liheap,WA,elig_units,,total,2023,422000.0,count,,,,,
liheap,WA,elig_rate,units,total,2023,0.136,share,,,,,
liheap,WA,part_rate,units,total,2023,0.204,share,,,,,
liheap,WA,part_gap,units,total,2023,336000.0,count,,,,,
snap,WA,elig_pop,,total,2023,1477000.0,count,1556684.0332818814,1375439.4602437334,79684.03328188136,1.053949920976223,"persons in SNAP-eligible SPM units, annual 2024 (Urban: avg-month people incl BBCE)"
snap,WA,elig_rate,pop,total,2023,0.193,share,,,,,
snap,WA,part_rate,pop,total,2023,0.584,share,0.8978803328320387,0.885644797672169,0.31388033283203876,1.537466323342532,
snap,WA,part_gap,pop,total,2023,614000.0,count,158968.0553644253,157288.65776585485,-455031.9446355747,0.25890562762935715,
ssi,WA,elig_pop,,total,2023,247000.0,count,666677.0751367199,677672.0490235683,419677.07513671985,2.699097470189149,"adults 18+, PE is_ssi_eligible = ABD+resources+immigration WITHOUT income test (broader than Urban payable concept)"
ssi,WA,elig_rate,pop,total,2023,0.041,share,,,,,
ssi,WA,part_rate,pop,total,2023,0.5,share,0.1701820621836995,0.1501216760491915,-0.32981793781630053,0.340364124367399,
ssi,WA,part_gap,pop,total,2023,123000.0,count,553220.5956793557,575938.7852124603,430220.59567935567,4.4977284201573635,
tanf,WA,elig_units,,total,2023,94000.0,count,,,,,
tanf,WA,elig_pop,,total,2023,237000.0,count,3696878.284472071,3757847.975620783,3459878.284472071,15.598642550515068,persons in DEMOGRAPHIC-tanf-eligible units — no income-tested national variable; Urban denom is full eligibility
tanf,WA,elig_rate,pop,total,2023,0.031,share,,,,,
tanf,WA,part_rate,pop,total,2023,0.408,share,0.0369806074560001,0.0369806074572258,-0.37101939254399985,0.09063874376470613,
tanf,WA,part_gap,pop,total,2023,140000.0,count,,,,,
wic,WA,elig_pop,,total,2023,205000.0,count,256425.7352923552,260565.73863098212,51425.73529235521,1.250857245328562,children 0-4 WIC-eligible (PE covers pregnant/postpartum women too; excluded here)
wic,WA,elig_rate,pop,total,2023,0.494,share,,,,,
wic,WA,part_rate,pop,total,2023,0.495,share,0.4514197982989956,0.4512323717643213,-0.043580201701004406,0.9119591884828194,
wic,WA,part_gap,pop,total,2023,103000.0,count,140670.08158800856,142990.0423880018,37670.08158800856,1.3657289474563938,
ctc_refund,WA,elig_units,,total,2023,219000.0,count,,,,,
ctc_refund,WA,elig_rate,units,total,2023,0.053,share,,,,,
eitc,WA,elig_units,,total,2023,324000.0,count,,,,,
eitc,WA,elig_rate,units,total,2023,0.078,share,,,,,
base,WA,spm_pov_rate_100,pop,total,2023,0.116,share,0.1240365431985518,0.1087672213335788,0.008036543198551793,1.0692805448151017,annual 2024 SPM (Urban: 2023)
fullpart,WA,spm_pov_rate_100,pop,total,2023,0.079,share,0.1127284928685169,0.1152314105113623,0.033728492868516896,1.4269429477027455,all takes_up_* + would_claim_wic forced True; PATCHED: would_claim_wic forced monthly (see RECONCILIATION.md)
ccdf,WV,elig_pop,,total,2023,27000.0,count,,,,,
ccdf,WV,elig_rate,pop,total,2023,0.107,share,,,,,
ccdf,WV,part_rate,pop,total,2023,0.402,share,,,,,
ccdf,WV,part_gap,pop,total,2023,16000.0,count,,,,,
housing,WV,elig_units,,total,2023,86000.0,count,,,,,
housing,WV,elig_rate,units,total,2023,0.116,share,,,,,
housing,WV,part_rate,units,total,2023,0.367,share,,,,,
housing,WV,part_gap,units,total,2023,54000.0,count,,,,,
liheap,WV,elig_units,,total,2023,259000.0,count,,,,,
liheap,WV,elig_rate,units,total,2023,0.35,share,,,,,
liheap,WV,part_rate,units,total,2023,0.204,share,,,,,
liheap,WV,part_gap,units,total,2023,206000.0,count,,,,,
snap,WV,elig_pop,,total,2023,550000.0,count,514484.99795119936,478257.7546351277,-35515.00204880064,0.9354272690021807,"persons in SNAP-eligible SPM units, annual 2024 (Urban: avg-month people incl BBCE)"
snap,WV,elig_rate,pop,total,2023,0.321,share,,,,,
snap,WV,part_rate,pop,total,2023,0.499,share,0.8908931465394175,0.922029805771989,0.39189314653941754,1.7853570070930211,
snap,WV,part_gap,pop,total,2023,276000.0,count,56133.83927912958,37289.85001995333,-219866.16072087042,0.2033834756490202,
ssi,WV,elig_pop,,total,2023,100000.0,count,252753.60446848712,248252.07407692625,152753.60446848712,2.5275360446848714,"adults 18+, PE is_ssi_eligible = ABD+resources+immigration WITHOUT income test (broader than Urban payable concept)"
ssi,WV,elig_rate,pop,total,2023,0.073,share,,,,,
ssi,WV,part_rate,pop,total,2023,0.566,share,0.2547701073670268,0.2428669594933739,-0.3112298926329731,0.45012386460605447,
ssi,WV,part_gap,pop,total,2023,43000.0,count,188359.54152064765,187959.8476579393,145359.54152064765,4.38045445396855,
tanf,WV,elig_units,,total,2023,35000.0,count,,,,,
tanf,WV,elig_pop,,total,2023,84000.0,count,821134.6015679967,834676.9209318925,737134.6015679967,9.775411923428532,persons in DEMOGRAPHIC-tanf-eligible units — no income-tested national variable; Urban denom is full eligibility
tanf,WV,elig_rate,pop,total,2023,0.049,share,,,,,
tanf,WV,part_rate,pop,total,2023,0.116,share,0.0138989606072807,0.0,-0.1021010393927193,0.11981862592483361,
tanf,WV,part_gap,pop,total,2023,75000.0,count,,,,,
wic,WV,elig_pop,,total,2023,53000.0,count,42730.16131253794,38528.0340013821,-10269.838687462063,0.8062294587271309,children 0-4 WIC-eligible (PE covers pregnant/postpartum women too; excluded here)
wic,WV,elig_rate,pop,total,2023,0.617,share,,,,,
wic,WV,part_rate,pop,total,2023,0.561,share,0.4547685194970373,0.4534680354662593,-0.10623148050296277,0.8106390721872322,
wic,WV,part_gap,pop,total,2023,23000.0,count,23297.82911456548,21056.802112398116,297.82911456548027,1.0129490919376296,
ctc_refund,WV,elig_units,,total,2023,64000.0,count,,,,,
ctc_refund,WV,elig_rate,units,total,2023,0.068,share,,,,,
eitc,WV,elig_units,,total,2023,113000.0,count,,,,,
eitc,WV,elig_rate,units,total,2023,0.119,share,,,,,
base,WV,spm_pov_rate_100,pop,total,2023,0.15,share,0.130164372372893,0.1296688779054156,-0.019835627627107,0.8677624824859533,annual 2024 SPM (Urban: 2023)
fullpart,WV,spm_pov_rate_100,pop,total,2023,0.101,share,0.1301640459993005,0.124853839587052,0.029164045999300503,1.2887529306861436,all takes_up_* + would_claim_wic forced True; PATCHED: would_claim_wic forced monthly (see RECONCILIATION.md)
ccdf,WI,elig_pop,,total,2023,142000.0,count,,,,,
ccdf,WI,elig_rate,pop,total,2023,0.159,share,,,,,
ccdf,WI,part_rate,pop,total,2023,0.196,share,,,,,
ccdf,WI,part_gap,pop,total,2023,114000.0,count,,,,,
housing,WI,elig_units,,total,2023,288000.0,count,,,,,
housing,WI,elig_rate,units,total,2023,0.115,share,,,,,
housing,WI,part_rate,units,total,2023,0.234,share,,,,,
housing,WI,part_gap,units,total,2023,221000.0,count,,,,,
liheap,WI,elig_units,,total,2023,682000.0,count,,,,,
liheap,WI,elig_rate,units,total,2023,0.273,share,,,,,
liheap,WI,part_rate,units,total,2023,0.274,share,,,,,
liheap,WI,part_gap,units,total,2023,495000.0,count,,,,,
snap,WI,elig_pop,,total,2023,1186000.0,count,1325986.6404351809,1201088.4327689698,139986.64043518086,1.118032580468112,"persons in SNAP-eligible SPM units, annual 2024 (Urban: avg-month people incl BBCE)"
snap,WI,elig_rate,pop,total,2023,0.206,share,,,,,
snap,WI,part_rate,pop,total,2023,0.591,share,0.7486136565213729,0.7876279471010773,0.15761365652137294,1.2666897741478391,
snap,WI,part_gap,pop,total,2023,486000.0,count,333334.93304050923,255077.61618029585,-152665.06695949077,0.6858743478199778,
ssi,WI,elig_pop,,total,2023,177000.0,count,516013.0569024006,524523.2401605786,339013.0569024006,2.9153280050983086,"adults 18+, PE is_ssi_eligible = ABD+resources+immigration WITHOUT income test (broader than Urban payable concept)"
ssi,WI,elig_rate,pop,total,2023,0.039,share,,,,,
ssi,WI,part_rate,pop,total,2023,0.503,share,0.1791210375680017,0.1791210394920645,-0.3238789624319983,0.3561054424811167,
ssi,WI,part_gap,pop,total,2023,88000.0,count,423584.2627514063,430570.09214527,335584.2627514063,4.81345753126598,
tanf,WI,elig_units,,total,2023,49000.0,count,,,,,
tanf,WI,elig_pop,,total,2023,119000.0,count,2695110.3509328347,2739558.6845840756,2576110.3509328347,22.64798614229273,persons in DEMOGRAPHIC-tanf-eligible units — no income-tested national variable; Urban denom is full eligibility
tanf,WI,elig_rate,pop,total,2023,0.021,share,,,,,
tanf,WI,part_rate,pop,total,2023,0.223,share,0.0059684699215975,0.0059684700147508,-0.2170315300784025,0.02676443911030269,
tanf,WI,part_gap,pop,total,2023,92000.0,count,,,,,
wic,WI,elig_pop,,total,2023,146000.0,count,131967.08892959845,115911.19217483082,-14032.911070401547,0.9038841707506743,children 0-4 WIC-eligible (PE covers pregnant/postpartum women too; excluded here)
wic,WI,elig_rate,pop,total,2023,0.482,share,,,,,
wic,WI,part_rate,pop,total,2023,0.496,share,0.6418066057496493,0.742759452880519,0.14580660574964932,1.2939649309468737,
wic,WI,part_gap,pop,total,2023,74000.0,count,47269.73951303074,29817.05849232478,-26730.26048696926,0.6387802636896046,
ctc_refund,WI,elig_units,,total,2023,175000.0,count,,,,,
ctc_refund,WI,elig_rate,units,total,2023,0.056,share,,,,,
eitc,WI,elig_units,,total,2023,282000.0,count,,,,,
eitc,WI,elig_rate,units,total,2023,0.089,share,,,,,
base,WI,spm_pov_rate_100,pop,total,2023,0.095,share,0.1100340828221268,0.1058084711159942,0.015034082822126801,1.1582535033908083,annual 2024 SPM (Urban: 2023)
fullpart,WI,spm_pov_rate_100,pop,total,2023,0.068,share,0.0950280606540554,0.0992431507460932,0.0270280606540554,1.397471480206697,all takes_up_* + would_claim_wic forced True; PATCHED: would_claim_wic forced monthly (see RECONCILIATION.md)
ccdf,WY,elig_pop,,total,2023,15000.0,count,,,,,
ccdf,WY,elig_rate,pop,total,2023,0.162,share,,,,,
ccdf,WY,part_rate,pop,total,2023,0.167,share,,,,,
ccdf,WY,part_gap,pop,total,2023,12000.0,count,,,,,
housing,WY,elig_units,,total,2023,26000.0,count,,,,,
housing,WY,elig_rate,units,total,2023,0.104,share,,,,,
housing,WY,part_rate,units,total,2023,0.207,share,,,,,
housing,WY,part_gap,units,total,2023,20000.0,count,,,,,
liheap,WY,elig_units,,total,2023,71000.0,count,,,,,
liheap,WY,elig_rate,units,total,2023,0.288,share,,,,,
liheap,WY,part_rate,units,total,2023,0.108,share,,,,,
liheap,WY,part_gap,units,total,2023,63000.0,count,,,,,
snap,WY,elig_pop,,total,2023,74000.0,count,35042.44751347044,35620.36444692389,-38957.55248652956,0.4735465880198708,"persons in SNAP-eligible SPM units, annual 2024 (Urban: avg-month people incl BBCE)"
snap,WY,elig_rate,pop,total,2023,0.129,share,,,,,
snap,WY,part_rate,pop,total,2023,0.383,share,1.0,1.0,0.617,2.6109660574412534,
snap,WY,part_gap,pop,total,2023,46000.0,count,0.0,0.0,-46000.0,0.0,
ssi,WY,elig_pop,,total,2023,16000.0,count,47994.16108982002,46907.60144342029,31994.161089820023,2.9996350681137516,"adults 18+, PE is_ssi_eligible = ABD+resources+immigration WITHOUT income test (broader than Urban payable concept)"
ssi,WY,elig_rate,pop,total,2023,0.035,share,,,,,
ssi,WY,part_rate,pop,total,2023,0.376,share,0.1169054005102422,0.1215860659688209,-0.25909459948975777,0.3109186183783037,
ssi,WY,part_gap,pop,total,2023,10000.0,count,42383.38446546153,41204.29071988143,32383.38446546153,4.2383384465461535,
tanf,WY,elig_units,,total,2023,8000.0,count,,,,,
tanf,WY,elig_pop,,total,2023,21000.0,count,303428.0546945939,308432.25411195075,282428.0546945939,14.44895498545685,persons in DEMOGRAPHIC-tanf-eligible units — no income-tested national variable; Urban denom is full eligibility
tanf,WY,elig_rate,pop,total,2023,0.038,share,,,,,
tanf,WY,part_rate,pop,total,2023,0.052,share,0.0172265555086876,0.0172265556814541,-0.034773444491312394,0.3312799136286077,
tanf,WY,part_gap,pop,total,2023,20000.0,count,,,,,
wic,WY,elig_pop,,total,2023,15000.0,count,11496.906066600844,11686.51556460929,-3503.0939333991555,0.7664604044400563,children 0-4 WIC-eligible (PE covers pregnant/postpartum women too; excluded here)
wic,WY,elig_rate,pop,total,2023,0.488,share,,,,,
wic,WY,part_rate,pop,total,2023,0.4,share,0.7775037983106643,0.7775037972392578,0.3775037983106643,1.9437594957766606,
wic,WY,part_gap,pop,total,2023,9000.0,count,2558.0179309977684,2600.2053366298787,-6441.982069002232,0.2842242145553076,
ctc_refund,WY,elig_units,,total,2023,22000.0,count,,,,,
ctc_refund,WY,elig_rate,units,total,2023,0.074,share,,,,,
eitc,WY,elig_units,,total,2023,32000.0,count,,,,,
eitc,WY,elig_rate,units,total,2023,0.107,share,,,,,
base,WY,spm_pov_rate_100,pop,total,2023,0.115,share,0.0738928382654658,0.0688862619344822,-0.0411071617345342,0.6425464196997026,annual 2024 SPM (Urban: 2023)
fullpart,WY,spm_pov_rate_100,pop,total,2023,0.076,share,0.1044305425939077,0.1143706314906967,0.028430542593907704,1.3740860867619435,all takes_up_* + would_claim_wic forced True; PATCHED: would_claim_wic forced monthly (see RECONCILIATION.md)
fullpart,US,spm_pov_rate_change_100,pop,total,2023,-0.336,share,,,,,
fullpart,US,spm_pov_num_change_100,pop,total,2023,-15391000.0,count,,,,,
fullpart,AL,spm_pov_rate_change_100,pop,total,2023,-0.277,share,,,,,
fullpart,AL,spm_pov_num_change_100,pop,total,2023,-199000.0,count,,,,,
fullpart,AK,spm_pov_rate_change_100,pop,total,2023,-0.385,share,,,,,
fullpart,AK,spm_pov_num_change_100,pop,total,2023,-30000.0,count,,,,,
fullpart,AZ,spm_pov_rate_change_100,pop,total,2023,-0.318,share,,,,,
fullpart,AZ,spm_pov_num_change_100,pop,total,2023,-345000.0,count,,,,,
fullpart,AR,spm_pov_rate_change_100,pop,total,2023,-0.219,share,,,,,
fullpart,AR,spm_pov_num_change_100,pop,total,2023,-101000.0,count,,,,,
fullpart,CA,spm_pov_rate_change_100,pop,total,2023,-0.427,share,,,,,
fullpart,CA,spm_pov_num_change_100,pop,total,2023,-2832000.0,count,,,,,
fullpart,CO,spm_pov_rate_change_100,pop,total,2023,-0.315,share,,,,,
fullpart,CO,spm_pov_num_change_100,pop,total,2023,-212000.0,count,,,,,
fullpart,CT,spm_pov_rate_change_100,pop,total,2023,-0.424,share,,,,,
fullpart,CT,spm_pov_num_change_100,pop,total,2023,-168000.0,count,,,,,
fullpart,DE,spm_pov_rate_change_100,pop,total,2023,-0.31,share,,,,,
fullpart,DE,spm_pov_num_change_100,pop,total,2023,-36000.0,count,,,,,
fullpart,DC,spm_pov_rate_change_100,pop,total,2023,-0.337,share,,,,,
fullpart,DC,spm_pov_num_change_100,pop,total,2023,-28000.0,count,,,,,
fullpart,FL,spm_pov_rate_change_100,pop,total,2023,-0.314,share,,,,,
fullpart,FL,spm_pov_num_change_100,pop,total,2023,-1187000.0,count,,,,,
fullpart,GA,spm_pov_rate_change_100,pop,total,2023,-0.241,share,,,,,
fullpart,GA,spm_pov_num_change_100,pop,total,2023,-401000.0,count,,,,,
fullpart,HI,spm_pov_rate_change_100,pop,total,2023,-0.563,share,,,,,
fullpart,HI,spm_pov_num_change_100,pop,total,2023,-117000.0,count,,,,,
fullpart,ID,spm_pov_rate_change_100,pop,total,2023,-0.222,share,,,,,
fullpart,ID,spm_pov_num_change_100,pop,total,2023,-46000.0,count,,,,,
fullpart,IL,spm_pov_rate_change_100,pop,total,2023,-0.358,share,,,,,
fullpart,IL,spm_pov_num_change_100,pop,total,2023,-535000.0,count,,,,,
fullpart,IN,spm_pov_rate_change_100,pop,total,2023,-0.232,share,,,,,
fullpart,IN,spm_pov_num_change_100,pop,total,2023,-189000.0,count,,,,,
fullpart,IA,spm_pov_rate_change_100,pop,total,2023,-0.255,share,,,,,
fullpart,IA,spm_pov_num_change_100,pop,total,2023,-80000.0,count,,,,,
fullpart,KS,spm_pov_rate_change_100,pop,total,2023,-0.267,share,,,,,
fullpart,KS,spm_pov_num_change_100,pop,total,2023,-91000.0,count,,,,,
fullpart,KY,spm_pov_rate_change_100,pop,total,2023,-0.257,share,,,,,
fullpart,KY,spm_pov_num_change_100,pop,total,2023,-171000.0,count,,,,,
fullpart,LA,spm_pov_rate_change_100,pop,total,2023,-0.284,share,,,,,
fullpart,LA,spm_pov_num_change_100,pop,total,2023,-204000.0,count,,,,,
fullpart,ME,spm_pov_rate_change_100,pop,total,2023,-0.432,share,,,,,
fullpart,ME,spm_pov_num_change_100,pop,total,2023,-54000.0,count,,,,,
fullpart,MD,spm_pov_rate_change_100,pop,total,2023,-0.283,share,,,,,
fullpart,MD,spm_pov_num_change_100,pop,total,2023,-216000.0,count,,,,,
fullpart,MA,spm_pov_rate_change_100,pop,total,2023,-0.341,share,,,,,
fullpart,MA,spm_pov_num_change_100,pop,total,2023,-283000.0,count,,,,,
fullpart,MI,spm_pov_rate_change_100,pop,total,2023,-0.27,share,,,,,
fullpart,MI,spm_pov_num_change_100,pop,total,2023,-328000.0,count,,,,,
fullpart,MN,spm_pov_rate_change_100,pop,total,2023,-0.318,share,,,,,
fullpart,MN,spm_pov_num_change_100,pop,total,2023,-171000.0,count,,,,,
fullpart,MS,spm_pov_rate_change_100,pop,total,2023,-0.277,share,,,,,
fullpart,MS,spm_pov_num_change_100,pop,total,2023,-139000.0,count,,,,,
fullpart,MO,spm_pov_rate_change_100,pop,total,2023,-0.238,share,,,,,
fullpart,MO,spm_pov_num_change_100,pop,total,2023,-172000.0,count,,,,,
fullpart,MT,spm_pov_rate_change_100,pop,total,2023,-0.354,share,,,,,
fullpart,MT,spm_pov_num_change_100,pop,total,2023,-45000.0,count,,,,,
fullpart,NE,spm_pov_rate_change_100,pop,total,2023,-0.268,share,,,,,
fullpart,NE,spm_pov_num_change_100,pop,total,2023,-51000.0,count,,,,,
fullpart,NV,spm_pov_rate_change_100,pop,total,2023,-0.317,share,,,,,
fullpart,NV,spm_pov_num_change_100,pop,total,2023,-146000.0,count,,,,,
fullpart,NH,spm_pov_rate_change_100,pop,total,2023,-0.407,share,,,,,
fullpart,NH,spm_pov_num_change_100,pop,total,2023,-48000.0,count,,,,,
fullpart,NJ,spm_pov_rate_change_100,pop,total,2023,-0.39,share,,,,,
fullpart,NJ,spm_pov_num_change_100,pop,total,2023,-472000.0,count,,,,,
fullpart,NM,spm_pov_rate_change_100,pop,total,2023,-0.295,share,,,,,
fullpart,NM,spm_pov_num_change_100,pop,total,2023,-81000.0,count,,,,,
fullpart,NY,spm_pov_rate_change_100,pop,total,2023,-0.395,share,,,,,
fullpart,NY,spm_pov_num_change_100,pop,total,2023,-1160000.0,count,,,,,
fullpart,NC,spm_pov_rate_change_100,pop,total,2023,-0.259,share,,,,,
fullpart,NC,spm_pov_num_change_100,pop,total,2023,-365000.0,count,,,,,
fullpart,ND,spm_pov_rate_change_100,pop,total,2023,-0.286,share,,,,,
fullpart,ND,spm_pov_num_change_100,pop,total,2023,-20000.0,count,,,,,
fullpart,OH,spm_pov_rate_change_100,pop,total,2023,-0.321,share,,,,,
fullpart,OH,spm_pov_num_change_100,pop,total,2023,-417000.0,count,,,,,
fullpart,OK,spm_pov_rate_change_100,pop,total,2023,-0.204,share,,,,,
fullpart,OK,spm_pov_num_change_100,pop,total,2023,-111000.0,count,,,,,
fullpart,OR,spm_pov_rate_change_100,pop,total,2023,-0.275,share,,,,,
fullpart,OR,spm_pov_num_change_100,pop,total,2023,-163000.0,count,,,,,
fullpart,PA,spm_pov_rate_change_100,pop,total,2023,-0.309,share,,,,,
fullpart,PA,spm_pov_num_change_100,pop,total,2023,-462000.0,count,,,,,
fullpart,RI,spm_pov_rate_change_100,pop,total,2023,-0.324,share,,,,,
fullpart,RI,spm_pov_num_change_100,pop,total,2023,-36000.0,count,,,,,
fullpart,SC,spm_pov_rate_change_100,pop,total,2023,-0.331,share,,,,,
fullpart,SC,spm_pov_num_change_100,pop,total,2023,-249000.0,count,,,,,
fullpart,SD,spm_pov_rate_change_100,pop,total,2023,-0.367,share,,,,,
fullpart,SD,spm_pov_num_change_100,pop,total,2023,-33000.0,count,,,,,
fullpart,TN,spm_pov_rate_change_100,pop,total,2023,-0.257,share,,,,,
fullpart,TN,spm_pov_num_change_100,pop,total,2023,-253000.0,count,,,,,
fullpart,TX,spm_pov_rate_change_100,pop,total,2023,-0.406,share,,,,,
fullpart,TX,spm_pov_num_change_100,pop,total,2023,-1940000.0,count,,,,,
fullpart,UT,spm_pov_rate_change_100,pop,total,2023,-0.296,share,,,,,
fullpart,UT,spm_pov_num_change_100,pop,total,2023,-108000.0,count,,,,,
fullpart,VT,spm_pov_rate_change_100,pop,total,2023,-0.37,share,,,,,
fullpart,VT,spm_pov_num_change_100,pop,total,2023,-20000.0,count,,,,,
fullpart,VA,spm_pov_rate_change_100,pop,total,2023,-0.3,share,,,,,
fullpart,VA,spm_pov_num_change_100,pop,total,2023,-329000.0,count,,,,,
fullpart,WA,spm_pov_rate_change_100,pop,total,2023,-0.321,share,,,,,
fullpart,WA,spm_pov_num_change_100,pop,total,2023,-285000.0,count,,,,,
fullpart,WV,spm_pov_rate_change_100,pop,total,2023,-0.326,share,,,,,
fullpart,WV,spm_pov_num_change_100,pop,total,2023,-84000.0,count,,,,,
fullpart,WI,spm_pov_rate_change_100,pop,total,2023,-0.288,share,,,,,
fullpart,WI,spm_pov_num_change_100,pop,total,2023,-158000.0,count,,,,,
fullpart,WY,spm_pov_rate_change_100,pop,total,2023,-0.348,share,,,,,
fullpart,WY,spm_pov_num_change_100,pop,total,2023,-23000.0,count,,,,,
